time_day,theta,ec_soil,target_ec,irrigation_mm_h,etc_mm_h,q_f,q_a,event_marker
0.010416666666666666,0.33413020833333335,0.09996103066107588,0.8,0.0,0.0,0.0,0.0,0.0
0.020833333333333332,0.33426037282550014,0.09992209167740086,0.8,0.0,0.0,0.0,0.0,0.0
0.03125,0.33439040585320773,0.099883182998226,0.8,0.0,0.0,0.0,0.0,0.0
0.041666666666666664,0.33452022005863874,0.09984430456276419,0.8,0.0,0.0,0.0,0.0,0.0
0.052083333333333336,0.3346497285842527,0.09980545630029901,0.8,0.0,0.0,0.0,0.0,0.0
0.0625,0.3347788453051151,0.09976663813031998,0.8,0.0,0.0,0.0,0.0,0.0
0.07291666666666667,0.3349074850574347,0.0997278499626832,0.8,0.0,0.0,0.0,0.0,0.0
0.08333333333333333,0.3350355638620226,0.0996890916977967,0.8,0.0,0.0,0.0,0.0,0.0
0.09375,0.33516299914143516,0.09965036322682962,0.8,0.0,0.0,0.0,0.0,0.0
0.10416666666666667,0.33528970992961815,0.099611664431944,0.8,0.0,0.0,0.0,0.0,0.0
0.11458333333333333,0.3354156170729418,0.09957299518654801,0.8,0.0,0.0,0.0,0.0,0.0
0.125,0.335540643421593,0.09953435535556945,0.8,0.0,0.0,0.0,0.0,0.0
0.13541666666666666,0.3356647140103798,0.09949574479574796,0.8,0.0,0.0,0.0,0.0,0.0
0.14583333333333334,0.3357877562280989,0.09945716335594461,0.8,0.0,0.0,0.0,0.0,0.0
0.15625,0.33590969997471887,0.09941861087746717,0.8,0.0,0.0,0.0,0.0,0.0
0.16666666666666666,0.3360304778057368,0.0993800871944096,0.8,0.0,0.0,0.0,0.0,0.0
0.17708333333333334,0.3361500250631795,0.09934159213400413,0.8,0.0,0.0,0.0,0.0,0.0
0.1875,0.33626827999282904,0.09930312551698416,0.8,0.0,0.0,0.0,0.0,0.0
0.19791666666666666,0.3363851838473688,0.09926468715795635,0.8,0.0,0.0,0.0,0.0,0.0
0.20833333333333334,0.3365006809752563,0.09922627686578031,0.8,0.0,0.0,0.0,0.0,0.0
0.21875,0.33661471889524086,0.09918789444395405,0.8,0.0,0.0,0.0,0.0,0.0
0.22916666666666666,0.33672724835655093,0.09914953969100364,0.8,0.0,0.0,0.0,0.0,0.0
0.23958333333333334,0.3368382233848792,0.09911121240087548,0.8,0.0,0.0,0.0,0.0,0.0
0.25,0.3369476013143909,0.0990729123633295,0.8,0.0,0.0,0.0,0.0,0.0
0.2604166666666667,0.3370553428060731,0.09903463936433202,0.8,0.0,0.0,0.0,0.0,0.0
0.2708333333333333,0.3371439708695097,0.09900151442422946,0.8,0.0,0.013952786653169189,0.0,0.0,0.0
0.28125,0.33721173539205446,0.09897411539779359,0.8,0.0,0.02950701479183774,0.0,0.0,0.0
0.2916666666666667,0.33726851081750797,0.09894962657676785,0.8,0.0,0.03740732729126245,0.0,0.0,0.0
0.3020833333333333,0.3372993664798089,0.0989324707397301,0.8,0.0,0.0573820295582566,0.0,0.0,0.0
0.3125,0.3373235444680685,0.09891712388492792,0.8,0.0,0.062304936784804185,0.0,0.0,0.0
0.3229166666666667,0.3373181945543255,0.09891031667471163,0.8,0.0,0.08559600249912519,0.0,0.0,0.0
0.3333333333333333,0.3373243872409088,0.09890015247641666,0.8,0.0,0.0764354282930187,0.0,0.0,0.0
0.34375,0.337293952752651,0.09890069690806953,0.8,0.0,0.10565207189283206,0.0,0.0,0.0
0.3541666666666667,0.3372766310849356,0.09889754898964064,0.8,0.0,0.09557850212731181,0.0,0.0,0.0
0.3645833333333333,0.33723907879089154,0.09890041989034959,0.8,0.0,0.11199844749661109,0.0,0.0,0.0
0.375,0.33715857305439423,0.09891607690439654,0.8,0.0,0.1468673671911498,0.0,0.0,0.0
0.3854166666666667,0.33710787135339587,0.09892338428142848,0.8,0.0,0.1240896105885089,0.0,0.0,0.0
0.3958333333333333,0.33700379310854023,0.098946603657566,0.8,0.0,0.16744810725861725,0.0,0.0,0.0
0.40625,0.33689679995211563,0.09897117505921849,0.8,0.0,0.17109590955979898,0.0,0.0,0.0
0.4166666666666667,0.3367664409972444,0.0990031087469412,0.8,0.0,0.19109455738524275,0.0,0.0,0.0
0.4270833333333333,0.33662994285285347,0.09903743267524319,0.8,0.0,0.19753312490443176,0.0,0.0,0.0
0.4375,0.33652105979935687,0.09906421310935885,0.8,0.0,0.17696483864703186,0.0,0.0,0.0
0.4479166666666667,0.33642690365963274,0.09908709885136857,0.8,0.0,0.1663435443149963,0.0,0.0,0.0
0.4583333333333333,0.33628958146241367,0.09912307298954257,0.8,0.0,0.20184015199611582,0.0,0.0,0.0
0.46875,0.33614786506004934,0.09916086498552466,0.8,0.0,0.206695358585527,0.0,0.0,0.0
0.4791666666666667,0.3359967553779731,0.0992019404933617,0.8,0.0,0.21551089393427406,0.0,0.0,0.0
0.4895833333333333,0.33587215807069365,0.09923569599449959,0.8,0.0,0.19559659602135124,0.0,0.0,0.0
0.5,0.3357319474098125,0.0992744605299509,0.8,0.0,0.20908450170239778,0.0,0.0,0.0
0.5104166666666666,0.33561218614579036,0.09930759162155355,0.8,0.0,0.19377036149655533,0.0,0.0,0.0
0.5208333333333334,0.33546638502313836,0.09934876328905597,0.8,0.0,0.21543075221650212,0.0,0.0,0.0
0.53125,0.3353276274728943,0.09938822612483832,0.8,0.0,0.21072444279320873,0.0,0.0,0.0
0.5416666666666666,0.3352136913977491,0.09942065591875349,0.8,0.0,0.1916692721838978,0.0,0.0,0.0
0.5520833333333334,0.33511496998914075,0.09944881415083044,0.8,0.0,0.18009652257210612,0.0,0.0,0.0
0.5625,0.3350026866872696,0.09948119224981414,0.8,0.0,0.1914216047328774,0.0,0.0,0.0
0.5729166666666666,0.33489235508838433,0.09951319444559965,0.8,0.0,0.19035212924296685,0.0,0.0,0.0
0.5833333333333334,0.3347784735725174,0.09954643375310285,0.8,0.0,0.19362458983377337,0.0,0.0,0.0
0.59375,0.33467812722559465,0.09957581458963899,0.8,0.0,0.18319007696883294,0.0,0.0,0.0
0.6041666666666666,0.3346219089514349,0.09959219000431621,0.8,0.0,0.14818998732335711,0.0,0.0,0.0
0.6145833333333334,0.3345802431406129,0.09960429467547852,0.8,0.0,0.1366992081877774,0.0,0.0,0.0
0.625,0.33453937209800516,0.09961620422940594,0.8,0.0,0.13616701127691236,0.0,0.0,0.0
0.6354166666666666,0.33449526498831705,0.09962911575216644,0.8,0.0,0.1388505276757222,0.0,0.0,0.0
0.6458333333333334,0.3344488276715628,0.09964276004047216,0.8,0.0,0.14080909749674345,0.0,0.0,0.0
0.65625,0.33443292745857633,0.09964734223301447,0.8,0.0,0.11647010800432926,0.0,0.0,0.0
0.6666666666666666,0.3344211966507881,0.0996506932436936,0.8,0.0,0.11316358701550763,0.0,0.0,0.0
0.6770833333333334,0.3344208395847592,0.0996506629444532,0.8,0.0,0.10408532094124696,0.0,0.0,0.0
0.6875,0.3344539299153595,0.09964066721658836,0.8,0.0,0.07732802561418867,0.0,0.0,0.0
0.6979166666666666,0.33449231600708895,0.09962907380667686,0.8,0.0,0.07303153568017576,0.0,0.0,0.0
0.7083333333333334,0.33455082486340965,0.09961146325253263,0.8,0.0,0.05685818378996279,0.0,0.0,0.0
0.71875,0.33462127254163315,0.09959025853829849,0.8,0.0,0.047180868211533084,0.0,0.0,0.0
0.7291666666666666,0.334701226935476,0.09956617114944759,0.8,0.0,0.03940468114403837,0.0,0.0,0.0
0.7395833333333334,0.33480059227472214,0.09953624280836047,0.8,0.0,0.02365718272378564,0.0,0.0,0.0
0.75,0.3349111175453764,0.09950290189801436,0.8,0.0,0.014420530152411746,0.0,0.0,0.0
0.7604166666666666,0.335039179267657,0.0994642314743156,0.8,0.0,0.0,0.0,0.0,0.0
0.7708333333333334,0.3351665951504562,0.09942559077445487,0.8,0.0,0.0,0.0,0.0,0.0
0.78125,0.33529328427628724,0.09938697968060797,0.8,0.0,0.0,0.0,0.0,0.0
0.7916666666666666,0.3354191675456409,0.09934839806622396,0.8,0.0,0.0,0.0,0.0,0.0
0.8020833333333334,0.33554416786809066,0.09930984579629859,0.8,0.0,0.0,0.0,0.0,0.0
0.8125,0.33566821034278516,0.09927132272766626,0.8,0.0,0.0,0.0,0.0,0.0
0.8229166666666666,0.33579122242748055,0.0992328287093095,0.8,0.0,0.0,0.0,0.0,0.0
0.8333333333333334,0.3359131340953687,0.09919436358268385,0.8,0.0,0.0,0.0,0.0,0.0
0.84375,0.3360338779790632,0.09915592718205711,0.8,0.0,0.0,0.0,0.0,0.0
0.8541666666666666,0.3361533895012155,0.09911751933486077,0.8,0.0,0.0,0.0,0.0,0.0
0.8645833333333334,0.336271606991346,0.09907913986205248,0.8,0.0,0.0,0.0,0.0,0.0
0.875,0.3363884717885882,0.09904078857848755,0.8,0.0,0.0,0.0,0.0,0.0
0.8854166666666666,0.33650392833015597,0.09900246529329794,0.8,0.0,0.0,0.0,0.0,0.0
0.8958333333333334,0.3366179242254547,0.09896416981027696,0.8,0.0,0.0,0.0,0.0,0.0
0.90625,0.33673041031586476,0.09892590192826824,0.8,0.0,0.0,0.0,0.0,0.0
0.9166666666666666,0.33684134072032734,0.09888766144155708,0.8,0.0,0.0,0.0,0.0,0.0
0.9270833333333334,0.3369506728669615,0.09884944814026292,0.8,0.0,0.0,0.0,0.0,0.0
0.9375,0.33705836751103246,0.09881126181073101,0.8,0.0,0.0,0.0,0.0,0.0
0.9479166666666666,0.3371643887396744,0.09877310223592232,0.8,0.0,0.0,0.0,0.0,0.0
0.9583333333333334,0.33726870396384984,0.09873496919579987,0.8,0.0,0.0,0.0,0.0,0.0
0.96875,0.33737128389809407,0.09869686246771041,0.8,0.0,0.0,0.0,0.0,0.0
0.9791666666666666,0.33747210252865567,0.09865878182676009,0.8,0.0,0.0,0.0,0.0,0.0
0.9895833333333334,0.33757113707069414,0.09862072704618308,0.8,0.0,0.0,0.0,0.0,0.0
1.0,0.33766836791523985,0.098582697897702,0.8,0.0,0.0,0.0,0.0,0.0
1.0104166666666667,0.3377637785666553,0.0985446941518793,0.8,0.0,0.0,0.0,0.0,0.0
1.0208333333333333,0.33785735557136304,0.09850671557845839,0.8,0.0,0.0,0.0,0.0,0.0
1.03125,0.3379490884386235,0.0984687619466943,0.8,0.0,0.0,0.0,0.0,0.0
1.0416666666666667,0.33803896955415497,0.09843083302567261,0.8,0.0,0.0,0.0,0.0,0.0
1.0520833333333333,0.33812699408739216,0.09839292858461646,0.8,0.0,0.0,0.0,0.0,0.0
1.0625,0.33821315989317347,0.09835504839318086,0.8,0.0,0.0,0.0,0.0,0.0
1.0729166666666667,0.3382974674086378,0.09831719222173418,0.8,0.0,0.0,0.0,0.0,0.0
1.0833333333333333,0.3383799195460945,0.09827935984162611,0.8,0.0,0.0,0.0,0.0,0.0
1.09375,0.3384605215826081,0.09824155102544214,0.8,0.0,0.0,0.0,0.0,0.0
1.1041666666666667,0.3385392810470139,0.09820376554724435,0.8,0.0,0.0,0.0,0.0,0.0
1.1145833333333333,0.3386162076050491,0.09816600318279817,0.8,0.0,0.0,0.0,0.0,0.0
1.125,0.3386913129432517,0.09812826370978557,0.8,0.0,0.0,0.0,0.0,0.0
1.1354166666666667,0.3387646106522421,0.09809054690800412,0.8,0.0,0.0,0.0,0.0,0.0
1.1458333333333333,0.33883611610996495,0.09805285255955248,0.8,0.0,0.0,0.0,0.0,0.0
1.15625,0.3389058463654277,0.09801518044900237,0.8,0.0,0.0,0.0,0.0,0.0
1.1666666666666667,0.3389738200234321,0.097977530363557,0.8,0.0,0.0,0.0,0.0,0.0
1.1770833333333333,0.3390400571307531,0.0979399020931965,0.8,0.0,0.0,0.0,0.0,0.0
1.1875,0.3391045790641771,0.09790229543081058,0.8,0.0,0.0,0.0,0.0,0.0
1.1979166666666667,0.3391674084207725,0.0978647101723186,0.8,0.0,0.0,0.0,0.0,0.0
1.2083333333333333,0.3392285689107205,0.0978271461167775,0.8,0.0,0.0,0.0,0.0,0.0
1.21875,0.3392880852529998,0.09778960306647815,0.8,0.0,0.0,0.0,0.0,0.0
1.2291666666666667,0.3393459830741749,0.09775208082703019,0.8,0.0,0.0,0.0,0.0,0.0
1.2395833333333333,0.33940228881050494,0.09771457920743605,0.8,0.0,0.0,0.0,0.0,0.0
1.25,0.3394570296135518,0.09767709802015453,0.8,0.0,0.0,0.0,0.0,0.0
1.2604166666666667,0.33951023325943436,0.09763963708115443,0.8,0.0,0.0,0.0,0.0,0.0
1.2708333333333333,0.3395442899156093,0.09760726630496717,0.8,0.0,0.014110516987284837,0.0,0.0,0.0
1.28125,0.3395618237523267,0.09757937758685191,0.8,0.0,0.026549953535950983,0.0,0.0,0.0
1.2916666666666667,0.33956376199866406,0.09755583394851489,0.8,0.0,0.03862358490032344,0.0,0.0,0.0
1.3020833333333333,0.33955555711113594,0.09753519356918437,0.8,0.0,0.04669348259234526,0.0,0.0,0.0
1.3125,0.33951720292194276,0.09752328417356841,0.8,0.0,0.07100165584286332,0.0,0.0,0.0
1.3229166666666667,0.3394758291867924,0.09751255770478957,0.8,0.0,0.07429583601289667,0.0,0.0,0.0
1.3333333333333333,0.33940361379158646,0.09751102901737645,0.8,0.0,0.09991004951225106,0.0,0.0,0.0
1.34375,0.3393435730103449,0.09750658547261844,0.8,0.0,0.09179564878108315,0.0,0.0,0.0
1.3541666666666667,0.3392692494443583,0.09750672560603571,0.8,0.0,0.10455673639637399,0.0,0.0,0.0
1.3645833333333333,0.33918124866550076,0.09751138401733506,0.8,0.0,0.11713025047270126,0.0,0.0,0.0
1.375,0.33907565481615093,0.09752178740835143,0.8,0.0,0.13310717782225487,0.0,0.0,0.0
1.3854166666666667,0.3389387760698521,0.0975420034393612,0.8,0.0,0.1603756184468687,0.0,0.0,0.0
1.3958333333333333,0.33879717762056544,0.09756461145993599,0.8,0.0,0.16698705822925652,0.0,0.0,0.0
1.40625,0.33865065936906996,0.09758967891706827,0.8,0.0,0.17377478181843853,0.0,0.0,0.0
1.4166666666666667,0.338536189183383,0.09760655468709735,0.8,0.0,0.15099997066825085,0.0,0.0,0.0
1.4270833333333333,0.33840770528412817,0.09762826607956329,0.8,0.0,0.16438641339559265,0.0,0.0,0.0
1.4375,0.33828139523402445,0.09765022062092442,0.8,0.0,0.16502455696090074,0.0,0.0,0.0
1.4479166666666667,0.33815795140081467,0.09767217997664523,0.8,0.0,0.1650020089519426,0.0,0.0,0.0
1.4583333333333333,0.33798684864251183,0.09770870646178821,0.8,0.0,0.20528427545488642,0.0,0.0,0.0
1.46875,0.3378212746424185,0.0977447077116119,0.8,0.0,0.20374418473701758,0.0,0.0,0.0
1.4791666666666667,0.33770111221795707,0.09776855866611021,0.8,0.0,0.1700893671390434,0.0,0.0,0.0
1.4895833333333333,0.33753497565860263,0.09780642083486675,0.8,0.0,0.2087385771783948,0.0,0.0,0.0
1.5,0.3374162273574474,0.09783147572526632,0.8,0.0,0.17331490068497746,0.0,0.0,0.0
1.5104166666666667,0.3372929969520334,0.0978584653231079,0.8,0.0,0.17860816742108118,0.0,0.0,0.0
1.5208333333333333,0.3371119823465647,0.09790287134498454,0.8,0.0,0.2265458763837937,0.0,0.0,0.0
1.53125,0.33696622974386825,0.09793794269147155,0.8,0.0,0.20073469769921526,0.0,0.0,0.0
1.5416666666666667,0.3368280709973104,0.0979714990614792,0.8,0.0,0.19649229302746607,0.0,0.0,0.0
1.5520833333333333,0.3367080426366468,0.09800040584439874,0.8,0.0,0.18364403622011127,0.0,0.0,0.0
1.5625,0.3365769899752662,0.098033042644583,0.8,0.0,0.19383809913713018,0.0,0.0,0.0
1.5729166666666667,0.3364919554777467,0.09805281349394337,0.8,0.0,0.1584563762034986,0.0,0.0,0.0
1.5833333333333333,0.3363521918949307,0.09808887600154993,0.8,0.0,0.20313132088902472,0.0,0.0,0.0
1.59375,0.33625636081059335,0.09811265726491253,0.8,0.0,0.1693858955925002,0.0,0.0,0.0
1.6041666666666667,0.3361546303386043,0.0981385066529982,0.8,0.0,0.17501902548477635,0.0,0.0,0.0
1.6145833333333333,0.33608012895393047,0.09815675627298255,0.8,0.0,0.1541640415759506,0.0,0.0,0.0
1.625,0.3360111558289522,0.09817363642082452,0.8,0.0,0.15039409473013537,0.0,0.0,0.0
1.6354166666666667,0.33593628578508566,0.0981924597897301,0.8,0.0,0.15569538958367235,0.0,0.0,0.0
1.6458333333333333,0.3359043852431347,0.09819895100101836,0.8,0.0,0.12193117805119792,0.0,0.0,0.0
1.65625,0.3358767247401193,0.0982042961593945,0.8,0.0,0.11879260122333157,0.0,0.0,0.0
1.6666666666666667,0.3358538773022371,0.09820831370271661,0.8,0.0,0.11515850759199643,0.0,0.0,0.0
1.6770833333333333,0.335866391405364,0.09820205588983574,0.8,0.0,0.08704559859296386,0.0,0.0,0.0
1.6875,0.33586191197865384,0.09820073189998901,0.8,0.0,0.1005441130870256,0.0,0.0,0.0
1.6979166666666667,0.3358910048517708,0.09818960550697357,0.8,0.0,0.07372082164674948,0.0,0.0,0.0
1.7083333333333333,0.3359240273986753,0.0981772503113422,0.8,0.0,0.0703512170222192,0.0,0.0,0.0
1.71875,0.33598792178798154,0.09815578293013959,0.8,0.0,0.04539312576086011,0.0,0.0,0.0
1.7291666666666667,0.3360631334531731,0.09813083076841533,0.8,0.0,0.03582223372411684,0.0,0.0,0.0
1.7395833333333333,0.33615018952952497,0.09810220372276994,0.8,0.0,0.025716403938656655,0.0,0.0,0.0
1.75,0.3362537932556752,0.09806848934175309,0.8,0.0,0.011719499740916928,0.0,0.0,0.0
1.7604166666666667,0.33637086650994524,0.09803052727124978,0.8,0.0,0.0,0.0,0.0,0.0
1.7708333333333333,0.3364865397191368,0.09799259294085301,0.8,0.0,0.0,0.0,0.0,0.0
1.78125,0.3366007600081632,0.09795468615714424,0.8,0.0,0.0,0.0,0.0,0.0
1.7916666666666667,0.3367134777257774,0.09791680672174755,0.8,0.0,0.0,0.0,0.0,0.0
1.8020833333333333,0.3368246464922951,0.09787895443171672,0.8,0.0,0.0,0.0,0.0,0.0
1.8125,0.3369342232333085,0.09784112907992355,0.8,0.0,0.0,0.0,0.0,0.0
1.8229166666666667,0.3370421681996972,0.0978033304554458,0.8,0.0,0.0,0.0,0.0,0.0
1.8333333333333333,0.3371484449743273,0.09776555834395342,0.8,0.0,0.0,0.0,0.0,0.0
1.84375,0.3372530204659096,0.09772781252809153,0.8,0.0,0.0,0.0,0.0,0.0
1.8541666666666667,0.3373558648905558,0.09769009278785902,0.8,0.0,0.0,0.0,0.0,0.0
1.8645833333333333,0.33745695174163454,0.0976523989009812,0.8,0.0,0.0,0.0,0.0,0.0
1.875,0.33755625774858145,0.09761473064327593,0.8,0.0,0.0,0.0,0.0,0.0
1.8854166666666667,0.3376537628253627,0.0975770877890116,0.8,0.0,0.0,0.0,0.0,0.0
1.8958333333333333,0.33774945000932555,0.09753947011125616,0.8,0.0,0.0,0.0,0.0,0.0
1.90625,0.33784330539119894,0.09750187738221659,0.8,0.0,0.0,0.0,0.0,0.0
1.9166666666666667,0.3379353180370239,0.09746430937356762,0.8,0.0,0.0,0.0,0.0,0.0
1.9270833333333333,0.3380254799028066,0.09742676585676921,0.8,0.0,0.0,0.0,0.0,0.0
1.9375,0.33811378574268863,0.0973892466033723,0.8,0.0,0.0,0.0,0.0,0.0
1.9479166666666667,0.33820023301142754,0.09735175138531199,0.8,0.0,0.0,0.0,0.0,0.0
1.9583333333333333,0.3382848217619696,0.09731427997518799,0.8,0.0,0.0,0.0,0.0,0.0
1.96875,0.338367554538881,0.09727683214653204,0.8,0.0,0.0,0.0,0.0,0.0
1.9791666666666667,0.33844843626838345,0.09723940767406174,0.8,0.0,0.0,0.0,0.0,0.0
1.9895833333333333,0.3385274741457138,0.09720200633392084,0.8,0.0,0.0,0.0,0.0,0.0
2.0,0.338604677520498,0.097164627903906,0.8,0.0,0.0,0.0,0.0,0.0
2.0104166666666665,0.33868005778079574,0.0971272721636796,0.8,0.0,0.0,0.0,0.0,0.0
2.0208333333333335,0.3387536282364379,0.09708993889496899,0.8,0.0,0.0,0.0,0.0,0.0
2.03125,0.3388254040022386,0.09705262788175209,0.8,0.0,0.0,0.0,0.0,0.0
2.0416666666666665,0.3388954018816259,0.09701533891042957,0.8,0.0,0.0,0.0,0.0,0.0
2.0520833333333335,0.3389636402511927,0.09697807176998367,0.8,0.0,0.0,0.0,0.0,0.0
2.0625,0.33903013894662853,0.09694082625212415,0.8,0.0,0.0,0.0,0.0,0.0
2.0729166666666665,0.33909491915045226,0.09690360215142142,0.8,0.0,0.0,0.0,0.0,0.0
2.0833333333333335,0.33915800328192147,0.09686639926542717,0.8,0.0,0.0,0.0,0.0,0.0
2.09375,0.3392194148894568,0.09682921739478319,0.8,0.0,0.0,0.0,0.0,0.0
2.1041666666666665,0.3392791785458768,0.09679205634331817,0.8,0.0,0.0,0.0,0.0,0.0
2.1145833333333335,0.33933731974670195,0.09675491591813364,0.8,0.0,0.0,0.0,0.0,0.0
2.125,0.3393938648117481,0.09671779592967866,0.8,0.0,0.0,0.0,0.0,0.0
2.1354166666666665,0.3394488407901948,0.09668069619181431,0.8,0.0,0.0,0.0,0.0,0.0
2.1458333333333335,0.3395022753692791,0.09664361652186819,0.8,0.0,0.0,0.0,0.0,0.0
2.15625,0.3395541967867352,0.09660655674067949,0.8,0.0,0.0,0.0,0.0,0.0
2.1666666666666665,0.33960463374706784,0.09656951667263482,0.8,0.0,0.0,0.0,0.0,0.0
2.1770833333333335,0.3396536153417226,0.09653249614569562,0.8,0.0,0.0,0.0,0.0,0.0
2.1875,0.339701170973188,0.0964954949914175,0.8,0.0,0.0,0.0,0.0,0.0
2.1979166666666665,0.33974733028304205,0.09645851304496174,0.8,0.0,0.0,0.0,0.0,0.0
2.2083333333333335,0.3397921230839338,0.0964215501450999,0.8,0.0,0.0,0.0,0.0,0.0
2.21875,0.33983557929547203,0.09638460613421133,0.8,0.0,0.0,0.0,0.0,0.0
2.2291666666666665,0.33987772888397366,0.0963476808582748,0.8,0.0,0.0,0.0,0.0,0.0
2.2395833333333335,0.33991860180601163,0.09631077416685388,0.8,0.0,0.0,0.0,0.0,0.0
2.25,0.33995822795568603,0.09627388591307717,0.8,0.0,0.0,0.0,0.0,0.0
2.2604166666666665,0.33999663711553196,0.0962370159536134,0.8,0.0,0.0,0.0,0.0,0.0
2.2708333333333335,0.3400193979097705,0.09620425553489036,0.8,0.0,0.011568800956883066,0.0,0.0,0.0
2.28125,0.34002311322737333,0.09617669515146937,0.8,0.0,0.026239408081790736,0.0,0.0,0.0
2.2916666666666665,0.3400046653113262,0.09615537772805527,0.8,0.0,0.04387743837247685,0.0,0.0,0.0
2.3020833333333335,0.33996786169506565,0.0961394166704869,0.8,0.0,0.059021013952308306,0.0,0.0,0.0
2.3125,0.33993752648543135,0.09612194971891308,0.8,0.0,0.05475781840130933,0.0,0.0,0.0
2.3229166666666665,0.33987994065527816,0.09611245388472128,0.8,0.0,0.07730542574494315,0.0,0.0,0.0
2.3333333333333335,0.3398037760627936,0.09610870953878799,0.8,0.0,0.09357621487324741,0.0,0.0,0.0
2.34375,0.3397312131556315,0.09610459661298834,0.8,0.0,0.092535760138134,0.0,0.0,0.0
2.3541666666666665,0.33964870926376245,0.09610390811663982,0.8,0.0,0.10222006345016967,0.0,0.0,0.0
2.3645833333333335,0.3395368458441383,0.09611221662313975,0.8,0.0,0.12764994967511062,0.0,0.0,0.0
2.375,0.3394050504573775,0.09612708962185512,0.8,0.0,0.14618397565656904,0.0,0.0,0.0
2.3854166666666665,0.3392827712056558,0.09614033065871724,0.8,0.0,0.14155430170601485,0.0,0.0,0.0
2.3958333333333335,0.33916320328854094,0.09615376757536684,0.8,0.0,0.14208879705234034,0.0,0.0,0.0
2.40625,0.33900176675421134,0.0961800043767664,0.8,0.0,0.17816748641783273,0.0,0.0,0.0
2.4166666666666665,0.33886156780017657,0.09620143568648966,0.8,0.0,0.16457213044181201,0.0,0.0,0.0
2.4270833333333335,0.33872767208049104,0.09622210563107468,0.8,0.0,0.16239018203401687,0.0,0.0,0.0
2.4375,0.33855116937876506,0.0962558440767183,0.8,0.0,0.19913187368021765,0.0,0.0,0.0
2.4479166666666665,0.33838572749749496,0.09628766919723464,0.8,0.0,0.19367118797164057,0.0,0.0,0.0
2.4583333333333335,0.3382002352628384,0.09632631927156898,0.8,0.0,0.2127700992082128,0.0,0.0,0.0
2.46875,0.33803126537873474,0.09636146949881855,0.8,0.0,0.20284686859172527,0.0,0.0,0.0
2.4791666666666665,0.3378928673111818,0.09638895407027362,0.8,0.0,0.1812667001475336,0.0,0.0,0.0
2.4895833333333335,0.33772501464141624,0.09642567605940827,0.8,0.0,0.20709907785665324,0.0,0.0,0.0
2.5,0.3375981308483042,0.0964516686142905,0.8,0.0,0.17696916743466115,0.0,0.0,0.0
2.5104166666666665,0.3374491332649706,0.09648468711497812,0.8,0.0,0.19658239859810964,0.0,0.0,0.0
2.5208333333333335,0.33730090606714097,0.09651828775120676,0.8,0.0,0.1981382626431013,0.0,0.0,0.0
2.53125,0.33716376543338866,0.09654948070241466,0.8,0.0,0.1913388130383861,0.0,0.0,0.0
2.5416666666666665,0.3369957659355992,0.09659019718665528,0.8,0.0,0.21785993725112804,0.0,0.0,0.0
2.5520833333333335,0.3368663441101376,0.09662065230462309,0.8,0.0,0.18913847165796502,0.0,0.0,0.0
2.5625,0.336711036672806,0.09665912202391634,0.8,0.0,0.2114164419871783,0.0,0.0,0.0
2.5729166666666665,0.3366224659057321,0.0966790973230336,0.8,0.0,0.15981901943182192,0.0,0.0,0.0
2.5833333333333335,0.33648715625184744,0.09671286471811104,0.8,0.0,0.19818736034914716,0.0,0.0,0.0
2.59375,0.33639926747679466,0.09673353348717131,0.8,0.0,0.1616809077496174,0.0,0.0,0.0
2.6041666666666665,0.3363149726868983,0.09675349754336482,0.8,0.0,0.15969414113302205,0.0,0.0,0.0
2.6145833333333335,0.33624679669163615,0.09676912734048006,0.8,0.0,0.14762117195174984,0.0,0.0,0.0
2.625,0.33619639002305185,0.09677987884985004,0.8,0.0,0.13404907843849403,0.0,0.0,0.0
2.6354166666666665,0.33614873629057723,0.0967900072263804,0.8,0.0,0.13231004532612578,0.0,0.0,0.0
2.6458333333333335,0.33610742662269183,0.09679846517586385,0.8,0.0,0.1276631388075285,0.0,0.0,0.0
2.65625,0.33609002686778133,0.09680016886914226,0.8,0.0,0.10889892616005752,0.0,0.0,0.0
2.6666666666666665,0.336064847123868,0.09680416806771365,0.8,0.0,0.1152740031286766,0.0,0.0,0.0
2.6770833333333335,0.3360655711203215,0.09680078373970102,0.8,0.0,0.09476743397557033,0.0,0.0,0.0
2.6875,0.3360694549022273,0.09679648720340757,0.8,0.0,0.09223341939885984,0.0,0.0,0.0
2.6979166666666665,0.33609847924991687,0.0967849387765402,0.8,0.0,0.0720877446313992,0.0,0.0,0.0
2.7083333333333335,0.33612523560052837,0.09677395562775258,0.8,0.0,0.07365189012775264,0.0,0.0,0.0
2.71875,0.33618627722230476,0.09675302230400426,0.8,0.0,0.045989888543328736,0.0,0.0,0.0
2.7291666666666665,0.3362550865075868,0.09672966692758994,0.8,0.0,0.039231317427065995,0.0,0.0,0.0
2.7395833333333335,0.3363403760543024,0.09670135620286233,0.8,0.0,0.02541490329396791,0.0,0.0,0.0
2.75,0.33644107181451105,0.09666834280553781,0.8,0.0,0.012279121620895601,0.0,0.0,0.0
2.7604166666666665,0.3365558714601187,0.0966309432981449,0.8,0.0,0.0,0.0,0.0,0.0
2.7708333333333335,0.33666918773566984,0.09659357084312487,0.8,0.0,0.0,0.0,0.0,0.0
2.78125,0.3367809729658944,0.0965562252420375,0.8,0.0,0.0,0.0,0.0,0.0
2.7916666666666665,0.3368911827691529,0.09651890629216656,0.8,0.0,0.0,0.0,0.0,0.0
2.8020833333333335,0.33699977608281156,0.09648161378690277,0.8,0.0,0.0,0.0,0.0,0.0
2.8125,0.33710671517514146,0.09644434751612564,0.8,0.0,0.0,0.0,0.0,0.0
2.8229166666666665,0.3372119656441823,0.0964071072665826,0.8,0.0,0.0,0.0,0.0,0.0
2.8333333333333335,0.3373154964040839,0.09636989282226417,0.8,0.0,0.0,0.0,0.0,0.0
2.84375,0.33741727965950286,0.09633270396477425,0.8,0.0,0.0,0.0,0.0,0.0
2.8541666666666665,0.33751729086868965,0.09629554047369368,0.8,0.0,0.0,0.0,0.0,0.0
2.8645833333333335,0.3376155086959486,0.09625840212693662,0.8,0.0,0.0,0.0,0.0,0.0
2.875,0.3377119149541913,0.09622128870109857,0.8,0.0,0.0,0.0,0.0,0.0
2.8854166666666665,0.33780649453833667,0.09618419997179488,0.8,0.0,0.0,0.0,0.0,0.0
2.8958333333333335,0.3378992353503313,0.09614713571398932,0.8,0.0,0.0,0.0,0.0,0.0
2.90625,0.33799012821657864,0.09611009570231162,0.8,0.0,0.0,0.0,0.0,0.0
2.9166666666666665,0.3380791667985723,0.09607307971136368,0.8,0.0,0.0,0.0,0.0,0.0
2.9270833333333335,0.3381663474975273,0.09603608751601368,0.8,0.0,0.0,0.0,0.0,0.0
2.9375,0.3382516693537964,0.09599911889167782,0.8,0.0,0.0,0.0,0.0,0.0
2.9479166666666665,0.3383351339418454,0.09596217361458906,0.8,0.0,0.0,0.0,0.0,0.0
2.9583333333333335,0.3384167452615406,0.0959252514620527,0.8,0.0,0.0,0.0,0.0,0.0
2.96875,0.33849650962648026,0.09588835221268897,0.8,0.0,0.0,0.0,0.0,0.0
2.9791666666666665,0.33857443555007155,0.09585147564666173,0.8,0.0,0.0,0.0,0.0,0.0
2.9895833333333335,0.3386505336300235,0.09581462154589386,0.8,0.0,0.0,0.0,0.0,0.0
3.0,0.33872481643189173,0.09577778969426905,0.8,0.0,0.0,0.0,0.0,0.0
3.0104166666666665,0.3387972983722727,0.09574097987782022,0.8,0.0,0.0,0.0,0.0,0.0
3.0208333333333335,0.33886799560220704,0.09570419188490448,0.8,0.0,0.0,0.0,0.0,0.0
3.03125,0.33893692589131014,0.09566742550636494,0.8,0.0,0.0,0.0,0.0,0.0
3.0416666666666665,0.33900410851310664,0.09563068053567973,0.8,0.0,0.0,0.0,0.0,0.0
3.0520833333333335,0.33906956413200523,0.0955939567690982,0.8,0.0,0.0,0.0,0.0,0.0
3.0625,0.3391333146923068,0.09555725400576474,0.8,0.0,0.0,0.0,0.0,0.0
3.0729166666666665,0.33919538330959886,0.09552057204783065,0.8,0.0,0.0,0.0,0.0,0.0
3.0833333333333335,0.33925579416484863,0.0954839107005543,0.8,0.0,0.0,0.0,0.0,0.0
3.09375,0.33931457240146756,0.09544726977238997,0.8,0.0,0.0,0.0,0.0,0.0
3.1041666666666665,0.3393717440255831,0.09541064907506597,0.8,0.0,0.0,0.0,0.0,0.0
3.1145833333333335,0.33942733580971607,0.09537404842365209,0.8,0.0,0.0,0.0,0.0,0.0
3.125,0.339481375200028,0.09533746763661723,0.8,0.0,0.0,0.0,0.0,0.0
3.1354166666666665,0.3395338902272707,0.09530090653587739,0.8,0.0,0.0,0.0,0.0,0.0
3.1458333333333335,0.3395849094215379,0.09526436494683467,0.8,0.0,0.0,0.0,0.0,0.0
3.15625,0.3396344617308928,0.09522784269840744,0.8,0.0,0.0,0.0,0.0,0.0
3.1666666666666665,0.33968257644391575,0.0951913396230525,0.8,0.0,0.0,0.0,0.0,0.0
3.1770833333333335,0.3397292831161947,0.09515485555677952,0.8,0.0,0.0,0.0,0.0,0.0
3.1875,0.3397746115007567,0.09511839033915807,0.8,0.0,0.0,0.0,0.0,0.0
3.1979166666666665,0.33981859148241933,0.09508194381331797,0.8,0.0,0.0,0.0,0.0,0.0
3.2083333333333335,0.3398612530160229,0.09504551582594326,0.8,0.0,0.0,0.0,0.0,0.0
3.21875,0.3399026260684877,0.09500910622726008,0.8,0.0,0.0,0.0,0.0,0.0
3.2291666666666665,0.33994274056462576,0.09497271487101934,0.8,0.0,0.0,0.0,0.0,0.0
3.2395833333333335,0.3399816263366249,0.09493634161447383,0.8,0.0,0.0,0.0,0.0,0.0
3.25,0.3400193130771117,0.09489998631835105,0.8,0.0,0.0,0.0,0.0,0.0
3.2604166666666665,0.34005583029569036,0.09486364884682136,0.8,0.0,0.0,0.0,0.0,0.0
3.2708333333333335,0.3400755929601658,0.09483168299396123,0.8,0.0,0.012491454945118894,0.0,0.0,0.0
3.28125,0.34007957255299626,0.09480395654291611,0.8,0.0,0.02462194640317366,0.0,0.0,0.0
3.2916666666666665,0.3400642413765766,0.09478158558172631,0.8,0.0,0.0399704940740087,0.0,0.0,0.0
3.3020833333333335,0.34003348737801453,0.09476365105890329,0.8,0.0,0.05269389754136991,0.0,0.0,0.0
3.3125,0.33998252057557826,0.09475161933634152,0.8,0.0,0.06963380249182263,0.0,0.0,0.0
3.3229166666666665,0.3399279473465927,0.094741033886354,0.8,0.0,0.07378584310965601,0.0,0.0,0.0
3.3333333333333335,0.33985790018176154,0.09473522960171003,0.8,0.0,0.08750962242523029,0.0,0.0,0.0
3.34375,0.33975790826252,0.09473836875519456,0.8,0.0,0.1131732609493072,0.0,0.0,0.0
3.3541666666666665,0.33965987618658566,0.09474179999993368,0.8,0.0,0.11400813789794355,0.0,0.0,0.0
3.3645833333333335,0.3395658824923553,0.09474491313065903,0.8,0.0,0.1130929313740578,0.0,0.0,0.0
3.375,0.3394664541684508,0.09475030559207452,0.8,0.0,0.1196234100039089,0.0,0.0,0.0
3.3854166666666665,0.3393276386083473,0.09476749068047599,0.8,0.0,0.15340239571357886,0.0,0.0,0.0
3.3958333333333335,0.339215667515563,0.09477826741763792,0.8,0.0,0.13502651587256284,0.0,0.0,0.0
3.40625,0.3390604899359904,0.0948019812436728,0.8,0.0,0.1720338830040864,0.0,0.0,0.0
3.4166666666666665,0.33888753982601466,0.09483183840136222,0.8,0.0,0.18955069415489734,0.0,0.0,0.0
3.4270833333333335,0.338756181885148,0.09485131863748987,0.8,0.0,0.1598361593101612,0.0,0.0,0.0
3.4375,0.33863596329886153,0.0948686071999198,0.8,0.0,0.15354524422658103,0.0,0.0,0.0
3.4479166666666665,0.3384890212742739,0.09489421453290658,0.8,0.0,0.17725976952521877,0.0,0.0,0.0
3.4583333333333335,0.3383301206705345,0.09492416741084894,0.8,0.0,0.1896004171523097,0.0,0.0,0.0
3.46875,0.33817595003740436,0.09495383288835954,0.8,0.0,0.18871542860246018,0.0,0.0,0.0
3.4791666666666665,0.3379836151900295,0.09499519914988488,0.8,0.0,0.22195964619743244,0.0,0.0,0.0
3.4895833333333335,0.33783331963929286,0.0950259219457829,0.8,0.0,0.19157473966157612,0.0,0.0,0.0
3.5,0.33766833295271104,0.09506165898949212,0.8,0.0,0.205758044908349,0.0,0.0,0.0
3.5104166666666665,0.3374816585128001,0.09510443974295446,0.8,0.0,0.22566860369886174,0.0,0.0,0.0
3.5208333333333335,0.33733780344152564,0.09513615912948424,0.8,0.0,0.19417422641794602,0.0,0.0,0.0
3.53125,0.33717526736458436,0.09517389111969878,0.8,0.0,0.21114844104306454,0.0,0.0,0.0
3.5416666666666665,0.33706835776609767,0.09519671640490236,0.8,0.0,0.16883718761395924,0.0,0.0,0.0
3.5520833333333335,0.3369121704571974,0.0952339691964094,0.8,0.0,0.20964021084938259,0.0,0.0,0.0
3.5625,0.33680928915145797,0.09525685845998448,0.8,0.0,0.16892773172763076,0.0,0.0,0.0
3.5729166666666665,0.33671170431394104,0.09527869208356236,0.8,0.0,0.165908250213421,0.0,0.0,0.0
3.5833333333333335,0.33660044480903406,0.0953048030576717,0.8,0.0,0.17796252013531264,0.0,0.0,0.0
3.59375,0.33650899171470944,0.09532575163157542,0.8,0.0,0.1633400409860216,0.0,0.0,0.0
3.6041666666666665,0.33639350123938855,0.09535386601777367,0.8,0.0,0.18353658840600096,0.0,0.0,0.0
3.6145833333333335,0.3363304061048484,0.09536755432644253,0.8,0.0,0.14279158754932555,0.0,0.0,0.0
3.625,0.3362367465927313,0.09539013605753074,0.8,0.0,0.167859672927822,0.0,0.0,0.0
3.6354166666666665,0.3362010419733011,0.09539659586331914,0.8,0.0,0.12238065420685036,0.0,0.0,0.0
3.6458333333333335,0.3361509539126835,0.09540725523656643,0.8,0.0,0.1342151894909011,0.0,0.0,0.0
3.65625,0.33610655714533255,0.09541646168201376,0.8,0.0,0.1301130932789717,0.0,0.0,0.0
3.6666666666666665,0.3360924215951268,0.09541721702329281,0.8,0.0,0.10629514198536286,0.0,0.0,0.0
3.6770833333333335,0.3360807979540717,0.09541730281234023,0.8,0.0,0.10440840125011915,0.0,0.0,0.0
3.6875,0.3360803720140749,0.09541424505058843,0.8,0.0,0.09555058822561893,0.0,0.0,0.0
3.6979166666666665,0.33610630578351464,0.09540370589917359,0.8,0.0,0.07446648723316114,0.0,0.0,0.0
3.7083333333333335,0.33613476748594967,0.09539237162391892,0.8,0.0,0.07221953051352731,0.0,0.0,0.0
3.71875,0.336187417474197,0.09537408853479891,0.8,0.0,0.052619194598855536,0.0,0.0,0.0
3.7291666666666665,0.33625553202286423,0.09535125944643423,0.8,0.0,0.039776789947807964,0.0,0.0,0.0
3.7395833333333335,0.3363370294648449,0.0953244254599639,0.8,0.0,0.028444429955515813,0.0,0.0,0.0
3.75,0.336434861483244,0.0952927044123032,0.8,0.0,0.014602496943479402,0.0,0.0,0.0
3.7604166666666665,0.3365497394316105,0.09525583644669045,0.8,0.0,0.0,0.0,0.0,0.0
3.7708333333333335,0.33666313666453695,0.09521899515831275,0.8,0.0,0.0,0.0,0.0,0.0
3.78125,0.33677500533073973,0.09518218035179508,0.8,0.0,0.0,0.0,0.0,0.0
3.7916666666666665,0.33688530087081314,0.09514539182752704,0.8,0.0,0.0,0.0,0.0,0.0
3.8020833333333335,0.33699398204333975,0.09510862938204037,0.8,0.0,0.0,0.0,0.0,0.0
3.8125,0.3371010109375032,0.09507189280838545,0.8,0.0,0.0,0.0,0.0,0.0
3.8229166666666665,0.33720635297264023,0.09503518189650523,0.8,0.0,0.0,0.0,0.0,0.0
3.8333333333333335,0.33730997688524056,0.09499849643360539,0.8,0.0,0.0,0.0,0.0,0.0
3.84375,0.3374118547039703,0.09496183620451935,0.8,0.0,0.0,0.0,0.0,0.0
3.8541666666666665,0.3375119617133496,0.09492520099206732,0.8,0.0,0.0,0.0,0.0,0.0
3.8645833333333335,0.3376102764067655,0.09488859057740798,0.8,0.0,0.0,0.0,0.0,0.0
3.875,0.3377067804295393,0.09485200474038179,0.8,0.0,0.0,0.0,0.0,0.0
3.8854166666666665,0.3378014585127986,0.09481544325984544,0.8,0.0,0.0,0.0,0.0,0.0
3.8958333333333335,0.33789429839892815,0.09477890591399607,0.8,0.0,0.0,0.0,0.0,0.0
3.90625,0.3379852907593869,0.09474239248068514,0.8,0.0,0.0,0.0,0.0,0.0
3.9166666666666665,0.338074429105686,0.09470590273772068,0.8,0.0,0.0,0.0,0.0,0.0
3.9270833333333335,0.3381617096943229,0.09466943646315798,0.8,0.0,0.0,0.0,0.0,0.0
3.9375,0.33824713142645774,0.09463299343557785,0.8,0.0,0.0,0.0,0.0,0.0
3.9479166666666665,0.33833069574310803,0.09459657343435235,0.8,0.0,0.0,0.0,0.0,0.0
3.9583333333333335,0.3384124065166157,0.09456017623989746,0.8,0.0,0.0,0.0,0.0,0.0
3.96875,0.33849226993911913,0.09452380163391275,0.8,0.0,0.0,0.0,0.0,0.0
3.9791666666666665,0.3385702944087338,0.09448744939960767,0.8,0.0,0.0,0.0,0.0,0.0
3.9895833333333335,0.33864649041411415,0.09445111932191458,0.8,0.0,0.0,0.0,0.0,0.0
4.0,0.3387208704180334,0.09441481118768831,0.8,0.0,0.0,0.0,0.0,0.0
4.010416666666667,0.3387934487405823,0.09437852478589266,0.8,0.0,0.0,0.0,0.0,0.0
4.020833333333333,0.3388642414425478,0.09434225990777358,0.8,0.0,0.0,0.0,0.0,0.0
4.03125,0.33893326620949144,0.09430601634701934,0.8,0.0,0.0,0.0,0.0,0.0
4.041666666666667,0.3390005422370085,0.09426979389990812,0.8,0.0,0.0,0.0,0.0,0.0
4.052083333333333,0.3390660901176037,0.09423359236544292,0.8,0.0,0.0,0.0,0.0,0.0
4.0625,0.33912993172958106,0.09419741154547419,0.8,0.0,0.0,0.0,0.0,0.0
4.072916666666667,0.33919209012830154,0.09416125124481091,0.8,0.0,0.0,0.0,0.0,0.0
4.083333333333333,0.3392525894401239,0.09412511127131978,0.8,0.0,0.0,0.0,0.0,0.0
4.09375,0.33931145475930335,0.09408899143601347,0.8,0.0,0.0,0.0,0.0,0.0
4.104166666666667,0.3393687120480856,0.0940528915531281,0.8,0.0,0.0,0.0,0.0,0.0
4.114583333333333,0.3394243880401964,0.09401681144019035,0.8,0.0,0.0,0.0,0.0,0.0
4.125,0.3394785101478938,0.09398075091807481,0.8,0.0,0.0,0.0,0.0,0.0
4.135416666666667,0.33953110637271566,0.09394470981105169,0.8,0.0,0.0,0.0,0.0,0.0
4.145833333333333,0.3395822052200251,0.09390868794682576,0.8,0.0,0.0,0.0,0.0,0.0
4.15625,0.33963183561742805,0.09387268515656658,0.8,0.0,0.0,0.0,0.0,0.0
4.166666666666667,0.33968002683711,0.09383670127493075,0.8,0.0,0.0,0.0,0.0,0.0
4.177083333333333,0.33972680842211395,0.09380073614007649,0.8,0.0,0.0,0.0,0.0,0.0
4.1875,0.33977221011656056,0.09376478959367103,0.8,0.0,0.0,0.0,0.0,0.0
4.197916666666667,0.33981626179978996,0.09372886148089127,0.8,0.0,0.0,0.0,0.0,0.0
4.208333333333333,0.33985899342438675,0.09369295165041809,0.8,0.0,0.0,0.0,0.0,0.0
4.21875,0.3399004349580329,0.09365705995442486,0.8,0.0,0.0,0.0,0.0,0.0
4.229166666666667,0.3399406163291201,0.09362118624856042,0.8,0.0,0.0,0.0,0.0,0.0
4.239583333333333,0.3399795673760388,0.09358533039192705,0.8,0.0,0.0,0.0,0.0,0.0
4.25,0.3400173178000512,0.09354949224705365,0.8,0.0,0.0,0.0,0.0,0.0
4.260416666666667,0.340053897121646,0.09351367167986484,0.8,0.0,0.0,0.0,0.0,0.0
4.270833333333333,0.3400732306900989,0.09348229514427851,0.8,0.0,0.012883160133102324,0.0,0.0,0.0
4.28125,0.3400770409747505,0.0934550299575073,0.8,0.0,0.024816761750732736,0.0,0.0,0.0
4.291666666666667,0.3400688360935889,0.09343104107913207,0.8,0.0,0.034333122537727544,0.0,0.0,0.0
4.302083333333333,0.34002962020400895,0.09341564739545456,0.8,0.0,0.059348085142142466,0.0,0.0,0.0
4.3125,0.3399929738920809,0.09339988566845513,0.8,0.0,0.058273914558189165,0.0,0.0,0.0
4.322916666666667,0.33994714539821075,0.09338696028189132,0.8,0.0,0.06653108941439147,0.0,0.0,0.0
4.333333333333333,0.33988246209568074,0.09337960360131127,0.8,0.0,0.08274691640727312,0.0,0.0,0.0
4.34375,0.3397890509493628,0.0933806841236692,0.8,0.0,0.10731210444857335,0.0,0.0,0.0
4.354166666666667,0.33970435471054866,0.09338014427616625,0.8,0.0,0.10259556189819939,0.0,0.0,0.0
4.364583333333333,0.3395888471079877,0.09338876893641225,0.8,0.0,0.12925841140396724,0.0,0.0,0.0
4.375,0.33949735676589876,0.09339171793837531,0.8,0.0,0.11274310156741209,0.0,0.0,0.0
4.385416666666667,0.33939631017111144,0.09339801921848566,0.8,0.0,0.12248633154506788,0.0,0.0,0.0
4.395833333333333,0.33925551077434657,0.09341605123002619,0.8,0.0,0.15656571612543752,0.0,0.0,0.0
4.40625,0.33908930664034853,0.09344216274610871,0.8,0.0,0.1799920587030176,0.0,0.0,0.0
4.416666666666667,0.33896740904524225,0.09345730271362644,0.8,0.0,0.14810362541579747,0.0,0.0,0.0
4.427083333333333,0.3388390232202924,0.09347511476134646,0.8,0.0,0.15583018937288434,0.0,0.0,0.0
4.4375,0.3387111656535045,0.09349368960475352,0.8,0.0,0.15801207250154922,0.0,0.0,0.0
4.447916666666667,0.3385772076939026,0.09351483193560862,0.8,0.0,0.16541838429875394,0.0,0.0,0.0
4.458333333333333,0.3383862398043403,0.09355263513960838,0.8,0.0,0.21360029373310335,0.0,0.0,0.0
4.46875,0.33825939024921836,0.09357395873766507,0.8,0.0,0.1658466590330011,0.0,0.0,0.0
4.479166666666667,0.3381065990598741,0.09360326126734018,0.8,0.0,0.18886868236384272,0.0,0.0,0.0
4.489583333333333,0.33792175996063445,0.09364238175334443,0.8,0.0,0.2171513067493105,0.0,0.0,0.0
4.5,0.3377918639144805,0.09366736614307443,0.8,0.0,0.17626670015700463,0.0,0.0,0.0
4.510416666666667,0.33761236782846843,0.09370685038318353,0.8,0.0,0.21801949156438932,0.0,0.0,0.0
4.520833333333333,0.3374366354381701,0.09374628102688354,0.8,0.0,0.2177578817283609,0.0,0.0,0.0
4.53125,0.3373214600597791,0.09376980231693348,0.8,0.0,0.1718748322832281,0.0,0.0,0.0
4.541666666666667,0.33719191922877767,0.09379789316472044,0.8,0.0,0.18497738947088038,0.0,0.0,0.0
4.552083333333333,0.33702207172596244,0.09383783172052663,0.8,0.0,0.21896817757831297,0.0,0.0,0.0
4.5625,0.33692719164628826,0.09385767941285972,0.8,0.0,0.16117759384461558,0.0,0.0,0.0
4.572916666666667,0.3368198933812204,0.0938814047965492,0.8,0.0,0.1722798461504085,0.0,0.0,0.0
4.583333333333333,0.3367275417110138,0.09390142007291513,0.8,0.0,0.16159823000524381,0.0,0.0,0.0
4.59375,0.33663298906023703,0.09392242872389789,0.8,0.0,0.16441883299990762,0.0,0.0,0.0
4.604166666666667,0.33656576277624195,0.0939361862959959,0.8,0.0,0.1436062579125818,0.0,0.0,0.0
4.614583333333333,0.33648036119088315,0.09395527572575894,0.8,0.0,0.158869489720266,0.0,0.0,0.0
4.625,0.33639739249887896,0.09397400548168883,0.8,0.0,0.1578146689382479,0.0,0.0,0.0
4.635416666666667,0.33634465520262,0.09398458770838668,0.8,0.0,0.1344667512206798,0.0,0.0,0.0
4.645833333333333,0.3362908017765313,0.09399566548087719,0.8,0.0,0.1358769977629654,0.0,0.0,0.0
4.65625,0.33624996300852,0.09400328822321678,0.8,0.0,0.1259816881708925,0.0,0.0,0.0
4.666666666666667,0.33620898291150014,0.0940110861007793,0.8,0.0,0.12647836689513092,0.0,0.0,0.0
4.677083333333333,0.33621067036057906,0.09400708602744226,0.8,0.0,0.09272233690590113,0.0,0.0,0.0
4.6875,0.33622401807240354,0.09399982072142732,0.8,0.0,0.0833786985753538,0.0,0.0,0.0
4.697916666666667,0.33623332402066686,0.09399364333082033,0.8,0.0,0.08648965782458018,0.0,0.0,0.0
4.708333333333333,0.3362641290300604,0.09398142744263766,0.8,0.0,0.06920460025868526,0.0,0.0,0.0
4.71875,0.3363242978408157,0.09396090988716381,0.8,0.0,0.04542695499445225,0.0,0.0,0.0
4.729166666666667,0.33638947525920804,0.09393880236333702,0.8,0.0,0.04084894572669085,0.0,0.0,0.0
4.739583333333333,0.33647332870796653,0.09391126965253498,0.8,0.0,0.025272555872454052,0.0,0.0,0.0
4.75,0.3365700972633897,0.09387985508721026,0.8,0.0,0.014096937264019414,0.0,0.0,0.0
4.760416666666667,0.33668322497558795,0.09384354814181563,0.8,0.0,0.0,0.0,0.0,0.0
4.770833333333333,0.33679481592233984,0.09380726726271665,0.8,0.0,0.0,0.0,0.0,0.0
4.78125,0.3369048261351674,0.09377101225246656,0.8,0.0,0.0,0.0,0.0,0.0
4.791666666666667,0.33701321496681136,0.09373478290988253,0.8,0.0,0.0,0.0,0.0,0.0
4.802083333333333,0.33711994510147747,0.09369857903041648,0.8,0.0,0.0,0.0,0.0,0.0
4.8125,0.33722498255210825,0.09366240040652296,0.8,0.0,0.0,0.0,0.0,0.0
4.822916666666667,0.3373282966452003,0.09362624682802326,0.8,0.0,0.0,0.0,0.0,0.0
4.833333333333333,0.33742985999375397,0.09359011808246423,0.8,0.0,0.0,0.0,0.0,0.0
4.84375,0.3375296484589957,0.09355401395547087,0.8,0.0,0.0,0.0,0.0,0.0
4.854166666666667,0.3376276411015613,0.09351793423109156,0.8,0.0,0.0,0.0,0.0,0.0
4.864583333333333,0.3377238201228654,0.09348187869213498,0.8,0.0,0.0,0.0,0.0,0.0
4.875,0.3378181707974129,0.09344584712049796,0.8,0.0,0.0,0.0,0.0,0.0
4.885416666666667,0.33791068139682845,0.09340983929748337,0.8,0.0,0.0,0.0,0.0,0.0
4.895833333333333,0.33800134310639407,0.09337385500410725,0.8,0.0,0.0,0.0,0.0,0.0
4.90625,0.33809014993488984,0.09333789402139497,0.8,0.0,0.0,0.0,0.0,0.0
4.916666666666667,0.33817709861853157,0.09330195613066547,0.8,0.0,0.0,0.0,0.0,0.0
4.927083333333333,0.338262188519791,0.09326604111380334,0.8,0.0,0.0,0.0,0.0,0.0
4.9375,0.33834542152186975,0.0932301487535184,0.8,0.0,0.0,0.0,0.0,0.0
4.947916666666667,0.3384268019195788,0.09319427883359256,0.8,0.0,0.0,0.0,0.0,0.0
4.958333333333333,0.3385063363073506,0.09315843113911365,0.8,0.0,0.0,0.0,0.0,0.0
4.96875,0.3385840334650825,0.09312260545669612,0.8,0.0,0.0,0.0,0.0,0.0
4.979166666666667,0.3386599042424772,0.09308680157468861,0.8,0.0,0.0,0.0,0.0,0.0
4.989583333333333,0.33873396144251205,0.09305101928336847,0.8,0.0,0.0,0.0,0.0,0.0
5.0,0.3388062197046296,0.09301525837512298,0.8,0.0,0.0,0.0,0.0,0.0
5.010416666666667,0.3489464870548709,0.09029634395522491,0.8,8.16,0.0,0.0,0.0,1.0
5.020833333333333,0.35856881308045807,0.08772773599283464,0.8,8.16,0.0,0.0,0.0,1.0
5.03125,0.3672079209401809,0.08529090700277404,0.8,8.16,0.0,0.0,0.0,1.0
5.041666666666667,0.3745563254829252,0.08296824631801154,0.8,8.16,0.0,0.0,0.0,1.0
5.052083333333333,0.3704332756849785,0.08293908274718309,0.8,0.0,0.0,0.0,0.0,0.0
5.0625,0.3671310596115031,0.08290966720346926,0.8,0.0,0.0,0.0,0.0,0.0
5.072916666666667,0.36442285752061915,0.0828800435688344,0.8,0.0,0.0,0.0,0.0,0.0
5.083333333333333,0.3621597250322728,0.08285024546707494,0.8,0.0,0.0,0.0,0.0,0.0
5.09375,0.3602394258712568,0.08282029929349208,0.8,0.0,0.0,0.0,0.0,0.0
5.104166666666667,0.35858925219204724,0.08279022618597073,0.8,0.0,0.0,0.0,0.0,0.0
5.114583333333333,0.3571559702523494,0.08276004335755448,0.8,0.0,0.0,0.0,0.0,0.0
5.125,0.3558996446378708,0.08272976502636044,0.8,0.0,0.0,0.0,0.0,0.0
5.135416666666667,0.3547896902380452,0.08269940308203812,0.8,0.0,0.0,0.0,0.0,0.0
5.145833333333333,0.35380226206702375,0.08266896757441852,0.8,0.0,0.0,0.0,0.0,0.0
5.15625,0.35291847928700903,0.08263846707892733,0.8,0.0,0.0,0.0,0.0,0.0
5.166666666666667,0.3521231864143603,0.08260790897459702,0.8,0.0,0.0,0.0,0.0,0.0
5.177083333333333,0.3514040702390255,0.08257729965883008,0.8,0.0,0.0,0.0,0.0,0.0
5.1875,0.35075101812557347,0.08254664471556804,0.8,0.0,0.0,0.0,0.0,0.0
5.197916666666667,0.35015564369353996,0.08251594904858607,0.8,0.0,0.0,0.0,0.0,0.0
5.208333333333333,0.3496109308204382,0.08248521698831034,0.8,0.0,0.0,0.0,0.0,0.0
5.21875,0.3491109627468401,0.08245445237827294,0.8,0.0,0.0,0.0,0.0,0.0
5.229166666666667,0.3486507133520794,0.08242365864572364,0.8,0.0,0.0,0.0,0.0,0.0
5.239583333333333,0.3482258844953118,0.08239283885978198,0.8,0.0,0.0,0.0,0.0,0.0
5.25,0.34783277793173945,0.08236199577969526,0.8,0.0,0.0,0.0,0.0,0.0
5.260416666666667,0.34746819348802693,0.08233113189516865,0.8,0.0,0.0,0.0,0.0,0.0
5.270833333333333,0.3471134143070484,0.08230402718065609,0.8,0.0,0.012746473291944381,0.0,0.0,0.0
5.28125,0.3467698401353312,0.08228003302787505,0.8,0.0,0.02329141611980109,0.0,0.0,0.0
5.291666666666667,0.3464287390387093,0.08226089653129696,0.8,0.0,0.03970940154215426,0.0,0.0,0.0
5.302083333333333,0.346087846499126,0.08224697894977495,0.8,0.0,0.05732345419963385,0.0,0.0,0.0
5.3125,0.34576808142309745,0.08223316595653522,0.8,0.0,0.05771056839100754,0.0,0.0,0.0
5.322916666666667,0.34544640146535893,0.08222449393533926,0.8,0.0,0.07502301416846159,0.0,0.0,0.0
5.333333333333333,0.3451286377286565,0.08221948236167351,0.8,0.0,0.08733822531684875,0.0,0.0,0.0
5.34375,0.34480726080830243,0.08221975117967638,0.8,0.0,0.10506854925281872,0.0,0.0,0.0
5.354166666666667,0.3444758107677158,0.08222677554733032,0.8,0.0,0.12771064200596338,0.0,0.0,0.0
5.364583333333333,0.34419056826079747,0.08222712524366373,0.8,0.0,0.1053376932955281,0.0,0.0,0.0
5.375,0.34386672488874426,0.08224035079104734,0.8,0.0,0.14841314275531187,0.0,0.0,0.0
5.385416666666667,0.3435701891627171,0.0822510737667879,0.8,0.0,0.14000401189329165,0.0,0.0,0.0
5.395833333333333,0.34328120827276487,0.08226356809715028,0.8,0.0,0.14588350878855338,0.0,0.0,0.0
5.40625,0.3429922454892467,0.08227944913918954,0.8,0.0,0.15713858992018,0.0,0.0,0.0
5.416666666666667,0.34273153077271945,0.08229184179135629,0.8,0.0,0.14546351725938453,0.0,0.0,0.0
5.427083333333333,0.34243082034468464,0.08231673034121309,0.8,0.0,0.18701917169392818,0.0,0.0,0.0
5.4375,0.34212594961198084,0.08234586052562715,0.8,0.0,0.20102369161142616,0.0,0.0,0.0
5.447916666666667,0.3418285327830686,0.08237637508035996,0.8,0.0,0.2055026212005429,0.0,0.0,0.0
5.458333333333333,0.3415783694586338,0.08239848659651021,0.8,0.0,0.1775160037842278,0.0,0.0,0.0
5.46875,0.34132125000977603,0.08242470601059002,0.8,0.0,0.19105411868569572,0.0,0.0,0.0
5.479166666666667,0.34108590761561336,0.08244808326886516,0.8,0.0,0.18155757278960583,0.0,0.0,0.0
5.489583333333333,0.34080644252589076,0.08248428159319916,0.8,0.0,0.22386984619538486,0.0,0.0,0.0
5.5,0.34054956140770265,0.08251748471515344,0.8,0.0,0.21383419022860312,0.0,0.0,0.0
5.510416666666667,0.34034917008936644,0.08253917580737549,0.8,0.0,0.1757398151851305,0.0,0.0,0.0
5.520833333333333,0.3401149899960093,0.08257070945938634,0.8,0.0,0.20811796138985655,0.0,0.0,0.0
5.53125,0.33992733484753246,0.08259280474219763,0.8,0.0,0.17693620586934208,0.0,0.0,0.0
5.541666666666667,0.33971667671492295,0.08262193288253014,0.8,0.0,0.20001341809770476,0.0,0.0,0.0
5.552083333333333,0.33949917130566976,0.08265429997109222,0.8,0.0,0.21056553061017946,0.0,0.0,0.0
5.5625,0.33933342641828373,0.08267562435481275,0.8,0.0,0.17420368781786066,0.0,0.0,0.0
5.572916666666667,0.33916805286933954,0.08269800584500535,0.8,0.0,0.17762083416215363,0.0,0.0,0.0
5.583333333333333,0.33898538073000173,0.08272572113560976,0.8,0.0,0.19505232458872582,0.0,0.0,0.0
5.59375,0.33882776567928363,0.0827485118402189,0.8,0.0,0.17884354747195425,0.0,0.0,0.0
5.604166666666667,0.33869350717634933,0.0827665886193079,0.8,0.0,0.16335794464319595,0.0,0.0,0.0
5.614583333333333,0.3385481216448803,0.08278820551367831,0.8,0.0,0.17490399299103535,0.0,0.0,0.0
5.625,0.3384117216718363,0.08280848852205215,0.8,0.0,0.17049503063477142,0.0,0.0,0.0
5.635416666666667,0.33832881561930617,0.08281646192789659,0.8,0.0,0.13022808142210787,0.0,0.0,0.0
5.645833333333333,0.3382265743770073,0.08282963164477337,0.8,0.0,0.14719529282200927,0.0,0.0,0.0
5.65625,0.33815548505667425,0.08283572974318626,0.8,0.0,0.12408326304198479,0.0,0.0,0.0
5.666666666666667,0.33810889366083396,0.08283620471150409,0.8,0.0,0.10571760139452306,0.0,0.0,0.0
5.677083333333333,0.33806330094961856,0.08283667901076149,0.8,0.0,0.10571519896033406,0.0,0.0,0.0
5.6875,0.33803057291707306,0.0828342368872004,0.8,0.0,0.09619423284777796,0.0,0.0,0.0
5.697916666666667,0.3380194084000167,0.08282667831159482,0.8,0.0,0.07949140821741046,0.0,0.0,0.0
5.708333333333333,0.3380215266247701,0.08281592269944997,0.8,0.0,0.06905113615307085,0.0,0.0,0.0
5.71875,0.33804689269181243,0.08279946316241527,0.8,0.0,0.05041762741567131,0.0,0.0,0.0
5.729166666666667,0.33808665441426516,0.08277935363701655,0.8,0.0,0.038477717446594374,0.0,0.0,0.0
5.739583333333333,0.3381430926347297,0.08275496512442235,0.8,0.0,0.024467498108038332,0.0,0.0,0.0
5.75,0.3382115952988911,0.08272734287924928,0.8,0.0,0.01385509595501304,0.0,0.0,0.0
5.760416666666667,0.33829593689937676,0.08269550155849287,0.8,0.0,0.0,0.0,0.0,0.0
5.770833333333333,0.33837842304676424,0.08266368025223127,0.8,0.0,0.0,0.0,0.0,0.0
5.78125,0.3384590589757304,0.0826318787691644,0.8,0.0,0.0,0.0,0.0,0.0
5.791666666666667,0.33853785217481547,0.08260009691923059,0.8,0.0,0.0,0.0,0.0,0.0
5.802083333333333,0.3386148122715825,0.0825683345137975,0.8,0.0,0.0,0.0,0.0,0.0
5.8125,0.33868995091653364,0.0825365913658415,0.8,0.0,0.0,0.0,0.0,0.0
5.822916666666667,0.33876328166639746,0.08250486729011554,0.8,0.0,0.0,0.0,0.0,0.0
5.833333333333333,0.33883481986736674,0.08247316210330521,0.8,0.0,0.0,0.0,0.0,0.0
5.84375,0.33890458253882316,0.08244147562417369,0.8,0.0,0.0,0.0,0.0,0.0
5.854166666666667,0.3389725882580465,0.08240980767369506,0.8,0.0,0.0,0.0,0.0,0.0
5.864583333333333,0.3390388570463629,0.08237815807517708,0.8,0.0,0.0,0.0,0.0,0.0
5.875,0.33910341025714597,0.08234652665437273,0.8,0.0,0.0,0.0,0.0,0.0
5.885416666666667,0.33916627046604264,0.08231491323958144,0.8,0.0,0.0,0.0,0.0,0.0
5.895833333333333,0.33922746136375487,0.08228331766174019,0.8,0.0,0.0,0.0,0.0,0.0
5.90625,0.339287007651669,0.08225173975450459,0.8,0.0,0.0,0.0,0.0,0.0
5.916666666666667,0.33934493494058565,0.08222017935432041,0.8,0.0,0.0,0.0,0.0,0.0
5.927083333333333,0.3394012696527653,0.08218863630048609,0.8,0.0,0.0,0.0,0.0,0.0
5.9375,0.33945603892747117,0.08215711043520635,0.8,0.0,0.0,0.0,0.0,0.0
5.947916666666667,0.3395092705301554,0.08212560160363734,0.8,0.0,0.0,0.0,0.0,0.0
5.958333333333333,0.3395609927654038,0.08209410965392393,0.8,0.0,0.0,0.0,0.0,0.0
5.96875,0.33961123439372526,0.08206263443722916,0.8,0.0,0.0,0.0,0.0,0.0
5.979166666666667,0.3396600245522434,0.08203117580775666,0.8,0.0,0.0,0.0,0.0,0.0
5.989583333333333,0.3397073926793234,0.08199973362276607,0.8,0.0,0.0,0.0,0.0,0.0
6.0,0.3397533684431431,0.08196830774258208,0.8,0.0,0.0,0.0,0.0,0.0
6.010416666666667,0.3397979816741963,0.08193689803059755,0.8,0.0,0.0,0.0,0.0,0.0
6.020833333333333,0.33984126230169825,0.08190550435327064,0.8,0.0,0.0,0.0,0.0,0.0
6.03125,0.3398832402938435,0.08187412658011699,0.8,0.0,0.0,0.0,0.0,0.0
6.041666666666667,0.33992394560185346,0.08184276458369676,0.8,0.0,0.0,0.0,0.0,0.0
6.052083333333333,0.3399634081077372,0.0818114182395971,0.8,0.0,0.0,0.0,0.0,0.0
6.0625,0.3400016575756755,0.08178008742641057,0.8,0.0,0.0,0.0,0.0,0.0
6.072916666666667,0.34003872360693144,0.08174877202570946,0.8,0.0,0.0,0.0,0.0,0.0
6.083333333333333,0.34007463559817885,0.08171747192201666,0.8,0.0,0.0,0.0,0.0,0.0
6.09375,0.3401094227031362,0.08168618700277329,0.8,0.0,0.0,0.0,0.0,0.0
6.104166666666667,0.3401431137973853,0.0816549171583033,0.8,0.0,0.0,0.0,0.0,0.0
6.114583333333333,0.34017573744625196,0.08162366228177544,0.8,0.0,0.0,0.0,0.0,0.0
6.125,0.3402073218756208,0.0815924222691629,0.8,0.0,0.0,0.0,0.0,0.0
6.135416666666667,0.34023789494555606,0.08156119701920066,0.8,0.0,0.0,0.0,0.0,0.0
6.145833333333333,0.3402674841265972,0.08152998643334113,0.8,0.0,0.0,0.0,0.0,0.0
6.15625,0.3402961164785993,0.08149879041570794,0.8,0.0,0.0,0.0,0.0,0.0
6.166666666666667,0.34032381863198824,0.08146760887304846,0.8,0.0,0.0,0.0,0.0,0.0
6.177083333333333,0.34035061677130096,0.081436441714685,0.8,0.0,0.0,0.0,0.0,0.0
6.1875,0.34037653662088435,0.081405288852465,0.8,0.0,0.0,0.0,0.0,0.0
6.197916666666667,0.3404016034326274,0.08137415020071039,0.8,0.0,0.0,0.0,0.0,0.0
6.208333333333333,0.3404258419756041,0.08134302567616619,0.8,0.0,0.0,0.0,0.0,0.0
6.21875,0.3404492765275083,0.08131191519794864,0.8,0.0,0.0,0.0,0.0,0.0
6.229166666666667,0.34047193086776384,0.08128081868749305,0.8,0.0,0.0,0.0,0.0,0.0
6.239583333333333,0.34049382827219915,0.08124973606850118,0.8,0.0,0.0,0.0,0.0,0.0
6.25,0.3405149915091762,0.08121866726688876,0.8,0.0,0.0,0.0,0.0,0.0
6.260416666666667,0.34053544283707093,0.08118761221073288,0.8,0.0,0.0,0.0,0.0,0.0
6.270833333333333,0.34053868885774813,0.08116050669007803,0.8,0.0,0.01321211620493456,0.0,0.0,0.0
6.28125,0.3405269791185166,0.08113694765710348,0.8,0.0,0.025088931379348048,0.0,0.0,0.0
6.291666666666667,0.3404971497530926,0.0811178053921847,0.8,0.0,0.0399011320822294,0.0,0.0,0.0
6.302083333333333,0.34046195153874087,0.08110018419272381,0.8,0.0,0.04499989875028182,0.0,0.0,0.0
6.3125,0.3403960711671653,0.08109015452941533,0.8,0.0,0.07048922911880799,0.0,0.0,0.0
6.322916666666667,0.34031497615310163,0.08108427099890243,0.8,0.0,0.08441330886076857,0.0,0.0,0.0
6.333333333333333,0.34023396134915085,0.08107900262048913,0.8,0.0,0.08648154736677341,0.0,0.0,0.0
6.34375,0.34015263467130064,0.08107443429225096,0.8,0.0,0.08883417528385637,0.0,0.0,0.0
6.354166666666667,0.3400263697024192,0.08108120051821802,0.8,0.0,0.1268687208690686,0.0,0.0,0.0
6.364583333333333,0.33989980505090833,0.08108898988414116,0.8,0.0,0.13028965391230427,0.0,0.0,0.0
6.375,0.3397835793087175,0.08109524678214397,0.8,0.0,0.12514106727811355,0.0,0.0,0.0
6.385416666666667,0.3396405125667534,0.08110875396781299,0.8,0.0,0.1494229562372,0.0,0.0,0.0
6.395833333333333,0.33951092779068237,0.08112005740270839,0.8,0.0,0.14201845928657283,0.0,0.0,0.0
6.40625,0.339356582038695,0.08113817966347257,0.8,0.0,0.1648166086775891,0.0,0.0,0.0
6.416666666666667,0.33918163333181356,0.08116228149088943,0.8,0.0,0.1847688909062635,0.0,0.0,0.0
6.427083333333333,0.3390347511208233,0.08118082330227969,0.8,0.0,0.16612962083256444,0.0,0.0,0.0
6.4375,0.3389017502910177,0.08119698097229046,0.8,0.0,0.15812879638674848,0.0,0.0,0.0
6.447916666666667,0.3387655532636205,0.08121473352840763,0.8,0.0,0.16341965290203675,0.0,0.0,0.0
6.458333333333333,0.33860782300165077,0.08123847957230032,0.8,0.0,0.18336999225129566,0.0,0.0,0.0
6.46875,0.3384439106848933,0.08126464565311396,0.8,0.0,0.1913741157915809,0.0,0.0,0.0
6.479166666666667,0.33824176128081196,0.08130094426774107,0.8,0.0,0.22503307537222902,0.0,0.0,0.0
6.489583333333333,0.3380477807684359,0.08133640724278741,0.8,0.0,0.22213016755183795,0.0,0.0,0.0
6.5,0.33785663475806116,0.08137222440096908,0.8,0.0,0.2231890325672165,0.0,0.0,0.0
6.510416666666667,0.33772561331914885,0.08139452606055161,0.8,0.0,0.17821494754861342,0.0,0.0,0.0
6.520833333333333,0.3375386241701575,0.08143096178539924,0.8,0.0,0.22504422471339308,0.0,0.0,0.0
6.53125,0.33735441990309056,0.08146760934697773,0.8,0.0,0.22562628454282763,0.0,0.0,0.0
6.541666666666667,0.33719623945348215,0.08149879643318282,0.8,0.0,0.2074338991008743,0.0,0.0,0.0
6.552083333333333,0.33706088696830494,0.08152513622208676,0.8,0.0,0.19131507129664005,0.0,0.0,0.0
6.5625,0.3369644783928658,0.08154259982873323,0.8,0.0,0.1619119499221428,0.0,0.0,0.0
6.572916666666667,0.33683497983533095,0.08156844811000839,0.8,0.0,0.18958562873443463,0.0,0.0,0.0
6.583333333333333,0.33671004095170326,0.08159368005258609,0.8,0.0,0.18749151705163852,0.0,0.0,0.0
6.59375,0.336575269506641,0.08162174783837686,0.8,0.0,0.19679072834293934,0.0,0.0,0.0
6.604166666666667,0.33646282959094687,0.08164486413709954,0.8,0.0,0.18039904819616204,0.0,0.0,0.0
6.614583333333333,0.3363908779939374,0.08165852060687295,0.8,0.0,0.14918026947854146,0.0,0.0,0.0
6.625,0.3362904502661209,0.08167931733736246,0.8,0.0,0.17268362542025217,0.0,0.0,0.0
6.635416666666667,0.3362337136638767,0.08168980456487582,0.8,0.0,0.1387032868814464,0.0,0.0,0.0
6.645833333333333,0.3361760824582517,0.08170067361290194,0.8,0.0,0.13994997162062858,0.0,0.0,0.0
6.65625,0.33613152875875396,0.08170852664205557,0.8,0.0,0.13001370638435567,0.0,0.0,0.0
6.666666666666667,0.33610835381287285,0.08171130440128446,0.8,0.0,0.1133077256976913,0.0,0.0,0.0
6.677083333333333,0.33610472365694455,0.08170939247059683,0.8,0.0,0.09787516083277184,0.0,0.0,0.0
6.6875,0.3361181504147485,0.08170334378659416,0.8,0.0,0.08426126859233694,0.0,0.0,0.0
6.697916666666667,0.33614668315719975,0.08169358878770804,0.8,0.0,0.07205918741006777,0.0,0.0,0.0
6.708333333333333,0.3361777664077026,0.08168313959763554,0.8,0.0,0.06976704797962324,0.0,0.0,0.0
6.71875,0.33624028050111876,0.08166497372567494,0.8,0.0,0.04434430514955563,0.0,0.0,0.0
6.729166666666667,0.3363078067673365,0.08164542501915395,0.8,0.0,0.039763216175881105,0.0,0.0,0.0
6.739583333333333,0.3363960644689924,0.08162066172422175,0.8,0.0,0.022542742665760736,0.0,0.0,0.0
6.75,0.33649674119169837,0.08159264059406283,0.8,0.0,0.011748705000638461,0.0,0.0,0.0
6.760416666666667,0.3366108300240095,0.08156107879985894,0.8,0.0,0.0,0.0,0.0,0.0
6.770833333333333,0.3367234120337831,0.08152953976290496,0.8,0.0,0.0,0.0,0.0,0.0
6.78125,0.33683444113365946,0.08149802331389153,0.8,0.0,0.0,0.0,0.0,0.0
6.791666666666667,0.3369438745438815,0.0814665292800557,0.8,0.0,0.0,0.0,0.0,0.0
6.802083333333333,0.3370516728111064,0.08143505748550402,0.8,0.0,0.0,0.0,0.0,0.0
6.8125,0.33715779981394445,0.08140360775153391,0.8,0.0,0.0,0.0,0.0,0.0
6.822916666666667,0.33726222275570233,0.08137217989695227,0.8,0.0,0.0,0.0,0.0,0.0
6.833333333333333,0.337364912144875,0.08134077373839026,0.8,0.0,0.0,0.0,0.0,0.0
6.84375,0.33746584176399397,0.0813093890906133,0.8,0.0,0.0,0.0,0.0,0.0
6.854166666666667,0.3375649886274896,0.08127802576682523,0.8,0.0,0.0,0.0,0.0,0.0
6.864583333333333,0.33766233292927106,0.0812466835789658,0.8,0.0,0.0,0.0,0.0,0.0
6.875,0.33775785798075986,0.08121536233800068,0.8,0.0,0.0,0.0,0.0,0.0
6.885416666666667,0.337851550140142,0.08118406185420327,0.8,0.0,0.0,0.0,0.0,0.0
6.895833333333333,0.33794339873362017,0.08115278193742761,0.8,0.0,0.0,0.0,0.0,0.0
6.90625,0.33803339596945886,0.081121522397372,0.8,0.0,0.0,0.0,0.0,0.0
6.916666666666667,0.3381215368456176,0.08109028304383255,0.8,0.0,0.0,0.0,0.0,0.0
6.927083333333333,0.33820781905176434,0.08105906368694639,0.8,0.0,0.0,0.0,0.0,0.0
6.9375,0.3382922428664495,0.08102786413742433,0.8,0.0,0.0,0.0,0.0,0.0
6.947916666666667,0.338374811050206,0.08099668420677242,0.8,0.0,0.0,0.0,0.0,0.0
6.958333333333333,0.3384555287353186,0.0809655237075024,0.8,0.0,0.0,0.0,0.0,0.0
6.96875,0.33853440331297957,0.08093438245333076,0.8,0.0,0.0,0.0,0.0,0.0
6.979166666666667,0.3386114443185187,0.08090326025936646,0.8,0.0,0.0,0.0,0.0,0.0
6.989583333333333,0.33868666331536057,0.08087215694228723,0.8,0.0,0.0,0.0,0.0,0.0
7.0,0.33876007377832773,0.08084107232050439,0.8,0.0,0.0,0.0,0.0,0.0
7.010416666666667,0.3388316909768687,0.08081000621431643,0.8,0.0,0.0,0.0,0.0,0.0
7.020833333333333,0.33890153185875055,0.08077895844605136,0.8,0.0,0.0,0.0,0.0,0.0
7.03125,0.3389696149347144,0.08074792884019809,0.8,0.0,0.0,0.0,0.0,0.0
7.041666666666667,0.33903596016455095,0.08071691722352681,0.8,0.0,0.0,0.0,0.0,0.0
7.052083333333333,0.3391005888450115,0.08068592342519908,0.8,0.0,0.0,0.0,0.0,0.0
7.0625,0.33916352349992784,0.08065494727686733,0.8,0.0,0.0,0.0,0.0,0.0
7.072916666666667,0.3392247877728747,0.08062398861276451,0.8,0.0,0.0,0.0,0.0,0.0
7.083333333333333,0.33928440632266704,0.08059304726978404,0.8,0.0,0.0,0.0,0.0,0.0
7.09375,0.3393424047219481,0.08056212308755031,0.8,0.0,0.0,0.0,0.0,0.0
7.104166666666667,0.3393988093590841,0.08053121590848024,0.8,0.0,0.0,0.0,0.0,0.0
7.114583333333333,0.33945364734354905,0.08050032557783623,0.8,0.0,0.0,0.0,0.0,0.0
7.125,0.33950694641494666,0.08046945194377082,0.8,0.0,0.0,0.0,0.0,0.0
7.135416666666667,0.3395587348557872,0.08043859485736336,0.8,0.0,0.0,0.0,0.0,0.0
7.145833333333333,0.3396090414081049,0.08040775417264948,0.8,0.0,0.0,0.0,0.0,0.0
7.15625,0.33965789519397627,0.0803769297466431,0.8,0.0,0.0,0.0,0.0,0.0
7.166666666666667,0.3397053256399722,0.08034612143935192,0.8,0.0,0.0,0.0,0.0,0.0
7.177083333333333,0.3397513624055545,0.08031532911378672,0.8,0.0,0.0,0.0,0.0,0.0
7.1875,0.33979603531540614,0.08028455263596433,0.8,0.0,0.0,0.0,0.0,0.0
7.197916666666667,0.33983937429566435,0.08025379187490535,0.8,0.0,0.0,0.0,0.0,0.0
7.208333333333333,0.33988140931400945,0.08022304670262656,0.8,0.0,0.0,0.0,0.0,0.0
7.21875,0.3399221703235462,0.0801923169941285,0.8,0.0,0.0,0.0,0.0,0.0
7.229166666666667,0.33996168721040193,0.08016160262737845,0.8,0.0,0.0,0.0,0.0,0.0
7.239583333333333,0.3399999897449524,0.08013090348328945,0.8,0.0,0.0,0.0,0.0,0.0
7.25,0.34003710753657823,0.08010021944569531,0.8,0.0,0.0,0.0,0.0,0.0
7.260416666666667,0.3400730699918448,0.08006955040132227,0.8,0.0,0.0,0.0,0.0,0.0
7.270833333333333,0.34009321281578775,0.0800423542574194,0.8,0.0,0.011754768163274306,0.0,0.0,0.0
7.28125,0.34009753683969934,0.08001874152793537,0.8,0.0,0.02390284924063203,0.0,0.0,0.0
7.291666666666667,0.3400857187660991,0.07999890094477595,0.8,0.0,0.036707480424359964,0.0,0.0,0.0
7.302083333333333,0.34006175527923627,0.07998200865660482,0.8,0.0,0.04672166581475567,0.0,0.0,0.0
7.3125,0.34000650846653196,0.07997265324769882,0.8,0.0,0.07235051230067105,0.0,0.0,0.0
7.322916666666667,0.3399607117059749,0.07996148020774986,0.8,0.0,0.06616973187740575,0.0,0.0,0.0
7.333333333333333,0.3398938859951809,0.07995558708567338,0.8,0.0,0.08412665582127489,0.0,0.0,0.0
7.34375,0.33979843116179026,0.07995691127777904,0.8,0.0,0.10866875005031036,0.0,0.0,0.0
7.354166666666667,0.3396884687597043,0.0799623300824309,0.8,0.0,0.1225836407621901,0.0,0.0,0.0
7.364583333333333,0.3395929144551112,0.07996512726512325,0.8,0.0,0.11367017584942152,0.0,0.0,0.0
7.375,0.3394925070708422,0.0799697250624592,0.8,0.0,0.11978265126361899,0.0,0.0,0.0
7.385416666666667,0.33937649127979796,0.07997868083044767,0.8,0.0,0.13457194430659167,0.0,0.0,0.0
7.395833333333333,0.3392644964466676,0.07998746133444085,0.8,0.0,0.13396373993533214,0.0,0.0,0.0
7.40625,0.3391359733865338,0.0800008712514079,0.8,0.0,0.14965164811531073,0.0,0.0,0.0
7.416666666666667,0.3390143695705702,0.08001347109019027,0.8,0.0,0.14688146549002784,0.0,0.0,0.0
7.427083333333333,0.33887944933665837,0.08002997571180205,0.8,0.0,0.16008802097959382,0.0,0.0,0.0
7.4375,0.3387096311939335,0.08005555324555196,0.8,0.0,0.19076778777138198,0.0,0.0,0.0
7.447916666666667,0.3385778268333432,0.080073156318403,0.8,0.0,0.16372540966326463,0.0,0.0,0.0
7.458333333333333,0.3384058234703462,0.0801010330453981,0.8,0.0,0.19841694666731455,0.0,0.0,0.0
7.46875,0.3382317167979466,0.08013037822066178,0.8,0.0,0.20329616481980115,0.0,0.0,0.0
7.479166666666667,0.3381061453625621,0.08014916393465635,0.8,0.0,0.16757897533286925,0.0,0.0,0.0
7.489583333333333,0.33794055956071856,0.08017809555246443,0.8,0.0,0.20175637696263993,0.0,0.0,0.0
7.5,0.3377563379642303,0.08021229514278684,0.8,0.0,0.2194213711599656,0.0,0.0,0.0
7.510416666666667,0.33757046313832306,0.08024779223344697,0.8,0.0,0.22367721614408403,0.0,0.0,0.0
7.520833333333333,0.33741956981757487,0.08027583886963502,0.8,0.0,0.19850928872783616,0.0,0.0,0.0
7.53125,0.3372761200666357,0.08030278474238846,0.8,0.0,0.19473637772354888,0.0,0.0,0.0
7.541666666666667,0.3371688664602896,0.08032171901453714,0.8,0.0,0.16776642448928525,0.0,0.0,0.0
7.552083333333333,0.3370609277993976,0.0803412530190015,0.8,0.0,0.16974444313036288,0.0,0.0,0.0
7.5625,0.33695950254817286,0.08035965925048638,0.8,0.0,0.165924773461124,0.0,0.0,0.0
7.572916666666667,0.3368063182119338,0.08039080416711941,0.8,0.0,0.2085952299535554,0.0,0.0,0.0
7.583333333333333,0.33669055998567454,0.08041358104852131,0.8,0.0,0.18048147439505827,0.0,0.0,0.0
7.59375,0.3366148793434252,0.08042718848173476,0.8,0.0,0.1497357302959462,0.0,0.0,0.0
7.604166666666667,0.33649345843797046,0.08045198392830577,0.8,0.0,0.18715855761995537,0.0,0.0,0.0
7.614583333333333,0.33643322827151345,0.08046254233405148,0.8,0.0,0.13948908739002655,0.0,0.0,0.0
7.625,0.3363507044398521,0.08047862141377704,0.8,0.0,0.1579378713594821,0.0,0.0,0.0
7.635416666666667,0.33629151015965564,0.08048936779962931,0.8,0.0,0.14009092345470375,0.0,0.0,0.0
7.645833333333333,0.3362357439367496,0.08049946688180773,0.8,0.0,0.1379169370654905,0.0,0.0,0.0
7.65625,0.3362013101196061,0.08050461678713726,0.8,0.0,0.12137328912864151,0.0,0.0,0.0
7.666666666666667,0.3361681693603769,0.08050955248427541,0.8,0.0,0.1206549063494746,0.0,0.0,0.0
7.677083333333333,0.3361542304066077,0.08050997950324745,0.8,0.0,0.10559302395707619,0.0,0.0,0.0
7.6875,0.33616455221906727,0.08050463347388401,0.8,0.0,0.08630904873459526,0.0,0.0,0.0
7.697916666666667,0.33618788031328356,0.08049614604101224,0.8,0.0,0.07581180614914312,0.0,0.0,0.0
7.708333333333333,0.336229258836224,0.08048327626384728,0.8,0.0,0.06116142131883313,0.0,0.0,0.0
7.71875,0.3362903940334268,0.08046556947075295,0.8,0.0,0.04497797850005038,0.0,0.0,0.0
7.729166666666667,0.33636107842903806,0.08044541497317523,0.8,0.0,0.03676702147651045,0.0,0.0,0.0
7.739583333333333,0.336447158076706,0.08042138634915967,0.8,0.0,0.023770663834468138,0.0,0.0,0.0
7.75,0.3365447524967181,0.08039436452370023,0.8,0.0,0.01370263490500073,0.0,0.0,0.0
7.760416666666667,0.33665821542567337,0.08036327062569217,0.8,0.0,0.0,0.0,0.0,0.0
7.770833333333333,0.3367701518093863,0.08033219908484102,0.8,0.0,0.0,0.0,0.0,0.0
7.78125,0.3368805169440278,0.08030114973283121,0.8,0.0,0.0,0.0,0.0,0.0
7.791666666666667,0.3369892694429013,0.08027012239807738,0.8,0.0,0.0,0.0,0.0,0.0
7.802083333333333,0.3370963712496367,0.08023911690604206,0.8,0.0,0.0,0.0,0.0,0.0
7.8125,0.3372017876383026,0.08020813307955155,0.8,0.0,0.0,0.0,0.0,0.0
7.822916666666667,0.337305487200943,0.08017717073910838,0.8,0.0,0.0,0.0,0.0,0.0
7.833333333333333,0.3374074418231107,0.08014622970319966,0.8,0.0,0.0,0.0,0.0,0.0
7.84375,0.3375076266480271,0.08011530978860026,0.8,0.0,0.0,0.0,0.0,0.0
7.854166666666667,0.33760602003004553,0.08008441081066994,0.8,0.0,0.0,0.0,0.0,0.0
7.864583333333333,0.33770260347813796,0.08005353258364344,0.8,0.0,0.0,0.0,0.0,0.0
7.875,0.3377973615901524,0.08002267492091307,0.8,0.0,0.0,0.0,0.0,0.0
7.885416666666667,0.3378902819786153,0.07999183763530274,0.8,0.0,0.0,0.0,0.0,0.0
7.895833333333333,0.3379813551888654,0.07996102053933322,0.8,0.0,0.0,0.0,0.0,0.0
7.90625,0.33807057461031387,0.07993022344547772,0.8,0.0,0.0,0.0,0.0,0.0
7.916666666666667,0.3381579363816256,0.07989944616640758,0.8,0.0,0.0,0.0,0.0,0.0
7.927083333333333,0.3382434392906095,0.07986868851522769,0.8,0.0,0.0,0.0,0.0,0.0
7.9375,0.3383270846695925,0.07983795030570112,0.8,0.0,0.0,0.0,0.0,0.0
7.947916666666667,0.33840887628703403,0.0798072313524629,0.8,0.0,0.0,0.0,0.0,0.0
7.958333333333333,0.3384888202361141,0.0797765314712228,0.8,0.0,0.0,0.0,0.0,0.0
7.96875,0.33856692482099965,0.07974585047895671,0.8,0.0,0.0,0.0,0.0,0.0
7.979166666666667,0.3386432004414635,0.07971518819408703,0.8,0.0,0.0,0.0,0.0,0.0
7.989583333333333,0.3387176594764944,0.07968454443665156,0.8,0.0,0.0,0.0,0.0,0.0
8.0,0.33879031616750027,0.07965391902846135,0.8,0.0,0.0,0.0,0.0,0.0
8.010416666666666,0.33886118650166774,0.07962331179324732,0.8,0.0,0.0,0.0,0.0,0.0
8.020833333333334,0.33893028809600007,0.079592722556796,0.8,0.0,0.0,0.0,0.0,0.0
8.03125,0.3389976400825148,0.0795621511470745,0.8,0.0,0.0,0.0,0.0,0.0
8.041666666666666,0.3390632629950407,0.07953159739434482,0.8,0.0,0.0,0.0,0.0,0.0
8.052083333333334,0.33912717865801145,0.07950106113126784,0.8,0.0,0.0,0.0,0.0,0.0
8.0625,0.33918941007761355,0.07947054219299744,0.8,0.0,0.0,0.0,0.0,0.0
8.072916666666666,0.3392499813356037,0.07944004041726466,0.8,0.0,0.0,0.0,0.0,0.0
8.083333333333334,0.33930891748607295,0.07940955564445261,0.8,0.0,0.0,0.0,0.0,0.0
8.09375,0.3393662444553968,0.0793790877176622,0.8,0.0,0.0,0.0,0.0,0.0
8.104166666666666,0.3394219889455729,0.07934863648276917,0.8,0.0,0.0,0.0,0.0,0.0
8.114583333333334,0.33947617834111443,0.07931820178847286,0.8,0.0,0.0,0.0,0.0,0.0
8.125,0.33952884061963395,0.0792877834863368,0.8,0.0,0.0,0.0,0.0,0.0
8.135416666666666,0.33958000426622126,0.07925738143082192,0.8,0.0,0.0,0.0,0.0,0.0
8.145833333333334,0.3396296981916907,0.07922699547931233,0.8,0.0,0.0,0.0,0.0,0.0
8.15625,0.3396779516547459,0.07919662549213444,0.8,0.0,0.0,0.0,0.0,0.0
8.166666666666666,0.33972479418808554,0.07916627133256948,0.8,0.0,0.0,0.0,0.0,0.0
8.177083333333334,0.33977025552845175,0.07913593286686008,0.8,0.0,0.0,0.0,0.0,0.0
8.1875,0.33981436555060107,0.07910560996421093,0.8,0.0,0.0,0.0,0.0,0.0
8.197916666666666,0.3398571542051609,0.07907530249678438,0.8,0.0,0.0,0.0,0.0,0.0
8.208333333333334,0.3398986514603168,0.07904501033969077,0.8,0.0,0.0,0.0,0.0,0.0
8.21875,0.33993888724726196,0.07901473337097444,0.8,0.0,0.0,0.0,0.0,0.0
8.229166666666666,0.3399778914093277,0.07898447147159514,0.8,0.0,0.0,0.0,0.0,0.0
8.239583333333334,0.34001569365470197,0.07895422452540572,0.8,0.0,0.0,0.0,0.0,0.0
8.25,0.3400523235126343,0.07892399241912607,0.8,0.0,0.0,0.0,0.0,0.0
8.260416666666666,0.3400878102930177,0.07889377504231374,0.8,0.0,0.0,0.0,0.0,0.0
8.270833333333334,0.34010569457006046,0.07886739562928001,0.8,0.0,0.0131907833361983,0.0,0.0,0.0
8.28125,0.34010496164665244,0.07884521138313295,0.8,0.0,0.027633421212747016,0.0,0.0,0.0
8.291666666666666,0.34008434226997525,0.07882764787638077,0.8,0.0,0.043561097481305426,0.0,0.0,0.0
8.302083333333334,0.340046322359802,0.07881427067421339,0.8,0.0,0.05800145917377965,0.0,0.0,0.0
8.3125,0.340000244904621,0.07880303817688188,0.8,0.0,0.06540158708470155,0.0,0.0,0.0
8.322916666666666,0.33993939392854516,0.07879556272768147,0.8,0.0,0.07836867989534664,0.0,0.0,0.0
8.333333333333334,0.33988216627521006,0.07878768227554174,0.8,0.0,0.07697300192965141,0.0,0.0,0.0
8.34375,0.33978698632259163,0.07878900618256379,0.8,0.0,0.10873434896626212,0.0,0.0,0.0
8.354166666666666,0.3396968711390281,0.07878982188156772,0.8,0.0,0.1069801596941949,0.0,0.0,0.0
8.364583333333334,0.3396034200358186,0.07879203261720705,0.8,0.0,0.11178971610108111,0.0,0.0,0.0
8.375,0.3394735764306062,0.07880332478723678,0.8,0.0,0.1430883009316872,0.0,0.0,0.0
8.385416666666666,0.33936145644936144,0.07881137032654219,0.8,0.0,0.13188474525255584,0.0,0.0,0.0
8.395833333333334,0.3392312024165175,0.0788243625544178,0.8,0.0,0.14890507500598318,0.0,0.0,0.0
8.40625,0.3391191016312957,0.07883397099922203,0.8,0.0,0.1372367182546444,0.0,0.0,0.0
8.416666666666666,0.33895809192147125,0.07885565809188962,0.8,0.0,0.1787641068996274,0.0,0.0,0.0
8.427083333333334,0.338823471484552,0.07887219455767566,0.8,0.0,0.16100918505320042,0.0,0.0,0.0
8.4375,0.33866198830499816,0.07889579155236007,0.8,0.0,0.18522342115574547,0.0,0.0,0.0
8.447916666666666,0.33852846038070167,0.0789138129019336,0.8,0.0,0.16602791026475638,0.0,0.0,0.0
8.458333333333334,0.3383589956251524,0.07894096886419347,0.8,0.0,0.19731602825592995,0.0,0.0,0.0
8.46875,0.3381822848713219,0.07897074888254993,0.8,0.0,0.20622849637259774,0.0,0.0,0.0
8.479166666666666,0.3380243981479166,0.07899706811659613,0.8,0.0,0.19429161418525592,0.0,0.0,0.0
8.489583333333334,0.3378901059437828,0.0790186736474078,0.8,0.0,0.1780964493179011,0.0,0.0,0.0
8.5,0.33775700550447035,0.07904065777917109,0.8,0.0,0.17934175296195168,0.0,0.0,0.0
8.510416666666666,0.33763126650183045,0.07906154903281537,0.8,0.0,0.17555818212126836,0.0,0.0,0.0
8.520833333333334,0.3374938457572463,0.07908575364197691,0.8,0.0,0.18682537225397838,0.0,0.0,0.0
8.53125,0.3373784723450526,0.07910539928128335,0.8,0.0,0.17121303567474908,0.0,0.0,0.0
8.541666666666666,0.3372012023383338,0.07914006168857243,0.8,0.0,0.222370536642829,0.0,0.0,0.0
8.552083333333334,0.3370658238227995,0.07916562561305032,0.8,0.0,0.1912702152910424,0.0,0.0,0.0
8.5625,0.33692074633172514,0.07919400325163144,0.8,0.0,0.2007845115542002,0.0,0.0,0.0
8.572916666666666,0.3368174782224986,0.07921309741725514,0.8,0.0,0.16913369396754593,0.0,0.0,0.0
8.583333333333334,0.33669415440433775,0.07923728213663726,0.8,0.0,0.18640411382996405,0.0,0.0,0.0
8.59375,0.33659840904158156,0.07925540274845329,0.8,0.0,0.16574746745810381,0.0,0.0,0.0
8.604166666666666,0.33648873708797505,0.07927712226916739,0.8,0.0,0.1779370226731603,0.0,0.0,0.0
8.614583333333334,0.33642515388914607,0.07928833119835145,0.8,0.0,0.14222017433939343,0.0,0.0,0.0
8.625,0.33637035811001187,0.07929766263380608,0.8,0.0,0.1358365806437784,0.0,0.0,0.0
8.635416666666666,0.33629475398585745,0.07931206405746558,0.8,0.0,0.15302685311615988,0.0,0.0,0.0
8.645833333333334,0.33625037698940236,0.07931931951497832,0.8,0.0,0.12877477997585363,0.0,0.0,0.0
8.65625,0.3361998722914647,0.07932814548155044,0.8,0.0,0.13409419355455718,0.0,0.0,0.0
8.666666666666666,0.3361929039580665,0.07932683690229948,0.8,0.0,0.0997300566260222,0.0,0.0,0.0
8.677083333333334,0.33619065008717114,0.07932443459822767,0.8,0.0,0.09602180977688593,0.0,0.0,0.0
8.6875,0.3362009189137266,0.07931908381865363,0.8,0.0,0.0860240903590764,0.0,0.0,0.0
8.697916666666666,0.3362372394743141,0.0793075608090643,0.8,0.0,0.06508941314104719,0.0,0.0,0.0
8.708333333333334,0.3362772418440189,0.07929507422153075,0.8,0.0,0.061810501146066524,0.0,0.0,0.0
8.71875,0.33632695187295925,0.07928019259267909,0.8,0.0,0.05367078989525347,0.0,0.0,0.0
8.729166666666666,0.33638895470928504,0.07926227984449874,0.8,0.0,0.04336307435131644,0.0,0.0,0.0
8.739583333333334,0.33647104437945674,0.0792394655546692,0.8,0.0,0.026688724414370698,0.0,0.0,0.0
8.75,0.3365712356491202,0.07921216005342746,0.8,0.0,0.011382130793056305,0.0,0.0,0.0
8.760416666666666,0.3366843482267615,0.07918152577121441,0.8,0.0,0.0,0.0,0.0,0.0
8.770833333333334,0.33679592358303656,0.07915091348116121,0.8,0.0,0.0,0.0,0.0,0.0
8.78125,0.33690591778257506,0.0791203230166362,0.8,0.0,0.0,0.0,0.0,0.0
8.791666666666666,0.33701429021139345,0.07908975420785859,0.8,0.0,0.0,0.0,0.0,0.0
8.802083333333334,0.3371210035870096,0.0790592068822112,0.8,0.0,0.0,0.0,0.0,0.0
8.8125,0.3372260239555868,0.07902868086455088,0.8,0.0,0.0,0.0,0.0,0.0
8.822916666666666,0.3373293206766299,0.07899817597751567,0.8,0.0,0.0,0.0,0.0,0.0
8.833333333333334,0.33743086639581915,0.0789676920418275,0.8,0.0,0.0,0.0,0.0,0.0
8.84375,0.3375306370066239,0.07893722887658974,0.8,0.0,0.0,0.0,0.0,0.0
8.854166666666666,0.337628611601384,0.07890678629957822,0.8,0.0,0.0,0.0,0.0,0.0
8.864583333333334,0.3377247724125852,0.07887636412752562,0.8,0.0,0.0,0.0,0.0,0.0
8.875,0.3378191047450834,0.078845962176398,0.8,0.0,0.0,0.0,0.0,0.0
8.885416666666666,0.337911596900056,0.0788155802616628,0.8,0.0,0.0,0.0,0.0,0.0
8.895833333333334,0.33800224009146795,0.07878521819854808,0.8,0.0,0.0,0.0,0.0,0.0
8.90625,0.33809102835585,0.07875487580229218,0.8,0.0,0.0,0.0,0.0,0.0
8.916666666666666,0.338177958456181,0.07872455288838347,0.8,0.0,0.0,0.0,0.0,0.0
8.927083333333334,0.3382630297806612,0.07869424927278985,0.8,0.0,0.0,0.0,0.0,0.0
8.9375,0.3383462442371464,0.07866396477217767,0.8,0.0,0.0,0.0,0.0,0.0
8.947916666666666,0.33842760614399503,0.0786336992041199,0.8,0.0,0.0,0.0,0.0,0.0
8.958333333333334,0.3385071221180556,0.0786034523872933,0.8,0.0,0.0,0.0,0.0,0.0
8.96875,0.3385848009604915,0.07857322414166454,0.8,0.0,0.0,0.0,0.0,0.0
8.979166666666666,0.3386606535411098,0.07854301428866527,0.8,0.0,0.0,0.0,0.0,0.0
8.989583333333334,0.338734692681825,0.07851282265135603,0.8,0.0,0.0,0.0,0.0,0.0
9.0,0.3388069330398495,0.07848264905457923,0.8,0.0,0.0,0.0,0.0,0.0
9.010416666666666,0.3388773909911657,0.0784524933251011,0.8,0.0,0.0,0.0,0.0,0.0
9.020833333333334,0.33894608451479197,0.078422355291743,0.8,0.0,0.0,0.0,0.0,0.0
9.03125,0.3390130330783139,0.07839223478550203,0.8,0.0,0.0,0.0,0.0,0.0
9.041666666666666,0.339078257525111,0.0783621316396613,0.8,0.0,0.0,0.0,0.0,0.0
9.052083333333334,0.3391417799636672,0.07833204568989025,0.8,0.0,0.0,0.0,0.0,0.0
9.0625,0.3392036236593112,0.07830197677433491,0.8,0.0,0.0,0.0,0.0,0.0
9.072916666666666,0.33926381292869573,0.07827192473369882,0.8,0.0,0.0,0.0,0.0,0.0
9.083333333333334,0.339322373037281,0.07824188941131456,0.8,0.0,0.0,0.0,0.0,0.0
9.09375,0.3393793301000553,0.07821187065320663,0.8,0.0,0.0,0.0,0.0,0.0
9.104166666666666,0.3394347109856841,0.07818186830814575,0.8,0.0,0.0,0.0,0.0,0.0
9.114583333333334,0.3394885432242503,0.07815188222769481,0.8,0.0,0.0,0.0,0.0,0.0
9.125,0.33954085491871056,0.0781219122662474,0.8,0.0,0.0,0.0,0.0,0.0
9.135416666666666,0.33959167466016615,0.07809195828105864,0.8,0.0,0.0,0.0,0.0,0.0
9.145833333333334,0.3396410314470168,0.07806202013226904,0.8,0.0,0.0,0.0,0.0,0.0
9.15625,0.3396889546080392,0.07803209768292185,0.8,0.0,0.0,0.0,0.0,0.0
9.166666666666666,0.3397354737294092,0.07800219079897398,0.8,0.0,0.0,0.0,0.0,0.0
9.177083333333334,0.3397806185856635,0.07797229934930107,0.8,0.0,0.0,0.0,0.0,0.0
9.1875,0.33982441907457694,0.07794242320569698,0.8,0.0,0.0,0.0,0.0,0.0
9.197916666666666,0.33986690515591406,0.07791256224286826,0.8,0.0,0.0,0.0,0.0,0.0
9.208333333333334,0.3399081067939966,0.07788271633842349,0.8,0.0,0.0,0.0,0.0,0.0
9.21875,0.33994805390401567,0.07785288537285849,0.8,0.0,0.0,0.0,0.0,0.0
9.229166666666666,0.3399867763020039,0.07782306922953713,0.8,0.0,0.0,0.0,0.0,0.0
9.239583333333334,0.3400243036583732,0.07779326779466841,0.8,0.0,0.0,0.0,0.0,0.0
9.25,0.34006066545491387,0.07776348095728003,0.8,0.0,0.0,0.0,0.0,0.0
9.260416666666666,0.34009589094514403,0.07773370860918871,0.8,0.0,0.0,0.0,0.0,0.0
9.270833333333334,0.3401144493105864,0.07770750550275565,0.8,0.0,0.012447845844590025,0.0,0.0,0.0
9.28125,0.34011087088155806,0.0776862348218573,0.8,0.0,0.029688509039189095,0.0,0.0,0.0
9.291666666666666,0.34009363038301693,0.07766811549813182,0.8,0.0,0.04070866435769798,0.0,0.0,0.0
9.302083333333334,0.3400654179429247,0.07765262906459951,0.8,0.0,0.049921493261008185,0.0,0.0,0.0
9.3125,0.3400111490795217,0.07764329666650487,0.8,0.0,0.07147626647753448,0.0,0.0,0.0
9.322916666666666,0.3399663559921326,0.07763218708292696,0.8,0.0,0.06525142419010417,0.0,0.0,0.0
9.333333333333334,0.339908762538138,0.07762431755415579,0.8,0.0,0.07660158690392095,0.0,0.0,0.0
9.34375,0.33983488505003046,0.0776205706414343,0.8,0.0,0.09104364858037087,0.0,0.0,0.0
9.354166666666666,0.33972962082756075,0.07762450649260122,0.8,0.0,0.11794780961400203,0.0,0.0,0.0
9.364583333333334,0.3396263410489354,0.07762870964403547,0.8,0.0,0.11887852514528868,0.0,0.0,0.0
9.375,0.3394978439623734,0.0776393742114999,0.8,0.0,0.14147861146200807,0.0,0.0,0.0
9.385416666666666,0.33938205763549195,0.07764798167084327,0.8,0.0,0.1342670356367758,0.0,0.0,0.0
9.395833333333334,0.33924504565430286,0.07766219738328052,0.8,0.0,0.15385357325208301,0.0,0.0,0.0
9.40625,0.3391258999834795,0.07767319142101994,0.8,0.0,0.1425726151817274,0.0,0.0,0.0
9.416666666666666,0.33900670240816333,0.07768493486284866,0.8,0.0,0.14517031713027254,0.0,0.0,0.0
9.427083333333334,0.3388603518184312,0.0777036260708583,0.8,0.0,0.1693912493555546,0.0,0.0,0.0
9.4375,0.3386877278298412,0.07772921579372596,0.8,0.0,0.1933972524922372,0.0,0.0,0.0
9.447916666666666,0.3385216121466213,0.07775431074122645,0.8,0.0,0.19160027317201714,0.0,0.0,0.0
9.458333333333334,0.33832920975298975,0.07778637837425599,0.8,0.0,0.2157943496913793,0.0,0.0,0.0
9.46875,0.3381387446334565,0.07781904464195236,0.8,0.0,0.21776733538598303,0.0,0.0,0.0
9.479166666666666,0.33794510225225655,0.07785343535470494,0.8,0.0,0.2236456244583375,0.0,0.0,0.0
9.489583333333334,0.33777874161897553,0.07788250310873482,0.8,0.0,0.20505849586507965,0.0,0.0,0.0
9.5,0.3375893301723435,0.07791768244621036,0.8,0.0,0.22615729100697682,0.0,0.0,0.0
9.510416666666666,0.33744867742767715,0.07794246713025296,0.8,0.0,0.19003738138066673,0.0,0.0,0.0
9.520833333333334,0.3372885866648396,0.0779723548352805,0.8,0.0,0.20763561917541187,0.0,0.0,0.0
9.53125,0.3371095125633058,0.07800730576478339,0.8,0.0,0.22505352030334624,0.0,0.0,0.0
9.541666666666666,0.33696928648079894,0.07803397957699072,0.8,0.0,0.19634526844356634,0.0,0.0,0.0
9.552083333333334,0.3368714278808188,0.07805136670961564,0.8,0.0,0.16421464295455238,0.0,0.0,0.0
9.5625,0.3367733715066313,0.07806915115736898,0.8,0.0,0.1655552489069351,0.0,0.0,0.0
9.572916666666666,0.33663894145658807,0.07809571402323581,0.8,0.0,0.1957992248785081,0.0,0.0,0.0
9.583333333333334,0.3365241008832518,0.07811818555963833,0.8,0.0,0.18163277274333867,0.0,0.0,0.0
9.59375,0.3363939083062392,0.07814459338892081,0.8,0.0,0.19514095480281282,0.0,0.0,0.0
9.604166666666666,0.33632995295013685,0.0781560099718246,0.8,0.0,0.14347573335307054,0.0,0.0,0.0
9.614583333333334,0.33623917167531203,0.0781738483583411,0.8,0.0,0.16556145187634855,0.0,0.0,0.0
9.625,0.3361563115009999,0.07819010257904789,0.8,0.0,0.1600826436217532,0.0,0.0,0.0
9.635416666666666,0.3361174500552773,0.0781963458402027,0.8,0.0,0.12563709783546465,0.0,0.0,0.0
9.645833333333334,0.33607902726651684,0.07820258817635786,0.8,0.0,0.12562974901767004,0.0,0.0,0.0
9.65625,0.33606703621786305,0.078202777607,0.8,0.0,0.10481791257505477,0.0,0.0,0.0
9.666666666666666,0.3360321250432316,0.07820833104217242,0.8,0.0,0.12325685941305924,0.0,0.0,0.0
9.677083333333334,0.3360240465835069,0.07820772592037498,0.8,0.0,0.10208672994033763,0.0,0.0,0.0
9.6875,0.33602615938512687,0.07820476858351011,0.8,0.0,0.09400150677211894,0.0,0.0,0.0
9.697916666666666,0.3360531816964831,0.07819600961890505,0.8,0.0,0.07405619665612719,0.0,0.0,0.0
9.708333333333334,0.33609576993777507,0.07818356485820882,0.8,0.0,0.06137541480332846,0.0,0.0,0.0
9.71875,0.3361575992432352,0.07816654300957583,0.8,0.0,0.04561703382225718,0.0,0.0,0.0
9.729166666666666,0.33622809357226513,0.07814735588890699,0.8,0.0,0.038140986059760046,0.0,0.0,0.0
9.739583333333334,0.336309286917729,0.07812550623653675,0.8,0.0,0.028942204628809278,0.0,0.0,0.0
9.75,0.3364073210124818,0.07809953681284551,0.8,0.0,0.014707490804087299,0.0,0.0,0.0
9.760416666666666,0.33652254380038615,0.07806931830086214,0.8,0.0,0.0,0.0,0.0,0.0
9.770833333333334,0.3366362977366568,0.07803912168840896,0.8,0.0,0.0,0.0,0.0,0.0
9.78125,0.3367485341922739,0.07800894681624741,0.8,0.0,0.0,0.0,0.0,0.0
9.791666666666666,0.33685920782185635,0.0779787935215944,0.8,0.0,0.0,0.0,0.0,0.0
9.802083333333334,0.336968276593038,0.07794866163843184,0.8,0.0,0.0,0.0,0.0,0.0
9.8125,0.33707570180225505,0.07791855099781539,0.8,0.0,0.0,0.0,0.0,0.0
9.822916666666666,0.33718144807736117,0.07788846142818152,0.8,0.0,0.0,0.0,0.0,0.0
9.833333333333334,0.3372854833675639,0.07785839275565166,0.8,0.0,0.0,0.0,0.0,0.0
9.84375,0.3373877789212418,0.07782834480433246,0.8,0.0,0.0,0.0,0.0,0.0
9.854166666666666,0.3374883092522607,0.07779831739661124,0.8,0.0,0.0,0.0,0.0,0.0
9.864583333333334,0.33758705209546036,0.07776831035344571,0.8,0.0,0.0,0.0,0.0,0.0
9.875,0.3376839883520201,0.07773832349464707,0.8,0.0,0.0,0.0,0.0,0.0
9.885416666666666,0.33777910202544936,0.07770835663915579,0.8,0.0,0.0,0.0,0.0,0.0
9.895833333333334,0.3378723801489705,0.07767840960530946,0.8,0.0,0.0,0.0,0.0,0.0
9.90625,0.33796381270508,0.07764848221110197,0.8,0.0,0.0,0.0,0.0,0.0
9.916666666666666,0.33805339253808164,0.07761857427443357,0.8,0.0,0.0,0.0,0.0,0.0
9.927083333333334,0.33814111526038587,0.07758868561335135,0.8,0.0,0.0,0.0,0.0,0.0
9.9375,0.3382269791533668,0.07755881604627976,0.8,0.0,0.0,0.0,0.0,0.0
9.947916666666666,0.3383109850635535,0.07752896539224086,0.8,0.0,0.0,0.0,0.0,0.0
9.958333333333334,0.33839313629491646,0.07749913347106387,0.8,0.0,0.0,0.0,0.0,0.0
9.96875,0.3384734384979873,0.0774693201035842,0.8,0.0,0.0,0.0,0.0,0.0
9.979166666666666,0.3385518995565221,0.0774395251118315,0.8,0.0,0.0,0.0,0.0,0.0
9.989583333333334,0.3386285294723896,0.0774097483192067,0.8,0.0,0.0,0.0,0.0,0.0
10.0,0.33870334024932847,0.07737998955064843,0.8,0.0,0.0,0.0,0.0,0.0
10.010416666666666,0.33877634577618454,0.07735024863278814,0.8,0.0,0.0,0.0,0.0,0.0
10.020833333333334,0.33884756171019775,0.07732052539409473,0.8,0.0,0.0,0.0,0.0,0.0
10.03125,0.3389170053608694,0.07729081966500832,0.8,0.0,0.0,0.0,0.0,0.0
10.041666666666666,0.33898469557489874,0.07726113127806365,0.8,0.0,0.0,0.0,0.0,0.0
10.052083333333334,0.33905065262263706,0.07723146006800302,0.8,0.0,0.0,0.0,0.0,0.0
10.0625,0.3391148980864645,0.07720180587187922,0.8,0.0,0.0,0.0,0.0,0.0
10.072916666666666,0.33917745475145444,0.07717216852914881,0.8,0.0,0.0,0.0,0.0,0.0
10.083333333333334,0.33923834649864976,0.07714254788175556,0.8,0.0,0.0,0.0,0.0,0.0
10.09375,0.33929759820123495,0.07711294377420506,0.8,0.0,0.0,0.0,0.0,0.0
10.104166666666666,0.3393552356238503,0.07708335605363016,0.8,0.0,0.0,0.0,0.0,0.0
10.114583333333334,0.3394112853252575,0.07705378456984799,0.8,0.0,0.0,0.0,0.0,0.0
10.125,0.33946577456453125,0.07702422917540878,0.8,0.0,0.0,0.0,0.0,0.0
10.135416666666666,0.339518731210917,0.0769946897256369,0.8,0.0,0.0,0.0,0.0,0.0
10.145833333333334,0.3395701836574655,0.0769651660786644,0.8,0.0,0.0,0.0,0.0,0.0
10.15625,0.33962016073852364,0.07693565809545742,0.8,0.0,0.0,0.0,0.0,0.0
10.166666666666666,0.33966869165113617,0.076906165639836,0.8,0.0,0.0,0.0,0.0,0.0
10.177083333333334,0.33971580588038525,0.07687668857848742,0.8,0.0,0.0,0.0,0.0,0.0
10.1875,0.3397615331286739,0.0768472267809737,0.8,0.0,0.0,0.0,0.0,0.0
10.197916666666666,0.33980590324893767,0.07681778011973336,0.8,0.0,0.0,0.0,0.0,0.0
10.208333333333334,0.33984894618175027,0.07678834847007802,0.8,0.0,0.0,0.0,0.0,0.0
10.21875,0.3398906918962717,0.07675893171018405,0.8,0.0,0.0,0.0,0.0,0.0
10.229166666666666,0.3399311703349733,0.07672952972107967,0.8,0.0,0.0,0.0,0.0,0.0
10.239583333333334,0.33997041136206,0.07670014238662781,0.8,0.0,0.0,0.0,0.0,0.0
10.25,0.3400084447155,0.07667076959350513,0.8,0.0,0.0,0.0,0.0,0.0
10.260416666666666,0.34004529996256067,0.07664141123117738,0.8,0.0,0.0,0.0,0.0,0.0
10.270833333333334,0.3400651668806338,0.07661563563386617,0.8,0.0,0.012671662487846898,0.0,0.0,0.0
10.28125,0.34006999129551685,0.07659311788564206,0.8,0.0,0.024207944098271036,0.0,0.0,0.0
10.291666666666666,0.3400553801100892,0.07657494930978939,0.8,0.0,0.0396353130600552,0.0,0.0,0.0
10.302083333333334,0.34002823755467,0.07655970885080303,0.8,0.0,0.050026909940881305,0.0,0.0,0.0
10.3125,0.3399730261378979,0.07655098086396407,0.8,0.0,0.07316048712626909,0.0,0.0,0.0
10.322916666666666,0.3399268159251005,0.07654061148532024,0.8,0.0,0.0673302491499812,0.0,0.0,0.0
10.333333333333334,0.33984208683480216,0.07653923656086267,0.8,0.0,0.09928290953089675,0.0,0.0,0.0
10.34375,0.33975215399071335,0.07653961448827497,0.8,0.0,0.10550874069973448,0.0,0.0,0.0
10.354166666666666,0.3396483765005447,0.07654372002382709,0.8,0.0,0.11874148253699107,0.0,0.0,0.0
10.364583333333334,0.3395276408069608,0.07655234003844595,0.8,0.0,0.13475554555944003,0.0,0.0,0.0
10.375,0.33942133057466006,0.07655849718626896,0.8,0.0,0.12600654568884462,0.0,0.0,0.0
10.385416666666666,0.33931779101284115,0.07656471068571258,0.8,0.0,0.12619793408338859,0.0,0.0,0.0
10.395833333333334,0.339175464703311,0.07658033198915533,0.8,0.0,0.1595275534983568,0.0,0.0,0.0
10.40625,0.3390507163311296,0.07659286422772892,0.8,0.0,0.14855471623754718,0.0,0.0,0.0
10.416666666666666,0.3388870285980473,0.07661495093839345,0.8,0.0,0.18234522623951602,0.0,0.0,0.0
10.427083333333334,0.3387120813319607,0.07664055374026985,0.8,0.0,0.19471795677672574,0.0,0.0,0.0
10.4375,0.3385360396172901,0.07666740928335002,0.8,0.0,0.19906753835863453,0.0,0.0,0.0
10.447916666666666,0.33836004750628657,0.07669523087621215,0.8,0.0,0.20239578978978576,0.0,0.0,0.0
10.458333333333334,0.33817118738469953,0.07672691467884753,0.8,0.0,0.21592901783931492,0.0,0.0,0.0
10.46875,0.3379888193551761,0.07675810070798524,0.8,0.0,0.21406843151938024,0.0,0.0,0.0
10.479166666666666,0.3378472253296957,0.07678092300404302,0.8,0.0,0.18452768996096344,0.0,0.0,0.0
10.489583333333334,0.33771163554677797,0.07680304845768653,0.8,0.0,0.1820195795499413,0.0,0.0,0.0
10.5,0.33757315962536005,0.07682644898010951,0.8,0.0,0.18644869530841188,0.0,0.0,0.0
10.510416666666666,0.33739856472258367,0.07685868709121046,0.8,0.0,0.21743070590547772,0.0,0.0,0.0
10.520833333333334,0.33723526743118726,0.07688909688729752,0.8,0.0,0.21091067808883115,0.0,0.0,0.0
10.53125,0.3370809829886294,0.0769181157511489,0.8,0.0,0.20594137905870868,0.0,0.0,0.0
10.541666666666666,0.33691234697051103,0.07695101191035725,0.8,0.0,0.21943857208939316,0.0,0.0,0.0
10.552083333333334,0.33680354788958544,0.07697085867597181,0.8,0.0,0.1736598250506278,0.0,0.0,0.0
10.5625,0.33669370674608273,0.07699132288576369,0.8,0.0,0.17577995791979492,0.0,0.0,0.0
10.572916666666666,0.33657036850244876,0.0770152447086183,0.8,0.0,0.18782676166596562,0.0,0.0,0.0
10.583333333333334,0.33646473137387956,0.07703551406460181,0.8,0.0,0.17500898825550032,0.0,0.0,0.0
10.59375,0.3363682955191673,0.07705400227601217,0.8,0.0,0.1687482896733121,0.0,0.0,0.0
10.604166666666666,0.33626254010588047,0.07707491247345254,0.8,0.0,0.17716810355741627,0.0,0.0,0.0
10.614583333333334,0.3361592014410775,0.07709557101908746,0.8,0.0,0.17624781453392338,0.0,0.0,0.0
10.625,0.3360931715608195,0.07710795203112607,0.8,0.0,0.14734604569644816,0.0,0.0,0.0
10.635416666666666,0.3360419305240783,0.07711711008446416,0.8,0.0,0.13609582408827323,0.0,0.0,0.0
10.645833333333334,0.33597539985922575,0.07712990626107061,0.8,0.0,0.14876585403045095,0.0,0.0,0.0
10.65625,0.33594195806038174,0.07713526754464327,0.8,0.0,0.12284767058254487,0.0,0.0,0.0
10.666666666666666,0.3359114593384631,0.0771400316581732,0.8,0.0,0.12076421411007655,0.0,0.0,0.0
10.677083333333334,0.3358972998341368,0.07714111369826515,0.8,0.0,0.10793596089572426,0.0,0.0,0.0
10.6875,0.335891082194095,0.0771404038638542,0.8,0.0,0.10169403398573054,0.0,0.0,0.0
10.697916666666666,0.3359214339684644,0.07713131035158803,0.8,0.0,0.07248722992782426,0.0,0.0,0.0
10.708333333333334,0.3359589259843255,0.07712051093168375,0.8,0.0,0.06653565538721586,0.0,0.0,0.0
10.71875,0.3360061324442803,0.07710739852541022,0.8,0.0,0.058463142498835254,0.0,0.0,0.0
10.729166666666666,0.33608401318215225,0.0770871427733433,0.8,0.0,0.03353651106691367,0.0,0.0,0.0
10.739583333333334,0.3361695679981142,0.07706494886621008,0.8,0.0,0.02673828206453215,0.0,0.0,0.0
10.75,0.33627152706782476,0.07703879297471848,0.8,0.0,0.012862054615596042,0.0,0.0,0.0
10.760416666666666,0.3363883928040002,0.07700897300158673,0.8,0.0,0.0,0.0,0.0,0.0
10.770833333333334,0.33650385032120844,0.07697917479863399,0.8,0.0,0.0,0.0,0.0,0.0
10.78125,0.33661784722667626,0.07694939821330293,0.8,0.0,0.0,0.0,0.0,0.0
10.791666666666666,0.3367303343595695,0.07691964308918733,0.8,0.0,0.0,0.0,0.0,0.0
10.802083333333334,0.3368412658365886,0.0768899092663365,0.8,0.0,0.0,0.0,0.0,0.0
10.8125,0.33695059908359504,0.07686019658156032,0.8,0.0,0.0,0.0,0.0,0.0
10.822916666666666,0.33705829485358885,0.0768305048687339,0.8,0.0,0.0,0.0,0.0,0.0
10.833333333333334,0.3371643172314402,0.0768008339591007,0.8,0.0,0.0,0.0,0.0,0.0
10.84375,0.3372686336258572,0.07677118368157292,0.8,0.0,0.0,0.0,0.0,0.0
10.854166666666666,0.33737121474913856,0.07674155386302828,0.8,0.0,0.0,0.0,0.0,0.0
10.864583333333334,0.3374720345853218,0.07671194432860214,0.8,0.0,0.0,0.0,0.0,0.0
10.875,0.337571070347388,0.07668235490197411,0.8,0.0,0.0,0.0,0.0,0.0
10.885416666666666,0.33766830242422835,0.07665278540564836,0.8,0.0,0.0,0.0,0.0,0.0
10.895833333333334,0.33776371431811186,0.07662323566122665,0.8,0.0,0.0,0.0,0.0,0.0
10.90625,0.3378572925734189,0.07659370548967386,0.8,0.0,0.0,0.0,0.0,0.0
10.916666666666666,0.337949026697424,0.07656419471157487,0.8,0.0,0.0,0.0,0.0,0.0
10.927083333333334,0.3380389090739206,0.07653470314738271,0.8,0.0,0.0,0.0,0.0,0.0
10.9375,0.3381269348704835,0.07650523061765716,0.8,0.0,0.0,0.0,0.0,0.0
10.947916666666666,0.33821310194015985,0.07647577694329367,0.8,0.0,0.0,0.0,0.0,0.0
10.958333333333334,0.3382974107183688,0.07644634194574222,0.8,0.0,0.0,0.0,0.0,0.0
10.96875,0.3383798641157739,0.07641692544721566,0.8,0.0,0.0,0.0,0.0,0.0
10.979166666666666,0.33846046740787017,0.0763875272708876,0.8,0.0,0.0,0.0,0.0,0.0
10.989583333333334,0.3385392281220007,0.07635814724107962,0.8,0.0,0.0,0.0,0.0,0.0
11.0,0.33861615592248917,0.07632878518343769,0.8,0.0,0.0,0.0,0.0,0.0
11.010416666666666,0.3386912624945392,0.07629944092509783,0.8,0.0,0.0,0.0,0.0,0.0
11.020833333333334,0.33876456142751626,0.07627011429484093,0.8,0.0,0.0,0.0,0.0,0.0
11.03125,0.33883606809818945,0.07624080512323705,0.8,0.0,0.0,0.0,0.0,0.0
11.041666666666666,0.3389057995544693,0.076211513242779,0.8,0.0,0.0,0.0,0.0,0.0
11.052083333333334,0.3389737744001387,0.07618223848800566,0.8,0.0,0.0,0.0,0.0,0.0
11.0625,0.33904001268103034,0.07615298069561506,0.8,0.0,0.0,0.0,0.0,0.0
11.072916666666666,0.33910453577306404,0.07612373970456746,0.8,0.0,0.0,0.0,0.0,0.0
11.083333333333334,0.33916736627251504,0.07609451535617874,0.8,0.0,0.0,0.0,0.0,0.0
11.09375,0.3392285278888437,0.0760653074942044,0.8,0.0,0.0,0.0,0.0,0.0
11.104166666666666,0.3392880453403775,0.07603611596491437,0.8,0.0,0.0,0.0,0.0,0.0
11.114583333333334,0.3393459442530975,0.07600694061715908,0.8,0.0,0.0,0.0,0.0,0.0
11.125,0.3394022510627448,0.07597778130242695,0.8,0.0,0.0,0.0,0.0,0.0
11.135416666666666,0.3394569929204262,0.07594863787489393,0.8,0.0,0.0,0.0,0.0,0.0
11.145833333333334,0.33951019760186596,0.07591951019146505,0.8,0.0,0.0,0.0,0.0,0.0
11.15625,0.33956189342041804,0.07589039811180871,0.8,0.0,0.0,0.0,0.0,0.0
11.166666666666666,0.33961210914392387,0.07586130149838391,0.8,0.0,0.0,0.0,0.0,0.0
11.177083333333334,0.33966087391547334,0.07583222021646076,0.8,0.0,0.0,0.0,0.0,0.0
11.1875,0.33970821717810135,0.07580315413413466,0.8,0.0,0.0,0.0,0.0,0.0
11.197916666666666,0.33975416860342844,0.0757741031223346,0.8,0.0,0.0,0.0,0.0,0.0
11.208333333333334,0.33979875802423387,0.07574506705482582,0.8,0.0,0.0,0.0,0.0,0.0
11.21875,0.33984201537092895,0.07571604580820726,0.8,0.0,0.0,0.0,0.0,0.0
11.229166666666666,0.3398839706118828,0.07568703926190405,0.8,0.0,0.0,0.0,0.0,0.0
11.239583333333334,0.3399246536975365,0.07565804729815552,0.8,0.0,0.0,0.0,0.0,0.0
11.25,0.33996409450822807,0.07562906980199907,0.8,0.0,0.0,0.0,0.0,0.0
11.260416666666666,0.34000232280564047,0.07560010666124989,0.8,0.0,0.0,0.0,0.0,0.0
11.270833333333334,0.34002286276266597,0.0755748261494638,0.8,0.0,0.013204340085529486,0.0,0.0,0.0
11.28125,0.34002548461654347,0.07555339484550216,0.8,0.0,0.02702786384781052,0.0,0.0,0.0
11.291666666666666,0.34001084485519334,0.07553578622787392,0.8,0.0,0.040771808301919454,0.0,0.0,0.0
11.302083333333334,0.33998363619066513,0.07552107403266171,0.8,0.0,0.05119145187765762,0.0,0.0,0.0
11.3125,0.3399478114247146,0.07550846473953937,0.8,0.0,0.0587594565022511,0.0,0.0,0.0
11.322916666666666,0.3398989627533783,0.0754989945396034,0.8,0.0,0.07006282258607407,0.0,0.0,0.0
11.333333333333334,0.339826990061024,0.07549499342166698,0.8,0.0,0.08975918615908193,0.0,0.0,0.0
11.34375,0.3397496663437537,0.07549266557471825,0.8,0.0,0.09578587013132582,0.0,0.0,0.0
11.354166666666666,0.33965642143949687,0.07549439030929,0.8,0.0,0.11037460401390323,0.0,0.0,0.0
11.364583333333334,0.33956356958189204,0.07549663961832775,0.8,0.0,0.11226033723291068,0.0,0.0,0.0
11.375,0.33943945266485914,0.07550644282874076,0.8,0.0,0.13942753542874345,0.0,0.0,0.0
11.385416666666666,0.33931096836497265,0.07551800873197949,0.8,0.0,0.1457465656095783,0.0,0.0,0.0
11.395833333333334,0.33919982763896006,0.07552651409491679,0.8,0.0,0.1347291000865103,0.0,0.0,0.0
11.40625,0.33909081967760674,0.07553522093125806,0.8,0.0,0.13543948053488558,0.0,0.0,0.0
11.416666666666666,0.3389474734746843,0.07555223124138494,0.8,0.0,0.16523064788704112,0.0,0.0,0.0
11.427083333333334,0.33882408036137407,0.07556563207044974,0.8,0.0,0.1522449140921256,0.0,0.0,0.0
11.4375,0.3386972788489744,0.07558049635043806,0.8,0.0,0.15746593561900935,0.0,0.0,0.0
11.447916666666666,0.33855429444902424,0.07559967954170255,0.8,0.0,0.17290981705528394,0.0,0.0,0.0
11.458333333333334,0.3383871436046958,0.07562504036265219,0.8,0.0,0.19497949352143365,0.0,0.0,0.0
11.46875,0.338247560311161,0.0756451207106962,0.8,0.0,0.17601724635309182,0.0,0.0,0.0
11.479166666666666,0.3380939147019014,0.0756690591354625,0.8,0.0,0.18976040400221475,0.0,0.0,0.0
11.489583333333334,0.33790830873307376,0.0757009174324441,0.8,0.0,0.21797998349833825,0.0,0.0,0.0
11.5,0.3377379476259833,0.07573024907262532,0.8,0.0,0.20885663124097,0.0,0.0,0.0
11.510416666666666,0.3375971413298372,0.07575373014543184,0.8,0.0,0.18790750367072706,0.0,0.0,0.0
11.520833333333334,0.33744720753926394,0.07577987752852561,0.8,0.0,0.19734609313198476,0.0,0.0,0.0
11.53125,0.33727048576405494,0.0758126801705564,0.8,0.0,0.22096139764685693,0.0,0.0,0.0
11.541666666666666,0.33713566380556514,0.0758367783237114,0.8,0.0,0.1898974108337,0.0,0.0,0.0
11.552083333333334,0.3370085723724685,0.07585965620869768,0.8,0.0,0.18549969297451316,0.0,0.0,0.0
11.5625,0.3368644078162068,0.07588685026492814,0.8,0.0,0.20077358640267032,0.0,0.0,0.0
11.572916666666666,0.33671593278453116,0.07591553096086366,0.8,0.0,0.2059734724690048,0.0,0.0,0.0
11.583333333333334,0.33659312277243675,0.07593892767114628,0.8,0.0,0.18715544829753114,0.0,0.0,0.0
11.59375,0.3364770847595377,0.07596119181122118,0.8,0.0,0.18308664277715117,0.0,0.0,0.0
11.604166666666666,0.3364057445425704,0.07597371786185898,0.8,0.0,0.14854549001595257,0.0,0.0,0.0
11.614583333333334,0.3363153450082548,0.07599075833250221,0.8,0.0,0.16451355424588052,0.0,0.0,0.0
11.625,0.33622873140927134,0.07600720078438877,0.8,0.0,0.16236768858449424,0.0,0.0,0.0
11.635416666666666,0.3361847686254245,0.07601423622311973,0.8,0.0,0.12906122736657097,0.0,0.0,0.0
11.645833333333334,0.3361134041030531,0.07602758435892859,0.8,0.0,0.15138400476611086,0.0,0.0,0.0
11.65625,0.3360926671517748,0.07602966261517462,0.8,0.0,0.11151649045120315,0.0,0.0,0.0
11.666666666666666,0.33606628087798673,0.07603307018611108,0.8,0.0,0.11621638149699609,0.0,0.0,0.0
11.677083333333334,0.33604409601432556,0.07603559173254253,0.8,0.0,0.11308226919635202,0.0,0.0,0.0
11.6875,0.33604760136519374,0.07603235390965933,0.8,0.0,0.0927187372036726,0.0,0.0,0.0
11.697916666666666,0.33608248689455245,0.07602200899381092,0.8,0.0,0.06758492359257909,0.0,0.0,0.0
11.708333333333334,0.3361292759349128,0.07600889045656156,0.8,0.0,0.057764057892506424,0.0,0.0,0.0
11.71875,0.33618846938727487,0.07599285676646747,0.8,0.0,0.04743286409190098,0.0,0.0,0.0
11.729166666666666,0.33625319140571747,0.07597543073166607,0.8,0.0,0.0424812918580765,0.0,0.0,0.0
11.739583333333334,0.33633608518508273,0.07595374022239458,0.8,0.0,0.027349191292989357,0.0,0.0,0.0
11.75,0.3364378308443562,0.07592758440615771,0.8,0.0,0.011480712790738905,0.0,0.0,0.0
11.760416666666666,0.33655267137851547,0.07589820890252835,0.8,0.0,0.0,0.0,0.0,0.0
11.770833333333334,0.33666602992702416,0.07586885465111687,0.8,0.0,0.0,0.0,0.0,0.0
11.78125,0.33677785872272764,0.07583952149615977,0.8,0.0,0.0,0.0,0.0,0.0
11.791666666666666,0.33688811329119206,0.07581020927852662,0.8,0.0,0.0,0.0,0.0,0.0
11.802083333333334,0.3369967524764629,0.07578091783602081,0.8,0.0,0.0,0.0,0.0,0.0
11.8125,0.33710373845333674,0.07575164700367948,0.8,0.0,0.0,0.0,0.0,0.0
11.822916666666666,0.3372090367265841,0.07572239661407143,0.8,0.0,0.0,0.0,0.0,0.0
11.833333333333334,0.337312616117634,0.07569316649759195,0.8,0.0,0.0,0.0,0.0,0.0
11.84375,0.33741444873929805,0.07566395648275352,0.8,0.0,0.0,0.0,0.0,0.0
11.854166666666666,0.3375145099591651,0.07563476639647185,0.8,0.0,0.0,0.0,0.0,0.0
11.864583333333334,0.3376127783523497,0.07560559606434578,0.8,0.0,0.0,0.0,0.0,0.0
11.875,0.33770923564431354,0.07557644531093083,0.8,0.0,0.0,0.0,0.0,0.0
11.885416666666666,0.3378038666445115,0.07554731396000539,0.8,0.0,0.0,0.0,0.0,0.0
11.895833333333334,0.3378966591716366,0.07551820183482882,0.8,0.0,0.0,0.0,0.0,0.0
11.90625,0.33798760397125094,0.07548910875839139,0.8,0.0,0.0,0.0,0.0,0.0
11.916666666666666,0.3380766946265991,0.0754600345536548,0.8,0.0,0.0,0.0,0.0,0.0
11.927083333333334,0.33816392746339685,0.07543097904378357,0.8,0.0,0.0,0.0,0.0,0.0
11.9375,0.3382493014493832,0.07540194205236657,0.8,0.0,0.0,0.0,0.0,0.0
11.947916666666666,0.3383328180894096,0.0753729234036284,0.8,0.0,0.0,0.0,0.0,0.0
11.958333333333334,0.3384144813168213,0.07534392292263048,0.8,0.0,0.0,0.0,0.0,0.0
11.96875,0.3384942973818614,0.07531494043546177,0.8,0.0,0.0,0.0,0.0,0.0
11.979166666666666,0.3385722747378022,0.07528597576941877,0.8,0.0,0.0,0.0,0.0,0.0
11.989583333333334,0.3386484239254736,0.07525702875317497,0.8,0.0,0.0,0.0,0.0,0.0
12.0,0.338722757456826,0.07522809921693965,0.8,0.0,0.0,0.0,0.0,0.0
12.010416666666666,0.33879528969812667,0.07519918699260619,0.8,0.0,0.0,0.0,0.0,0.0
12.020833333333334,0.33886603675335003,0.07517029191388971,0.8,0.0,0.0,0.0,0.0,0.0
12.03125,0.3389350163482809,0.07514141381645456,0.8,0.0,0.0,0.0,0.0,0.0
12.041666666666666,0.33900224771580934,0.07511255253803156,0.8,0.0,0.0,0.0,0.0,0.0
12.052083333333334,0.33906775148285384,0.07508370791852523,0.8,0.0,0.0,0.0,0.0,0.0
12.0625,0.33913154955930724,0.07505487980011141,0.8,0.0,0.0,0.0,0.0,0.0
12.072916666666666,0.33919366502936005,0.07502606802732531,0.8,0.0,0.0,0.0,0.0,0.0
12.083333333333334,0.33925412204551364,0.0749972724471405,0.8,0.0,0.0,0.0,0.0,0.0
12.09375,0.33931294572555837,0.07496849290903887,0.8,0.0,0.0,0.0,0.0,0.0
12.104166666666666,0.3393701620527523,0.07493972926507218,0.8,0.0,0.0,0.0,0.0,0.0
12.114583333333334,0.3394257977794006,0.07491098136991545,0.8,0.0,0.0,0.0,0.0,0.0
12.125,0.33947988033400095,0.07488224908091222,0.8,0.0,0.0,0.0,0.0,0.0
12.135416666666666,0.3395324377320877,0.0748535322581126,0.8,0.0,0.0,0.0,0.0,0.0
12.145833333333334,0.33958349849087577,0.074824830764304,0.8,0.0,0.0,0.0,0.0,0.0
12.15625,0.3396330915477787,0.07479614446503509,0.8,0.0,0.0,0.0,0.0,0.0
12.166666666666666,0.339681246182846,0.07476747322863334,0.8,0.0,0.0,0.0,0.0,0.0
12.177083333333334,0.33972799194514286,0.0747388169262165,0.8,0.0,0.0,0.0,0.0,0.0
12.1875,0.33977335858307134,0.07471017543169836,0.8,0.0,0.0,0.0,0.0,0.0
12.197916666666666,0.3398173759786124,0.07468154862178909,0.8,0.0,0.0,0.0,0.0,0.0
12.208333333333334,0.3398600740854498,0.07465293637599069,0.8,0.0,0.0,0.0,0.0,0.0
12.21875,0.33990148287092103,0.0746243385765876,0.8,0.0,0.0,0.0,0.0,0.0
12.229166666666666,0.33994163226172475,0.07459575510863307,0.8,0.0,0.0,0.0,0.0,0.0
12.239583333333334,0.33998055209330313,0.07456718585993155,0.8,0.0,0.0,0.0,0.0,0.0
12.25,0.3400182720628059,0.07453863072101717,0.8,0.0,0.0,0.0,0.0,0.0
12.260416666666666,0.34005482168553286,0.07451008958512907,0.8,0.0,0.0,0.0,0.0,0.0
12.270833333333334,0.34007329871940756,0.07448527062875024,0.8,0.0,0.013545228270646036,0.0,0.0,0.0
12.28125,0.34007186884031754,0.07446469308702931,0.8,0.0,0.029007183347581244,0.0,0.0,0.0
12.291666666666666,0.3400647169265393,0.07444538359679374,0.8,0.0,0.033620736145948606,0.0,0.0,0.0
12.302083333333334,0.3400265334472604,0.07443292013600629,0.8,0.0,0.05862555008900759,0.0,0.0,0.0
12.3125,0.33998050233287086,0.07442243655416023,0.8,0.0,0.06585874145553759,0.0,0.0,0.0
12.322916666666666,0.33990930919062096,0.07441777434664526,0.8,0.0,0.08713172065746937,0.0,0.0,0.0
12.333333333333334,0.33983140642852605,0.07441505999036628,0.8,0.0,0.09425050327761987,0.0,0.0,0.0
12.34375,0.3397532875034993,0.07441291047758279,0.8,0.0,0.0963155243326945,0.0,0.0,0.0
12.354166666666666,0.3396613431179004,0.07441430200438204,0.8,0.0,0.10924801998106072,0.0,0.0,0.0
12.364583333333334,0.33956826427447123,0.07441653727960762,0.8,0.0,0.1123266951352023,0.0,0.0,0.0
12.375,0.3394541310628331,0.07442398152657347,0.8,0.0,0.1313324604816865,0.0,0.0,0.0
12.385416666666666,0.339310302065136,0.07443865664172442,0.8,0.0,0.15769154026330212,0.0,0.0,0.0
12.395833333333334,0.33920373007650034,0.07444604174524946,0.8,0.0,0.1310887501723371,0.0,0.0,0.0
12.40625,0.33907424099614425,0.07445909816058086,0.8,0.0,0.15174038867882944,0.0,0.0,0.0
12.416666666666666,0.33891220442048126,0.07448006989602692,0.8,0.0,0.18053156783927504,0.0,0.0,0.0
12.427083333333334,0.3387557615228186,0.07450074736722212,0.8,0.0,0.1794041094980487,0.0,0.0,0.0
12.4375,0.3386229867531574,0.074517091920676,0.8,0.0,0.16359846248928325,0.0,0.0,0.0
12.447916666666666,0.33848040352955305,0.0745363151997895,0.8,0.0,0.1740212796558468,0.0,0.0,0.0
12.458333333333334,0.33829147717327135,0.07456650455994568,0.8,0.0,0.2137809207630395,0.0,0.0,0.0
12.46875,0.3381261830966837,0.07459245436750656,0.8,0.0,0.19830340470408675,0.0,0.0,0.0
12.479166666666666,0.3379804597165249,0.07461489920172842,0.8,0.0,0.18552519498316905,0.0,0.0,0.0
12.489583333333334,0.33780058228242643,0.07464558159020192,0.8,0.0,0.21529223330865138,0.0,0.0,0.0
12.5,0.3376365535357657,0.07467358779204868,0.8,0.0,0.20550868603580197,0.0,0.0,0.0
12.510416666666666,0.3375036497871854,0.07469542698583914,0.8,0.0,0.18313228576310933,0.0,0.0,0.0
12.520833333333334,0.33735014785823286,0.07472238664907076,0.8,0.0,0.2015739296748202,0.0,0.0,0.0
12.53125,0.337239747508304,0.07474041761617826,0.8,0.0,0.1692690710984308,0.0,0.0,0.0
12.541666666666666,0.33711704670785514,0.07476160365430173,0.8,0.0,0.18061445576306484,0.0,0.0,0.0
12.552083333333334,0.3369579818698755,0.07479132137016395,0.8,0.0,0.2113192270533242,0.0,0.0,0.0
12.5625,0.3368135543103149,0.07481836822473793,0.8,0.0,0.2016084238662114,0.0,0.0,0.0
12.572916666666666,0.33669308285305405,0.0748405901109001,0.8,0.0,0.18416793412307797,0.0,0.0,0.0
12.583333333333334,0.336556611013659,0.0748667671039196,0.8,0.0,0.1983405906735999,0.0,0.0,0.0
12.59375,0.3364448571978999,0.07488787386485406,0.8,0.0,0.18004825144133557,0.0,0.0,0.0
12.604166666666666,0.3363768007728549,0.07489958423113287,0.8,0.0,0.14624659594178982,0.0,0.0,0.0
12.614583333333334,0.33627407966861045,0.07491920999753011,0.8,0.0,0.17465716779050414,0.0,0.0,0.0
12.625,0.3361938931704708,0.07493409915667212,0.8,0.0,0.15761778424411527,0.0,0.0,0.0
12.635416666666666,0.33611278549874896,0.07494940678109077,0.8,0.0,0.15909587342969195,0.0,0.0,0.0
12.645833333333334,0.3360624866803883,0.07495805021010496,0.8,0.0,0.13517139236318867,0.0,0.0,0.0
12.65625,0.33602967655820914,0.07496291542122355,0.8,0.0,0.12161488271800991,0.0,0.0,0.0
12.666666666666666,0.33601738475964094,0.07496328109972968,0.8,0.0,0.10547797463380203,0.0,0.0,0.0
12.677083333333334,0.33601523338255673,0.07496141320400969,0.8,0.0,0.09746854559105961,0.0,0.0,0.0
12.6875,0.33602388669870276,0.07495714005791013,0.8,0.0,0.08884273826738955,0.0,0.0,0.0
12.697916666666666,0.3360339552127463,0.0749525314428508,0.8,0.0,0.08763827569298795,0.0,0.0,0.0
12.708333333333334,0.3360670612127796,0.07494276198652548,0.8,0.0,0.06912376776845984,0.0,0.0,0.0
12.71875,0.33611243140624897,0.07493018230372564,0.8,0.0,0.059031551172165325,0.0,0.0,0.0
12.729166666666666,0.33617890675950235,0.07491279384544318,0.8,0.0,0.04175515006916914,0.0,0.0,0.0
12.739583333333334,0.3362656550813159,0.0748907331879372,0.8,0.0,0.024946644910922976,0.0,0.0,0.0
12.75,0.3363663041508673,0.07486536869709433,0.8,0.0,0.013028447789090245,0.0,0.0,0.0
12.760416666666666,0.3364820332473469,0.07483639807186254,0.8,0.0,0.0,0.0,0.0,0.0
12.770833333333334,0.33659631143561425,0.07480744848942639,0.8,0.0,0.0,0.0,0.0,0.0
12.78125,0.33670908893708207,0.0747785197984324,0.8,0.0,0.0,0.0,0.0,0.0
12.791666666666666,0.3368203192431209,0.07474961184402523,0.8,0.0,0.0,0.0,0.0,0.0
12.802083333333334,0.3369299591493168,0.0747207244681442,0.8,0.0,0.0,0.0,0.0,0.0
12.8125,0.3370379687760122,0.07469185750981965,0.8,0.0,0.0,0.0,0.0,0.0
12.822916666666666,0.3371443115755189,0.07466301080546782,0.8,0.0,0.0,0.0,0.0,0.0
12.833333333333334,0.3372489543264691,0.07463418418918359,0.8,0.0,0.0,0.0,0.0,0.0
12.84375,0.3373518671158434,0.07460537749302966,0.8,0.0,0.0,0.0,0.0,0.0
12.854166666666666,0.33745302330927296,0.07457659054732146,0.8,0.0,0.0,0.0,0.0,0.0
12.864583333333334,0.3375523995102699,0.07454782318090683,0.8,0.0,0.0,0.0,0.0,0.0
12.875,0.33764997550908243,0.0745190752214397,0.8,0.0,0.0,0.0,0.0,0.0
12.885416666666666,0.3377457342219083,0.07449034649564698,0.8,0.0,0.0,0.0,0.0,0.0
12.895833333333334,0.3378396616212273,0.074461636829588,0.8,0.0,0.0,0.0,0.0,0.0
12.90625,0.3379317466580334,0.07443294604890599,0.8,0.0,0.0,0.0,0.0,0.0
12.916666666666666,0.3380219811767576,0.07440427397907083,0.8,0.0,0.0,0.0,0.0,0.0
12.927083333333334,0.3381103598236779,0.07437562044561287,0.8,0.0,0.0,0.0,0.0,0.0
12.9375,0.3381968799496076,0.07434698527434724,0.8,0.0,0.0,0.0,0.0,0.0
12.947916666666666,0.33828154150764606,0.07431836829158849,0.8,0.0,0.0,0.0,0.0,0.0
12.958333333333334,0.3383643469467579,0.07428976932435502,0.8,0.0,0.0,0.0,0.0,0.0
12.96875,0.3384453011019279,0.07426118820056354,0.8,0.0,0.0,0.0,0.0,0.0
12.979166666666666,0.33852441108161263,0.07423262474921286,0.8,0.0,0.0,0.0,0.0,0.0
12.989583333333334,0.33860168615317915,0.07420407880055746,0.8,0.0,0.0,0.0,0.0,0.0
13.0,0.33867713762699025,0.07417555018627055,0.8,0.0,0.0,0.0,0.0,0.0
13.010416666666666,0.3387507787397581,0.0741470387395965,0.8,0.0,0.0,0.0,0.0,0.0
13.020833333333334,0.338822624537751,0.074118544295493,0.8,0.0,0.0,0.0,0.0,0.0
13.03125,0.3388926917603976,0.07409006669076308,0.8,0.0,0.0,0.0,0.0,0.0
13.041666666666666,0.3389609987247929,0.07406160576417668,0.8,0.0,0.0,0.0,0.0,0.0
13.052083333333334,0.3390275652115681,0.07403316135658249,0.8,0.0,0.0,0.0,0.0,0.0
13.0625,0.33909241235254484,0.07400473331101001,0.8,0.0,0.0,0.0,0.0,0.0
13.072916666666666,0.339155562520553,0.07397632147276213,0.8,0.0,0.0,0.0,0.0,0.0
13.083333333333334,0.33921703922175056,0.07394792568949843,0.8,0.0,0.0,0.0,0.0,0.0
13.09375,0.3392768669907431,0.07391954581130958,0.8,0.0,0.0,0.0,0.0,0.0
13.104166666666666,0.3393350712887632,0.07389118169078324,0.8,0.0,0.0,0.0,0.0,0.0
13.114583333333334,0.33939167840513135,0.07386283318306143,0.8,0.0,0.0,0.0,0.0,0.0
13.125,0.3394467153621848,0.07383450014589009,0.8,0.0,0.0,0.0,0.0,0.0
13.135416666666666,0.33950020982382717,0.07380618243966103,0.8,0.0,0.0,0.0,0.0,0.0
13.145833333333334,0.339552190007819,0.0737778799274465,0.8,0.0,0.0,0.0,0.0,0.0
13.15625,0.3396026846018999,0.07374959247502696,0.8,0.0,0.0,0.0,0.0,0.0
13.166666666666666,0.3396517226838051,0.07372131995091223,0.8,0.0,0.0,0.0,0.0,0.0
13.177083333333334,0.3396993336452131,0.07369306222635642,0.8,0.0,0.0,0.0,0.0,0.0
13.1875,0.3397455471196376,0.073664819175367,0.8,0.0,0.0,0.0,0.0,0.0
13.197916666666666,0.3397903929142556,0.07363659067470851,0.8,0.0,0.0,0.0,0.0,0.0
13.208333333333334,0.33983390094564325,0.0736083766039009,0.8,0.0,0.0,0.0,0.0,0.0
13.21875,0.33987610117937433,0.07358017684521323,0.8,0.0,0.0,0.0,0.0,0.0
13.229166666666666,0.3399170235734204,0.07355199128365272,0.8,0.0,0.0,0.0,0.0,0.0
13.239583333333334,0.33995669802527784,0.07352381980694989,0.8,0.0,0.0,0.0,0.0,0.0
13.25,0.3399951543227346,0.07349566230553951,0.8,0.0,0.0,0.0,0.0,0.0
13.260416666666666,0.3400324220981807,0.07346751867253834,0.8,0.0,0.0,0.0,0.0,0.0
13.270833333333334,0.34005337979286293,0.07344266087736433,0.8,0.0,0.012120794794526941,0.0,0.0,0.0
13.28125,0.34006097831099885,0.07342055576336493,0.8,0.0,0.02228415748181121,0.0,0.0,0.0
13.291666666666666,0.34005364182101117,0.07340163003178032,0.8,0.0,0.03404173903515485,0.0,0.0,0.0
13.302083333333334,0.3400268641070562,0.07338695408040474,0.8,0.0,0.04977858049618839,0.0,0.0,0.0
13.3125,0.3399851335984898,0.07337568743444249,0.8,0.0,0.06241001189681639,0.0,0.0,0.0
13.322916666666666,0.33994135160333233,0.07336514365998496,0.8,0.0,0.06508816461334528,0.0,0.0,0.0
13.333333333333334,0.3398550452278173,0.07336407002076019,0.8,0.0,0.1001878648641773,0.0,0.0,0.0
13.34375,0.33976531421506145,0.07336430404261542,0.8,0.0,0.10503371244697057,0.0,0.0,0.0
13.354166666666666,0.33967218371534214,0.0733658547295873,0.8,0.0,0.10991033437407269,0.0,0.0,0.0
13.364583333333334,0.3395569642021557,0.07337277373023814,0.8,0.0,0.12978506765132167,0.0,0.0,0.0
13.375,0.3394359481388947,0.07338167203123006,0.8,0.0,0.13709880844586206,0.0,0.0,0.0
13.385416666666666,0.339325479283601,0.07338903732496135,0.8,0.0,0.13141305401385417,0.0,0.0,0.0
13.395833333333334,0.3391734737959372,0.07340605935024284,0.8,0.0,0.16710161887439334,0.0,0.0,0.0
13.40625,0.3390319624785815,0.07342171378123086,0.8,0.0,0.16200769511941696,0.0,0.0,0.0
13.416666666666666,0.33889755498610175,0.07343664779107402,0.8,0.0,0.15931219963049179,0.0,0.0,0.0
13.427083333333334,0.33875897034337665,0.07345324460965492,0.8,0.0,0.1654147910575234,0.0,0.0,0.0
13.4375,0.3385877614986509,0.07347768179313977,0.8,0.0,0.19428256335642946,0.0,0.0,0.0
13.447916666666666,0.3384516487328638,0.07349541595443117,0.8,0.0,0.16951610047019441,0.0,0.0,0.0
13.458333333333334,0.3382616862584969,0.07352555576575076,0.8,0.0,0.21514113513471542,0.0,0.0,0.0
13.46875,0.33812271168736435,0.07354556361787226,0.8,0.0,0.17777491505221407,0.0,0.0,0.0
13.479166666666666,0.33795323661317267,0.07357288019620666,0.8,0.0,0.2045857876270824,0.0,0.0,0.0
13.489583333333334,0.33781223548420236,0.07359478773070166,0.8,0.0,0.18463798361901182,0.0,0.0,0.0
13.5,0.33765431499441306,0.07362101688438955,0.8,0.0,0.20043855976619426,0.0,0.0,0.0
13.510416666666666,0.3374867309338093,0.07365004160661974,0.8,0.0,0.21060864789716735,0.0,0.0,0.0
13.520833333333334,0.3373483487238047,0.0736733899274658,0.8,0.0,0.18972281638303792,0.0,0.0,0.0
13.53125,0.33721278675110417,0.0736966732423477,0.8,0.0,0.1894233000737433,0.0,0.0,0.0
13.541666666666666,0.3370525003437179,0.07372588388828104,0.8,0.0,0.21104282066741786,0.0,0.0,0.0
13.552083333333334,0.33689421029342953,0.07375525124802584,0.8,0.0,0.21152319273697023,0.0,0.0,0.0
13.5625,0.3367806819126279,0.07377537043198368,0.8,0.0,0.1776611216722558,0.0,0.0,0.0
13.572916666666666,0.33666549335289164,0.07379623086659651,0.8,0.0,0.18032203905571,0.0,0.0,0.0
13.583333333333334,0.3365443316014825,0.07381877020294283,0.8,0.0,0.18639835569841193,0.0,0.0,0.0
13.59375,0.33643900296584334,0.07383820764629631,0.8,0.0,0.17503768274102302,0.0,0.0,0.0
13.604166666666666,0.33635101397440975,0.0738541467308237,0.8,0.0,0.1622517953663649,0.0,0.0,0.0
13.614583333333334,0.33627714409457926,0.07386723123625258,0.8,0.0,0.1518283925118156,0.0,0.0,0.0
13.625,0.336207453495194,0.0738795967878106,0.8,0.0,0.14919221351120837,0.0,0.0,0.0
13.635416666666666,0.33616828631879647,0.07388543533849737,0.8,0.0,0.12542001036964573,0.0,0.0,0.0
13.645833333333334,0.33612123544275024,0.07389310556401671,0.8,0.0,0.13208151257227735,0.0,0.0,0.0
13.65625,0.3360977916210898,0.07389570171026746,0.8,0.0,0.11361338313580206,0.0,0.0,0.0
13.666666666666666,0.33608240733233513,0.0738965822233399,0.8,0.0,0.10737037076555546,0.0,0.0,0.0
13.677083333333334,0.3360901572203165,0.07389241274839492,0.8,0.0,0.0889960652924126,0.0,0.0,0.0
13.6875,0.3361014768864154,0.0738874404443794,0.8,0.0,0.08607334789703282,0.0,0.0,0.0
13.697916666666666,0.3361298163249371,0.07387870066869485,0.8,0.0,0.07235937516603723,0.0,0.0,0.0
13.708333333333334,0.33617508285605885,0.07386617501886666,0.8,0.0,0.05856963985704169,0.0,0.0,0.0
13.71875,0.33622319069719614,0.07385291836234227,0.8,0.0,0.05589347148937412,0.0,0.0,0.0
13.729166666666666,0.3362864159000212,0.07383622644522628,0.8,0.0,0.04336186592577544,0.0,0.0,0.0
13.739583333333334,0.33637314967115545,0.07381422047248039,0.8,0.0,0.023965185951995118,0.0,0.0,0.0
13.75,0.33647096310771835,0.07378956756107798,0.8,0.0,0.014265411435548022,0.0,0.0,0.0
13.760416666666666,0.33658538307947117,0.07376102200594539,0.8,0.0,0.0,0.0,0.0,0.0
13.770833333333334,0.33669830701131814,0.07373249706376314,0.8,0.0,0.0,0.0,0.0,0.0
13.78125,0.33680968807837103,0.07370399258216717,0.8,0.0,0.0,0.0,0.0,0.0
13.791666666666666,0.3369194827572635,0.07367550840560487,0.8,0.0,0.0,0.0,0.0,0.0
13.802083333333334,0.3370276508479961,0.07364704437562739,0.8,0.0,0.0,0.0,0.0,0.0
13.8125,0.33713415548241144,0.07361860033118059,0.8,0.0,0.0,0.0,0.0,0.0
13.822916666666666,0.33723896311976126,0.07359017610889387,0.8,0.0,0.0,0.0,0.0,0.0
13.833333333333334,0.3373420435298937,0.07356177154336571,0.8,0.0,0.0,0.0,0.0,0.0
13.84375,0.3374433697646565,0.07353338646744502,0.8,0.0,0.0,0.0,0.0,0.0
13.854166666666666,0.3375429181181624,0.07350502071250736,0.8,0.0,0.0,0.0,0.0,0.0
13.864583333333334,0.33764066807661103,0.07347667410872552,0.8,0.0,0.0,0.0,0.0,0.0
13.875,0.33773660225839724,0.07344834648533322,0.8,0.0,0.0,0.0,0.0,0.0
13.885416666666666,0.3378307063452641,0.07342003767088172,0.8,0.0,0.0,0.0,0.0,0.0
13.895833333333334,0.3379229690052798,0.07339174749348851,0.8,0.0,0.0,0.0,0.0,0.0
13.90625,0.33801338180842944,0.07336347578107753,0.8,0.0,0.0,0.0,0.0,0.0
13.916666666666666,0.3381019391356166,0.07333522236161055,0.8,0.0,0.0,0.0,0.0,0.0
13.927083333333334,0.338188638081868,0.0733069870633093,0.8,0.0,0.0,0.0,0.0,0.0
13.9375,0.33827347835452537,0.07327876971486795,0.8,0.0,0.0,0.0,0.0,0.0
13.947916666666666,0.33835646216719334,0.07325057014565571,0.8,0.0,0.0,0.0,0.0,0.0
13.958333333333334,0.33843759413019187,0.0732223881859095,0.8,0.0,0.0,0.0,0.0,0.0
13.96875,0.3385168811382372,0.07319422366691619,0.8,0.0,0.0,0.0,0.0,0.0
13.979166666666666,0.3385943322560453,0.07316607642118474,0.8,0.0,0.0,0.0,0.0,0.0
13.989583333333334,0.3386699586025196,0.07313794628260778,0.8,0.0,0.0,0.0,0.0,0.0
14.0,0.3387437732341487,0.07310983308661317,0.8,0.0,0.0,0.0,0.0,0.0
14.010416666666666,0.3388157910282033,0.07308173667030507,0.8,0.0,0.0,0.0,0.0,0.0
14.020833333333334,0.3388860285662794,0.0730536568725949,0.8,0.0,0.0,0.0,0.0,0.0
14.03125,0.3389545040186969,0.07302559353432232,0.8,0.0,0.0,0.0,0.0,0.0
14.041666666666666,0.33902123703021936,0.07299754649836648,0.8,0.0,0.0,0.0,0.0,0.0
14.052083333333334,0.33908624860751924,0.07296951560974743,0.8,0.0,0.0,0.0,0.0,0.0
14.0625,0.33914956100877247,0.0729415007157183,0.8,0.0,0.0,0.0,0.0,0.0
14.072916666666666,0.3392111976357238,0.0729135016658484,0.8,0.0,0.0,0.0,0.0,0.0
14.083333333333334,0.3392711829285254,0.07288551831209741,0.8,0.0,0.0,0.0,0.0,0.0
14.09375,0.3393295422636115,0.07285755050888099,0.8,0.0,0.0,0.0,0.0,0.0
14.104166666666666,0.33938630185483487,0.07282959811312821,0.8,0.0,0.0,0.0,0.0,0.0
14.114583333333334,0.33944148865805523,0.07280166098433133,0.8,0.0,0.0,0.0,0.0,0.0
14.125,0.3394951302793346,0.07277373898458757,0.8,0.0,0.0,0.0,0.0,0.0
14.135416666666666,0.3395472548868636,0.07274583197863409,0.8,0.0,0.0,0.0,0.0,0.0
14.145833333333334,0.339597891126712,0.07271793983387588,0.8,0.0,0.0,0.0,0.0,0.0
14.15625,0.33964706804246864,0.07269006242040732,0.8,0.0,0.0,0.0,0.0,0.0
14.166666666666666,0.3396948149988099,0.0726621996110274,0.8,0.0,0.0,0.0,0.0,0.0
14.177083333333334,0.33974116160901224,0.0726343512812493,0.8,0.0,0.0,0.0,0.0,0.0
14.1875,0.3397861376664028,0.07260651730930438,0.8,0.0,0.0,0.0,0.0,0.0
14.197916666666666,0.3398297730797208,0.0725786975761412,0.8,0.0,0.0,0.0,0.0,0.0
14.208333333333334,0.339872097812347,0.07255089196541963,0.8,0.0,0.0,0.0,0.0,0.0
14.21875,0.3399131418253413,0.07252310036350057,0.8,0.0,0.0,0.0,0.0,0.0
14.229166666666666,0.33995293502421464,0.07249532265943155,0.8,0.0,0.0,0.0,0.0,0.0
14.239583333333334,0.33999150720934984,0.07246755874492844,0.8,0.0,0.0,0.0,0.0,0.0
14.25,0.3400288880299758,0.07243980851435367,0.8,0.0,0.0,0.0,0.0,0.0
14.260416666666666,0.34006510694158903,0.07241207186469129,0.8,0.0,0.0,0.0,0.0,0.0
14.270833333333334,0.34008175054503625,0.07238827409626775,0.8,0.0,0.014754097340793117,0.0,0.0,0.0
14.28125,0.3400823917587626,0.07236777910847937,0.8,0.0,0.027137788129040732,0.0,0.0,0.0
14.291666666666666,0.3400683136335799,0.07235041711213623,0.8,0.0,0.03889712388986693,0.0,0.0,0.0
14.302083333333334,0.34003042907055847,0.07233821691134569,0.8,0.0,0.05829614179460142,0.0,0.0,0.0
14.3125,0.3399875183509586,0.07232733881062454,0.8,0.0,0.06326526072706128,0.0,0.0,0.0
14.322916666666666,0.33994071301750306,0.07231757321054993,0.8,0.0,0.0674477705258699,0.0,0.0,0.0
14.333333333333334,0.33988410324918644,0.07231020058197127,0.8,0.0,0.07644627570991779,0.0,0.0,0.0
14.34375,0.3398139316284366,0.07230608139680726,0.8,0.0,0.08868053614100065,0.0,0.0,0.0
14.354166666666666,0.3397074931178078,0.07231013229546848,0.8,0.0,0.1193921702756958,0.0,0.0,0.0
14.364583333333334,0.33958249603691365,0.07231881199147651,0.8,0.0,0.13677590403554088,0.0,0.0,0.0
14.375,0.3394579532126295,0.07232817657191387,0.8,0.0,0.13933186056762048,0.0,0.0,0.0
14.385416666666666,0.3393305380267755,0.07233891599426358,0.8,0.0,0.1444742108271306,0.0,0.0,0.0
14.395833333333334,0.3392232577916963,0.07234612466249525,0.8,0.0,0.13120990211779063,0.0,0.0,0.0
14.40625,0.33910249933847086,0.07235683676080958,0.8,0.0,0.14433467100403743,0.0,0.0,0.0
14.416666666666666,0.3389327054529412,0.07237871246225983,0.8,0.0,0.1861425076031017,0.0,0.0,0.0
14.427083333333334,0.3387980628231913,0.07239403526642361,0.8,0.0,0.16154637062779245,0.0,0.0,0.0
14.4375,0.3386244765086523,0.0724184191851307,0.8,0.0,0.1954116613906126,0.0,0.0,0.0
14.447916666666666,0.3384376354713862,0.0724465660307524,0.8,0.0,0.20939903142005845,0.0,0.0,0.0
14.458333333333334,0.33826037655774094,0.07247362404976758,0.8,0.0,0.20523597832563942,0.0,0.0,0.0
14.46875,0.3381170935732515,0.07249427564893982,0.8,0.0,0.18124473506808605,0.0,0.0,0.0
14.479166666666666,0.3379510916485415,0.07252048257349039,0.8,0.0,0.2019030319875519,0.0,0.0,0.0
14.489583333333334,0.337809948493119,0.07254211678740449,0.8,0.0,0.18478667832318504,0.0,0.0,0.0
14.5,0.33761590709126155,0.07257574454532566,0.8,0.0,0.2293713504756112,0.0,0.0,0.0
14.510416666666666,0.33749201345951585,0.07259511662190557,0.8,0.0,0.17623395218525853,0.0,0.0,0.0
14.520833333333334,0.33733428426697254,0.07262227447338795,0.8,0.0,0.2051241394922823,0.0,0.0,0.0
14.53125,0.3371620742116826,0.0726531751327736,0.8,0.0,0.21893619696317249,0.0,0.0,0.0
14.541666666666666,0.3370534401265071,0.07267101843254248,0.8,0.0,0.1703897387823148,0.0,0.0,0.0
14.552083333333334,0.33694390022947684,0.07268944385440176,0.8,0.0,0.172511199478258,0.0,0.0,0.0
14.5625,0.3368398827782938,0.07270705449765605,0.8,0.0,0.16945226187688678,0.0,0.0,0.0
14.572916666666666,0.33671540661094945,0.07272942949612159,0.8,0.0,0.18706378588892525,0.0,0.0,0.0
14.583333333333334,0.3366256556537181,0.07274470114760645,0.8,0.0,0.16071411635377025,0.0,0.0,0.0
14.59375,0.33651237520193544,0.07276533553705213,0.8,0.0,0.1805293684846223,0.0,0.0,0.0
14.604166666666666,0.33644557373805944,0.07277625306715149,0.8,0.0,0.14455023283559784,0.0,0.0,0.0
14.614583333333334,0.33634663882555116,0.07279431355875206,0.8,0.0,0.17094213684408407,0.0,0.0,0.0
14.625,0.3362962816871789,0.07280213152562823,0.8,0.0,0.1330607168997508,0.0,0.0,0.0
14.635416666666666,0.33625744545494307,0.07280758777375033,0.8,0.0,0.12432765939431552,0.0,0.0,0.0
14.645833333333334,0.33622188864388514,0.07281243388980971,0.8,0.0,0.12206996871402498,0.0,0.0,0.0
14.65625,0.3361667753599651,0.07282160618546696,0.8,0.0,0.13804462831714934,0.0,0.0,0.0
14.666666666666666,0.33614040769004755,0.07282468839160437,0.8,0.0,0.11554849776748721,0.0,0.0,0.0
14.677083333333334,0.33614264025895313,0.07282163814281807,0.8,0.0,0.0929032481406074,0.0,0.0,0.0
14.6875,0.33613491992449107,0.07282073883241393,0.8,0.0,0.10084578964826858,0.0,0.0,0.0
14.697916666666666,0.3361667229222155,0.07281129653684183,0.8,0.0,0.06929544058216001,0.0,0.0,0.0
14.708333333333334,0.33621015097355383,0.07279926249559732,0.8,0.0,0.0597123908486516,0.0,0.0,0.0
14.71875,0.33626208238121413,0.07278528495088107,0.8,0.0,0.05251649185179959,0.0,0.0,0.0
14.729166666666666,0.3363272614801842,0.07276831586836356,0.8,0.0,0.0414378878285113,0.0,0.0,0.0
14.739583333333334,0.33641562318920143,0.07274617337505607,0.8,0.0,0.02227299526734284,0.0,0.0,0.0
14.75,0.33651629791111065,0.07272114821561591,0.8,0.0,0.01155562068328156,0.0,0.0,0.0
14.760416666666666,0.33663013322960234,0.07269301971916674,0.8,0.0,0.0,0.0,0.0,0.0
14.770833333333334,0.336742453634947,0.07266491148143067,0.8,0.0,0.0,0.0,0.0,0.0
14.78125,0.3368532136018188,0.07263682335095199,0.8,0.0,0.0,0.0,0.0,0.0
14.791666666666666,0.3369623709166588,0.0726087551732459,0.8,0.0,0.0,0.0,0.0,0.0
14.802083333333334,0.337069886694193,0.07258070679108622,0.8,0.0,0.0,0.0,0.0,0.0
14.8125,0.3371757253807541,0.07255267804479154,0.8,0.0,0.0,0.0,0.0,0.0
14.822916666666666,0.33727985474489497,0.07252466877250864,0.8,0.0,0.0,0.0,0.0,0.0
14.833333333333334,0.3373822458558516,0.07249667881049253,0.8,0.0,0.0,0.0,0.0,0.0
14.84375,0.3374828730504697,0.07246870799338173,0.8,0.0,0.0,0.0,0.0,0.0
14.854166666666666,0.33758171388926356,0.07244075615446864,0.8,0.0,0.0,0.0,0.0,0.0
14.864583333333334,0.33767874910231505,0.07241282312596344,0.8,0.0,0.0,0.0,0.0,0.0
14.875,0.33777396252575553,0.0723849087392514,0.8,0.0,0.0,0.0,0.0,0.0
14.885416666666666,0.33786734102959814,0.0723570128251429,0.8,0.0,0.0,0.0,0.0,0.0
14.895833333333334,0.337958874437705,0.07232913521411517,0.8,0.0,0.0,0.0,0.0,0.0
14.90625,0.33804855544068296,0.07230127573654575,0.8,0.0,0.0,0.0,0.0,0.0
14.916666666666666,0.3381363795025028,0.07227343422293701,0.8,0.0,0.0,0.0,0.0,0.0
14.927083333333334,0.3382223447616326,0.07224561050413134,0.8,0.0,0.0,0.0,0.0,0.0
14.9375,0.3383064519274637,0.07221780441151679,0.8,0.0,0.0,0.0,0.0,0.0
14.947916666666666,0.338388704172791,0.07219001577722298,0.8,0.0,0.0,0.0,0.0,0.0
14.958333333333334,0.33846910702308636,0.07216224443430684,0.8,0.0,0.0,0.0,0.0,0.0
14.96875,0.33854766824327875,0.07213449021692842,0.8,0.0,0.0,0.0,0.0,0.0
14.979166666666666,0.3386243977227216,0.0721067529605164,0.8,0.0,0.0,0.0,0.0,0.0
14.989583333333334,0.33869930735899606,0.07207903250192356,0.8,0.0,0.0,0.0,0.0,0.0
15.0,0.33877241094116134,0.0720513286795719,0.8,0.0,0.0,0.0,0.0,0.0
15.010416666666666,0.3388437240330251,0.07202364133358787,0.8,0.0,0.0,0.0,0.0,0.0
15.020833333333334,0.33891326385696585,0.07199597030592751,0.8,0.0,0.0,0.0,0.0,0.0
15.03125,0.33898104917879956,0.07196831544049194,0.8,0.0,0.0,0.0,0.0,0.0
15.041666666666666,0.3390471001941399,0.07194067658323303,0.8,0.0,0.0,0.0,0.0,0.0
15.052083333333334,0.3491812300833273,0.0698392036576297,0.8,8.16,0.0,0.0,0.0,1.0
15.0625,0.3587852682244345,0.06785372671529825,0.8,8.16,0.0,0.0,0.0,1.0
15.072916666666666,0.3673967515142796,0.06596991035153506,0.8,8.16,0.0,0.0,0.0,1.0
15.083333333333334,0.374712633734549,0.06417415268284021,0.8,8.16,0.0,0.0,0.0,1.0
15.09375,0.37194203509101786,0.06415917542173398,1.2,0.0,0.0,0.0,0.0,0.0
15.104166666666666,0.3695471106787107,0.06414410461558902,1.2,0.0,0.0,0.0,0.0,0.0
15.114583333333334,0.36745559514996967,0.06412895158836543,1.2,0.0,0.0,0.0,0.0,0.0
15.125,0.3656128739617187,0.06411372578624991,1.2,0.0,0.0,0.0,0.0,0.0
15.135416666666666,0.36397685421284975,0.06409843517773677,1.2,0.0,0.0,0.0,0.0,0.0
15.145833333333334,0.3625145385808235,0.06408308655117512,1.2,0.0,0.0,0.0,0.0,0.0
15.15625,0.36119967348892296,0.06406768574010556,1.2,0.0,0.0,0.0,0.0,0.0
15.166666666666666,0.36001109592748604,0.06405223779664843,1.2,0.0,0.0,0.0,0.0,0.0
15.177083333333334,0.3589315469441424,0.064036747126815,1.2,0.0,0.0,0.0,0.0,0.0
15.1875,0.3579468042410302,0.06402121759744234,1.2,0.0,0.0,0.0,0.0,0.0
15.197916666666666,0.35704503755817074,0.06400565262166535,1.2,0.0,0.0,0.0,0.0,0.0
15.208333333333334,0.3562163225093816,0.06399005522793735,1.2,0.0,0.0,0.0,0.0,0.0
15.21875,0.3554522690101142,0.06397442811628729,1.2,0.0,0.0,0.0,0.0,0.0
15.229166666666666,0.35474573383656627,0.06395877370456561,1.2,0.0,0.0,0.0,0.0,0.0
15.239583333333334,0.3540905958045982,0.06394309416675845,1.2,0.0,0.0,0.0,0.0,0.0
15.25,0.353481578143923,0.0639273914649593,1.2,0.0,0.0,0.0,0.0,0.0
15.260416666666666,0.352914106852674,0.06391166737622614,1.2,0.0,0.0,0.0,0.0,0.0
15.270833333333334,0.35236533213646254,0.06389934432116459,1.2,0.0,0.022637564367314067,0.0,0.0,0.0
15.28125,0.3518273771254016,0.06389144507416901,1.2,0.0,0.051975119828458836,0.0,0.0,0.0
15.291666666666666,0.3513094443847505,0.06388599804035441,1.2,0.0,0.06822580940676114,0.0,0.0,0.0
15.302083333333334,0.3508089381495474,0.0638830834124061,1.2,0.0,0.08496100219537506,0.0,0.0,0.0
15.3125,0.35030205729332203,0.06388669573021254,1.2,0.0,0.1279363839364443,0.0,0.0,0.0
15.322916666666666,0.349830233653793,0.06388919468284754,1.2,0.0,0.12058715936926215,0.0,0.0,0.0
15.333333333333334,0.34936166351926085,0.06389588165134844,1.2,0.0,0.14804583185519646,0.0,0.0,0.0
15.34375,0.3488970236955657,0.06390647273563672,1.2,0.0,0.17356452500236633,0.0,0.0,0.0
15.354166666666666,0.34844077148515623,0.06391998634366348,1.2,0.0,0.1925838514336294,0.0,0.0,0.0
15.364583333333334,0.34800507413260723,0.06393398265920579,1.2,0.0,0.1956082787163456,0.0,0.0,0.0
15.375,0.3475636903590645,0.06395297602689781,1.2,0.0,0.2280708195346098,0.0,0.0,0.0
15.385416666666666,0.34710112344123817,0.06397976834532364,1.2,0.0,0.27866319964346786,0.0,0.0,0.0
15.395833333333334,0.3466460847966009,0.06400914208048052,1.2,0.0,0.2951449815557414,0.0,0.0,0.0
15.40625,0.3462455085657667,0.06403222881967648,1.2,0.0,0.25402675528925234,0.0,0.0,0.0
15.416666666666666,0.3458437197826913,0.06405875772901476,1.2,0.0,0.2761086438200429,0.0,0.0,0.0
15.427083333333334,0.3454416677800716,0.06408847145450329,1.2,0.0,0.2964468653956163,0.0,0.0,0.0
15.4375,0.3450601377568803,0.06411741779197114,1.2,0.0,0.29118739537241306,0.0,0.0,0.0
15.447916666666666,0.34467901942871093,0.0641490857314643,1.2,0.0,0.30845326536749734,0.0,0.0,0.0
15.458333333333334,0.34426387970138184,0.06418980839127461,1.2,0.0,0.3664184016344816,0.0,0.0,0.0
15.46875,0.3438713713348363,0.0642291766473084,1.2,0.0,0.35724639745912695,0.0,0.0,0.0
15.479166666666666,0.3434861976175193,0.06426978936569709,1.2,0.0,0.3647941685418965,0.0,0.0,0.0
15.489583333333334,0.3430979112374406,0.06431346456465838,1.2,0.0,0.3839535404259074,0.0,0.0,0.0
15.5,0.3427836074081238,0.0643456627603881,1.2,0.0,0.310102025782659,0.0,0.0,0.0
15.510416666666666,0.342432421054647,0.0643866612096508,1.2,0.0,0.36598754418785895,0.0,0.0,0.0
15.520833333333334,0.3421283136958571,0.06442082375098773,1.2,0.0,0.3220000956331604,0.0,0.0,0.0
15.53125,0.34180839575132854,0.06445965254181474,1.2,0.0,0.3513911992714256,0.0,0.0,0.0
15.541666666666666,0.341530212467421,0.06449231833367743,1.2,0.0,0.31185667544616064,0.0,0.0,0.0
15.552083333333334,0.3412192418552615,0.06453261773820586,1.2,0.0,0.360028436546212,0.0,0.0,0.0
15.5625,0.3409197149379054,0.06457230828220019,1.2,0.0,0.3557843338594733,0.0,0.0,0.0
15.572916666666666,0.3406649971364878,0.06460494330071982,1.2,0.0,0.3107742751532786,0.0,0.0,0.0
15.583333333333334,0.3404179003934216,0.06463730425748825,1.2,0.0,0.3087872123090919,0.0,0.0,0.0
15.59375,0.34014956263576623,0.06467480231744273,1.2,0.0,0.3409639559050156,0.0,0.0,0.0
15.604166666666666,0.33992474015488566,0.06470517373906025,1.2,0.0,0.2957219042220632,0.0,0.0,0.0
15.614583333333334,0.33969698863933884,0.06473702909423949,1.2,0.0,0.30485234790879356,0.0,0.0,0.0
15.625,0.3395383230508581,0.06475661294995436,1.2,0.0,0.22742477019098115,0.0,0.0,0.0
15.635416666666666,0.33934684800000736,0.06478306115887715,1.2,0.0,0.27048388292019415,0.0,0.0,0.0
15.645833333333334,0.339188794883983,0.06480383535388445,1.2,0.0,0.23468919604077548,0.0,0.0,0.0
15.65625,0.3390494019905455,0.06482160682798448,1.2,0.0,0.2157416862598621,0.0,0.0,0.0
15.666666666666666,0.33890879420780945,0.06484009347662308,1.2,0.0,0.22015184085119466,0.0,0.0,0.0
15.677083333333334,0.3388031488425317,0.06485236201652121,1.2,0.0,0.18109351349215322,0.0,0.0,0.0
15.6875,0.33873697251068613,0.06485741742836519,1.2,0.0,0.13585319001743232,0.0,0.0,0.0
15.697916666666666,0.33868153348686775,0.06486062628977901,1.2,0.0,0.12427444426511156,0.0,0.0,0.0
15.708333333333334,0.3386488343895973,0.06485965269643697,1.2,0.0,0.09806670243304408,0.0,0.0,0.0
15.71875,0.3386151966712026,0.0648589595513395,1.2,0.0,0.09982419265555698,0.0,0.0,0.0
15.729166666666666,0.3386053764449751,0.06485380711638478,1.2,0.0,0.07188784771205543,0.0,0.0,0.0
15.739583333333334,0.33862124766416674,0.06484376472179203,1.2,0.0,0.041245428804552564,0.0,0.0,0.0
15.75,0.3386524288191906,0.06483074498653592,1.2,0.0,0.022570572066429446,0.0,0.0,0.0
15.760416666666666,0.33870192029315477,0.06481412958373346,1.2,0.0,0.0,0.0,0.0,0.0
15.770833333333334,0.3387506136672405,0.0647975208270276,1.2,0.0,0.0,0.0,0.0,0.0
15.78125,0.3387985135697071,0.06478091867392265,1.2,0.0,0.0,0.0,0.0,0.0
15.791666666666666,0.33884562495421033,0.06476432308224091,1.2,0.0,0.0,0.0,0.0,0.0
15.802083333333334,0.33889195308477127,0.06474773401013648,1.2,0.0,0.0,0.0,0.0,0.0
15.8125,0.3389375035208648,0.06473115141610858,1.2,0.0,0.0,0.0,0.0,0.0
15.822916666666666,0.3389822821026526,0.06471457525901396,1.2,0.0,0.0,0.0,0.0,0.0
15.833333333333334,0.33902629493638314,0.06469800549807858,1.2,0.0,0.0,0.0,0.0,0.0
15.84375,0.33906954837998077,0.06468144209290867,1.2,0.0,0.0,0.0,0.0,0.0
15.854166666666666,0.3391120490288427,0.06466488500350094,1.2,0.0,0.0,0.0,0.0,0.0
15.864583333333334,0.3391538037018625,0.06464833419025219,1.2,0.0,0.0,0.0,0.0,0.0
15.875,0.33919481942769714,0.06463178961396829,1.2,0.0,0.0,0.0,0.0,0.0
15.885416666666666,0.339235103431292,0.06461525123587226,1.2,0.0,0.0,0.0,0.0,0.0
15.895833333333334,0.3392746631206782,0.064598719017612,1.2,0.0,0.0,0.0,0.0,0.0
15.90625,0.3393135060740546,0.06458219292126711,1.2,0.0,0.0,0.0,0.0,0.0
15.916666666666666,0.33935164002716456,0.06456567290935535,1.2,0.0,0.0,0.0,0.0,0.0
15.927083333333334,0.3393890728609787,0.06454915894483826,1.2,0.0,0.0,0.0,0.0,0.0
15.9375,0.3394258125896904,0.06453265099112637,1.2,0.0,0.0,0.0,0.0,0.0
15.947916666666666,0.33946186734903244,0.06451614901208377,1.2,0.0,0.0,0.0,0.0,0.0
15.958333333333334,0.33949724538491993,0.06449965297203211,1.2,0.0,0.0,0.0,0.0,0.0
15.96875,0.33953195504242506,0.06448316283575414,1.2,0.0,0.0,0.0,0.0,0.0
15.979166666666666,0.3395660047550871,0.06446667856849667,1.2,0.0,0.0,0.0,0.0,0.0
15.989583333333334,0.33959940303456043,0.06445020013597307,1.2,0.0,0.0,0.0,0.0,0.0
16.0,0.3396321584606029,0.0644337275043653,1.2,0.0,0.0,0.0,0.0,0.0
16.010416666666668,0.3396642796714048,0.06441726064032549,1.2,0.0,0.0,0.0,0.0,0.0
16.020833333333332,0.3396957753542592,0.06440079951097696,1.2,0.0,0.0,0.0,0.0,0.0
16.03125,0.3397266542365726,0.06438434408391507,1.2,0.0,0.0,0.0,0.0,0.0
16.041666666666668,0.33975692507721444,0.06436789432720734,1.2,0.0,0.0,0.0,0.0,0.0
16.052083333333332,0.33978659665820343,0.0643514502093935,1.2,0.0,0.0,0.0,0.0,0.0
16.0625,0.3398156777767281,0.06433501169948488,1.2,0.0,0.0,0.0,0.0,0.0
16.072916666666668,0.339844177237498,0.06431857876696374,1.2,0.0,0.0,0.0,0.0,0.0
16.083333333333332,0.33987210384542144,0.06430215138178197,1.2,0.0,0.0,0.0,0.0,0.0
16.09375,0.339899466398606,0.06428572951435967,1.2,0.0,0.0,0.0,0.0,0.0
16.104166666666668,0.3399262736816764,0.06426931313558333,1.2,0.0,0.0,0.0,0.0,0.0
16.114583333333332,0.33995253445940415,0.0642529022168038,1.2,0.0,0.0,0.0,0.0,0.0
16.125,0.33997825747064486,0.06423649672983389,1.2,0.0,0.0,0.0,0.0,0.0
16.135416666666668,0.3400034514225751,0.06422009664694578,1.2,0.0,0.0,0.0,0.0,0.0
16.145833333333332,0.3400281249852242,0.06420370194086814,1.2,0.0,0.0,0.0,0.0,0.0
16.15625,0.34005228678629384,0.06418731258478302,1.2,0.0,0.0,0.0,0.0,0.0
16.166666666666668,0.3400759454062585,0.0641709285523226,1.2,0.0,0.0,0.0,0.0,0.0
16.177083333333332,0.3400991093737404,0.06415454981756569,1.2,0.0,0.0,0.0,0.0,0.0
16.1875,0.34012178716115116,0.0641381763550339,1.2,0.0,0.0,0.0,0.0,0.0
16.197916666666668,0.3401439871805937,0.0641218081396879,1.2,0.0,0.0,0.0,0.0,0.0
16.208333333333332,0.3401657177800162,0.06410544514692332,1.2,0.0,0.0,0.0,0.0,0.0
16.21875,0.34018698723961166,0.06408908735256656,1.2,0.0,0.0,0.0,0.0,0.0
16.229166666666668,0.34020780376845483,0.0640727347328704,1.2,0.0,0.0,0.0,0.0,0.0
16.239583333333332,0.34022817550136947,0.06405638726450963,1.2,0.0,0.0,0.0,0.0,0.0
16.25,0.34024811049601816,0.06404004492457635,1.2,0.0,0.0,0.0,0.0,0.0
16.260416666666668,0.34026761673020767,0.06402370769057537,1.2,0.0,0.0,0.0,0.0,0.0
16.270833333333332,0.3402686146438832,0.06401077794225163,1.2,0.0,0.021704946622343672,0.0,0.0,0.0
16.28125,0.3402501691992581,0.06400150389831236,1.2,0.0,0.0450110971653046,0.0,0.0,0.0
16.291666666666668,0.3402110062832038,0.06399620244978883,1.2,0.0,0.07034975249265087,0.0,0.0,0.0
16.302083333333332,0.3401486327519352,0.06399542563953523,1.2,0.0,0.09921204244412812,0.0,0.0,0.0
16.3125,0.34008378952583074,0.0639953635085585,1.2,0.0,0.10377045576000372,0.0,0.0,0.0
16.322916666666668,0.33998377726033524,0.06400217863359375,1.2,0.0,0.1476141633281052,0.0,0.0,0.0
16.333333333333332,0.3398731976465987,0.06401137845944128,1.2,0.0,0.1627916877895717,0.0,0.0,0.0
16.34375,0.33974461463029776,0.06402440097619298,1.2,0.0,0.18710810692561053,0.0,0.0,0.0
16.354166666666668,0.33959834088037244,0.06404125249606002,1.2,0.0,0.2114273004420155,0.0,0.0,0.0
16.364583333333332,0.3394677649252661,0.06405569310959042,1.2,0.0,0.19602226176984405,0.0,0.0,0.0
16.375,0.3393096021876625,0.0640758218664801,1.2,0.0,0.23211558413916916,0.0,0.0,0.0
16.385416666666668,0.3391197114654979,0.06410251837455819,1.2,0.0,0.27371540164089625,0.0,0.0,0.0
16.395833333333332,0.3389212107961857,0.06413151583390517,1.2,0.0,0.28814422538533185,0.0,0.0,0.0
16.40625,0.33871978909547285,0.06416174726406736,1.2,0.0,0.29577262231153134,0.0,0.0,0.0
16.416666666666668,0.3385285219220405,0.06419071991999871,1.2,0.0,0.2876043841259421,0.0,0.0,0.0
16.427083333333332,0.33831109482889254,0.06422526642916247,1.2,0.0,0.32265558255248245,0.0,0.0,0.0
16.4375,0.33808498513046853,0.06426213348311467,1.2,0.0,0.3370506653835812,0.0,0.0,0.0
16.447916666666668,0.33788596975945034,0.0642945128238742,1.2,0.0,0.3084647382003787,0.0,0.0,0.0
16.458333333333332,0.33767796697423946,0.0643291603474829,1.2,0.0,0.32253127949004734,0.0,0.0,0.0
16.46875,0.33747404829787403,0.06436358598682733,1.2,0.0,0.3208850533899611,0.0,0.0,0.0
16.479166666666668,0.3372386780317329,0.06440453661799275,1.2,0.0,0.36164399345727316,0.0,0.0,0.0
16.489583333333332,0.33705801853458817,0.06443560166152204,1.2,0.0,0.2992595449174055,0.0,0.0,0.0
16.5,0.3368777740614003,0.0644669940295975,1.2,0.0,0.30111476629635736,0.0,0.0,0.0
16.510416666666668,0.33668573131620316,0.06450103183986043,1.2,0.0,0.3174859668129835,0.0,0.0,0.0
16.520833333333332,0.3364265309516619,0.06454834271698298,1.2,0.0,0.400285357719004,0.0,0.0,0.0
16.53125,0.33617995874132284,0.06459373695579236,1.2,0.0,0.3878727887019391,0.0,0.0,0.0
16.541666666666668,0.3359557853945323,0.06463526330740617,1.2,0.0,0.3633438326608431,0.0,0.0,0.0
16.552083333333332,0.3357831238031517,0.06466722982127666,1.2,0.0,0.30344765358210074,0.0,0.0,0.0
16.5625,0.3355745037425108,0.06470637590278006,1.2,0.0,0.34793328992112327,0.0,0.0,0.0
16.572916666666668,0.3353614662194276,0.06474665588097946,1.2,0.0,0.3546832939962788,0.0,0.0,0.0
16.583333333333332,0.3351475012303718,0.06478737414726261,1.2,0.0,0.35709015771429164,0.0,0.0,0.0
16.59375,0.3349438744364867,0.06482632210558154,1.2,0.0,0.3457948585624687,0.0,0.0,0.0
16.604166666666668,0.33475794903430856,0.06486202939246778,1.2,0.0,0.32543415929082264,0.0,0.0,0.0
16.614583333333332,0.3345966816773196,0.0648930993098623,1.2,0.0,0.29649906250869024,0.0,0.0,0.0
16.625,0.334486061907588,0.06491444139767265,1.2,0.0,0.23617387816666868,0.0,0.0,0.0
16.635416666666668,0.3343619763780675,0.06493845281297274,1.2,0.0,0.2525805622962497,0.0,0.0,0.0
16.645833333333332,0.33427413297284314,0.06495547401234913,1.2,0.0,0.20930769945519243,0.0,0.0,0.0
16.65625,0.3341696265962417,0.06497576264943306,1.2,0.0,0.2294188591551482,0.0,0.0,0.0
16.666666666666668,0.3341060759127574,0.0649881121141127,1.2,0.0,0.18036796417517031,0.0,0.0,0.0
16.677083333333332,0.33404173255692154,0.06500062639662715,1.2,0.0,0.18135541661203963,0.0,0.0,0.0
16.6875,0.3339959683902007,0.06500953220576673,1.2,0.0,0.15908006389547655,0.0,0.0,0.0
16.697916666666668,0.33398502855514417,0.06501166162325143,1.2,0.0,0.11729446873446303,0.0,0.0,0.0
16.708333333333332,0.3339652578498264,0.06501551030623257,1.2,0.0,0.12789151304800167,0.0,0.0,0.0
16.71875,0.33397075589442987,0.06501443997845903,1.2,0.0,0.09756901314252296,0.0,0.0,0.0
16.729166666666668,0.33399816596849846,0.0650091044682769,1.2,0.0,0.07127457778434934,0.0,0.0,0.0
16.739583333333332,0.33405180596607037,0.06499866570355971,1.2,0.0,0.03979866958040603,0.0,0.0,0.0
16.75,0.334119923162089,0.06498541349297275,1.2,0.0,0.022420479385218992,0.0,0.0,0.0
16.760416666666668,0.33420670392519575,0.06496853443323215,1.2,0.0,0.0,0.0,0.0,0.0
16.770833333333332,0.3342934358243104,0.06495166413570087,1.2,0.0,0.0,0.0,0.0,0.0
16.78125,0.3343800929437609,0.0649348025897879,1.2,0.0,0.0,0.0,0.0,0.0
16.791666666666668,0.3344666494456746,0.06491794978361712,1.2,0.0,0.0,0.0,0.0,0.0
16.802083333333332,0.3345530796007785,0.06490110570403722,1.2,0.0,0.0,0.0,0.0,0.0
16.8125,0.33463935781894616,0.06488427033663295,1.2,0.0,0.0,0.0,0.0,0.0
16.822916666666668,0.3347254586794147,0.0648674436657379,1.2,0.0,0.0,0.0,0.0,0.0
16.833333333333332,0.33481135696059655,0.06485062567444876,1.2,0.0,0.0,0.0,0.0,0.0
16.84375,0.3348970276694109,0.0648338163446408,1.2,0.0,0.0,0.0,0.0,0.0
16.854166666666668,0.33498244607006433,0.06481701565698504,1.2,0.0,0.0,0.0,0.0,0.0
16.864583333333332,0.3350675877122103,0.06480022359096643,1.2,0.0,0.0,0.0,0.0,0.0
16.875,0.33515242845842,0.0647834401249035,1.2,0.0,0.0,0.0,0.0,0.0
16.885416666666668,0.3352369445109016,0.06476666523596922,1.2,0.0,0.0,0.0,0.0,0.0
16.895833333333332,0.3353211124374051,0.06474989890021296,1.2,0.0,0.0,0.0,0.0,0.0
16.90625,0.3354049091962568,0.06473314109258375,1.2,0.0,0.0,0.0,0.0,0.0
16.916666666666668,0.33548831216046787,0.06471639178695456,1.2,0.0,0.0,0.0,0.0,0.0
16.927083333333332,0.3355712991408667,0.0646996509561475,1.2,0.0,0.0,0.0,0.0,0.0
16.9375,0.3356538484082092,0.06468291857196025,1.2,0.0,0.0,0.0,0.0,0.0
16.947916666666668,0.3357359387142237,0.0646661946051931,1.2,0.0,0.0,0.0,0.0,0.0
16.958333333333332,0.33581754931155194,0.06464947902567716,1.2,0.0,0.0,0.0,0.0,0.0
16.96875,0.33589865997255314,0.06463277180230313,1.2,0.0,0.0,0.0,0.0,0.0
16.979166666666668,0.3359792510069398,0.06461607290305094,1.2,0.0,0.0,0.0,0.0,0.0
16.989583333333332,0.33605930327822103,0.06459938229501999,1.2,0.0,0.0,0.0,0.0,0.0
17.0,0.3361387982189315,0.06458269994446013,1.2,0.0,0.0,0.0,0.0,0.0
17.010416666666668,0.33621771784463017,0.06456602581680292,1.2,0.0,0.0,0.0,0.0,0.0
17.020833333333332,0.33629604476665553,0.0645493598766937,1.2,0.0,0.0,0.0,0.0,0.0
17.03125,0.3363737622036303,0.0645327020880239,1.2,0.0,0.0,0.0,0.0,0.0
17.041666666666668,0.33645085399171126,0.06451605241396366,1.2,0.0,0.0,0.0,0.0,0.0
17.052083333333332,0.336527304593585,0.06449941081699485,1.2,0.0,0.0,0.0,0.0,0.0
17.0625,0.3366030991062137,0.06448277725894432,1.2,0.0,0.0,0.0,0.0,0.0
17.072916666666668,0.33667822326734004,0.0644661517010172,1.2,0.0,0.0,0.0,0.0,0.0
17.083333333333332,0.33675266346076216,0.06444953410383052,1.2,0.0,0.0,0.0,0.0,0.0
17.09375,0.3368264067203963,0.06443292442744661,1.2,0.0,0.0,0.0,0.0,0.0
17.104166666666668,0.3368994407331448,0.06441632263140674,1.2,0.0,0.0,0.0,0.0,0.0
17.114583333333332,0.33697175384059275,0.06439972867476458,1.2,0.0,0.0,0.0,0.0,0.0
17.125,0.33704333503955886,0.06438314251611947,1.2,0.0,0.0,0.0,0.0,0.0
17.135416666666668,0.33711417398152893,0.06436656411364972,1.2,0.0,0.0,0.0,0.0,0.0
17.145833333333332,0.3371842609710032,0.06434999342514547,1.2,0.0,0.0,0.0,0.0,0.0
17.15625,0.337253586962791,0.06433343040804142,1.2,0.0,0.0,0.0,0.0,0.0
17.166666666666668,0.3373221435582889,0.06431687501944922,1.2,0.0,0.0,0.0,0.0,0.0
17.177083333333332,0.3373899230007794,0.0643003272161894,1.2,0.0,0.0,0.0,0.0,0.0
17.1875,0.3374569181697912,0.06428378695482306,1.2,0.0,0.0,0.0,0.0,0.0
17.197916666666668,0.33752312257456035,0.06426725419168298,1.2,0.0,0.0,0.0,0.0,0.0
17.208333333333332,0.3375885303466369,0.06425072888290424,1.2,0.0,0.0,0.0,0.0,0.0
17.21875,0.3376531362316785,0.06423421098445445,1.2,0.0,0.0,0.0,0.0,0.0
17.229166666666668,0.33771693558047744,0.06421770045216327,1.2,0.0,0.0,0.0,0.0,0.0
17.239583333333332,0.3377799243392651,0.06420119724175148,1.2,0.0,0.0,0.0,0.0,0.0
17.25,0.33784209903934004,0.06418470130885932,1.2,0.0,0.0,0.0,0.0,0.0
17.260416666666668,0.33790345678606537,0.06416821260907425,1.2,0.0,0.0,0.0,0.0,0.0
17.270833333333332,0.33794739363417536,0.06415488254176231,1.2,0.0,0.01992193572828029,0.0,0.0,0.0
17.28125,0.3379731418984229,0.06414489598283232,1.2,0.0,0.04103466053527897,0.0,0.0,0.0
17.291666666666668,0.33797468228866834,0.0641394387593483,1.2,0.0,0.06966222147401761,0.0,0.0,0.0
17.302083333333332,0.3379554483184981,0.06413792038073603,1.2,0.0,0.09456612756825362,0.0,0.0,0.0
17.3125,0.33793120778551905,0.06413740205927858,1.2,0.0,0.10088953522685871,0.0,0.0,0.0
17.322916666666668,0.3378928834376169,0.06413961957125641,1.2,0.0,0.1181855977525496,0.0,0.0,0.0
17.333333333333332,0.33780929121672637,0.06415053083574075,1.2,0.0,0.17312734737610339,0.0,0.0,0.0
17.34375,0.3377076976974312,0.06416507758293452,1.2,0.0,0.19606081201133663,0.0,0.0,0.0
17.354166666666668,0.33761804813825297,0.06417761172068434,1.2,0.0,0.18330786835958876,0.0,0.0,0.0
17.364583333333332,0.3375175746584609,0.06419242544225862,1.2,0.0,0.19765518224137574,0.0,0.0,0.0
17.375,0.33741038236109616,0.06420876068503693,1.2,0.0,0.2072008886732303,0.0,0.0,0.0
17.385416666666668,0.3372446493777848,0.06423649754862326,1.2,0.0,0.2789859667473758,0.0,0.0,0.0
17.395833333333332,0.3370704967355299,0.0642662276438848,1.2,0.0,0.2913712315522747,0.0,0.0,0.0
17.40625,0.3369252932793698,0.06429082409504543,1.2,0.0,0.25890734757627637,0.0,0.0,0.0
17.416666666666668,0.3367411157822836,0.06432317090892575,1.2,0.0,0.3074772140373681,0.0,0.0,0.0
17.427083333333332,0.3365866814686449,0.06435020861325323,1.2,0.0,0.2739443261729625,0.0,0.0,0.0
17.4375,0.3363853084542084,0.06438652454916058,1.2,0.0,0.3319728708469726,0.0,0.0,0.0
17.447916666666668,0.3361762814662059,0.06442468008568833,1.2,0.0,0.34322885821177734,0.0,0.0,0.0
17.458333333333332,0.33594358894444204,0.06446773829461101,1.2,0.0,0.37359998110014186,0.0,0.0,0.0
17.46875,0.33574042914983276,0.06450549791479854,1.2,0.0,0.34014388109967847,0.0,0.0,0.0
17.479166666666668,0.33554270699786065,0.06454250460973672,1.2,0.0,0.3351670061354788,0.0,0.0,0.0
17.489583333333332,0.3353673056208111,0.06457547156600967,1.2,0.0,0.309724961002429,0.0,0.0,0.0
17.5,0.33513819889615776,0.06461899556795953,1.2,0.0,0.375227277177012,0.0,0.0,0.0
17.510416666666668,0.3349152573282846,0.06466157931243985,1.2,0.0,0.3690165724618887,0.0,0.0,0.0
17.520833333333332,0.33466698363637004,0.06470926967775562,1.2,0.0,0.4003621672118539,0.0,0.0,0.0
17.53125,0.33447158942557637,0.06474692366983965,1.2,0.0,0.33771942922980935,0.0,0.0,0.0
17.541666666666668,0.33428169323629975,0.06478363034855454,1.2,0.0,0.33158202514384083,0.0,0.0,0.0
17.552083333333332,0.33405393571069864,0.0648277732122609,1.2,0.0,0.3773115449387444,0.0,0.0,0.0
17.5625,0.3338847718644265,0.06486061744859115,1.2,0.0,0.3071572642603679,0.0,0.0,0.0
17.572916666666668,0.3336943094202126,0.06489763789330279,1.2,0.0,0.3327215997233339,0.0,0.0,0.0
17.583333333333332,0.3335402638258301,0.06492761087194299,1.2,0.0,0.2890213799257347,0.0,0.0,0.0
17.59375,0.3333916334993148,0.06495655644535905,1.2,0.0,0.2825230584850143,0.0,0.0,0.0
17.604166666666668,0.3332407592071613,0.06498596543631723,1.2,0.0,0.2852158172508269,0.0,0.0,0.0
17.614583333333332,0.3331056917336259,0.06501231590220408,1.2,0.0,0.26624763490911146,0.0,0.0,0.0
17.625,0.3329636808061913,0.06504004402934872,1.2,0.0,0.27457977958820023,0.0,0.0,0.0
17.635416666666668,0.33284692000847643,0.06506285970516776,1.2,0.0,0.24427962392451308,0.0,0.0,0.0
17.645833333333332,0.332747472660572,0.06508230486817086,1.2,0.0,0.22350348415200075,0.0,0.0,0.0
17.65625,0.33267438125344495,0.06509660400723881,1.2,0.0,0.19187635521912277,0.0,0.0,0.0
17.666666666666668,0.3325783663763576,0.06511539729948045,1.2,0.0,0.21938451917145438,0.0,0.0,0.0
17.677083333333332,0.3325076538782375,0.06512924501803799,1.2,0.0,0.18902166441085333,0.0,0.0,0.0
17.6875,0.3324498101361597,0.06514057701202831,1.2,0.0,0.17357915716004596,0.0,0.0,0.0
17.697916666666668,0.3324345993309569,0.06514355757009814,1.2,0.0,0.1224196329100049,0.0,0.0,0.0
17.708333333333332,0.33242260857146777,0.06514590735230594,1.2,0.0,0.11855557805365352,0.0,0.0,0.0
17.71875,0.332430871417214,0.06514428809660579,1.2,0.0,0.09425125177115672,0.0,0.0,0.0
17.729166666666668,0.33246043558168675,0.06513849511722651,1.2,0.0,0.06868966929936596,0.0,0.0,0.0
17.739583333333332,0.3325055562795913,0.06512965588340129,1.2,0.0,0.05002182918126284,0.0,0.0,0.0
17.75,0.3325719266200454,0.06511665816143908,1.2,0.0,0.02452225812170878,0.0,0.0,0.0
17.760416666666668,0.332658732175601,0.06509966631020866,1.2,0.0,0.0,0.0,0.0,0.0
17.770833333333332,0.33274553773115656,0.06508268332453418,1.2,0.0,0.0,0.0,0.0,0.0
17.78125,0.33283234328671213,0.06506570919747896,1.2,0.0,0.0,0.0,0.0,0.0
17.791666666666668,0.3329191488422677,0.06504874392211361,1.2,0.0,0.0,0.0,0.0,0.0
17.802083333333332,0.33300595439782327,0.06503178749151596,1.2,0.0,0.0,0.0,0.0,0.0
17.8125,0.33309275995337884,0.06501483989877103,1.2,0.0,0.0,0.0,0.0,0.0
17.822916666666668,0.3331795655089344,0.06499790113697107,1.2,0.0,0.0,0.0,0.0,0.0
17.833333333333332,0.33326637106449,0.06498097119921552,1.2,0.0,0.0,0.0,0.0,0.0
17.84375,0.33335317662004554,0.06496405007861099,1.2,0.0,0.0,0.0,0.0,0.0
17.854166666666668,0.3334399821756011,0.06494713776827131,1.2,0.0,0.0,0.0,0.0,0.0
17.864583333333332,0.3335267877311567,0.06493023426131743,1.2,0.0,0.0,0.0,0.0,0.0
17.875,0.33361359328671225,0.06491333955087748,1.2,0.0,0.0,0.0,0.0,0.0
17.885416666666668,0.3337003988422678,0.06489645363008678,1.2,0.0,0.0,0.0,0.0,0.0
17.895833333333332,0.3337872043978234,0.06487957649208771,1.2,0.0,0.0,0.0,0.0,0.0
17.90625,0.33387400995337896,0.06486270813002984,1.2,0.0,0.0,0.0,0.0,0.0
17.916666666666668,0.3339608155089345,0.06484584853706986,1.2,0.0,0.0,0.0,0.0,0.0
17.927083333333332,0.3340476210644901,0.06482899770637154,1.2,0.0,0.0,0.0,0.0,0.0
17.9375,0.3341344227106333,0.06481215563090875,1.2,0.0,0.0,0.0,0.0,0.0
17.947916666666668,0.33422119711615095,0.06479532230248781,1.2,0.0,0.0,0.0,0.0,0.0
17.958333333333332,0.33430791832420875,0.06477849771161942,1.2,0.0,0.0,0.0,0.0,0.0
17.96875,0.33439456042998017,0.06476168184752558,1.2,0.0,0.0,0.0,0.0,0.0
17.979166666666668,0.33448109761159783,0.06474487469814814,1.2,0.0,0.0,0.0,0.0,0.0
17.989583333333332,0.3345675041609167,0.06472807625015886,1.2,0.0,0.0,0.0,0.0,0.0
18.0,0.33465375451401125,0.06471128648897093,1.2,0.0,0.0,0.0,0.0,0.0
18.010416666666668,0.3347398232813301,0.06469450539875189,1.2,0.0,0.0,0.0,0.0,0.0
18.020833333333332,0.33482568527743234,0.06467773296243812,1.2,0.0,0.0,0.0,0.0,0.0
18.03125,0.3349113155502322,0.0646609691617506,1.2,0.0,0.0,0.0,0.0,0.0
18.041666666666668,0.33499668940968047,0.06464421397721211,1.2,0.0,0.0,0.0,0.0,0.0
18.052083333333332,0.33508178245581377,0.06462746738816566,1.2,0.0,0.0,0.0,0.0,0.0
18.0625,0.33516657060610405,0.06461072937279429,1.2,0.0,0.0,0.0,0.0,0.0
18.072916666666668,0.33525103012204593,0.06459399990814206,1.2,0.0,0.0,0.0,0.0,0.0
18.083333333333332,0.33533513763492034,0.0645772789701362,1.2,0.0,0.0,0.0,0.0,0.0
18.09375,0.33541887017067756,0.06456056653361045,1.2,0.0,0.0,0.0,0.0,0.0
18.104166666666668,0.33550220517388646,0.06454386257232941,1.2,0.0,0.0,0.0,0.0,0.0
18.114583333333332,0.3355851205306992,0.06452716705901394,1.2,0.0,0.0,0.0,0.0,0.0
18.125,0.3356675945907863,0.06451047996536759,1.2,0.0,0.0,0.0,0.0,0.0
18.135416666666668,0.33574960618819966,0.06449380126210379,1.2,0.0,0.0,0.0,0.0,0.0
18.145833333333332,0.33583113466112596,0.06447713091897406,1.2,0.0,0.0,0.0,0.0,0.0
18.15625,0.33591215987049755,0.06446046890479688,1.2,0.0,0.0,0.0,0.0,0.0
18.166666666666668,0.3359926622174306,0.06444381518748733,1.2,0.0,0.0,0.0,0.0,0.0
18.177083333333332,0.336072622659467,0.06442716973408741,1.2,0.0,0.0,0.0,0.0,0.0
18.1875,0.33615202272559874,0.0644105325107969,1.2,0.0,0.0,0.0,0.0,0.0
18.197916666666668,0.3362308445300596,0.06439390348300487,1.2,0.0,0.0,0.0,0.0,0.0
18.208333333333332,0.3363090707848721,0.06437728261532151,1.2,0.0,0.0,0.0,0.0,0.0
18.21875,0.33638668481114264,0.06436066987161046,1.2,0.0,0.0,0.0,0.0,0.0
18.229166666666668,0.3364636705491017,0.06434406521502149,1.2,0.0,0.0,0.0,0.0,0.0
18.239583333333332,0.3365400125668902,0.06432746860802345,1.2,0.0,0.0,0.0,0.0,0.0
18.25,0.33661569606809755,0.06431088001243736,1.2,0.0,0.0,0.0,0.0,0.0
18.260416666666668,0.33669070689805974,0.06429429938946983,1.2,0.0,0.0,0.0,0.0,0.0
18.270833333333332,0.33674618183294386,0.06428132471201194,1.2,0.0,0.02261965918477712,0.0,0.0,0.0
18.28125,0.3367854343417843,0.06427135125412337,1.2,0.0,0.041462631951598036,0.0,0.0,0.0
18.291666666666668,0.33680813132945187,0.06426446779214573,1.2,0.0,0.06088008400380127,0.0,0.0,0.0
18.302083333333332,0.3368132883334599,0.06426089006811472,1.2,0.0,0.08166543006676812,0.0,0.0,0.0
18.3125,0.3367850861218414,0.06426366787375348,1.2,0.0,0.12163651827225526,0.0,0.0,0.0
18.322916666666668,0.3367322648369465,0.0642711966066292,1.2,0.0,0.1515060238456807,0.0,0.0,0.0
18.333333333333332,0.336665120711522,0.06428155794271939,1.2,0.0,0.16929631695568817,0.0,0.0,0.0
18.34375,0.33658926250423254,0.06429370680722793,1.2,0.0,0.1805029125709959,0.0,0.0,0.0
18.354166666666668,0.3364868293548765,0.06431107072522703,1.2,0.0,0.21321739656561206,0.0,0.0,0.0
18.364583333333332,0.3364096498059442,0.06432378697034088,1.2,0.0,0.18398871006955847,0.0,0.0,0.0
18.375,0.33632234193227784,0.06433857073731916,1.2,0.0,0.19692447276432165,0.0,0.0,0.0
18.385416666666668,0.33621482945998077,0.06435736530312541,1.2,0.0,0.22202464824583906,0.0,0.0,0.0
18.395833333333332,0.3360852432380566,0.06438056056651306,1.2,0.0,0.2495222579197828,0.0,0.0,0.0
18.40625,0.33595059174379505,0.06440492827227272,1.2,0.0,0.25675331886159497,0.0,0.0,0.0
18.416666666666668,0.335785524338997,0.06443533075694423,1.2,0.0,0.2943765999216655,0.0,0.0,0.0
18.427083333333332,0.33559209417750296,0.06447141504382049,1.2,0.0,0.32968768920117925,0.0,0.0,0.0
18.4375,0.3354424530129334,0.06449933595049576,1.2,0.0,0.27849243418639924,0.0,0.0,0.0
18.447916666666668,0.3352590131479767,0.0645339372520505,1.2,0.0,0.3199902507442247,0.0,0.0,0.0
18.458333333333332,0.33503358171965075,0.06457683334937132,1.2,0.0,0.3714052776515851,0.0,0.0,0.0
18.46875,0.3348738579568644,0.06460727922559462,1.2,0.0,0.29362522325966534,0.0,0.0,0.0
18.479166666666668,0.3346809756818488,0.06464425936335669,1.2,0.0,0.3340456908646953,0.0,0.0,0.0
18.489583333333332,0.334438824665318,0.06469091063072516,1.2,0.0,0.393788579235809,0.0,0.0,0.0
18.5,0.3342564934528796,0.06472613417052442,1.2,0.0,0.32256576079911187,0.0,0.0,0.0
18.510416666666668,0.33404703990953366,0.06476669665333167,1.2,0.0,0.3553748221380099,0.0,0.0,0.0
18.520833333333332,0.33381129268355114,0.06481243603468052,1.2,0.0,0.3870587603548695,0.0,0.0,0.0
18.53125,0.3335890656295885,0.06485561214026703,1.2,0.0,0.3708391314218409,0.0,0.0,0.0
18.541666666666668,0.3334133256849973,0.06488979710171253,1.2,0.0,0.31505460017612674,0.0,0.0,0.0
18.552083333333332,0.33324121629614917,0.06492331079322339,1.2,0.0,0.31069793328448087,0.0,0.0,0.0
18.5625,0.33304738339663403,0.06496109602801141,1.2,0.0,0.33676614608481303,0.0,0.0,0.0
18.572916666666668,0.33288030742323654,0.06499370065528978,1.2,0.0,0.30465783474364255,0.0,0.0,0.0
18.583333333333332,0.33267594835100134,0.06503362555047047,1.2,0.0,0.34939755334889483,0.0,0.0,0.0
18.59375,0.3324810384713113,0.06507175011898761,1.2,0.0,0.33805852229472777,0.0,0.0,0.0
18.604166666666668,0.33235287360828814,0.06509684366444166,1.2,0.0,0.25796450229446694,0.0,0.0,0.0
18.614583333333332,0.3321898497220604,0.06512879027703146,1.2,0.0,0.29979533013996607,0.0,0.0,0.0
18.625,0.3320754612991014,0.06515122487542024,1.2,0.0,0.24143277421745457,0.0,0.0,0.0
18.635416666666668,0.3319293006411674,0.06517991335177532,1.2,0.0,0.27955945618749267,0.0,0.0,0.0
18.645833333333332,0.3318288099275262,0.06519965237325817,1.2,0.0,0.22475552303607313,0.0,0.0,0.0
18.65625,0.33175388408060535,0.06521437756385104,1.2,0.0,0.19407768297173622,0.0,0.0,0.0
18.666666666666668,0.3316946959303308,0.06522601452526969,1.2,0.0,0.1751924469961465,0.0,0.0,0.0
18.677083333333332,0.3316325323851072,0.06523824095032678,1.2,0.0,0.1787629209349977,0.0,0.0,0.0
18.6875,0.33160764102979956,0.06524313790695328,1.2,0.0,0.13403629303583905,0.0,0.0,0.0
18.697916666666668,0.3315886950850139,0.06524686569655153,1.2,0.0,0.12690180040948681,0.0,0.0,0.0
18.708333333333332,0.3315700147574446,0.06525054164060508,1.2,0.0,0.12658305974979622,0.0,0.0,0.0
18.71875,0.3315777759363692,0.06524901433339285,1.2,0.0,0.09485325195706773,0.0,0.0,0.0
18.729166666666668,0.33161479242811803,0.06524173091402846,1.2,0.0,0.05974687656807169,0.0,0.0,0.0
18.739583333333332,0.33166904602324687,0.06523105883444505,1.2,0.0,0.03906235251206311,0.0,0.0,0.0
18.75,0.33173667057217965,0.06521776147747069,1.2,0.0,0.023017207947350057,0.0,0.0,0.0
18.760416666666668,0.3318234761277352,0.06520070040607451,1.2,0.0,0.0,0.0,0.0,0.0
18.770833333333332,0.3319102816832908,0.06518364825875127,1.2,0.0,0.0,0.0,0.0,0.0
18.78125,0.33199708723884636,0.06516660502850097,1.2,0.0,0.0,0.0,0.0,0.0
18.791666666666668,0.3320838927944019,0.06514957070833094,1.2,0.0,0.0,0.0,0.0,0.0
18.802083333333332,0.3321706983499575,0.06513254529125581,1.2,0.0,0.0,0.0,0.0,0.0
18.8125,0.33225750390551306,0.06511552877029753,1.2,0.0,0.0,0.0,0.0,0.0
18.822916666666668,0.33234430946106863,0.0650985211384853,1.2,0.0,0.0,0.0,0.0,0.0
18.833333333333332,0.3324311150166242,0.06508152238885564,1.2,0.0,0.0,0.0,0.0,0.0
18.84375,0.33251792057217977,0.06506453251445234,1.2,0.0,0.0,0.0,0.0,0.0
18.854166666666668,0.33260472612773534,0.06504755150832643,1.2,0.0,0.0,0.0,0.0,0.0
18.864583333333332,0.3326915316832909,0.0650305793635362,1.2,0.0,0.0,0.0,0.0,0.0
18.875,0.3327783372388465,0.06501361607314719,1.2,0.0,0.0,0.0,0.0,0.0
18.885416666666668,0.33286514279440205,0.06499666163023217,1.2,0.0,0.0,0.0,0.0,0.0
18.895833333333332,0.3329519483499576,0.06497971602787113,1.2,0.0,0.0,0.0,0.0,0.0
18.90625,0.3330387539055132,0.0649627792591513,1.2,0.0,0.0,0.0,0.0,0.0
18.916666666666668,0.33312555946106875,0.06494585131716706,1.2,0.0,0.0,0.0,0.0,0.0
18.927083333333332,0.3332123650166243,0.06492893219502004,1.2,0.0,0.0,0.0,0.0,0.0
18.9375,0.3332991705721799,0.06491202188581902,1.2,0.0,0.0,0.0,0.0,0.0
18.947916666666668,0.33338597612773546,0.06489512038267997,1.2,0.0,0.0,0.0,0.0,0.0
18.958333333333332,0.33347278168329103,0.06487822767872606,1.2,0.0,0.0,0.0,0.0,0.0
18.96875,0.3335595872388466,0.06486134376708756,1.2,0.0,0.0,0.0,0.0,0.0
18.979166666666668,0.33364639279440217,0.06484446864090193,1.2,0.0,0.0,0.0,0.0,0.0
18.989583333333332,0.33373319834995774,0.06482760229331376,1.2,0.0,0.0,0.0,0.0,0.0
19.0,0.3338200039055133,0.06481074471747478,1.2,0.0,0.0,0.0,0.0,0.0
19.010416666666668,0.3339068094610689,0.06479389590654382,1.2,0.0,0.0,0.0,0.0,0.0
19.020833333333332,0.33399361501662445,0.06477705585368682,1.2,0.0,0.0,0.0,0.0,0.0
19.03125,0.33408042057218,0.06476022455207686,1.2,0.0,0.0,0.0,0.0,0.0
19.041666666666668,0.3341672149784356,0.0647434019943328,1.2,0.0,0.0,0.0,0.0,0.0
19.052083333333332,0.33425397233214893,0.06472658817177908,1.2,0.0,0.0,0.0,0.0,0.0
19.0625,0.3343406666924902,0.06470978307444811,1.2,0.0,0.0,0.0,0.0,0.0
19.072916666666668,0.3344272721823493,0.06469298669108797,1.2,0.0,0.0,0.0,0.0,0.0
19.083333333333332,0.3345137630192256,0.06467619900917143,1.2,0.0,0.0,0.0,0.0,0.0
19.09375,0.33460011354589947,0.06465942001490656,1.2,0.0,0.0,0.0,0.0,0.0
19.104166666666668,0.3346862982608092,0.06464264969324875,1.2,0.0,0.0,0.0,0.0,0.0
19.114583333333332,0.3347722918480561,0.0646258880279143,1.2,0.0,0.0,0.0,0.0,0.0
19.125,0.3348580692069639,0.06460913500139528,1.2,0.0,0.0,0.0,0.0,0.0
19.135416666666668,0.3349436054811187,0.06459239059497589,1.2,0.0,0.0,0.0,0.0,0.0
19.145833333333332,0.33502887608681947,0.06457565478875002,1.2,0.0,0.0,0.0,0.0,0.0
19.15625,0.33511385674087074,0.06455892756164035,1.2,0.0,0.0,0.0,0.0,0.0
19.166666666666668,0.33519852348765133,0.06454220889141846,1.2,0.0,0.0,0.0,0.0,0.0
19.177083333333332,0.3352828527253975,0.06452549875472623,1.2,0.0,0.0,0.0,0.0,0.0
19.1875,0.3353668212316403,0.06450879712709849,1.2,0.0,0.0,0.0,0.0,0.0
19.197916666666668,0.335450406187742,0.06449210398298673,1.2,0.0,0.0,0.0,0.0,0.0
19.208333333333332,0.33553358520247883,0.06447541929578376,1.2,0.0,0.0,0.0,0.0,0.0
19.21875,0.33561633633462185,0.06445874303784957,1.2,0.0,0.0,0.0,0.0,0.0
19.229166666666668,0.3356986381144717,0.06444207518053789,1.2,0.0,0.0,0.0,0.0,0.0
19.239583333333332,0.33578046956430657,0.06442541569422394,1.2,0.0,0.0,0.0,0.0,0.0
19.25,0.33586181021770756,0.06440876454833269,1.2,0.0,0.0,0.0,0.0,0.0
19.260416666666668,0.33594264013772956,0.0643921217113681,1.2,0.0,0.0,0.0,0.0,0.0
19.270833333333332,0.3360019630923445,0.0643795061583945,1.2,0.0,0.02517220985478942,0.0,0.0,0.0
19.28125,0.3360462788467174,0.06436969252536973,1.2,0.0,0.04269676625778404,0.0,0.0,0.0
19.291666666666668,0.33606609241572827,0.06436451484848459,1.2,0.0,0.07172826461166679,0.0,0.0,0.0
19.302083333333332,0.3360707004893517,0.06436222292506996,1.2,0.0,0.08980630100425932,0.0,0.0,0.0
19.3125,0.3360527856403586,0.06436423835071685,1.2,0.0,0.1167943735189574,0.0,0.0,0.0
19.322916666666668,0.33600457019087177,0.064372082834253,1.2,0.0,0.1533079113044522,0.0,0.0,0.0
19.333333333333332,0.3359476416115618,0.064381663776316,1.2,0.0,0.1641683583708839,0.0,0.0,0.0
19.34375,0.3358649094543339,0.0643962691211183,1.2,0.0,0.19559809335256037,0.0,0.0,0.0
19.354166666666668,0.33577909251981725,0.06441157739876797,1.2,0.0,0.19995233215442387,0.0,0.0,0.0
19.364583333333332,0.33569496687325967,0.06442667207520232,1.2,0.0,0.19856969997633853,0.0,0.0,0.0
19.375,0.33555953329114935,0.06445172412351653,1.2,0.0,0.2607438115575864,0.0,0.0,0.0
19.385416666666668,0.33540518978598094,0.06448057720359572,1.2,0.0,0.2843475309921942,0.0,0.0,0.0
19.395833333333332,0.3352895414025546,0.06450216328046865,1.2,0.0,0.238859986037331,0.0,0.0,0.0
19.40625,0.33516428676839843,0.06452571676195784,1.2,0.0,0.2510321748495482,0.0,0.0,0.0
19.416666666666668,0.33502879031274874,0.0645513629703553,1.2,0.0,0.26395817814483136,0.0,0.0,0.0
19.427083333333332,0.3348977246499963,0.06457627411879319,1.2,0.0,0.25925594527592927,0.0,0.0,0.0
19.4375,0.3347216962301608,0.06460996641621097,1.2,0.0,0.3137335968521409,0.0,0.0,0.0
19.447916666666668,0.33457148379018353,0.06463880093635886,1.2,0.0,0.283344129068274,0.0,0.0,0.0
19.458333333333332,0.3343407320664039,0.06468330380604011,1.2,0.0,0.3803931154140189,0.0,0.0,0.0
19.46875,0.33418025396207685,0.06471432690802194,1.2,0.0,0.2965002208723586,0.0,0.0,0.0
19.479166666666668,0.3340021945472747,0.0647488158142997,1.2,0.0,0.3177707497442869,0.0,0.0,0.0
19.489583333333332,0.3338019868877468,0.06478765083878435,1.2,0.0,0.34441584813729037,0.0,0.0,0.0
19.5,0.3335834958005547,0.06483008556486221,1.2,0.0,0.36635597129720776,0.0,0.0,0.0
19.510416666666668,0.333379673803588,0.064869721447136,1.2,0.0,0.3487530630266367,0.0,0.0,0.0
19.520833333333332,0.33316958058158375,0.06491062760899376,1.2,0.0,0.3562785330718135,0.0,0.0,0.0
19.53125,0.333000538527932,0.0649435783839185,1.2,0.0,0.3070171310487635,0.0,0.0,0.0
19.541666666666668,0.3327720538381998,0.06498816930790384,1.2,0.0,0.3783482943452828,0.0,0.0,0.0
19.552083333333332,0.3325727169443908,0.06502712181105322,1.2,0.0,0.34337093923751033,0.0,0.0,0.0
19.5625,0.33237417984258855,0.06506596446817244,1.2,0.0,0.342411188829377,0.0,0.0,0.0
19.572916666666668,0.33220547380754445,0.06509900733395045,1.2,0.0,0.30661390871955174,0.0,0.0,0.0
19.583333333333332,0.33204235416885824,0.06513098797263049,1.2,0.0,0.29991023309010584,0.0,0.0,0.0
19.59375,0.3318637938595246,0.0651660318959954,1.2,0.0,0.31843903786704886,0.0,0.0,0.0
19.604166666666668,0.33172263636843086,0.06519376191064763,1.2,0.0,0.27355565597913706,0.0,0.0,0.0
19.614583333333332,0.3315722955961644,0.06522332192106702,1.2,0.0,0.28457559338636673,0.0,0.0,0.0
19.625,0.3314482298993609,0.0652477359204552,1.2,0.0,0.2530455028308651,0.0,0.0,0.0
19.635416666666668,0.3313032345157133,0.06527629169509397,1.2,0.0,0.27816112704375934,0.0,0.0,0.0
19.645833333333332,0.33118593186787504,0.06529941188565795,1.2,0.0,0.24492984407261642,0.0,0.0,0.0
19.65625,0.331088600408035,0.06531860821883793,1.2,0.0,0.22096441847472278,0.0,0.0,0.0
19.666666666666668,0.3310030198104606,0.06533549629897478,1.2,0.0,0.20686338375594632,0.0,0.0,0.0
19.677083333333332,0.33096471134783323,0.0653430587439497,1.2,0.0,0.15013682181951507,0.0,0.0,0.0
19.6875,0.3309392499737554,0.06534808602331352,1.2,0.0,0.13472031556008304,0.0,0.0,0.0
19.697916666666668,0.3309112232066402,0.06535362072706473,1.2,0.0,0.13779878720492922,0.0,0.0,0.0
19.708333333333332,0.3308982569324586,0.06535618161382478,1.2,0.0,0.11972619568456114,0.0,0.0,0.0
19.71875,0.33091417225737957,0.06535303830672833,1.2,0.0,0.08506827676150772,0.0,0.0,0.0
19.729166666666668,0.33094011427486303,0.06534791535671645,1.2,0.0,0.07303624568651791,0.0,0.0,0.0
19.739583333333332,0.3309892023695751,0.06533822378782146,1.2,0.0,0.04526095301221561,0.0,0.0,0.0
19.75,0.3310547144195469,0.06532529407924031,1.2,0.0,0.025552206700440182,0.0,0.0,0.0
19.760416666666668,0.3311415199751025,0.06530816968346896,1.2,0.0,0.0,0.0,0.0,0.0
19.770833333333332,0.33122832553065806,0.0652910542633351,1.2,0.0,0.0,0.0,0.0,0.0
19.78125,0.33131513108621363,0.06527394781178382,1.2,0.0,0.0,0.0,0.0,0.0
19.791666666666668,0.3314019366417692,0.06525685032176755,1.2,0.0,0.0,0.0,0.0,0.0
19.802083333333332,0.33148874219732477,0.06523976178624613,1.2,0.0,0.0,0.0,0.0,0.0
19.8125,0.33157554775288034,0.06522268219818679,1.2,0.0,0.0,0.0,0.0,0.0
19.822916666666668,0.3316623533084359,0.0652056115505641,1.2,0.0,0.0,0.0,0.0,0.0
19.833333333333332,0.3317491588639915,0.06518854983636001,1.2,0.0,0.0,0.0,0.0,0.0
19.84375,0.33183596441954705,0.06517149704856376,1.2,0.0,0.0,0.0,0.0,0.0
19.854166666666668,0.3319227699751026,0.06515445318017198,1.2,0.0,0.0,0.0,0.0,0.0
19.864583333333332,0.3320095755306582,0.0651374182241886,1.2,0.0,0.0,0.0,0.0,0.0
19.875,0.33209638108621375,0.06512039217362488,1.2,0.0,0.0,0.0,0.0,0.0
19.885416666666668,0.3321831866417693,0.06510337502149934,1.2,0.0,0.0,0.0,0.0,0.0
19.895833333333332,0.3322699921973249,0.06508636676083784,1.2,0.0,0.0,0.0,0.0,0.0
19.90625,0.33235679775288046,0.06506936738467353,1.2,0.0,0.0,0.0,0.0,0.0
19.916666666666668,0.33244360330843603,0.0650523768860468,1.2,0.0,0.0,0.0,0.0,0.0
19.927083333333332,0.3325304088639916,0.06503539525800534,1.2,0.0,0.0,0.0,0.0,0.0
19.9375,0.33261721441954717,0.06501842249360408,1.2,0.0,0.0,0.0,0.0,0.0
19.947916666666668,0.33270401997510274,0.06500145858590521,1.2,0.0,0.0,0.0,0.0,0.0
19.958333333333332,0.3327908255306583,0.06498450352797813,1.2,0.0,0.0,0.0,0.0,0.0
19.96875,0.3328776310862139,0.06496755731289952,1.2,0.0,0.0,0.0,0.0,0.0
19.979166666666668,0.33296443664176945,0.06495061993375323,1.2,0.0,0.0,0.0,0.0,0.0
19.989583333333332,0.333051242197325,0.06493369138363034,1.2,0.0,0.0,0.0,0.0,0.0
20.0,0.3331380477528806,0.06491677165562913,1.2,0.0,0.0,0.0,0.0,0.0
20.010416666666668,0.33322485330843615,0.06489986074285509,1.2,0.0,0.0,0.0,0.0,0.0
20.020833333333332,0.3333116588639917,0.06488295863842086,1.2,0.0,0.0,0.0,0.0,0.0
20.03125,0.3333984644195473,0.06486606533544628,1.2,0.0,0.0,0.0,0.0,0.0
20.041666666666668,0.33348526997510286,0.06484918082705834,1.2,0.0,0.0,0.0,0.0,0.0
20.052083333333332,0.33357207553065843,0.06483230510639121,1.2,0.0,0.0,0.0,0.0,0.0
20.0625,0.333658881086214,0.06481543816658614,1.2,0.0,0.0,0.0,0.0,0.0
20.072916666666668,0.33374568664176957,0.06479858000079157,1.2,0.0,0.0,0.0,0.0,0.0
20.083333333333332,0.33383249219732514,0.06478173060216307,1.2,0.0,0.0,0.0,0.0,0.0
20.09375,0.3339192977528807,0.06476488996386329,1.2,0.0,0.0,0.0,0.0,0.0
20.104166666666668,0.3340061033084363,0.06474805807906202,1.2,0.0,0.0,0.0,0.0,0.0
20.114583333333332,0.3340929087997757,0.06473123494093291,1.2,0.0,0.0,0.0,0.0,0.0
20.125,0.3341796994745072,0.06471442054191442,1.2,0.0,0.0,0.0,0.0,0.0
20.135416666666668,0.334266449361899,0.06469761487314832,1.2,0.0,0.0,0.0,0.0,0.0
20.145833333333332,0.33435313252837984,0.06468081792448595,1.2,0.0,0.0,0.0,0.0,0.0
20.15625,0.334439723108553,0.06466402968449599,1.2,0.0,0.0,0.0,0.0,0.0
20.166666666666668,0.3345261953360589,0.06464725014047377,1.2,0.0,0.0,0.0,0.0,0.0
20.177083333333332,0.33461252357420923,0.0646304792784521,1.2,0.0,0.0,0.0,0.0,0.0
20.1875,0.33469868234631506,0.06461371708321352,1.2,0.0,0.0,0.0,0.0,0.0
20.197916666666668,0.3347846463656323,0.06459696353830396,1.2,0.0,0.0,0.0,0.0,0.0
20.208333333333332,0.33487039056485085,0.06458021862604796,1.2,0.0,0.0,0.0,0.0,0.0
20.21875,0.33495589012505406,0.06456348232756508,1.2,0.0,0.0,0.0,0.0,0.0
20.229166666666668,0.3350411205040787,0.06454675462278779,1.2,0.0,0.0,0.0,0.0,0.0
20.239583333333332,0.3351260574642075,0.06453003549048059,1.2,0.0,0.0,0.0,0.0,0.0
20.25,0.33521067709912866,0.06451332490826034,1.2,0.0,0.0,0.0,0.0,0.0
20.260416666666668,0.3352949558601008,0.06449662285261794,1.2,0.0,0.0,0.0,0.0,0.0
20.270833333333332,0.3353607768721355,0.06448340818247719,1.2,0.0,0.021712450954300685,0.0,0.0,0.0
20.28125,0.33540147731132,0.06447496950300963,1.2,0.0,0.05149552586152395,0.0,0.0,0.0
20.291666666666668,0.3354226623916064,0.0644702464503921,1.2,0.0,0.07468138462684848,0.0,0.0,0.0
20.302083333333332,0.3354364249724762,0.0644669307044494,1.2,0.0,0.08346461522975682,0.0,0.0,0.0
20.3125,0.3354120336131944,0.0644709351215169,1.2,0.0,0.12916794389277755,0.0,0.0,0.0
20.322916666666668,0.33538073045575606,0.0644762918546596,1.2,0.0,0.13760582936909707,0.0,0.0,0.0
20.333333333333332,0.335317398952146,0.06448783757352533,1.2,0.0,0.1762206941126565,0.0,0.0,0.0
20.34375,0.3352709683223906,0.0644961928134423,1.2,0.0,0.1562931354631625,0.0,0.0,0.0
20.354166666666668,0.33518647732781,0.06451191463845371,1.2,0.0,0.20221418692241488,0.0,0.0,0.0
20.364583333333332,0.3350696846731868,0.06453393382205429,1.2,0.0,0.24140570439456294,0.0,0.0,0.0
20.375,0.33498657528065073,0.06454956453966723,1.2,0.0,0.2015308951071035,0.0,0.0,0.0
20.385416666666668,0.33487596614283954,0.06457056175285705,1.2,0.0,0.2348841164909571,0.0,0.0,0.0
20.395833333333332,0.3347284707831427,0.0645987590720219,1.2,0.0,0.2795737611941566,0.0,0.0,0.0
20.40625,0.3346137001101142,0.06462073948273638,1.2,0.0,0.24079368547814953,0.0,0.0,0.0
20.416666666666668,0.33442852115216365,0.06465639566665621,1.2,0.0,0.3256022915825708,0.0,0.0,0.0
20.427083333333332,0.33426350707983316,0.06468825301037892,1.2,0.0,0.30180367991254886,0.0,0.0,0.0
20.4375,0.334107976404257,0.06471834287698654,1.2,0.0,0.2906598361315804,0.0,0.0,0.0
20.447916666666668,0.3339175544368532,0.06475524567904162,1.2,0.0,0.332648908942542,0.0,0.0,0.0
20.458333333333332,0.333767260229664,0.06478440473527732,1.2,0.0,0.28451971529373193,0.0,0.0,0.0
20.46875,0.33359650149269326,0.06481756606364406,1.2,0.0,0.30907715103160227,0.0,0.0,0.0
20.479166666666668,0.3334042938086998,0.0648549334115953,1.2,0.0,0.33481588745886237,0.0,0.0,0.0
20.489583333333332,0.33318412196176767,0.06489779028721056,1.2,0.0,0.36837288298523757,0.0,0.0,0.0
20.5,0.3329646881710388,0.06494055989203223,1.2,0.0,0.36748721554132896,0.0,0.0,0.0
20.510416666666668,0.3327860186058879,0.06497542584477019,1.2,0.0,0.3185701448477129,0.0,0.0,0.0
20.520833333333332,0.33257728249804047,0.06501620649399162,1.2,0.0,0.35464999608357806,0.0,0.0,0.0
20.53125,0.33241611126974147,0.06504772946025206,1.2,0.0,0.29757214062547527,0.0,0.0,0.0
20.541666666666668,0.33223282918450986,0.0650836141846013,1.2,0.0,0.3241051689445745,0.0,0.0,0.0
20.552083333333332,0.3320222393480307,0.06512489439431111,1.2,0.0,0.3568744704416338,0.0,0.0,0.0
20.5625,0.33179873983799535,0.06516876249940198,1.2,0.0,0.3723660787091065,0.0,0.0,0.0
20.572916666666668,0.3315944987534853,0.06520890230503534,1.2,0.0,0.34925596807871395,0.0,0.0,0.0
20.583333333333332,0.3313981523770212,0.06524753719659693,1.2,0.0,0.33978231842360257,0.0,0.0,0.0
20.59375,0.3312036221908259,0.06528585989209065,1.2,0.0,0.33760289010101674,0.0,0.0,0.0
20.604166666666668,0.3310551315973959,0.0653151430390734,1.2,0.0,0.28235537878263606,0.0,0.0,0.0
20.614583333333332,0.3308908458606349,0.06534757169804073,1.2,0.0,0.30130955077986615,0.0,0.0,0.0
20.625,0.33073650376680064,0.0653780669138031,1.2,0.0,0.2893771792677362,0.0,0.0,0.0
20.635416666666668,0.33060760832989217,0.06540355614722292,1.2,0.0,0.2588411909568426,0.0,0.0,0.0
20.645833333333332,0.33050076292075153,0.06542470003098902,1.2,0.0,0.23238115763544687,0.0,0.0,0.0
20.65625,0.330419523851966,0.0654407857684301,1.2,0.0,0.20165354920929313,0.0,0.0,0.0
20.666666666666668,0.33036416973353133,0.06545175068938022,1.2,0.0,0.17059160878825008,0.0,0.0,0.0
20.677083333333332,0.3302882149803258,0.06546680230595328,1.2,0.0,0.19531237051332298,0.0,0.0,0.0
20.6875,0.33023298920631683,0.06547775049994785,1.2,0.0,0.17043759547743143,0.0,0.0,0.0
20.697916666666668,0.3301991825130037,0.06548445429071177,1.2,0.0,0.1447346986424235,0.0,0.0,0.0
20.708333333333332,0.33020056578617407,0.06548417996383869,1.2,0.0,0.10250673886219788,0.0,0.0,0.0
20.71875,0.330202347887439,0.06548382654587939,1.2,0.0,0.1020281451487616,0.0,0.0,0.0
20.729166666666668,0.33022376711473117,0.06547957908369034,1.2,0.0,0.07846359391605333,0.0,0.0,0.0
20.739583333333332,0.3302704415526107,0.06547032538683527,1.2,0.0,0.0481573412112197,0.0,0.0,0.0
20.75,0.33033596279932004,0.06545733952448635,1.2,0.0,0.02554117061549682,0.0,0.0,0.0
20.760416666666668,0.3304227683548756,0.06544014318916447,1.2,0.0,0.0,0.0,0.0,0.0
20.770833333333332,0.3305095739104312,0.06542295588678783,1.2,0.0,0.0,0.0,0.0,0.0
20.78125,0.33059637946598674,0.06540577761024102,1.2,0.0,0.0,0.0,0.0,0.0
20.791666666666668,0.3306831850215423,0.0653886083524161,1.2,0.0,0.0,0.0,0.0,0.0
20.802083333333332,0.3307699905770979,0.06537144810621258,1.2,0.0,0.0,0.0,0.0,0.0
20.8125,0.33085679613265345,0.06535429686453745,1.2,0.0,0.0,0.0,0.0,0.0
20.822916666666668,0.330943601688209,0.06533715462030511,1.2,0.0,0.0,0.0,0.0,0.0
20.833333333333332,0.3310304072437646,0.0653200213664374,1.2,0.0,0.0,0.0,0.0,0.0
20.84375,0.33111721279932016,0.06530289709586361,1.2,0.0,0.0,0.0,0.0,0.0
20.854166666666668,0.33120401835487573,0.0652857818015204,1.2,0.0,0.0,0.0,0.0,0.0
20.864583333333332,0.3312908239104313,0.06526867547635189,1.2,0.0,0.0,0.0,0.0,0.0
20.875,0.33137762946598687,0.0652515781133095,1.2,0.0,0.0,0.0,0.0,0.0
20.885416666666668,0.33146443502154244,0.06523448970535214,1.2,0.0,0.0,0.0,0.0,0.0
20.895833333333332,0.331551240577098,0.06521741024544604,1.2,0.0,0.0,0.0,0.0,0.0
20.90625,0.3316380461326536,0.06520033972656479,1.2,0.0,0.0,0.0,0.0,0.0
20.916666666666668,0.33172485168820914,0.06518327814168934,1.2,0.0,0.0,0.0,0.0,0.0
20.927083333333332,0.3318116572437647,0.06516622548380799,1.2,0.0,0.0,0.0,0.0,0.0
20.9375,0.3318984627993203,0.06514918174591637,1.2,0.0,0.0,0.0,0.0,0.0
20.947916666666668,0.33198526835487585,0.06513214692101746,1.2,0.0,0.0,0.0,0.0,0.0
20.958333333333332,0.3320720739104314,0.06511512100212152,1.2,0.0,0.0,0.0,0.0,0.0
20.96875,0.332158879465987,0.06509810398224615,1.2,0.0,0.0,0.0,0.0,0.0
20.979166666666668,0.33224568502154256,0.0650810958544162,1.2,0.0,0.0,0.0,0.0,0.0
20.989583333333332,0.3323324905770981,0.06506409661166386,1.2,0.0,0.0,0.0,0.0,0.0
21.0,0.3324192961326537,0.06504710624702859,1.2,0.0,0.0,0.0,0.0,0.0
21.010416666666668,0.33250610168820927,0.06503012475355707,1.2,0.0,0.0,0.0,0.0,0.0
21.020833333333332,0.33259290724376483,0.06501315212430331,1.2,0.0,0.0,0.0,0.0,0.0
21.03125,0.3326797127993204,0.06499618835232851,1.2,0.0,0.0,0.0,0.0,0.0
21.041666666666668,0.332766518354876,0.06497923343070114,1.2,0.0,0.0,0.0,0.0,0.0
21.052083333333332,0.33285332391043154,0.0649622873524969,1.2,0.0,0.0,0.0,0.0,0.0
21.0625,0.3329401294659871,0.0649453501107987,1.2,0.0,0.0,0.0,0.0,0.0
21.072916666666668,0.3330269350215427,0.06492842169869668,1.2,0.0,0.0,0.0,0.0,0.0
21.083333333333332,0.33311374057709825,0.06491150210928816,1.2,0.0,0.0,0.0,0.0,0.0
21.09375,0.3332005461326538,0.06489459133567765,1.2,0.0,0.0,0.0,0.0,0.0
21.104166666666668,0.3332873516882094,0.06487768937097689,1.2,0.0,0.0,0.0,0.0,0.0
21.114583333333332,0.33337415724376496,0.06486079620830475,1.2,0.0,0.0,0.0,0.0,0.0
21.125,0.3334609627993205,0.06484391184078726,1.2,0.0,0.0,0.0,0.0,0.0
21.135416666666668,0.3335477683548761,0.06482703626155764,1.2,0.0,0.0,0.0,0.0,0.0
21.145833333333332,0.33363457391043166,0.06481016946375624,1.2,0.0,0.0,0.0,0.0,0.0
21.15625,0.33372137946598723,0.06479331144053053,1.2,0.0,0.0,0.0,0.0,0.0
21.166666666666668,0.3338081850215428,0.06477646218503515,1.2,0.0,0.0,0.0,0.0,0.0
21.177083333333332,0.33389499057709837,0.0647596216904318,1.2,0.0,0.0,0.0,0.0,0.0
21.1875,0.33398179613265394,0.06474278994988936,1.2,0.0,0.0,0.0,0.0,0.0
21.197916666666668,0.3340686016882095,0.06472596695658374,1.2,0.0,0.0,0.0,0.0,0.0
21.208333333333332,0.33415539913073866,0.06470915270328975,1.2,0.0,0.0,0.0,0.0,0.0
21.21875,0.3342421630559068,0.06469234718151301,1.2,0.0,0.0,0.0,0.0,0.0
21.229166666666668,0.3343288675166061,0.064675550381467,1.2,0.0,0.0,0.0,0.0,0.0
21.239583333333332,0.3344154866252303,0.06465876229208041,1.2,0.0,0.0,0.0,0.0,0.0
21.25,0.3345019945845878,0.06464198290100602,1.2,0.0,0.0,0.0,0.0,0.0
21.260416666666668,0.33458836571860767,0.0646252121946311,1.2,0.0,0.0,0.0,0.0,0.0
21.270833333333332,0.3346545801189312,0.06461231027603728,1.2,0.0,0.023993260595922928,0.0,0.0,0.0
21.28125,0.3347075147592567,0.06460194912441306,1.2,0.0,0.03975871786483621,0.0,0.0,0.0
21.291666666666668,0.3347315890844885,0.06459713632375132,1.2,0.0,0.07424193959038265,0.0,0.0,0.0
21.302083333333332,0.33473651998976195,0.0645960067058041,1.2,0.0,0.09714237298261887,0.0,0.0,0.0
21.3125,0.33473728616883897,0.06459567839097523,1.2,0.0,0.1021250689810552,0.0,0.0,0.0
21.322916666666668,0.3347227574679881,0.0645983013340676,1.2,0.0,0.12047658893574051,0.0,0.0,0.0
21.333333333333332,0.3346923432790279,0.06460399770638316,1.2,0.0,0.13958305674089566,0.0,0.0,0.0
21.34375,0.3346145946613621,0.06461884908178774,1.2,0.0,0.19647340564755758,0.0,0.0,0.0
21.354166666666668,0.3345195273758927,0.06463708736254445,1.2,0.0,0.2174660115899266,0.0,0.0,0.0
21.364583333333332,0.33441327243044566,0.06465753492045885,1.2,0.0,0.2311142449263772,0.0,0.0,0.0
21.375,0.3343018066573852,0.06467903664337382,1.2,0.0,0.23757227501025505,0.0,0.0,0.0
21.385416666666668,0.3341927752055607,0.0647001079935501,1.2,0.0,0.23481597794016587,0.0,0.0,0.0
21.395833333333332,0.3340466211115084,0.06472840356700817,1.2,0.0,0.27947470244958483,0.0,0.0,0.0
21.40625,0.33392836257085184,0.06475132598052073,1.2,0.0,0.24607241910801844,0.0,0.0,0.0
21.416666666666668,0.33373819124517645,0.06478822270323326,1.2,0.0,0.33237225747712,0.0,0.0,0.0
21.427083333333332,0.33358384409149905,0.06481819980776989,1.2,0.0,0.2893832510795177,0.0,0.0,0.0
21.4375,0.3334065718585403,0.06485266363657877,1.2,0.0,0.31689334621717796,0.0,0.0,0.0
21.447916666666668,0.3331842700864636,0.06489593357260115,1.2,0.0,0.37092879315863747,0.0,0.0,0.0
21.458333333333332,0.33295613208870506,0.06494039957553988,1.2,0.0,0.37793226397692453,0.0,0.0,0.0
21.46875,0.3327578320156972,0.06497909944895527,1.2,0.0,0.34212675427608347,0.0,0.0,0.0
21.479166666666668,0.3325727954522396,0.06501525246394332,1.2,0.0,0.3262105428157805,0.0,0.0,0.0
21.489583333333332,0.3323817272742675,0.06505262619664082,1.2,0.0,0.333448480233162,0.0,0.0,0.0
21.5,0.33217968868247033,0.06509219255616631,1.2,0.0,0.34661297682329484,0.0,0.0,0.0
21.510416666666668,0.3319797551950942,0.06513139407027992,1.2,0.0,0.3440868515180098,0.0,0.0,0.0
21.520833333333332,0.331800589307654,0.06516656376073517,1.2,0.0,0.31916573159490735,0.0,0.0,0.0
21.53125,0.33163834886153987,0.06519844382651332,1.2,0.0,0.298855202003648,0.0,0.0,0.0
21.541666666666668,0.3314037736587662,0.0652445927825505,1.2,0.0,0.38565690999500973,0.0,0.0,0.0
21.552083333333332,0.331168944463248,0.06529085719076629,1.2,0.0,0.3859617012885091,0.0,0.0,0.0
21.5625,0.33098638298147387,0.06532686953522493,1.2,0.0,0.3232404447956618,0.0,0.0,0.0
21.572916666666668,0.3308232512652807,0.0653590827617743,1.2,0.0,0.29992472609841786,0.0,0.0,0.0
21.583333333333332,0.33066338319602806,0.06539068236094447,1.2,0.0,0.29600834976987533,0.0,0.0,0.0
21.59375,0.33046030186846687,0.0654308676010744,1.2,0.0,0.3478642597401049,0.0,0.0,0.0
21.604166666666668,0.33029988064890214,0.06546264629732194,1.2,0.0,0.2966721301443419,0.0,0.0,0.0
21.614583333333332,0.3301551837603733,0.0654913365669285,1.2,0.0,0.27780293290127955,0.0,0.0,0.0
21.625,0.33003440708378373,0.0655153032376943,1.2,0.0,0.24909867857414766,0.0,0.0,0.0
21.635416666666668,0.32993579081996405,0.06553488545522898,1.2,0.0,0.22250618325028884,0.0,0.0,0.0
21.645833333333332,0.3298123813163235,0.06555940735963078,1.2,0.0,0.25225807103534165,0.0,0.0,0.0
21.65625,0.3297324445852239,0.06557530086602732,1.2,0.0,0.20009074398622737,0.0,0.0,0.0
21.666666666666668,0.3296740694332462,0.06558691223770911,1.2,0.0,0.1742168490399004,0.0,0.0,0.0
21.677083333333332,0.32963615667850266,0.06559445564721585,1.2,0.0,0.14966197235886927,0.0,0.0,0.0
21.6875,0.3296030137218287,0.06560105144310079,1.2,0.0,0.1439382146753994,0.0,0.0,0.0
21.697916666666668,0.3295638060340628,0.06560885589703354,1.2,0.0,0.15121589198571891,0.0,0.0,0.0
21.708333333333332,0.3295600384196695,0.06560960595420366,1.2,0.0,0.10868780393861405,0.0,0.0,0.0
21.71875,0.32956264061782886,0.06560908790641909,1.2,0.0,0.10104402887546671,0.0,0.0,0.0
21.729166666666668,0.3295926532310406,0.06560311356154457,1.2,0.0,0.06815153081256788,0.0,0.0,0.0
21.739583333333332,0.329637546890846,0.06559417900936693,1.2,0.0,0.050294274900182165,0.0,0.0,0.0
21.75,0.3297047177860417,0.06558081547683009,1.2,0.0,0.02356159243180388,0.0,0.0,0.0
21.760416666666668,0.3297915233415973,0.06556355372594101,1.2,0.0,0.0,0.0,0.0,0.0
21.770833333333332,0.32987832889715285,0.06554630105970978,1.2,0.0,0.0,0.0,0.0,0.0
21.78125,0.3299651344527084,0.06552905747096657,1.2,0.0,0.0,0.0,0.0,0.0
21.791666666666668,0.330051940008264,0.06551182295254909,1.2,0.0,0.0,0.0,0.0,0.0
21.802083333333332,0.33013874556381956,0.06549459749730256,1.2,0.0,0.0,0.0,0.0,0.0
21.8125,0.3302255511193751,0.06547738109807975,1.2,0.0,0.0,0.0,0.0,0.0
21.822916666666668,0.3303123566749307,0.06546017374774095,1.2,0.0,0.0,0.0,0.0,0.0
21.833333333333332,0.33039916223048627,0.06544297543915391,1.2,0.0,0.0,0.0,0.0,0.0
21.84375,0.33048596778604183,0.06542578616519391,1.2,0.0,0.0,0.0,0.0,0.0
21.854166666666668,0.3305727733415974,0.06540860591874373,1.2,0.0,0.0,0.0,0.0,0.0
21.864583333333332,0.330659578897153,0.06539143469269357,1.2,0.0,0.0,0.0,0.0,0.0
21.875,0.33074638445270854,0.06537427247994114,1.2,0.0,0.0,0.0,0.0,0.0
21.885416666666668,0.3308331900082641,0.06535711927339158,1.2,0.0,0.0,0.0,0.0,0.0
21.895833333333332,0.3309199955638197,0.06533997506595747,1.2,0.0,0.0,0.0,0.0,0.0
21.90625,0.33100680111937525,0.06532283985055885,1.2,0.0,0.0,0.0,0.0,0.0
21.916666666666668,0.3310936066749308,0.06530571362012318,1.2,0.0,0.0,0.0,0.0,0.0
21.927083333333332,0.3311804122304864,0.0652885963675853,1.2,0.0,0.0,0.0,0.0,0.0
21.9375,0.33126721778604196,0.0652714880858875,1.2,0.0,0.0,0.0,0.0,0.0
21.947916666666668,0.3313540233415975,0.06525438876797943,1.2,0.0,0.0,0.0,0.0,0.0
21.958333333333332,0.3314408288971531,0.06523729840681816,1.2,0.0,0.0,0.0,0.0,0.0
21.96875,0.33152763445270866,0.0652202169953681,1.2,0.0,0.0,0.0,0.0,0.0
21.979166666666668,0.33161444000826423,0.06520314452660109,1.2,0.0,0.0,0.0,0.0,0.0
21.989583333333332,0.3317012455638198,0.06518608099349624,1.2,0.0,0.0,0.0,0.0,0.0
22.0,0.33178805111937537,0.06516902638904006,1.2,0.0,0.0,0.0,0.0,0.0
22.010416666666668,0.33187485667493094,0.06515198070622638,1.2,0.0,0.0,0.0,0.0,0.0
22.020833333333332,0.3319616622304865,0.06513494393805637,1.2,0.0,0.0,0.0,0.0,0.0
22.03125,0.3320484677860421,0.06511791607753853,1.2,0.0,0.0,0.0,0.0,0.0
22.041666666666668,0.33213527334159765,0.06510089711768864,1.2,0.0,0.0,0.0,0.0,0.0
22.052083333333332,0.3322220788971532,0.0650838870515298,1.2,0.0,0.0,0.0,0.0,0.0
22.0625,0.3323088844527088,0.0650668858720924,1.2,0.0,0.0,0.0,0.0,0.0
22.072916666666668,0.33239569000826436,0.0650498935724141,1.2,0.0,0.0,0.0,0.0,0.0
22.083333333333332,0.3324824955638199,0.06503291014553983,1.2,0.0,0.0,0.0,0.0,0.0
22.09375,0.3325693011193755,0.06501593558452178,1.2,0.0,0.0,0.0,0.0,0.0
22.104166666666668,0.33265610667493106,0.0649989698824194,1.2,0.0,0.0,0.0,0.0,0.0
22.114583333333332,0.33274291223048663,0.0649820130322994,1.2,0.0,0.0,0.0,0.0,0.0
22.125,0.3328297177860422,0.0649650650272357,1.2,0.0,0.0,0.0,0.0,0.0
22.135416666666668,0.33291652334159777,0.06494812586030944,1.2,0.0,0.0,0.0,0.0,0.0
22.145833333333332,0.33300332889715334,0.06493119552460899,1.2,0.0,0.0,0.0,0.0,0.0
22.15625,0.3330901344527089,0.06491427401322991,1.2,0.0,0.0,0.0,0.0,0.0
22.166666666666668,0.3331769400082645,0.06489736131927497,1.2,0.0,0.0,0.0,0.0,0.0
22.177083333333332,0.33326374556382005,0.0648804574358541,1.2,0.0,0.0,0.0,0.0,0.0
22.1875,0.3333505511193756,0.06486356235608445,1.2,0.0,0.0,0.0,0.0,0.0
22.197916666666668,0.3334373566749312,0.06484667607309032,1.2,0.0,0.0,0.0,0.0,0.0
22.208333333333332,0.33352416223048675,0.06482979858000312,1.2,0.0,0.0,0.0,0.0,0.0
22.21875,0.3336109677860423,0.0648129298699615,1.2,0.0,0.0,0.0,0.0,0.0
22.229166666666668,0.3336977733415979,0.06479606993611116,1.2,0.0,0.0,0.0,0.0,0.0
22.239583333333332,0.33378457889715346,0.06477921877160497,1.2,0.0,0.0,0.0,0.0,0.0
22.25,0.33387138445270903,0.06476237636960296,1.2,0.0,0.0,0.0,0.0,0.0
22.260416666666668,0.3339581900082646,0.06474554272327218,1.2,0.0,0.0,0.0,0.0,0.0
22.270833333333332,0.3340275480981211,0.06473209884058773,1.2,0.0,0.020936958838892374,0.0,0.0,0.0
22.28125,0.3340800886276985,0.06472191821756823,1.2,0.0,0.04111646125286409,0.0,0.0,0.0
22.291666666666668,0.33411136711915934,0.06471585700617295,1.2,0.0,0.0666192079735704,0.0,0.0,0.0
22.302083333333332,0.33411301748676553,0.06471553319765408,1.2,0.0,0.10216056838413831,0.0,0.0,0.0
22.3125,0.33409833794853117,0.06471837238911946,1.2,0.0,0.12175568932312833,0.0,0.0,0.0
22.322916666666668,0.3340765267922027,0.06472259448651183,1.2,0.0,0.13032004934099178,0.0,0.0,0.0
22.333333333333332,0.33404747830083503,0.06472822075350561,1.2,0.0,0.13901274136007521,0.0,0.0,0.0
22.34375,0.33396691111723265,0.06474383523128101,1.2,0.0,0.20084262378071424,0.0,0.0,0.0
22.354166666666668,0.3338926152573733,0.06475824165624908,1.2,0.0,0.1933216984979174,0.0,0.0,0.0
22.364583333333332,0.33381898626785095,0.06477252509755271,1.2,0.0,0.192521454093502,0.0,0.0,0.0
22.375,0.33373807442853143,0.06478822862239622,1.2,0.0,0.20126087385007013,0.0,0.0,0.0
22.385416666666668,0.33360840210350445,0.06481341156199508,1.2,0.0,0.25977345669903407,0.0,0.0,0.0
22.395833333333332,0.3335083451426272,0.06483285645169402,1.2,0.0,0.22423501971935195,0.0,0.0,0.0
22.40625,0.33336056884972165,0.0648615963810083,1.2,0.0,0.28149821815339204,0.0,0.0,0.0
22.416666666666668,0.3332001522605718,0.064892823485761,1.2,0.0,0.2966665736464884,0.0,0.0,0.0
22.427083333333332,0.3330318866144353,0.06492561083529819,1.2,0.0,0.30608544203047905,0.0,0.0,0.0
22.4375,0.3328480161755998,0.06496147675600612,1.2,0.0,0.32481119326926766,0.0,0.0,0.0
22.447916666666668,0.3326603344358368,0.06499812700165629,1.2,0.0,0.32938475438225867,0.0,0.0,0.0
22.458333333333332,0.3324404888235449,0.06504111079427155,1.2,0.0,0.36798140141699764,0.0,0.0,0.0
22.46875,0.3322475295544373,0.06507888469500646,1.2,0.0,0.3357177895957511,0.0,0.0,0.0
22.479166666666668,0.3320054951242709,0.0651263276771388,1.2,0.0,0.3946079828663398,0.0,0.0,0.0
22.489583333333332,0.3318096086875228,0.06516477552172542,1.2,0.0,0.3392303907644069,0.0,0.0,0.0
22.5,0.33162985765425085,0.06520009633335504,1.2,0.0,0.3198679065929749,0.0,0.0,0.0
22.510416666666668,0.33143970890743707,0.06523750197992283,1.2,0.0,0.33234516284320603,0.0,0.0,0.0
22.520833333333332,0.3312302693422347,0.06527875217748688,1.2,0.0,0.35549414490951975,0.0,0.0,0.0
22.53125,0.3310207684875059,0.065320066667932,1.2,0.0,0.35556769234123825,0.0,0.0,0.0
22.541666666666668,0.3308487877669028,0.06535402112855196,1.2,0.0,0.31054353139036744,0.0,0.0,0.0
22.552083333333332,0.3306439119170346,0.06539451623563977,1.2,0.0,0.3500176865084444,0.0,0.0,0.0
22.5625,0.3304555975092466,0.06543178214879217,1.2,0.0,0.3301439560123385,0.0,0.0,0.0
22.572916666666668,0.33024980598449294,0.06547255524228605,1.2,0.0,0.3511164963710605,0.0,0.0,0.0
22.583333333333332,0.3300500090943939,0.06551218927520167,1.2,0.0,0.34392293478550495,0.0,0.0,0.0
22.59375,0.3298726082455327,0.0655474208091262,1.2,0.0,0.3170476853000863,0.0,0.0,0.0
22.604166666666668,0.329691729010426,0.06558338218242107,1.2,0.0,0.32122174879476445,0.0,0.0,0.0
22.614583333333332,0.3295194912142755,0.0656176622098925,1.2,0.0,0.3108520220472593,0.0,0.0,0.0
22.625,0.3293682150475651,0.06564779987331633,1.2,0.0,0.2856980667191597,0.0,0.0,0.0
22.635416666666668,0.3292641926671019,0.06566853957282534,1.2,0.0,0.228993523222474,0.0,0.0,0.0
22.645833333333332,0.32918362050291244,0.0656846128402147,1.2,0.0,0.20085326369401757,0.0,0.0,0.0
22.65625,0.32906940275961816,0.06570741152093328,1.2,0.0,0.24122795861980373,0.0,0.0,0.0
22.666666666666668,0.3289702699606716,0.06572721197164386,1.2,0.0,0.22312602540257068,0.0,0.0,0.0
22.677083333333332,0.32890339660399914,0.06574057577188018,1.2,0.0,0.18441469467360455,0.0,0.0,0.0
22.6875,0.328854796465714,0.06575029130927783,1.2,0.0,0.1624868326087793,0.0,0.0,0.0
22.697916666666668,0.32883984322144044,0.06575328115429592,1.2,0.0,0.12211055979493769,0.0,0.0,0.0
22.708333333333332,0.3288221093247158,0.06575682733280469,1.2,0.0,0.12544734273628178,0.0,0.0,0.0
22.71875,0.32883135934990215,0.06575497759344222,1.2,0.0,0.09306663644304478,0.0,0.0,0.0
22.729166666666668,0.3288590182379902,0.06574944723099015,1.2,0.0,0.07097600096100772,0.0,0.0,0.0
22.739583333333332,0.3289022354867789,0.06574080785456725,1.2,0.0,0.05230596812024014,0.0,0.0,0.0
22.75,0.3289710807300779,0.06572704998289848,1.2,0.0,0.021552374707826626,0.0,0.0,0.0
22.760416666666668,0.3290578862856335,0.06570971117010418,1.2,0.0,0.0,0.0,0.0,0.0
22.770833333333332,0.32914469184118905,0.06569238150286388,1.2,0.0,0.0,0.0,0.0,0.0
22.78125,0.3292314973967446,0.06567506097394361,1.2,0.0,0.0,0.0,0.0,0.0
22.791666666666668,0.3293183029523002,0.06565774957611702,1.2,0.0,0.0,0.0,0.0,0.0
22.802083333333332,0.32940510850785576,0.06564044730216534,1.2,0.0,0.0,0.0,0.0,0.0
22.8125,0.32949191406341133,0.06562315414487747,1.2,0.0,0.0,0.0,0.0,0.0
22.822916666666668,0.3295787196189669,0.06560587009704986,1.2,0.0,0.0,0.0,0.0,0.0
22.833333333333332,0.32966552517452247,0.06558859515148657,1.2,0.0,0.0,0.0,0.0,0.0
22.84375,0.32975233073007804,0.06557132930099924,1.2,0.0,0.0,0.0,0.0,0.0
22.854166666666668,0.3298391362856336,0.06555407253840706,1.2,0.0,0.0,0.0,0.0,0.0
22.864583333333332,0.3299259418411892,0.0655368248565368,1.2,0.0,0.0,0.0,0.0,0.0
22.875,0.33001274739674474,0.06551958624822272,1.2,0.0,0.0,0.0,0.0,0.0
22.885416666666668,0.3300995529523003,0.06550235670630672,1.2,0.0,0.0,0.0,0.0,0.0
22.895833333333332,0.3301863585078559,0.06548513622363812,1.2,0.0,0.0,0.0,0.0,0.0
22.90625,0.33027316406341145,0.06546792479307384,1.2,0.0,0.0,0.0,0.0,0.0
22.916666666666668,0.330359969618967,0.06545072240747825,1.2,0.0,0.0,0.0,0.0,0.0
22.927083333333332,0.3304467751745226,0.06543352905972326,1.2,0.0,0.0,0.0,0.0,0.0
22.9375,0.33053358073007816,0.06541634474268823,1.2,0.0,0.0,0.0,0.0,0.0
22.947916666666668,0.3306203862856337,0.06539916944926003,1.2,0.0,0.0,0.0,0.0,0.0
22.958333333333332,0.3307071918411893,0.06538200317233296,1.2,0.0,0.0,0.0,0.0,0.0
22.96875,0.33079399739674487,0.06536484590480884,1.2,0.0,0.0,0.0,0.0,0.0
22.979166666666668,0.33088080295230043,0.06534769763959689,1.2,0.0,0.0,0.0,0.0,0.0
22.989583333333332,0.330967608507856,0.06533055836961377,1.2,0.0,0.0,0.0,0.0,0.0
23.0,0.3310544140634116,0.06531342808778359,1.2,0.0,0.0,0.0,0.0,0.0
23.010416666666668,0.33114121961896714,0.06529630678703788,1.2,0.0,0.0,0.0,0.0,0.0
23.020833333333332,0.3312280251745227,0.06527919446031556,1.2,0.0,0.0,0.0,0.0,0.0
23.03125,0.3313148307300783,0.06526209110056296,1.2,0.0,0.0,0.0,0.0,0.0
23.041666666666668,0.33140163628563385,0.0652449967007338,1.2,0.0,0.0,0.0,0.0,0.0
23.052083333333332,0.3314884418411894,0.0652279112537892,1.2,0.0,0.0,0.0,0.0,0.0
23.0625,0.331575247396745,0.06521083475269761,1.2,0.0,0.0,0.0,0.0,0.0
23.072916666666668,0.33166205295230056,0.06519376719043486,1.2,0.0,0.0,0.0,0.0,0.0
23.083333333333332,0.3317488585078561,0.06517670855998416,1.2,0.0,0.0,0.0,0.0,0.0
23.09375,0.3318356640634117,0.06515965885433603,1.2,0.0,0.0,0.0,0.0,0.0
23.104166666666668,0.33192246961896726,0.06514261806648831,1.2,0.0,0.0,0.0,0.0,0.0
23.114583333333332,0.33200927517452283,0.06512558618944622,1.2,0.0,0.0,0.0,0.0,0.0
23.125,0.3320960807300784,0.06510856321622224,1.2,0.0,0.0,0.0,0.0,0.0
23.135416666666668,0.33218288628563397,0.06509154913983618,1.2,0.0,0.0,0.0,0.0,0.0
23.145833333333332,0.33226969184118954,0.06507454395331512,1.2,0.0,0.0,0.0,0.0,0.0
23.15625,0.3323564973967451,0.06505754764969345,1.2,0.0,0.0,0.0,0.0,0.0
23.166666666666668,0.3324433029523007,0.06504056022201281,1.2,0.0,0.0,0.0,0.0,0.0
23.177083333333332,0.33253010850785625,0.06502358166332214,1.2,0.0,0.0,0.0,0.0,0.0
23.1875,0.3326169140634118,0.0650066119666776,1.2,0.0,0.0,0.0,0.0,0.0
23.197916666666668,0.3327037196189674,0.06498965112514263,1.2,0.0,0.0,0.0,0.0,0.0
23.208333333333332,0.33279052517452296,0.06497269913178788,1.2,0.0,0.0,0.0,0.0,0.0
23.21875,0.3328773307300785,0.06495575597969126,1.2,0.0,0.0,0.0,0.0,0.0
23.229166666666668,0.3329641362856341,0.06493882166193786,1.2,0.0,0.0,0.0,0.0,0.0
23.239583333333332,0.33305094184118966,0.06492189617161999,1.2,0.0,0.0,0.0,0.0,0.0
23.25,0.33313774739674523,0.06490497950183718,1.2,0.0,0.0,0.0,0.0,0.0
23.260416666666668,0.3332245529523008,0.06488807164569614,1.2,0.0,0.0,0.0,0.0,0.0
23.270833333333332,0.33329007219340606,0.06487531573855786,1.2,0.0,0.025543577340332673,0.0,0.0,0.0
23.28125,0.33333543471988236,0.06486648706953166,1.2,0.0,0.04973163489512904,0.0,0.0,0.0
23.291666666666668,0.33336965281899966,0.06485982897133596,1.2,0.0,0.06310494772592808,0.0,0.0,0.0
23.302083333333332,0.33338913075007426,0.06485603959981275,1.2,0.0,0.0807931493771504,0.0,0.0,0.0
23.3125,0.33338590876235924,0.06485666639703885,1.2,0.0,0.10803305192471653,0.0,0.0,0.0
23.322916666666668,0.3333670245617016,0.06486034032460813,1.2,0.0,0.12682770745586572,0.0,0.0,0.0
23.333333333333332,0.3333212246387164,0.06486925244412553,1.2,0.0,0.15912657424893978,0.0,0.0,0.0
23.34375,0.3332779108821888,0.06487768303887768,1.2,0.0,0.15614317449981793,0.0,0.0,0.0
23.354166666666668,0.33319978836907527,0.06489289435599402,1.2,0.0,0.19791368240285714,0.0,0.0,0.0
23.364583333333332,0.33313052525314085,0.06490638661720809,1.2,0.0,0.18728240578799346,0.0,0.0,0.0
23.375,0.3330267836968188,0.06492660568033617,1.2,0.0,0.22865653425309698,0.0,0.0,0.0
23.385416666666668,0.332936627135368,0.06494418728307294,1.2,0.0,0.21235454040769933,0.0,0.0,0.0
23.395833333333332,0.33282015818096294,0.06496691421652818,1.2,0.0,0.24392941195271356,0.0,0.0,0.0
23.40625,0.3326745102216742,0.06499535732889834,1.2,0.0,0.27894421781316237,0.0,0.0,0.0
23.416666666666668,0.332549157768681,0.06501985694732773,1.2,0.0,0.2545896102585367,0.0,0.0,0.0
23.427083333333332,0.33240193793665457,0.06504865404904617,1.2,0.0,0.28083046509834886,0.0,0.0,0.0
23.4375,0.33226381183609277,0.06507569556428353,1.2,0.0,0.26991798734080386,0.0,0.0,0.0
23.447916666666668,0.3321192034550091,0.06510403024317457,1.2,0.0,0.27769672396707434,0.0,0.0,0.0
23.458333333333332,0.33194139081245283,0.0651389048324214,1.2,0.0,0.3175418377341936,0.0,0.0,0.0
23.46875,0.331780023725333,0.0651705862917599,1.2,0.0,0.2978071712104729,0.0,0.0,0.0
23.479166666666668,0.33155228585499047,0.06521535090706873,1.2,0.0,0.377452111077716,0.0,0.0,0.0
23.489583333333332,0.3313188086787968,0.06526130753728535,1.2,0.0,0.38433927809903146,0.0,0.0,0.0
23.5,0.33107465404335834,0.06530943520443053,1.2,0.0,0.3971522291928113,0.0,0.0,0.0
23.510416666666668,0.33083392061765826,0.06535695803412692,1.2,0.0,0.39304677750677314,0.0,0.0,0.0
23.520833333333332,0.3306098945825507,0.06540124485195964,1.2,0.0,0.3729979087957338,0.0,0.0,0.0
23.53125,0.33037750419287315,0.06544724865241111,1.2,0.0,0.3830351342797382,0.0,0.0,0.0
23.541666666666668,0.3301771452061854,0.06548696352853711,1.2,0.0,0.34459745069194453,0.0,0.0,0.0
23.552083333333332,0.329946339931564,0.06553277320960361,1.2,0.0,0.3811329962123047,0.0,0.0,0.0
23.5625,0.32976717125101435,0.06556837839269138,1.2,0.0,0.3191690833263124,0.0,0.0,0.0
23.572916666666668,0.3295776901196911,0.06560607502959773,1.2,0.0,0.3315440242545605,0.0,0.0,0.0
23.583333333333332,0.3294085187397547,0.06563976775341504,1.2,0.0,0.3071723225904234,0.0,0.0,0.0
23.59375,0.3292552198088389,0.0656703291708711,1.2,0.0,0.2881253837656409,0.0,0.0,0.0
23.604166666666668,0.32910278735461496,0.06570074607959944,1.2,0.0,0.28708561173536,0.0,0.0,0.0
23.614583333333332,0.32897132434983173,0.06572700130872372,1.2,0.0,0.26192227240656724,0.0,0.0,0.0
23.625,0.32883830120364277,0.06575358949042777,1.2,0.0,0.2637944420934354,0.0,0.0,0.0
23.635416666666668,0.32872318535293904,0.065776615795624,1.2,0.0,0.2423056875111686,0.0,0.0,0.0
23.645833333333332,0.3286446003930212,0.0657923441925295,1.2,0.0,0.19846861856810946,0.0,0.0,0.0
23.65625,0.32854066860389325,0.06581315718981202,1.2,0.0,0.22888481362016502,0.0,0.0,0.0
23.666666666666668,0.3284651097584505,0.06582829659434683,1.2,0.0,0.19483728119797383,0.0,0.0,0.0
23.677083333333332,0.3284276352158307,0.06583580779328932,1.2,0.0,0.14913611781047842,0.0,0.0,0.0
23.6875,0.3283949220562204,0.06584236604722007,1.2,0.0,0.14342245819901384,0.0,0.0,0.0
23.697916666666668,0.32835537886669813,0.06585029531327379,1.2,0.0,0.15161849409335026,0.0,0.0,0.0
23.708333333333332,0.3283433046570777,0.06585271683446184,1.2,0.0,0.11865571821122693,0.0,0.0,0.0
23.71875,0.3283468328776957,0.06585200922016492,1.2,0.0,0.09993280192500476,0.0,0.0,0.0
23.729166666666668,0.3283819403487015,0.0658449689502222,1.2,0.0,0.06203770145975182,0.0,0.0,0.0
23.739583333333332,0.32843393400424037,0.06583454517764539,1.2,0.0,0.04177428001999067,0.0,0.0,0.0
23.75,0.3284989942096445,0.06582150644965096,1.2,0.0,0.02609442018170783,0.0,0.0,0.0
23.760416666666668,0.3285857997652001,0.06580411777235891,1.2,0.0,0.0,0.0,0.0,0.0
23.770833333333332,0.32867260532075565,0.06578673828009639,1.2,0.0,0.0,0.0,0.0,0.0
23.78125,0.3287594108763112,0.06576936796558776,1.2,0.0,0.0,0.0,0.0,0.0
23.791666666666668,0.3288462164318668,0.06575200682156505,1.2,0.0,0.0,0.0,0.0,0.0
23.802083333333332,0.32893302198742236,0.06573465484076801,1.2,0.0,0.0,0.0,0.0,0.0
23.8125,0.3290198275429779,0.065717312015944,1.2,0.0,0.0,0.0,0.0,0.0
23.822916666666668,0.3291066330985335,0.06569997833984803,1.2,0.0,0.0,0.0,0.0,0.0
23.833333333333332,0.32919343865408907,0.0656826538052428,1.2,0.0,0.0,0.0,0.0,0.0
23.84375,0.32928024420964463,0.06566533840489859,1.2,0.0,0.0,0.0,0.0,0.0
23.854166666666668,0.3293670497652002,0.06564803213159334,1.2,0.0,0.0,0.0,0.0,0.0
23.864583333333332,0.3294538553207558,0.06563073497811257,1.2,0.0,0.0,0.0,0.0,0.0
23.875,0.32954066087631134,0.06561344693724944,1.2,0.0,0.0,0.0,0.0,0.0
23.885416666666668,0.3296274664318669,0.06559616800180465,1.2,0.0,0.0,0.0,0.0,0.0
23.895833333333332,0.3297142719874225,0.06557889816458654,1.2,0.0,0.0,0.0,0.0,0.0
23.90625,0.32980107754297805,0.06556163741841096,1.2,0.0,0.0,0.0,0.0,0.0
23.916666666666668,0.3298878830985336,0.06554438575610139,1.2,0.0,0.0,0.0,0.0,0.0
23.927083333333332,0.3299746886540892,0.06552714317048879,1.2,0.0,0.0,0.0,0.0,0.0
23.9375,0.33006149420964476,0.06550990965441172,1.2,0.0,0.0,0.0,0.0,0.0
23.947916666666668,0.3301482997652003,0.06549268520071624,1.2,0.0,0.0,0.0,0.0,0.0
23.958333333333332,0.3302351053207559,0.06547546980225595,1.2,0.0,0.0,0.0,0.0,0.0
23.96875,0.33032191087631146,0.06545826345189193,1.2,0.0,0.0,0.0,0.0,0.0
23.979166666666668,0.33040871643186703,0.0654410661424928,1.2,0.0,0.0,0.0,0.0,0.0
23.989583333333332,0.3304955219874226,0.06542387786693467,1.2,0.0,0.0,0.0,0.0,0.0
24.0,0.33058232754297817,0.06540669861810111,1.2,0.0,0.0,0.0,0.0,0.0
24.010416666666668,0.33066913309853374,0.06538952838888316,1.2,0.0,0.0,0.0,0.0,0.0
24.020833333333332,0.3307559386540893,0.06537236717217937,1.2,0.0,0.0,0.0,0.0,0.0
24.03125,0.3308427442096449,0.06535521496089568,1.2,0.0,0.0,0.0,0.0,0.0
24.041666666666668,0.33092954976520045,0.0653380717479455,1.2,0.0,0.0,0.0,0.0,0.0
24.052083333333332,0.331016355320756,0.06532093752624966,1.2,0.0,0.0,0.0,0.0,0.0
24.0625,0.3311031608763116,0.06530381228873647,1.2,0.0,0.0,0.0,0.0,0.0
24.072916666666668,0.33118996643186716,0.06528669602834158,1.2,0.0,0.0,0.0,0.0,0.0
24.083333333333332,0.3312767719874227,0.0652695887380081,1.2,0.0,0.0,0.0,0.0,0.0
24.09375,0.3380767719874227,0.06395677093982183,1.2,8.16,0.0,0.0,0.0,1.0
24.104166666666668,0.3448481205690307,0.06269561851807409,1.2,8.16,0.0,0.0,0.0,1.0
24.114583333333332,0.3514452484856785,0.06148254135239922,1.2,8.16,0.0,0.0,0.0,1.0
24.125,0.3577206009927404,0.06031380441067414,1.2,8.16,0.0,0.0,0.0,1.0
24.135416666666668,0.363550616795732,0.05918567024985927,1.2,8.16,0.0,0.0,0.0,1.0
24.145833333333332,0.3688452359613817,0.058094528170580306,1.2,8.16,0.0,0.0,0.0,1.0
24.15625,0.3735520871671205,0.05703699749378553,1.2,8.16,0.0,0.0,0.0,1.0
24.166666666666668,0.3776552663327827,0.056009998488253394,1.2,8.16,0.0,0.0,0.0,1.0
24.177083333333332,0.3811698790894114,0.05501079049566492,1.2,8.16,0.0,0.0,0.0,1.0
24.1875,0.3774210007564193,0.054998138199632216,1.2,0.0,0.0,0.0,0.0,0.0
24.197916666666668,0.3742575849544459,0.054985381894528826,1.2,0.0,0.0,0.0,0.0,0.0
24.208333333333332,0.3715505042720152,0.05497253562849524,1.2,0.0,0.0,0.0,0.0,0.0
24.21875,0.3692065344447552,0.05495961082611409,1.2,0.0,0.0,0.0,0.0,0.0
24.229166666666668,0.36715655986753304,0.054946616915416704,1.2,0.0,0.0,0.0,0.0,0.0
24.239583333333332,0.3653481778022559,0.05493356177542413,1.2,0.0,0.0,0.0,0.0,0.0
24.25,0.36374088787283265,0.05492045206324289,1.2,0.0,0.0,0.0,0.0,0.0
24.260416666666668,0.36230286443350296,0.054907293458051724,1.2,0.0,0.0,0.0,0.0,0.0
24.270833333333332,0.3609897586100705,0.05489697609888554,1.2,0.0,0.022768496908248007,0.0,0.0,0.0
24.28125,0.35978283931267513,0.05488952176043822,1.2,0.0,0.045541731545824034,0.0,0.0,0.0
24.291666666666668,0.3586627171166918,0.054885565415527575,1.2,0.0,0.07314449624160144,0.0,0.0,0.0
24.302083333333332,0.35761742196100205,0.05488506365999313,1.2,0.0,0.10024352543285617,0.0,0.0,0.0
24.3125,0.35663917507227294,0.05488763105469453,1.2,0.0,0.12418596082068428,0.0,0.0,0.0
24.322916666666668,0.35572036341469204,0.05489307087570479,1.2,0.0,0.14647248463320078,0.0,0.0,0.0
24.333333333333332,0.3548654280904958,0.054899512279741894,1.2,0.0,0.1541365058029817,0.0,0.0,0.0
24.34375,0.3540385986928178,0.05491134380422423,1.2,0.0,0.1957263073450814,0.0,0.0,0.0
24.354166666666668,0.3532582611690704,0.05492504006138384,1.2,0.0,0.20990036000286103,0.0,0.0,0.0
24.364583333333332,0.35254915381426466,0.054935905829723915,1.2,0.0,0.18786002247427094,0.0,0.0,0.0
24.375,0.35184043516955005,0.05495395121677127,1.2,0.0,0.24285403484199186,0.0,0.0,0.0
24.385416666666668,0.351169255184971,0.054973120059686104,1.2,0.0,0.2511590078565607,0.0,0.0,0.0
24.395833333333332,0.3505039843453981,0.054997758473085655,1.2,0.0,0.2926776055790376,0.0,0.0,0.0
24.40625,0.34989345539232863,0.05501991661448742,1.2,0.0,0.27332967713218675,0.0,0.0,0.0
24.416666666666668,0.3492963011750479,0.055045385851530675,1.2,0.0,0.29819771957342267,0.0,0.0,0.0
24.427083333333332,0.34875833661155947,0.05506663180204352,1.2,0.0,0.26569960344526833,0.0,0.0,0.0
24.4375,0.3481772568981855,0.055099148635852226,1.2,0.0,0.35088497780420363,0.0,0.0,0.0
24.447916666666668,0.3476225775254972,0.05513214634779146,1.2,0.0,0.35398721658272825,0.0,0.0,0.0
24.458333333333332,0.3471248795621311,0.05516038306722658,1.2,0.0,0.31750864913856514,0.0,0.0,0.0
24.46875,0.3466335671699457,0.055191310039714295,1.2,0.0,0.33738462924929147,0.0,0.0,0.0
24.479166666666668,0.3461169119347764,0.055229820549796804,1.2,0.0,0.3939761779944701,0.0,0.0,0.0
24.489583333333332,0.34568491033268056,0.05525840305617431,1.2,0.0,0.3188450644416224,0.0,0.0,0.0
24.5,0.3452808572352683,0.0552853978077447,1.2,0.0,0.30657796589147324,0.0,0.0,0.0
24.510416666666668,0.34485409808920714,0.055318643826594925,1.2,0.0,0.35302136538163026,0.0,0.0,0.0
24.520833333333332,0.34445089225084796,0.055350781413522426,1.2,0.0,0.34429881148200764,0.0,0.0,0.0
24.53125,0.34401711152279696,0.055390280254541374,1.2,0.0,0.3987593032762247,0.0,0.0,0.0
24.541666666666668,0.34368684938481214,0.05541562847082399,1.2,0.0,0.2929040816426531,0.0,0.0,0.0
24.552083333333332,0.3433213810278354,0.0554485086753343,1.2,0.0,0.34861345972757307,0.0,0.0,0.0
24.5625,0.3429574804478151,0.055483126041825204,1.2,0.0,0.3611030945364451,0.0,0.0,0.0
24.572916666666668,0.3426729833028899,0.05550679398370834,1.2,0.0,0.2795792253812654,0.0,0.0,0.0
24.583333333333332,0.3423710508164062,0.05553472146024892,1.2,0.0,0.3108777837091227,0.0,0.0,0.0
24.59375,0.3420895147765092,0.05556081502181583,1.2,0.0,0.29704781014957266,0.0,0.0,0.0
24.604166666666668,0.34182642626172177,0.05558524099572686,1.2,0.0,0.28449757146043936,0.0,0.0,0.0
24.614583333333332,0.34157156290794627,0.055609532125022954,1.2,0.0,0.2832895888633656,0.0,0.0,0.0
24.625,0.341365809351118,0.0556269504634475,1.2,0.0,0.232476148152193,0.0,0.0,0.0
24.635416666666668,0.3411504258245928,0.055646819413006025,1.2,0.0,0.2503900467967205,0.0,0.0,0.0
24.645833333333332,0.34096913043640886,0.05566202241787446,1.2,0.0,0.21595214669277052,0.0,0.0,0.0
24.65625,0.3408210195132286,0.055672537281048276,1.2,0.0,0.1814262321213503,0.0,0.0,0.0
24.666666666666668,0.3406755596392331,0.05568320079105549,1.2,0.0,0.18247020554264876,0.0,0.0,0.0
24.677083333333332,0.34054845884866064,0.05569142180642443,1.2,0.0,0.1645005714916066,0.0,0.0,0.0
24.6875,0.34044548831138643,0.055696173186187255,1.2,0.0,0.13902127984122375,0.0,0.0,0.0
24.697916666666668,0.3403448980896321,0.05570091430817275,1.2,0.0,0.13893278979525442,0.0,0.0,0.0
24.708333333333332,0.3402628820203058,0.055702979472839205,1.2,0.0,0.11930535277229039,0.0,0.0,0.0
24.71875,0.34020413856060094,0.05570152642371389,1.2,0.0,0.09351732624055799,0.0,0.0,0.0
24.729166666666668,0.34017523958233087,0.05569539317378973,1.2,0.0,0.0592189627959232,0.0,0.0,0.0
24.739583333333332,0.3401552453273063,0.055687903202231874,1.2,0.0,0.04927337009241303,0.0,0.0,0.0
24.75,0.3401559950877723,0.055677087772315066,1.2,0.0,0.02489056293632344,0.0,0.0,0.0
24.760416666666668,0.34017747107154733,0.05566288024551864,1.2,0.0,0.0,0.0,0.0,0.0
24.770833333333332,0.3401984904389326,0.055648677221756544,1.2,0.0,0.0,0.0,0.0,0.0
24.78125,0.3402190613585431,0.055634478680608154,1.2,0.0,0.0,0.0,0.0,0.0
24.791666666666668,0.3402391919231154,0.0556202846020171,1.2,0.0,0.0,0.0,0.0,0.0
24.802083333333332,0.34025889014671695,0.05560609496628722,1.2,0.0,0.0,0.0,0.0,0.0
24.8125,0.3402781639621663,0.05559190975407842,1.2,0.0,0.0,0.0,0.0,0.0
24.822916666666668,0.34029702121865724,0.05557772894640247,1.2,0.0,0.0,0.0,0.0,0.0
24.833333333333332,0.3403154696795792,0.05556355252461873,1.2,0.0,0.0,0.0,0.0,0.0
24.84375,0.34033351702052694,0.05554938047042976,1.2,0.0,0.0,0.0,0.0,0.0
24.854166666666668,0.34035117082749156,0.055535212765876904,1.2,0.0,0.0,0.0,0.0,0.0
24.864583333333332,0.3403684385952267,0.05552104939333585,1.2,0.0,0.0,0.0,0.0,0.0
24.875,0.3403853277257823,0.05550689033551213,1.2,0.0,0.0,0.0,0.0,0.0
24.885416666666668,0.3404018455271989,0.055492735575436505,1.2,0.0,0.0,0.0,0.0,0.0
24.895833333333332,0.34041799921235627,0.055478585096460455,1.2,0.0,0.0,0.0,0.0,0.0
24.90625,0.3404337958979693,0.05546443888225152,1.2,0.0,0.0,0.0,0.0,0.0
24.916666666666668,0.3404492426037245,0.055450296916788676,1.2,0.0,0.0,0.0,0.0,0.0
24.927083333333332,0.3404643462515513,0.055436159184357736,1.2,0.0,0.0,0.0,0.0,0.0
24.9375,0.34047911366502137,0.055422025669546605,1.2,0.0,0.0,0.0,0.0,0.0
24.947916666666668,0.34049355156887,0.05540789635724071,1.2,0.0,0.0,0.0,0.0,0.0
24.958333333333332,0.3405076665886341,0.05539377123261827,1.2,0.0,0.0,0.0,0.0,0.0
24.96875,0.34052146525040006,0.05537965028114572,1.2,0.0,0.0,0.0,0.0,0.0
24.979166666666668,0.3405349539806575,0.055365533488572934,1.2,0.0,0.0,0.0,0.0,0.0
24.989583333333332,0.34054813910625104,0.0553514208409287,1.2,0.0,0.0,0.0,0.0,0.0
25.0,0.34056102685442774,0.055337312324516046,1.2,0.0,0.0,0.0,0.0,0.0
25.010416666666668,0.34057362335297237,0.055323207925907635,1.2,0.0,0.0,0.0,0.0,0.0
25.020833333333332,0.34058593463042747,0.05530910763194119,1.2,0.0,0.0,0.0,0.0,0.0
25.03125,0.3405979666163924,0.05529501142971495,1.2,0.0,0.0,0.0,0.0,0.0
25.041666666666668,0.3406097251418972,0.0552809193065831,1.2,0.0,0.0,0.0,0.0,0.0
25.052083333333332,0.3406212159398465,0.05526683125015129,1.2,0.0,0.0,0.0,0.0,0.0
25.0625,0.34063244464552966,0.055252747248272206,1.2,0.0,0.0,0.0,0.0,0.0
25.072916666666668,0.340643416797192,0.05523866728904108,1.2,0.0,0.0,0.0,0.0,0.0
25.083333333333332,0.3406541378366645,0.055224591360791324,1.2,0.0,0.0,0.0,0.0,0.0
25.09375,0.3406646131100467,0.05521051945209017,1.2,0.0,0.0,0.0,0.0,0.0
25.104166666666668,0.3406748478684404,0.05519645155173434,1.2,0.0,0.0,0.0,0.0,0.0
25.114583333333332,0.34068484726872933,0.05518238764874583,1.2,0.0,0.0,0.0,0.0,0.0
25.125,0.34069461637440257,0.055168327732367614,1.2,0.0,0.0,0.0,0.0,0.0
25.135416666666668,0.34070416015641763,0.05515427179205951,1.2,0.0,0.0,0.0,0.0,0.0
25.145833333333332,0.3407134834941004,0.05514021981749404,1.2,0.0,0.0,0.0,0.0,0.0
25.15625,0.3407225911760789,0.05512617179855232,1.2,0.0,0.0,0.0,0.0,0.0
25.166666666666668,0.3407314879012479,0.055112127725320065,1.2,0.0,0.0,0.0,0.0,0.0
25.177083333333332,0.34074017827976194,0.055098087588083544,1.2,0.0,0.0,0.0,0.0,0.0
25.1875,0.3407486668340536,0.05508405137732572,1.2,0.0,0.0,0.0,0.0,0.0
25.197916666666668,0.34075695799987515,0.05507001908372231,1.2,0.0,0.0,0.0,0.0,0.0
25.208333333333332,0.34076505612736097,0.05505599069813799,1.2,0.0,0.0,0.0,0.0,0.0
25.21875,0.34077296548210784,0.055041966211622606,1.2,0.0,0.0,0.0,0.0,0.0
25.229166666666668,0.34078069024627233,0.05502794561540743,1.2,0.0,0.0,0.0,0.0,0.0
25.239583333333332,0.34078823451968177,0.055013928900901544,1.2,0.0,0.0,0.0,0.0,0.0
25.25,0.34079560232095785,0.054999916059688174,1.2,0.0,0.0,0.0,0.0,0.0
25.260416666666668,0.34080279758865056,0.05498590708352116,1.2,0.0,0.0,0.0,0.0,0.0
25.270833333333332,0.3407930258709409,0.0549746116298942,1.2,0.0,0.02015797372788258,0.0,0.0,0.0
25.28125,0.3407594043652382,0.05496720201057426,1.2,0.0,0.049052553635100055,0.0,0.0,0.0
25.291666666666668,0.34070967968278637,0.05496251698458262,1.2,0.0,0.06931896884254811,0.0,0.0,0.0
25.302083333333332,0.340650875370509,0.054959482793586124,1.2,0.0,0.08160001850639999,0.0,0.0,0.0
25.3125,0.34056244781217276,0.054961447110711346,1.2,0.0,0.11877319382682372,0.0,0.0,0.0
25.322916666666668,0.34047989287592545,0.05496278914221641,1.2,0.0,0.11414314509873648,0.0,0.0,0.0
25.333333333333332,0.34036652527878863,0.05496940705089871,1.2,0.0,0.15334571200894093,0.0,0.0,0.0
25.34375,0.34025315889148633,0.05497643337108022,1.2,0.0,0.1563570270595601,0.0,0.0,0.0
25.354166666666668,0.3401329302166136,0.054984970873610824,1.2,0.0,0.16755133331904393,0.0,0.0,0.0
25.364583333333332,0.3399901054200212,0.05499758282848558,1.2,0.0,0.19774728986522078,0.0,0.0,0.0
25.375,0.3397986373278741,0.0550185609843832,1.2,0.0,0.25970111209620744,0.0,0.0,0.0
25.385416666666668,0.33961925608250243,0.05503823051682965,1.2,0.0,0.24986626747263835,0.0,0.0,0.0
25.395833333333332,0.33943733414581523,0.05505890209604847,1.2,0.0,0.25715208811054713,0.0,0.0,0.0
25.40625,0.33924603478580323,0.05508167780766502,1.2,0.0,0.2725660257791477,0.0,0.0,0.0
25.416666666666668,0.33904940621648394,0.055105914306612526,1.2,0.0,0.2831888948335895,0.0,0.0,0.0
25.427083333333332,0.3388605050674837,0.05512948586527406,1.2,0.0,0.27810379208295055,0.0,0.0,0.0
25.4375,0.33866982170875476,0.05515389621776094,1.2,0.0,0.284115010348711,0.0,0.0,0.0
25.447916666666668,0.3384467776546689,0.05518411755812406,1.2,0.0,0.3267072151404158,0.0,0.0,0.0
25.458333333333332,0.33822718354824716,0.05521438413651409,1.2,0.0,0.32677375038901174,0.0,0.0,0.0
25.46875,0.3380334878525889,0.05524099076622702,1.2,0.0,0.2996359882759339,0.0,0.0,0.0
25.479166666666668,0.3377797709129532,0.055277897276322145,1.2,0.0,0.3749714951581362,0.0,0.0,0.0
25.489583333333332,0.33759385580985124,0.055304306419871434,1.2,0.0,0.2977101631902193,0.0,0.0,0.0
25.5,0.3373254129619149,0.05534466703584875,1.2,0.0,0.3995793533080521,0.0,0.0,0.0
25.510416666666668,0.33713781380765934,0.05537233389752791,1.2,0.0,0.30640935621911936,0.0,0.0,0.0
25.520833333333332,0.3368836855321273,0.055411314181129635,1.2,0.0,0.38875257472257657,0.0,0.0,0.0
25.53125,0.33665147837858267,0.05544717489260368,1.2,0.0,0.36561280008225305,0.0,0.0,0.0
25.541666666666668,0.3364263844247951,0.055482275660466436,1.2,0.0,0.35973585183381324,0.0,0.0,0.0
25.552083333333332,0.336186944926829,0.055520116352422606,1.2,0.0,0.3793150048606001,0.0,0.0,0.0
25.5625,0.33600140131844486,0.055549412781258266,1.2,0.0,0.3169250351093357,0.0,0.0,0.0
25.572916666666668,0.3358225198836033,0.05557785987321092,1.2,0.0,0.3105380457597355,0.0,0.0,0.0
25.583333333333332,0.3356586584061181,0.05560404369547689,1.2,0.0,0.2939291369839709,0.0,0.0,0.0
25.59375,0.33546509093508875,0.055635341795249336,1.2,0.0,0.33075637176999767,0.0,0.0,0.0
25.604166666666668,0.3352765986180272,0.05566600592290139,1.2,0.0,0.3259170308133684,0.0,0.0,0.0
25.614583333333332,0.33510028266292435,0.0556948283810818,1.2,0.0,0.31237446724081813,0.0,0.0,0.0
25.625,0.33498333458267027,0.05571392535594537,1.2,0.0,0.2419999665875463,0.0,0.0,0.0
25.635416666666668,0.33489128160409604,0.055728962360941055,1.2,0.0,0.21262993165439792,0.0,0.0,0.0
25.645833333333332,0.3347628742039935,0.055750110744512166,1.2,0.0,0.2566122181882571,0.0,0.0,0.0
25.65625,0.334681493172695,0.055763499799526356,1.2,0.0,0.20061997657712308,0.0,0.0,0.0
25.666666666666668,0.3346127944103224,0.05577481507825325,1.2,0.0,0.18564441568777929,0.0,0.0,0.0
25.677083333333332,0.33455295833621834,0.055784682693379856,1.2,0.0,0.1751931289370028,0.0,0.0,0.0
25.6875,0.33451927514467744,0.05579021182679329,1.2,0.0,0.14395396910900218,0.0,0.0,0.0
25.697916666666668,0.33450844542317065,0.055791940508542553,1.2,0.0,0.11660451823183372,0.0,0.0,0.0
25.708333333333332,0.33450235601988426,0.05579288183371026,1.2,0.0,0.11093916069014416,0.0,0.0,0.0
25.71875,0.3345075953120948,0.05579193540451192,1.2,0.0,0.09735745922223883,0.0,0.0,0.0
25.729166666666668,0.33453753434641975,0.05578686829676731,1.2,0.0,0.06770682237869001,0.0,0.0,0.0
25.739583333333332,0.33458464600818344,0.05577893009599166,1.2,0.0,0.047034939916952276,0.0,0.0,0.0
25.75,0.33465169425595215,0.05576765644251974,1.2,0.0,0.023001669883740052,0.0,0.0,0.0
25.760416666666668,0.3347377676598188,0.05575319454766584,1.2,0.0,0.0,0.0,0.0,0.0
25.770833333333332,0.33482363489205386,0.05573874011099421,1.2,0.0,0.0,0.0,0.0,0.0
25.78125,0.3349092709946549,0.05572429311677714,1.2,0.0,0.0,0.0,0.0,0.0
25.791666666666668,0.3349946512709775,0.055709853548253904,1.2,0.0,0.0,0.0,0.0,0.0
25.802083333333332,0.3350797513138,0.05569542138764673,1.2,0.0,0.0,0.0,0.0,0.0
25.8125,0.3351645470326911,0.05568099661617774,1.2,0.0,0.0,0.0,0.0,0.0
25.822916666666668,0.3352490146806156,0.05566657921408706,1.2,0.0,0.0,0.0,0.0,0.0
25.833333333333332,0.3353331308797186,0.0556521691606519,1.2,0.0,0.0,0.0,0.0,0.0
25.84375,0.3354168726462306,0.05563776643420659,1.2,0.0,0.0,0.0,0.0,0.0
25.854166666666668,0.33550021741443903,0.055623371012163615,1.2,0.0,0.0,0.0,0.0,0.0
25.864583333333332,0.3355831430596775,0.055608982871035426,1.2,0.0,0.0,0.0,0.0,0.0
25.875,0.33566562792028587,0.0555946019864572,1.2,0.0,0.0,0.0,0.0,0.0
25.885416666666668,0.3357476508184993,0.0555802283332103,1.2,0.0,0.0,0.0,0.0,0.0
25.895833333333332,0.3358291910802287,0.05556586188524652,1.2,0.0,0.0,0.0,0.0,0.0
25.90625,0.33591022855369906,0.055551502615713004,1.2,0.0,0.0,0.0,0.0,0.0
25.916666666666668,0.33599074362691633,0.05553715049697768,1.2,0.0,0.0,0.0,0.0,0.0
25.927083333333332,0.3360707172439378,0.05552280550065548,1.2,0.0,0.0,0.0,0.0,0.0
25.9375,0.33615013091992596,0.05550846759763489,1.2,0.0,0.0,0.0,0.0,0.0
25.947916666666668,0.33622896675496994,0.05549413675810505,1.2,0.0,0.0,0.0,0.0,0.0
25.958333333333332,0.33630720744666215,0.05547981295158322,1.2,0.0,0.0,0.0,0.0,0.0
25.96875,0.3363848363014234,0.05546549614694264,1.2,0.0,0.0,0.0,0.0,0.0
25.979166666666668,0.3364618372445731,0.05545118631244068,1.2,0.0,0.0,0.0,0.0,0.0
25.989583333333332,0.3365381948291458,0.05543688341574716,1.2,0.0,0.0,0.0,0.0,0.0
26.0,0.3366138942434586,0.05542258742397299,1.2,0.0,0.0,0.0,0.0,0.0
26.010416666666668,0.33668892131743916,0.05540829830369888,1.2,0.0,0.0,0.0,0.0,0.0
26.020833333333332,0.3367632625277263,0.05539401602100409,1.2,0.0,0.0,0.0,0.0,0.0
26.03125,0.3368369050015602,0.05537974054149528,1.2,0.0,0.0,0.0,0.0,0.0
26.041666666666668,0.3369098365194812,0.05536547183033537,1.2,0.0,0.0,0.0,0.0,0.0
26.052083333333332,0.3369820455168609,0.055351209852272244,1.2,0.0,0.0,0.0,0.0,0.0
26.0625,0.33705352108429126,0.05533695457166742,1.2,0.0,0.0,0.0,0.0,0.0
26.072916666666668,0.33712425296686066,0.055322705952524566,1.2,0.0,0.0,0.0,0.0,0.0
26.083333333333332,0.33719423156234835,0.055308463958517746,1.2,0.0,0.0,0.0,0.0,0.0
26.09375,0.33726344791837143,0.05529422855301953,1.2,0.0,0.0,0.0,0.0,0.0
26.104166666666668,0.3373318937285203,0.05527999969912876,1.2,0.0,0.0,0.0,0.0,0.0
26.114583333333332,0.33739956132752075,0.055265777359697996,1.2,0.0,0.0,0.0,0.0,0.0
26.125,0.3374664436854628,0.05525156149736061,1.2,0.0,0.0,0.0,0.0,0.0
26.135416666666668,0.33753253440113706,0.055237352074557565,1.2,0.0,0.0,0.0,0.0,0.0
26.145833333333332,0.33759782769452196,0.05522314905356363,1.2,0.0,0.0,0.0,0.0,0.0
26.15625,0.3376623183984654,0.05520895239651331,1.2,0.0,0.0,0.0,0.0,0.0
26.166666666666668,0.3377260019496051,0.055194762065426096,1.2,0.0,0.0,0.0,0.0,0.0
26.177083333333332,0.33778887437857363,0.05518057802223149,1.2,0.0,0.0,0.0,0.0,0.0
26.1875,0.3378509322995332,0.055166400228793135,1.2,0.0,0.0,0.0,0.0,0.0
26.197916666666668,0.33791217289908704,0.05515222864693275,1.2,0.0,0.0,0.0,0.0,0.0
26.208333333333332,0.3379725939246125,0.055138063238453244,1.2,0.0,0.0,0.0,0.0,0.0
26.21875,0.3380321936720629,0.05512390396516133,1.2,0.0,0.0,0.0,0.0,0.0
26.229166666666668,0.338090970973283,0.05510975078888952,1.2,0.0,0.0,0.0,0.0,0.0
26.239583333333332,0.3381489251828841,0.055095603671517585,1.2,0.0,0.0,0.0,0.0,0.0
26.25,0.33820605616472305,0.05508146257499315,1.2,0.0,0.0,0.0,0.0,0.0
26.260416666666668,0.33826236427802936,0.055067327461351886,1.2,0.0,0.0,0.0,0.0,0.0
26.270833333333332,0.3383005787399408,0.055056008982878095,1.2,0.0,0.020725947939345277,0.0,0.0,0.0
26.28125,0.33832030885739456,0.05504760971107369,1.2,0.0,0.042230228841950275,0.0,0.0,0.0
26.291666666666668,0.33832645978630965,0.05504137357466813,1.2,0.0,0.05817338999771764,0.0,0.0,0.0
26.302083333333332,0.3383108218946824,0.05503866786487521,1.2,0.0,0.08420995023172083,0.0,0.0,0.0
26.3125,0.3382855148931361,0.0550375731226136,1.2,0.0,0.09609229719488312,0.0,0.0,0.0
26.322916666666668,0.33822543429634544,0.05504219775120679,1.2,0.0,0.13827064892421925,0.0,0.0,0.0
26.333333333333332,0.3381566039037101,0.05504839140961902,1.2,0.0,0.14982821173538668,0.0,0.0,0.0
26.34375,0.3380545115175751,0.05506016593631787,1.2,0.0,0.1909361093974521,0.0,0.0,0.0
26.354166666666668,0.33795019867228465,0.05507254382977646,1.2,0.0,0.19533482387808865,0.0,0.0,0.0
26.364583333333332,0.33782944069015347,0.0550878444549848,1.2,0.0,0.2167963284957314,0.0,0.0,0.0
26.375,0.33769562004523224,0.05510555048271588,1.2,0.0,0.23441495804231416,0.0,0.0,0.0
26.385416666666668,0.3375560456664194,0.055124492211331554,1.2,0.0,0.2434026228326251,0.0,0.0,0.0
26.395833333333332,0.33738558082933634,0.055148782215955254,1.2,0.0,0.2825649863151676,0.0,0.0,0.0
26.40625,0.3372467456760145,0.05516825421400923,1.2,0.0,0.24705724836178167,0.0,0.0,0.0
26.416666666666668,0.3370734202352216,0.055193647874767125,1.2,0.0,0.29035043932881044,0.0,0.0,0.0
26.427083333333332,0.3369031315896953,0.05521887793495108,1.2,0.0,0.2889724176209939,0.0,0.0,0.0
26.4375,0.33671096540866063,0.055248009464662524,1.2,0.0,0.31733084224865404,0.0,0.0,0.0
26.447916666666668,0.33651410744292776,0.05527824903869091,1.2,0.0,0.3251927639806352,0.0,0.0,0.0
26.458333333333332,0.33634406845833786,0.05530440417904903,1.2,0.0,0.2951378310316241,0.0,0.0,0.0
26.46875,0.3361451998131255,0.055335564683310696,1.2,0.0,0.33144232227058246,0.0,0.0,0.0
26.479166666666668,0.33593776774156076,0.05536842607428152,1.2,0.0,0.3435653042148847,0.0,0.0,0.0
26.489583333333332,0.3357450953646259,0.055399132575741264,1.2,0.0,0.3276057201175757,0.0,0.0,0.0
26.5,0.335533513368042,0.05543319957152178,1.2,0.0,0.35176517413792546,0.0,0.0,0.0
26.510416666666668,0.33536249601915125,0.0554607975001315,1.2,0.0,0.3045226330201901,0.0,0.0,0.0
26.520833333333332,0.3351779014336059,0.055490812231190664,1.2,0.0,0.32183987055773716,0.0,0.0,0.0
26.53125,0.3350044512663064,0.05551914667800958,1.2,0.0,0.30943666564866523,0.0,0.0,0.0
26.541666666666668,0.3347830072594198,0.05555558167726373,1.2,0.0,0.3678123316234705,0.0,0.0,0.0
26.552083333333332,0.33461608416980826,0.055583120076038904,1.2,0.0,0.30320606218924673,0.0,0.0,0.0
26.5625,0.33443928124270633,0.05561239561112715,1.2,0.0,0.31554498942755854,0.0,0.0,0.0
26.572916666666668,0.33421671722565477,0.05564937406729948,1.2,0.0,0.3708442969506294,0.0,0.0,0.0
26.583333333333332,0.3340135503609982,0.05568320982981942,1.2,0.0,0.34786974562214484,0.0,0.0,0.0
26.59375,0.3338710321506417,0.0557069790491354,1.2,0.0,0.27518813925837604,0.0,0.0,0.0
26.604166666666668,0.33372361862341327,0.05573158612461525,1.2,0.0,0.28106289934076434,0.0,0.0,0.0
26.614583333333332,0.33355529449639704,0.05575971030893023,1.2,0.0,0.30615561908613775,0.0,0.0,0.0
26.625,0.3334350165836199,0.05577982415792465,1.2,0.0,0.24850016199925462,0.0,0.0,0.0
26.635416666666668,0.3333397938448646,0.055795758371965945,1.2,0.0,0.21843395317298187,0.0,0.0,0.0
26.645833333333332,0.3332156484379807,0.0558165460725375,1.2,0.0,0.2531411549273972,0.0,0.0,0.0
26.65625,0.33311346479573534,0.05583366798016961,1.2,0.0,0.22678703736107947,0.0,0.0,0.0
26.666666666666668,0.3330278716332098,0.05584801807103254,1.2,0.0,0.20687846169728943,0.0,0.0,0.0
26.677083333333332,0.3329818893969557,0.055855730252514585,1.2,0.0,0.15934535017155574,0.0,0.0,0.0
26.6875,0.33295879513451365,0.055859604446295306,1.2,0.0,0.1318797815971252,0.0,0.0,0.0
26.697916666666668,0.332937763436445,0.05586313310078863,1.2,0.0,0.12940470434905293,0.0,0.0,0.0
26.708333333333332,0.3329428075803027,0.05586228676420083,1.2,0.0,0.09811369403740905,0.0,0.0,0.0
26.71875,0.33295730448789745,0.05585985452920152,1.2,0.0,0.08677037755296634,0.0,0.0,0.0
26.729166666666668,0.33299192216899287,0.0558540473654195,1.2,0.0,0.0626254493521826,0.0,0.0,0.0
26.739583333333332,0.3330434790319373,0.05584540086835166,1.2,0.0,0.04229843113334096,0.0,0.0,0.0
26.75,0.3331126697527826,0.05583380123887842,1.2,0.0,0.02113780165232295,0.0,0.0,0.0
26.760416666666668,0.33319947530833816,0.055819255345218664,1.2,0.0,0.0,0.0,0.0,0.0
26.770833333333332,0.3332862808638937,0.05580471702861475,1.2,0.0,0.0,0.0,0.0,0.0
26.78125,0.3333730864194493,0.05579018628314781,1.2,0.0,0.0,0.0,0.0,0.0
26.791666666666668,0.33345989197500486,0.055775663102905125,1.2,0.0,0.0,0.0,0.0,0.0
26.802083333333332,0.33354669753056043,0.055761147481980154,1.2,0.0,0.0,0.0,0.0,0.0
26.8125,0.333633503086116,0.0557466394144725,1.2,0.0,0.0,0.0,0.0,0.0
26.822916666666668,0.33372030864167157,0.05573213889448789,1.2,0.0,0.0,0.0,0.0,0.0
26.833333333333332,0.33380711419722714,0.05571764591613818,1.2,0.0,0.0,0.0,0.0,0.0
26.84375,0.3338939197527827,0.05570316047354139,1.2,0.0,0.0,0.0,0.0,0.0
26.854166666666668,0.3339807253083383,0.055688682560821594,1.2,0.0,0.0,0.0,0.0,0.0
26.864583333333332,0.33406753086389385,0.05567421217210902,1.2,0.0,0.0,0.0,0.0,0.0
26.875,0.3341543285577236,0.05565974930119971,1.2,0.0,0.0,0.0,0.0,0.0
26.885416666666668,0.3342410930545146,0.05564529394080097,1.2,0.0,0.0,0.0,0.0,0.0
26.895833333333332,0.3343277984066187,0.05563084608250859,1.2,0.0,0.0,0.0,0.0,0.0
26.90625,0.334414418725507,0.055616405716813165,1.2,0.0,0.0,0.0,0.0,0.0
26.916666666666668,0.33450092821268496,0.055601972833107735,1.2,0.0,0.0,0.0,0.0,0.0
26.927083333333332,0.3345873011904016,0.055587547419696674,1.2,0.0,0.0,0.0,0.0,0.0
26.9375,0.33467351213207464,0.05557312946380587,1.2,0.0,0.0,0.0,0.0,0.0
26.947916666666668,0.3347595356923559,0.05555871895159419,1.2,0.0,0.0,0.0,0.0,0.0
26.958333333333332,0.3348453467367613,0.055544315868166126,1.2,0.0,0.0,0.0,0.0,0.0
26.96875,0.33493092037079264,0.0555299201975856,1.2,0.0,0.0,0.0,0.0,0.0
26.979166666666668,0.33501623196847996,0.05551553192289101,1.2,0.0,0.0,0.0,0.0,0.0
26.989583333333332,0.335101257200276,0.05550115102611134,1.2,0.0,0.0,0.0,0.0,0.0
27.0,0.33518597206023665,0.055486777488283436,1.2,0.0,0.0,0.0,0.0,0.0
27.010416666666668,0.33527035289242446,0.055472411289470135,1.2,0.0,0.0,0.0,0.0,0.0
27.020833333333332,0.3353543764164753,0.05545805240877967,1.2,0.0,0.0,0.0,0.0,0.0
27.03125,0.3354380197522718,0.055443700824385836,1.2,0.0,0.0,0.0,0.0,0.0
27.041666666666668,0.33552126044367087,0.05542935651354917,1.2,0.0,0.0,0.0,0.0,0.0
27.052083333333332,0.3356040764812366,0.0554150194526389,1.2,0.0,0.0,0.0,0.0,0.0
27.0625,0.33568644632393246,0.055400689617155864,1.2,0.0,0.0,0.0,0.0,0.0
27.072916666666668,0.33576834891973345,0.055386366981756044,1.2,0.0,0.0,0.0,0.0,0.0
27.083333333333332,0.33584976372512004,0.05537205152027492,1.2,0.0,0.0,0.0,0.0,0.0
27.09375,0.3359306707234224,0.055357743205752416,1.2,0.0,0.0,0.0,0.0,0.0
27.104166666666668,0.3360110504419865,0.055343442010458536,1.2,0.0,0.0,0.0,0.0,0.0
27.114583333333332,0.3360908839681379,0.05532914790591947,1.2,0.0,0.0,0.0,0.0,0.0
27.125,0.3361701529639254,0.05531486086294422,1.2,0.0,0.0,0.0,0.0,0.0
27.135416666666668,0.3362488396796274,0.05530058085165181,1.2,0.0,0.0,0.0,0.0,0.0
27.145833333333332,0.3363269269660125,0.05528630784149862,1.2,0.0,0.0,0.0,0.0,0.0
27.15625,0.336404398285347,0.055272041801306356,1.2,0.0,0.0,0.0,0.0,0.0
27.166666666666668,0.3364812377211472,0.055257782699290006,1.2,0.0,0.0,0.0,0.0,0.0
27.177083333333332,0.3365574299866787,0.055243530503086315,1.2,0.0,0.0,0.0,0.0,0.0
27.1875,0.3366329604322094,0.05522928517978222,1.2,0.0,0.0,0.0,0.0,0.0
27.197916666666668,0.336707815051025,0.055215046695943515,1.2,0.0,0.0,0.0,0.0,0.0
27.208333333333332,0.3367819804842212,0.05520081501764358,1.2,0.0,0.0,0.0,0.0,0.0
27.21875,0.3368554440242906,0.05518659011049206,1.2,0.0,0.0,0.0,0.0,0.0
27.229166666666668,0.33692819361752296,0.055172371939663664,1.2,0.0,0.0,0.0,0.0,0.0
27.239583333333332,0.337000217865245,0.0551581604699267,1.2,0.0,0.0,0.0,0.0,0.0
27.25,0.3370715060239243,0.055143955665671686,1.2,0.0,0.0,0.0,0.0,0.0
27.260416666666668,0.33714204800416875,0.05512975749093961,1.2,0.0,0.0,0.0,0.0,0.0
27.270833333333332,0.3371923076645657,0.055118757635125984,1.2,0.0,0.02343204490345946,0.0,0.0,0.0
27.28125,0.3372185559750791,0.05511159580627749,1.2,0.0,0.051587072654412224,0.0,0.0,0.0
27.291666666666668,0.337234128905469,0.055106132427426895,1.2,0.0,0.06404942207001718,0.0,0.0,0.0
27.302083333333332,0.33721683112072115,0.05510601255429835,1.2,0.0,0.10328640376824832,0.0,0.0,0.0
27.3125,0.3372015845154836,0.0551055889057732,1.2,0.0,0.101055827453282,0.0,0.0,0.0
27.322916666666668,0.33714587575186794,0.0551118061952507,1.2,0.0,0.1498128571306885,0.0,0.0,0.0
27.333333333333332,0.3370925622357217,0.055117733229356286,1.2,0.0,0.14767006641442712,0.0,0.0,0.0
27.34375,0.337002273176257,0.0551298037246551,1.2,0.0,0.19272874893809422,0.0,0.0,0.0
27.354166666666668,0.33691262982427794,0.05514192964842588,1.2,0.0,0.19309229144270984,0.0,0.0,0.0
27.364583333333332,0.33682580979365945,0.055153748800881676,1.2,0.0,0.19080118865130563,0.0,0.0,0.0
27.375,0.33670385466501046,0.05517147075752291,1.2,0.0,0.23399394933827672,0.0,0.0,0.0
27.385416666666668,0.3365904829119768,0.05518798801196803,1.2,0.0,0.22508896017219357,0.0,0.0,0.0
27.395833333333332,0.33644321675442684,0.05521024699569442,1.2,0.0,0.2670039294051139,0.0,0.0,0.0
27.40625,0.33629274532041953,0.055233260941282974,1.2,0.0,0.2723837646970016,0.0,0.0,0.0
27.416666666666668,0.3361461083305003,0.055255866332636676,1.2,0.0,0.26925663313979137,0.0,0.0,0.0
27.427083333333332,0.335958531150332,0.05528541168146722,1.2,0.0,0.3197313692959555,0.0,0.0,0.0
27.4375,0.33577656380940313,0.05531428373034449,1.2,0.0,0.3145923193071987,0.0,0.0,0.0
27.447916666666668,0.3355715773705622,0.05534717601447736,1.2,0.0,0.3436212507360658,0.0,0.0,0.0
27.458333333333332,0.33535336798120186,0.05538248687652715,1.2,0.0,0.36090857909858254,0.0,0.0,0.0
27.46875,0.33515535679304803,0.05541468532096952,1.2,0.0,0.3379910774626065,0.0,0.0,0.0
27.479166666666668,0.3349607626049571,0.05544649757843177,1.2,0.0,0.33491830857580185,0.0,0.0,0.0
27.489583333333332,0.33475177243517856,0.05548085002468721,1.2,0.0,0.3530453394137117,0.0,0.0,0.0
27.5,0.3345076931011589,0.05552117099498307,1.2,0.0,0.39589272532521574,0.0,0.0,0.0
27.510416666666668,0.3343216880242042,0.055551987270902325,1.2,0.0,0.3268395505266676,0.0,0.0,0.0
27.520833333333332,0.3341045869415367,0.05558805527728759,1.2,0.0,0.3644738916749162,0.0,0.0,0.0
27.53125,0.33392914994246164,0.055617256541659374,1.2,0.0,0.31466843738566685,0.0,0.0,0.0
27.541666666666668,0.3337530251389708,0.05564660632320823,1.2,0.0,0.31551643085565007,0.0,0.0,0.0
27.552083333333332,0.3335771491021884,0.055675945576831753,1.2,0.0,0.3152179108055589,0.0,0.0,0.0
27.5625,0.3333688350098473,0.05571073612366774,1.2,0.0,0.35414357747591657,0.0,0.0,0.0
27.572916666666668,0.3331517685906755,0.0557470346852841,1.2,0.0,0.3646463696727951,0.0,0.0,0.0
27.583333333333332,0.3330138110039556,0.055770129001849494,1.2,0.0,0.2697157707305361,0.0,0.0,0.0
27.59375,0.33284571335634633,0.05579829468677763,1.2,0.0,0.30588384379780764,0.0,0.0,0.0
27.604166666666668,0.3326630515647016,0.05582893294501,1.2,0.0,0.32336081664036415,0.0,0.0,0.0
27.614583333333332,0.3324995102287948,0.055856392649446245,1.2,0.0,0.3004162697548354,0.0,0.0,0.0
27.625,0.3323357827464837,0.055883910680950104,1.2,0.0,0.30063964544005944,0.0,0.0,0.0
27.635416666666668,0.3322096507260885,0.05590512845877916,1.2,0.0,0.2555250911408772,0.0,0.0,0.0
27.645833333333332,0.33212443442578166,0.05591947256514902,1.2,0.0,0.2064262270348495,0.0,0.0,0.0
27.65625,0.33205919041070703,0.05593045979578851,1.2,0.0,0.18245948475624518,0.0,0.0,0.0
27.666666666666668,0.33199832826817527,0.055940713002886625,1.2,0.0,0.17720123770478513,0.0,0.0,0.0
27.677083333333332,0.33194433393609163,0.05594981236421344,1.2,0.0,0.16895986516702294,0.0,0.0,0.0
27.6875,0.33190992037058337,0.05595561343376514,1.2,0.0,0.1454629452766001,0.0,0.0,0.0
27.697916666666668,0.3318839896175757,0.05595998535659581,1.2,0.0,0.13528357027586962,0.0,0.0,0.0
27.708333333333332,0.33187572648332936,0.05596137866389287,1.2,0.0,0.11408242776231141,0.0,0.0,0.0
27.71875,0.33189684362079647,0.055957818087319734,1.2,0.0,0.07882610170616783,0.0,0.0,0.0
27.729166666666668,0.33193366202766483,0.0559516111913357,1.2,0.0,0.059984578424597715,0.0,0.0,0.0
27.739583333333332,0.3319809677828245,0.055943638345068394,1.2,0.0,0.047399760475082625,0.0,0.0,0.0
27.75,0.33204923100049094,0.05593213736146455,1.2,0.0,0.022250805466912573,0.0,0.0,0.0
27.760416666666668,0.3321360365560465,0.05591751919383837,1.2,0.0,0.0,0.0,0.0,0.0
27.770833333333332,0.3322228421116021,0.055902908665290546,1.2,0.0,0.0,0.0,0.0,0.0
27.78125,0.33230964766715765,0.055888305769834674,1.2,0.0,0.0,0.0,0.0,0.0
27.791666666666668,0.3323964532227132,0.055873710501490585,1.2,0.0,0.0,0.0,0.0,0.0
27.802083333333332,0.3324832587782688,0.05585912285428437,1.2,0.0,0.0,0.0,0.0,0.0
27.8125,0.33257006433382436,0.055844542822248336,1.2,0.0,0.0,0.0,0.0,0.0
27.822916666666668,0.3326568698893799,0.05582997039942104,1.2,0.0,0.0,0.0,0.0,0.0
27.833333333333332,0.3327436754449355,0.05581540557984726,1.2,0.0,0.0,0.0,0.0,0.0
27.84375,0.33283048100049106,0.05580084835757797,1.2,0.0,0.0,0.0,0.0,0.0
27.854166666666668,0.33291728655604663,0.05578629872667037,1.2,0.0,0.0,0.0,0.0,0.0
27.864583333333332,0.3330040921116022,0.05577175668118783,1.2,0.0,0.0,0.0,0.0,0.0
27.875,0.33309089766715777,0.055757222215199936,1.2,0.0,0.0,0.0,0.0,0.0
27.885416666666668,0.33317770322271334,0.055742695322782435,1.2,0.0,0.0,0.0,0.0,0.0
27.895833333333332,0.3332645087782689,0.05572817599801726,1.2,0.0,0.0,0.0,0.0,0.0
27.90625,0.3333513143338245,0.055713664234992494,1.2,0.0,0.0,0.0,0.0,0.0
27.916666666666668,0.33343811988938005,0.05569916002780238,1.2,0.0,0.0,0.0,0.0,0.0
27.927083333333332,0.3335249254449356,0.05568466337054733,1.2,0.0,0.0,0.0,0.0,0.0
27.9375,0.3336117310004912,0.05567017425733387,1.2,0.0,0.0,0.0,0.0,0.0
27.947916666666668,0.33369853655604675,0.05565569268227467,1.2,0.0,0.0,0.0,0.0,0.0
27.958333333333332,0.3337853421116023,0.05564121863948851,1.2,0.0,0.0,0.0,0.0,0.0
27.96875,0.3338721476671579,0.05562675212310031,1.2,0.0,0.0,0.0,0.0,0.0
27.979166666666668,0.33395895322271346,0.05561229312724108,1.2,0.0,0.0,0.0,0.0,0.0
27.989583333333332,0.33404575877826903,0.055597841646047946,1.2,0.0,0.0,0.0,0.0,0.0
28.0,0.3341325607241993,0.05558339767350808,1.2,0.0,0.0,0.0,0.0,0.0
28.010416666666668,0.33421933598670367,0.05556896120261848,1.2,0.0,0.0,0.0,0.0,0.0
28.020833333333332,0.33430605860817225,0.05555453222526486,1.2,0.0,0.0,0.0,0.0,0.0
28.03125,0.3343927026823374,0.05554011073222761,1.2,0.0,0.0,0.0,0.0,0.0
28.041666666666668,0.33447924238522825,0.0555256967131891,1.2,0.0,0.0,0.0,0.0,0.0
28.052083333333332,0.33456565200593885,0.05551129015674225,1.2,0.0,0.0,0.0,0.0,0.0
28.0625,0.3346519059771318,0.05549689105040041,1.2,0.0,0.0,0.0,0.0,0.0
28.072916666666668,0.3347379789052011,0.05548249938060843,1.2,0.0,0.0,0.0,0.0,0.0
28.083333333333332,0.33482384560001804,0.05546811513275502,1.2,0.0,0.0,0.0,0.0,0.0
28.09375,0.3349094811041875,0.055453738291186244,1.2,0.0,0.0,0.0,0.0,0.0
28.104166666666668,0.334994860721742,0.055439368839220245,1.2,0.0,0.0,0.0,0.0,0.0
28.114583333333332,0.3350799600462051,0.05542500675916308,1.2,0.0,0.0,0.0,0.0,0.0
28.125,0.3351647549879569,0.055410652032325605,1.2,0.0,0.0,0.0,0.0,0.0
28.135416666666668,0.335249221800838,0.055396304639041515,1.2,0.0,0.0,0.0,0.0,0.0
28.145833333333332,0.3353333371079318,0.05538196455868628,1.2,0.0,0.0,0.0,0.0,0.0
28.15625,0.3354170779264669,0.055367631769697126,1.2,0.0,0.0,0.0,0.0,0.0
28.166666666666668,0.33550042169178673,0.055353306249593975,1.2,0.0,0.0,0.0,0.0,0.0
28.177083333333332,0.33558334628033604,0.05533898797500112,1.2,0.0,0.0,0.0,0.0,0.0
28.1875,0.3356658300316185,0.05532467692166989,1.2,0.0,0.0,0.0,0.0,0.0
28.197916666666668,0.33574785176908295,0.055310373064502046,1.2,0.0,0.0,0.0,0.0,0.0
28.208333333333332,0.33582939081990143,0.05529607637757382,1.2,0.0,0.0,0.0,0.0,0.0
28.21875,0.33591042703360435,0.055281786834160754,1.2,0.0,0.0,0.0,0.0,0.0
28.229166666666668,0.33599094079954434,0.05526750440676309,1.2,0.0,0.0,0.0,0.0,0.0
28.239583333333332,0.336070913063164,0.05525322906713173,1.2,0.0,0.0,0.0,0.0,0.0
28.25,0.33615032534104666,0.05523896078629475,1.2,0.0,0.0,0.0,0.0,0.0
28.260416666666668,0.33622915973473466,0.05522469953458431,1.2,0.0,0.0,0.0,0.0,0.0
28.270833333333332,0.3362902431886408,0.05521326182741055,1.2,0.0,0.020586905594584835,0.0,0.0,0.0
28.28125,0.3363255439251022,0.05520598221117493,1.2,0.0,0.05095508360177211,0.0,0.0,0.0
28.291666666666668,0.3363444426438573,0.0552013500084782,1.2,0.0,0.07030043177301919,0.0,0.0,0.0
28.302083333333332,0.336337939558183,0.05520086219646756,1.2,0.0,0.10060002157860058,0.0,0.0,0.0
28.3125,0.3363326762184207,0.05520017952229063,1.2,0.0,0.09917531782661757,0.0,0.0,0.0
28.322916666666668,0.33629025860017936,0.05520560239530102,1.2,0.0,0.14381130658202712,0.0,0.0,0.0
28.333333333333332,0.3362369378873457,0.05521287230604514,1.2,0.0,0.15730067672194806,0.0,0.0,0.0
28.34375,0.3361691098875901,0.055222595684989564,1.2,0.0,0.17520878800522535,0.0,0.0,0.0
28.354166666666668,0.3360658040255724,0.05523823817304464,1.2,0.0,0.21840045651272996,0.0,0.0,0.0
28.364583333333332,0.3359446600405083,0.05525694780582368,1.2,0.0,0.24071123647166548,0.0,0.0,0.0
28.375,0.33583709966655667,0.055273572596851964,1.2,0.0,0.22541596087927326,0.0,0.0,0.0
28.385416666666668,0.3356984881383104,0.055295437363240184,1.2,0.0,0.26351882015003386,0.0,0.0,0.0
28.395833333333332,0.335584693608474,0.05531336822131149,1.2,0.0,0.23475222957601774,0.0,0.0,0.0
28.40625,0.33541642290076584,0.05534040374621089,1.2,0.0,0.30089652083248214,0.0,0.0,0.0
28.416666666666668,0.3352316855228487,0.05537032944151869,1.2,0.0,0.3217012113979934,0.0,0.0,0.0
28.427083333333332,0.3350935273923569,0.05539272633497611,1.2,0.0,0.2668181250988954,0.0,0.0,0.0
28.4375,0.33492440565170384,0.05542035622654424,1.2,0.0,0.30463901653544717,0.0,0.0,0.0
28.447916666666668,0.33477495370174826,0.05544485339789897,1.2,0.0,0.28174126122720144,0.0,0.0,0.0
28.458333333333332,0.33455485755136216,0.05548115774873436,1.2,0.0,0.3670396911849262,0.0,0.0,0.0
28.46875,0.33432606595138487,0.055519037466905806,1.2,0.0,0.37807970675767427,0.0,0.0,0.0
28.479166666666668,0.3341449804203028,0.05554909483490706,1.2,0.0,0.32124936335251536,0.0,0.0,0.0
28.489583333333332,0.33389939266569224,0.05558994595632881,1.2,0.0,0.3988284898262809,0.0,0.0,0.0
28.5,0.3336687948069589,0.05562836406046123,1.2,0.0,0.38088409714667953,0.0,0.0,0.0
28.510416666666668,0.33348468568489875,0.05565907518366552,1.2,0.0,0.32509761313884306,0.0,0.0,0.0
28.520833333333332,0.33330526702223673,0.05568903653688287,1.2,0.0,0.3194690618611101,0.0,0.0,0.0
28.53125,0.33310211404168727,0.0557230002773681,1.2,0.0,0.34795024332603475,0.0,0.0,0.0
28.541666666666668,0.3328775257508126,0.055760595886643546,1.2,0.0,0.37367261571629823,0.0,0.0,0.0
28.552083333333332,0.33272270299053275,0.05578654244602294,1.2,0.0,0.2899539790024709,0.0,0.0,0.0
28.5625,0.332571227652447,0.05581195139506912,1.2,0.0,0.2859370723695447,0.0,0.0,0.0
28.572916666666668,0.3323786243917555,0.055844292716187224,1.2,0.0,0.3352905794965031,0.0,0.0,0.0
28.583333333333332,0.332196101263212,0.055874976023363616,1.2,0.0,0.3231944209188378,0.0,0.0,0.0
28.59375,0.33206392754384445,0.055897216329485404,1.2,0.0,0.26277512990770785,0.0,0.0,0.0
28.604166666666668,0.33189832351550863,0.05592510681142238,1.2,0.0,0.30289150066966514,0.0,0.0,0.0
28.614583333333332,0.3317686348306037,0.05594696799055176,1.2,0.0,0.2597930885526084,0.0,0.0,0.0
28.625,0.3316308410444074,0.055970214153427754,1.2,0.0,0.2695192101022643,0.0,0.0,0.0
28.635416666666668,0.33151205369747994,0.05599026939175798,1.2,0.0,0.24671148297958434,0.0,0.0,0.0
28.645833333333332,0.33141974128122736,0.05600586471216408,1.2,0.0,0.21494156616977733,0.0,0.0,0.0
28.65625,0.33132379032959147,0.05602208393992004,1.2,0.0,0.21930780862973842,0.0,0.0,0.0
28.666666666666668,0.33124488830094223,0.056035428315118374,1.2,0.0,0.1988491010457636,0.0,0.0,0.0
28.677083333333332,0.33116766850750323,0.05604849433759351,1.2,0.0,0.19683041879347557,0.0,0.0,0.0
28.6875,0.3311441097382037,0.056052481826752626,1.2,0.0,0.13243718982615604,0.0,0.0,0.0
28.697916666666668,0.33111253317611433,0.05605782727428277,1.2,0.0,0.14205854117389716,0.0,0.0,0.0
28.708333333333332,0.3311061335109278,0.05605891076772892,1.2,0.0,0.11184626489046022,0.0,0.0,0.0
28.71875,0.33111818298768414,0.05605687076939302,1.2,0.0,0.08970729455911701,0.0,0.0,0.0
28.729166666666668,0.3311482539121547,0.056051780354731164,1.2,0.0,0.06808155730200109,0.0,0.0,0.0
28.739583333333332,0.3311981648616239,0.056043333455340544,1.2,0.0,0.04427352730362196,0.0,0.0,0.0
28.75,0.331265507107689,0.0560319405277013,1.2,0.0,0.02335597138855139,0.0,0.0,0.0
28.760416666666668,0.33135231266324455,0.05601726163897627,1.2,0.0,0.0,0.0,0.0,0.0
28.770833333333332,0.3314391182188001,0.056002590439199355,1.2,0.0,0.0,0.0,0.0,0.0
28.78125,0.3315259237743557,0.05598792692233081,1.2,0.0,0.0,0.0,0.0,0.0
28.791666666666668,0.33161272932991126,0.05597327108233722,1.2,0.0,0.0,0.0,0.0,0.0
28.802083333333332,0.33169953488546683,0.05595862291319148,1.2,0.0,0.0,0.0,0.0,0.0
28.8125,0.3317863404410224,0.05594398240887281,1.2,0.0,0.0,0.0,0.0,0.0
28.822916666666668,0.33187314599657797,0.0559293495633667,1.2,0.0,0.0,0.0,0.0,0.0
28.833333333333332,0.33195995155213354,0.05591472437066496,1.2,0.0,0.0,0.0,0.0,0.0
28.84375,0.3320467571076891,0.05590010682476567,1.2,0.0,0.0,0.0,0.0,0.0
28.854166666666668,0.3321335626632447,0.055885496919673185,1.2,0.0,0.0,0.0,0.0,0.0
28.864583333333332,0.33222036821880024,0.05587089464939812,1.2,0.0,0.0,0.0,0.0,0.0
28.875,0.3323071737743558,0.05585630000795736,1.2,0.0,0.0,0.0,0.0,0.0
28.885416666666668,0.3323939793299114,0.05584171298937404,1.2,0.0,0.0,0.0,0.0,0.0
28.895833333333332,0.33248078488546695,0.05582713358767753,1.2,0.0,0.0,0.0,0.0,0.0
28.90625,0.3325675904410225,0.05581256179690343,1.2,0.0,0.0,0.0,0.0,0.0
28.916666666666668,0.3326543959965781,0.055797997611093574,1.2,0.0,0.0,0.0,0.0,0.0
28.927083333333332,0.33274120155213366,0.055783441024296006,1.2,0.0,0.0,0.0,0.0,0.0
28.9375,0.3328280071076892,0.05576889203056499,1.2,0.0,0.0,0.0,0.0,0.0
28.947916666666668,0.3329148126632448,0.05575435062396098,1.2,0.0,0.0,0.0,0.0,0.0
28.958333333333332,0.33300161821880037,0.05573981679855064,1.2,0.0,0.0,0.0,0.0,0.0
28.96875,0.33308842377435594,0.05572529054840681,1.2,0.0,0.0,0.0,0.0,0.0
28.979166666666668,0.3331752293299115,0.05571077186760849,1.2,0.0,0.0,0.0,0.0,0.0
28.989583333333332,0.3332620348854671,0.05569626075024086,1.2,0.0,0.0,0.0,0.0,0.0
29.0,0.33334884044102264,0.05568175719039528,1.2,0.0,0.0,0.0,0.0,0.0
29.010416666666668,0.3334356459965782,0.055667261182169234,1.2,0.0,0.0,0.0,0.0,0.0
29.020833333333332,0.3335224515521338,0.05565277271966637,1.2,0.0,0.0,0.0,0.0,0.0
29.03125,0.33360925710768935,0.055638291796996475,1.2,0.0,0.0,0.0,0.0,0.0
29.041666666666668,0.3336960626632449,0.05562381840827545,1.2,0.0,0.0,0.0,0.0,0.0
29.052083333333332,0.3337828682188005,0.05560935254762532,1.2,0.0,0.0,0.0,0.0,0.0
29.0625,0.33386967377435606,0.05559489420917424,1.2,0.0,0.0,0.0,0.0,0.0
29.072916666666668,0.3339564793299116,0.05558044338705645,1.2,0.0,0.0,0.0,0.0,0.0
29.083333333333332,0.3340432848854672,0.05556600007541229,1.2,0.0,0.0,0.0,0.0,0.0
29.09375,0.3341300872111469,0.055551564268248664,1.2,0.0,0.0,0.0,0.0,0.0
29.104166666666668,0.33421686359360864,0.05553713595859835,1.2,0.0,0.0,0.0,0.0,0.0
29.114583333333332,0.33430358807423416,0.055522715138383354,1.2,0.0,0.0,0.0,0.0,0.0
29.125,0.3343902347448634,0.055508301798420805,1.2,0.0,0.0,0.0,0.0,0.0
29.135416666666668,0.3344767777787532,0.0554938959284302,1.2,0.0,0.0,0.0,0.0,0.0
29.145833333333332,0.33456319146135155,0.05547949751704201,1.2,0.0,0.0,0.0,0.0,0.0
29.15625,0.3346494502208103,0.055465106551807405,1.2,0.0,0.0,0.0,0.0,0.0
29.166666666666668,0.3347355286581582,0.055450723019209364,1.2,0.0,0.0,0.0,0.0,0.0
29.177083333333332,0.3348214015770603,0.055436346904674964,1.2,0.0,0.0,0.0,0.0,0.0
29.1875,0.33490704401308874,0.05542197819258886,1.2,0.0,0.0,0.0,0.0,0.0
29.197916666666668,0.334992431262434,0.05540761686630795,1.2,0.0,0.0,0.0,0.0,0.0
29.208333333333332,0.33507753890998715,0.055393262908177136,1.2,0.0,0.0,0.0,0.0,0.0
29.21875,0.33516234285672614,0.055378916299546235,1.2,0.0,0.0,0.0,0.0,0.0
29.229166666666668,0.3352468193463425,0.05536457702078792,1.2,0.0,0.0,0.0,0.0,0.0
29.239583333333332,0.3353309449910475,0.05535024505131664,1.2,0.0,0.0,0.0,0.0,0.0
29.25,0.33541469679650066,0.05533592036960857,1.2,0.0,0.0,0.0,0.0,0.0
29.260416666666668,0.33549805218580664,0.055321602953222505,1.2,0.0,0.0,0.0,0.0,0.0
29.270833333333332,0.33556460701325447,0.05530999283885283,1.2,0.0,0.019658411131068608,0.0,0.0,0.0
29.28125,0.33560577342987225,0.055302512846876616,1.2,0.0,0.04970283406976981,0.0,0.0,0.0
29.291666666666668,0.3356358562976217,0.055296823694470254,1.2,0.0,0.06273310190684324,0.0,0.0,0.0
29.302083333333332,0.33564050837542087,0.055295297236300216,1.2,0.0,0.09304831674402572,0.0,0.0,0.0
29.3125,0.3356379286121738,0.05529495790287038,1.2,0.0,0.10169499529077805,0.0,0.0,0.0
29.322916666666668,0.33560634980010723,0.055299398864488224,1.2,0.0,0.1365113499729182,0.0,0.0,0.0
29.333333333333332,0.3355656725692513,0.05530536919628088,1.2,0.0,0.14764139032592571,0.0,0.0,0.0
29.34375,0.335502569644093,0.055315074689134394,1.2,0.0,0.1748191441241399,0.0,0.0,0.0
29.354166666666668,0.33541750048534397,0.05532846193278781,1.2,0.0,0.2015791531510495,0.0,0.0,0.0
29.364583333333332,0.3353000806730906,0.055347266007708944,1.2,0.0,0.24091381526510341,0.0,0.0,0.0
29.375,0.33516534611188903,0.055369034131989715,1.2,0.0,0.26235162722656896,0.0,0.0,0.0
29.385416666666668,0.3350680342065026,0.055384727783066266,1.2,0.0,0.218131612557718,0.0,0.0,0.0
29.395833333333332,0.33496115343365906,0.055402075021623566,1.2,0.0,0.2300638502831234,0.0,0.0,0.0
29.40625,0.3348071747926926,0.05542729104186408,1.2,0.0,0.2870299509666599,0.0,0.0,0.0
29.416666666666668,0.334665812849093,0.055450517360763764,1.2,0.0,0.27245318577182154,0.0,0.0,0.0
29.427083333333332,0.3345052250586108,0.055477011116559456,1.2,0.0,0.29595495287712487,0.0,0.0,0.0
29.4375,0.33431201533686955,0.05550900005443257,1.2,0.0,0.33549029583002954,0.0,0.0,0.0
29.447916666666668,0.33415869919115704,0.0555344403915562,1.2,0.0,0.28794464757522775,0.0,0.0,0.0
29.458333333333332,0.3339405381464025,0.0555707134371949,1.2,0.0,0.3659078196245165,0.0,0.0,0.0
29.46875,0.333730597916268,0.055605671359664655,1.2,0.0,0.3560949428280327,0.0,0.0,0.0
29.479166666666668,0.33354309636276436,0.0556369301381471,1.2,0.0,0.3291685308710766,0.0,0.0,0.0
29.489583333333332,0.33338406826883926,0.055663469603568036,1.2,0.0,0.29500037937676776,0.0,0.0,0.0
29.5,0.33322057837519636,0.055690780085920766,1.2,0.0,0.300354539038166,0.0,0.0,0.0
29.510416666666668,0.33304346426046844,0.05572039671039147,1.2,0.0,0.31670360434017736,0.0,0.0,0.0
29.520833333333332,0.3328339171827991,0.05575547740888539,1.2,0.0,0.35562315986985943,0.0,0.0,0.0
29.53125,0.3326225586955728,0.05579090613448336,1.2,0.0,0.357796851338237,0.0,0.0,0.0
29.541666666666668,0.3324234064867105,0.0558243300209315,1.2,0.0,0.34314931730142006,0.0,0.0,0.0
29.552083333333332,0.3322211002215228,0.055858324284708265,1.2,0.0,0.3469341848918987,0.0,0.0,0.0
29.5625,0.3320390670967453,0.05588894738398175,1.2,0.0,0.3226064163996684,0.0,0.0,0.0
29.572916666666668,0.3318274880174494,0.055924583165999,1.2,0.0,0.35806156182178756,0.0,0.0,0.0
29.583333333333332,0.331660856327256,0.05595268056621531,1.2,0.0,0.3041246948987268,0.0,0.0,0.0
29.59375,0.3314926352441192,0.05598107462245829,1.2,0.0,0.30603196643082464,0.0,0.0,0.0
29.604166666666668,0.33133759169485366,0.05600726997341973,1.2,0.0,0.2902189257853184,0.0,0.0,0.0
29.614583333333332,0.33121645816199646,0.05602775312970736,1.2,0.0,0.2495269060953319,0.0,0.0,0.0
29.625,0.33107271227215473,0.05605207938472908,1.2,0.0,0.2766617344767353,0.0,0.0,0.0
29.635416666666668,0.3309644242079074,0.05607041903313128,1.2,0.0,0.23411234376345766,0.0,0.0,0.0
29.645833333333332,0.3308302275134696,0.05609316322112928,1.2,0.0,0.26520269999203777,0.0,0.0,0.0
29.65625,0.33071385321876945,0.05611290174204041,1.2,0.0,0.24381582030682236,0.0,0.0,0.0
29.666666666666668,0.33062546116155084,0.056127903414337696,1.2,0.0,0.21023713532902683,0.0,0.0,0.0
29.677083333333332,0.3305704914689412,0.05613723677492835,1.2,0.0,0.17013029779823488,0.0,0.0,0.0
29.6875,0.3305203476477025,0.0561457534535102,1.2,0.0,0.1643392521530631,0.0,0.0,0.0
29.697916666666668,0.33050526192282154,0.05614831619452348,1.2,0.0,0.12226953652382588,0.0,0.0,0.0
29.708333333333332,0.33051194770599446,0.05614718039453136,1.2,0.0,0.09614372685918224,0.0,0.0,0.0
29.71875,0.33053428083696856,0.0561433867113757,1.2,0.0,0.07736690949772121,0.0,0.0,0.0
29.729166666666668,0.3305652840943586,0.05613812110136547,1.2,0.0,0.06696275779862393,0.0,0.0,0.0
29.739583333333332,0.3306153694141233,0.05612961666991289,1.2,0.0,0.044064282949025826,0.0,0.0,0.0
29.75,0.33068393973621124,0.056117977683463174,1.2,0.0,0.02188228016109005,0.0,0.0,0.0
29.760416666666668,0.3307707452917668,0.05610325040694671,1.2,0.0,0.0,0.0,0.0,0.0
29.770833333333332,0.3308575508473224,0.05608853085828423,1.2,0.0,0.0,0.0,0.0,0.0
29.78125,0.33094435640287795,0.05607381903139475,1.2,0.0,0.0,0.0,0.0,0.0
29.791666666666668,0.3310311619584335,0.05605911492020369,1.2,0.0,0.0,0.0,0.0,0.0
29.802083333333332,0.3311179675139891,0.05604441851864283,1.2,0.0,0.0,0.0,0.0,0.0
29.8125,0.33120477306954466,0.05602972982065031,1.2,0.0,0.0,0.0,0.0,0.0
29.822916666666668,0.3312915786251002,0.05601504882017063,1.2,0.0,0.0,0.0,0.0,0.0
29.833333333333332,0.3313783841806558,0.056000375511154624,1.2,0.0,0.0,0.0,0.0,0.0
29.84375,0.33146518973621136,0.05598570988755947,1.2,0.0,0.0,0.0,0.0,0.0
29.854166666666668,0.33155199529176693,0.055971051943348685,1.2,0.0,0.0,0.0,0.0,0.0
29.864583333333332,0.3316388008473225,0.05595640167249208,1.2,0.0,0.0,0.0,0.0,0.0
29.875,0.33172560640287807,0.0559417590689658,1.2,0.0,0.0,0.0,0.0,0.0
29.885416666666668,0.33181241195843364,0.055927124126752284,1.2,0.0,0.0,0.0,0.0,0.0
29.895833333333332,0.3318992175139892,0.05591249683984027,1.2,0.0,0.0,0.0,0.0,0.0
29.90625,0.3319860230695448,0.05589787720222479,1.2,0.0,0.0,0.0,0.0,0.0
29.916666666666668,0.33207282862510035,0.055883265207907144,1.2,0.0,0.0,0.0,0.0,0.0
29.927083333333332,0.3321596341806559,0.0558686608508949,1.2,0.0,0.0,0.0,0.0,0.0
29.9375,0.3322464397362115,0.055854064125201885,1.2,0.0,0.0,0.0,0.0,0.0
29.947916666666668,0.33233324529176705,0.055839475024848206,1.2,0.0,0.0,0.0,0.0,0.0
29.958333333333332,0.3324200508473226,0.0558248935438602,1.2,0.0,0.0,0.0,0.0,0.0
29.96875,0.3325068564028782,0.05581031967627043,1.2,0.0,0.0,0.0,0.0,0.0
29.979166666666668,0.33259366195843376,0.05579575341611771,1.2,0.0,0.0,0.0,0.0,0.0
29.989583333333332,0.33268046751398933,0.05578119475744707,1.2,0.0,0.0,0.0,0.0,0.0
30.0,0.3327672730695449,0.05576664369430974,1.2,0.0,0.0,0.0,0.0,0.0
30.010416666666668,0.33285407862510047,0.055752100220763164,1.2,0.0,0.0,0.0,0.0,0.0
30.020833333333332,0.33294088418065604,0.05573756433087099,1.2,0.0,0.0,0.0,0.0,0.0
30.03125,0.3330276897362116,0.05572303601870305,1.2,0.0,0.0,0.0,0.0,0.0
30.041666666666668,0.3331144952917672,0.055708515278335355,1.2,0.0,0.0,0.0,0.0,0.0
30.052083333333332,0.33320130084732275,0.055694002103850095,1.2,0.0,0.0,0.0,0.0,0.0
30.0625,0.3332881064028783,0.05567949648933563,1.2,0.0,0.0,0.0,0.0,0.0
30.072916666666668,0.3333749119584339,0.055664998428886454,1.2,0.0,0.0,0.0,0.0,0.0
30.083333333333332,0.33346171751398945,0.05565050791660323,1.2,0.0,0.0,0.0,0.0,0.0
30.09375,0.333548523069545,0.05563602494659277,1.2,0.0,0.0,0.0,0.0,0.0
30.104166666666668,0.3336353286251006,0.055621549512967994,1.2,0.0,0.0,0.0,0.0,0.0
30.114583333333332,0.33372213418065616,0.055607081609847966,1.2,0.0,0.0,0.0,0.0,0.0
30.125,0.33380893973621173,0.05559262123135786,1.2,0.0,0.0,0.0,0.0,0.0
30.135416666666668,0.3338957452917673,0.055578168371628954,1.2,0.0,0.0,0.0,0.0,0.0
30.145833333333332,0.33398255084732287,0.055563723024798645,1.2,0.0,0.0,0.0,0.0,0.0
30.15625,0.33406935640287844,0.055549285185010414,1.2,0.0,0.0,0.0,0.0,0.0
30.166666666666668,0.33415615366591633,0.05553485484605572,1.2,0.0,0.0,0.0,0.0,0.0
30.177083333333332,0.33424291718583315,0.0555204320006348,1.2,0.0,0.0,0.0,0.0,0.0
30.1875,0.33432962101590474,0.055506016640339,1.2,0.0,0.0,0.0,0.0,0.0
30.197916666666668,0.33441623926917796,0.05549160875565712,1.2,0.0,0.0,0.0,0.0,0.0
30.208333333333332,0.33450274614938236,0.055477208335982964,1.2,0.0,0.0,0.0,0.0,0.0
30.21875,0.3345891159816339,0.055462815369624364,1.2,0.0,0.0,0.0,0.0,0.0
30.229166666666668,0.3346753232428536,0.05544842984381331,1.2,0.0,0.0,0.0,0.0,0.0
30.239583333333332,0.33476134259182455,0.05543405174471737,1.2,0.0,0.0,0.0,0.0,0.0
30.25,0.3348471488988117,0.055419681057452395,1.2,0.0,0.0,0.0,0.0,0.0
30.260416666666668,0.33493271727467233,0.0554053177660963,1.2,0.0,0.0,0.0,0.0,0.0
30.270833333333332,0.3350006028694216,0.055393842216560636,1.2,0.0,0.020904275956741426,0.0,0.0,0.0
30.28125,0.33504702527133995,0.0553858817695415,1.2,0.0,0.04638860354192836,0.0,0.0,0.0
30.291666666666668,0.33506906811926424,0.05538192576831617,1.2,0.0,0.07544742771917869,0.0,0.0,0.0
30.302083333333332,0.3350725069063399,0.05538103174220886,1.2,0.0,0.09767580745883044,0.0,0.0,0.0
30.3125,0.33507498710279937,0.05538029407422834,1.2,0.0,0.09881088152620272,0.0,0.0,0.0
30.322916666666668,0.3350604948328731,0.05538236015154475,1.2,0.0,0.11916682294040541,0.0,0.0,0.0
30.333333333333332,0.3349983730601943,0.055392309679609626,1.2,0.0,0.17638624789075646,0.0,0.0,0.0
30.34375,0.33494794162181746,0.055400365657602785,1.2,0.0,0.16262243272158258,0.0,0.0,0.0
30.354166666666668,0.33485618582800014,0.055415289928450795,1.2,0.0,0.21241471203120244,0.0,0.0,0.0
30.364583333333332,0.3347622012490263,0.05543063859537387,1.2,0.0,0.2154317026964372,0.0,0.0,0.0
30.375,0.33463404338567604,0.05545170147989365,1.2,0.0,0.25675429814620726,0.0,0.0,0.0
30.385416666666668,0.33454211189883193,0.055466824621534815,1.2,0.0,0.21365281641119646,0.0,0.0,0.0
30.395833333333332,0.3344290792385956,0.05548548765640588,1.2,0.0,0.23919790258787543,0.0,0.0,0.0
30.40625,0.3342974093834092,0.05550728906910627,1.2,0.0,0.2617896292353142,0.0,0.0,0.0
30.416666666666668,0.33412169747994197,0.055536454572427445,1.2,0.0,0.3148379707269273,0.0,0.0,0.0
30.427083333333332,0.3339270740771279,0.0555688187521502,1.2,0.0,0.33768411223495487,0.0,0.0,0.0
30.4375,0.33371508314777615,0.05560411858163088,1.2,0.0,0.35855578188878284,0.0,0.0,0.0
30.447916666666668,0.33356508598690027,0.05562912257716469,1.2,0.0,0.28416325971771944,0.0,0.0,0.0
30.458333333333332,0.3333522302346364,0.0556646434996604,1.2,0.0,0.35959356938332304,0.0,0.0,0.0
30.46875,0.33317817667289834,0.05569372292365133,1.2,0.0,0.3130309407523551,0.0,0.0,0.0
30.479166666666668,0.3329591919435479,0.055730352261828674,1.2,0.0,0.36694834188720515,0.0,0.0,0.0
30.489583333333332,0.3327297948422336,0.05576877497437881,1.2,0.0,0.37944318824382745,0.0,0.0,0.0
30.5,0.3325635815699982,0.055796647871745646,1.2,0.0,0.30362259334909575,0.0,0.0,0.0
30.510416666666668,0.3323238776975217,0.055836893768786595,1.2,0.0,0.39181131363849764,0.0,0.0,0.0
30.520833333333332,0.3321409685545416,0.05586764299683385,1.2,0.0,0.32365763824275745,0.0,0.0,0.0
30.53125,0.3319738745783414,0.05589576312110909,1.2,0.0,0.30467943810696696,0.0,0.0,0.0
30.541666666666668,0.33181703623583414,0.055922183099240845,1.2,0.0,0.2923726776753252,0.0,0.0,0.0
30.552083333333332,0.331609896015246,0.055957114907616116,1.2,0.0,0.3527349313724814,0.0,0.0,0.0
30.5625,0.3314396406024578,0.05598585921134429,1.2,0.0,0.3084731620124889,0.0,0.0,0.0
30.572916666666668,0.33123344450005904,0.056020710963637144,1.2,0.0,0.3516019895451382,0.0,0.0,0.0
30.583333333333332,0.3310334064542945,0.056054563358365325,1.2,0.0,0.3442123215840579,0.0,0.0,0.0
30.59375,0.3308350099735076,0.05608817838630096,1.2,0.0,0.3422424436109162,0.0,0.0,0.0
30.604166666666668,0.3307121098116281,0.05610902203247748,1.2,0.0,0.2516468609221163,0.0,0.0,0.0
30.614583333333332,0.33054186886287545,0.05613792019650509,1.2,0.0,0.3084558051698438,0.0,0.0,0.0
30.625,0.33040196274164985,0.05616169135876815,1.2,0.0,0.27205401213742364,0.0,0.0,0.0
30.635416666666668,0.33026650396844276,0.056184726070800044,1.2,0.0,0.26671719451513826,0.0,0.0,0.0
30.645833333333332,0.3301429753396988,0.05620574854495913,1.2,0.0,0.25240102115942303,0.0,0.0,0.0
30.65625,0.3300751481814002,0.05621729826696896,1.2,0.0,0.18555925662495643,0.0,0.0,0.0
30.666666666666668,0.3299856965537174,0.05623253749971883,1.2,0.0,0.21150861988604966,0.0,0.0,0.0
30.677083333333332,0.3299360217199859,0.056241003813690967,1.2,0.0,0.16377646714450225,0.0,0.0,0.0
30.6875,0.3298850228805909,0.056249698436732234,1.2,0.0,0.16536527394060438,0.0,0.0,0.0
30.697916666666668,0.32987281881927205,0.056251779465327875,1.2,0.0,0.11881154024930884,0.0,0.0,0.0
30.708333333333332,0.32986738835591434,0.05625270551390974,1.2,0.0,0.11068322269589562,0.0,0.0,0.0
30.71875,0.3298684675672002,0.05625252147523791,1.2,0.0,0.10287161312364622,0.0,0.0,0.0
30.729166666666668,0.32989966251266417,0.05624720229932161,1.2,0.0,0.06673273210985883,0.0,0.0,0.0
30.739583333333332,0.32994703106150264,0.05623912722029887,1.2,0.0,0.04732440806049509,0.0,0.0,0.0
30.75,0.33001595154475194,0.056227382249162176,1.2,0.0,0.021462086767496096,0.0,0.0,0.0
30.760416666666668,0.3301027571003075,0.05621259640127515,1.2,0.0,0.0,0.0,0.0,0.0
30.770833333333332,0.3301895626558631,0.05619781832767226,1.2,0.0,0.0,0.0,0.0,0.0
30.78125,0.33027636821141865,0.05618304802222364,1.2,0.0,0.0,0.0,0.0,0.0
30.791666666666668,0.3303631737669742,0.056168285478805854,1.2,0.0,0.0,0.0,0.0,0.0
30.802083333333332,0.3304499793225298,0.05615353069130189,1.2,0.0,0.0,0.0,0.0,0.0
30.8125,0.33053678487808535,0.05613878365360119,1.2,0.0,0.0,0.0,0.0,0.0
30.822916666666668,0.3306235904336409,0.0561240443595996,1.2,0.0,0.0,0.0,0.0,0.0
30.833333333333332,0.3307103959891965,0.056109312803199356,1.2,0.0,0.0,0.0,0.0,0.0
30.84375,0.33079720154475206,0.05609458897830913,1.2,0.0,0.0,0.0,0.0,0.0
30.854166666666668,0.33088400710030763,0.05607987287884395,1.2,0.0,0.0,0.0,0.0,0.0
30.864583333333332,0.3309708126558632,0.05606516449872526,1.2,0.0,0.0,0.0,0.0,0.0
30.875,0.33105761821141877,0.056050463831880865,1.2,0.0,0.0,0.0,0.0,0.0
30.885416666666668,0.33114442376697434,0.05603577087224493,1.2,0.0,0.0,0.0,0.0,0.0
30.895833333333332,0.3312312293225299,0.05602108561375798,1.2,0.0,0.0,0.0,0.0,0.0
30.90625,0.3313180348780855,0.05600640805036691,1.2,0.0,0.0,0.0,0.0,0.0
30.916666666666668,0.33140484043364105,0.05599173817602494,1.2,0.0,0.0,0.0,0.0,0.0
30.927083333333332,0.3314916459891966,0.05597707598469161,1.2,0.0,0.0,0.0,0.0,0.0
30.9375,0.3315784515447522,0.05596242147033281,1.2,0.0,0.0,0.0,0.0,0.0
30.947916666666668,0.33166525710030775,0.055947774626920764,1.2,0.0,0.0,0.0,0.0,0.0
30.958333333333332,0.3317520626558633,0.05593313544843395,1.2,0.0,0.0,0.0,0.0,0.0
30.96875,0.3318388682114189,0.05591850392885719,1.2,0.0,0.0,0.0,0.0,0.0
30.979166666666668,0.33192567376697446,0.055903880062181575,1.2,0.0,0.0,0.0,0.0,0.0
30.989583333333332,0.33201247932253003,0.0558892638424045,1.2,0.0,0.0,0.0,0.0,0.0
31.0,0.3320992848780856,0.055874655263529624,1.2,0.0,0.0,0.0,0.0,0.0
31.010416666666668,0.33218609043364117,0.05586005431956687,1.2,0.0,0.0,0.0,0.0,0.0
31.020833333333332,0.33227289598919674,0.055845461004532436,1.2,0.0,0.0,0.0,0.0,0.0
31.03125,0.3323597015447523,0.055830875312448756,1.2,0.0,0.0,0.0,0.0,0.0
31.041666666666668,0.3324465071003079,0.05581629723734452,1.2,0.0,0.0,0.0,0.0,0.0
31.052083333333332,0.33253331265586344,0.05580172677325464,1.2,0.0,0.0,0.0,0.0,0.0
31.0625,0.332620118211419,0.05578716391422025,1.2,0.0,0.0,0.0,0.0,0.0
31.072916666666668,0.3327069237669746,0.055772608654288736,1.2,0.0,0.0,0.0,0.0,0.0
31.083333333333332,0.33279372932253015,0.05575806098751366,1.2,0.0,0.0,0.0,0.0,0.0
31.09375,0.3328805348780857,0.0557435209079548,1.2,0.0,0.0,0.0,0.0,0.0
31.104166666666668,0.3329673404336413,0.05572898840967813,1.2,0.0,0.0,0.0,0.0,0.0
31.114583333333332,0.33305414598919686,0.055714463486755815,1.2,0.0,0.0,0.0,0.0,0.0
31.125,0.33314095154475243,0.055699946133266176,1.2,0.0,0.0,0.0,0.0,0.0
31.135416666666668,0.333227757100308,0.05568543634329374,1.2,0.0,0.0,0.0,0.0,0.0
31.145833333333332,0.33331456265586357,0.05567093411092915,1.2,0.0,0.0,0.0,0.0,0.0
31.15625,0.33340136821141914,0.05565643943026926,1.2,0.0,0.0,0.0,0.0,0.0
31.166666666666668,0.3334881737669747,0.055641952295417026,1.2,0.0,0.0,0.0,0.0,0.0
31.177083333333332,0.3335749793225303,0.05562747270048155,1.2,0.0,0.0,0.0,0.0,0.0
31.1875,0.34037497932253025,0.05451614890366147,1.2,8.16,0.0,0.0,0.0,1.0
31.197916666666668,0.3471049192079583,0.05344814383651693,1.2,8.16,0.0,0.0,0.0,1.0
31.208333333333332,0.35360885767875994,0.0524203206635508,1.2,8.16,0.0,0.0,0.0,1.0
31.21875,0.35974600369441845,0.05142945995390708,1.2,8.16,0.0,0.0,0.0,1.0
31.229166666666668,0.3654033018279405,0.05047237958288394,1.2,8.16,0.0,0.0,0.0,1.0
31.239583333333332,0.37050324315938543,0.04954603902446685,1.2,8.16,0.0,0.0,0.0,1.0
31.25,0.37500616281802474,0.048647618948288354,1.2,8.16,0.0,0.0,0.0,1.0
31.260416666666668,0.3792074075840477,0.06644578524219402,1.2,8.52,0.0,5.0,1.0,1.0
31.270833333333332,0.38276386679483726,0.0872586282538187,1.2,8.52,0.02445575922204129,5.0,1.0,1.0
31.28125,0.3797209576138618,0.08725137477268072,1.5,0.0,0.05366302967180211,0.0,0.0,0.0
31.291666666666668,0.3770408456401408,0.0872461370857813,1.5,0.0,0.06795273829434816,0.0,0.0,0.0
31.302083333333332,0.37465387867067956,0.08724422710088753,1.5,0.0,0.09104364212834368,0.0,0.0,0.0
31.3125,0.37249936575468345,0.08724835882203166,1.5,0.0,0.13239204834399287,0.0,0.0,0.0
31.322916666666668,0.3705693614384111,0.08725156651819257,1.5,0.0,0.1259651084315042,0.0,0.0,0.0
31.333333333333332,0.36879503366675337,0.0872622769377755,1.5,0.0,0.17659997111341225,0.0,0.0,0.0
31.34375,0.3671607087293185,0.08727867210644104,1.5,0.0,0.21454034855016502,0.0,0.0,0.0
31.354166666666668,0.36565183036212584,0.08729946991761312,1.5,0.0,0.24357772852729298,0.0,0.0,0.0
31.364583333333332,0.3642903288910487,0.08731533329368088,1.5,0.0,0.21008024420384888,0.0,0.0,0.0
31.375,0.363020908998597,0.08733533353229704,1.5,0.0,0.237210969952077,0.0,0.0,0.0
31.385416666666668,0.36183035434695954,0.08735986482447566,1.5,0.0,0.26677972660625954,0.0,0.0,0.0
31.395833333333332,0.36072667116234947,0.08738463303104219,1.5,0.0,0.2678034163041071,0.0,0.0,0.0
31.40625,0.35965973626917125,0.08741946850245315,1.5,0.0,0.33356931609639273,0.0,0.0,0.0
31.416666666666668,0.3586878517238202,0.08744885916264827,1.5,0.0,0.29711357786112924,0.0,0.0,0.0
31.427083333333332,0.3577324535280996,0.0874897735730899,1.5,0.0,0.3719604391108516,0.0,0.0,0.0
31.4375,0.356866707074652,0.08752349082837826,1.5,0.0,0.32421644619989204,0.0,0.0,0.0
31.447916666666668,0.3560119881859836,0.08756741440008257,1.5,0.0,0.39002945285460433,0.0,0.0,0.0
31.458333333333332,0.3551991089065488,0.08761337253038498,1.5,0.0,0.4024381100754511,0.0,0.0,0.0
31.46875,0.35442319649549925,0.08766154373505144,1.5,0.0,0.4159545473306391,0.0,0.0,0.0
31.479166666666668,0.353700780712775,0.08770692992626601,1.5,0.0,0.39716869391263715,0.0,0.0,0.0
31.489583333333332,0.35301554806834967,0.08775250078988792,1.5,0.0,0.397639000694628,0.0,0.0,0.0
31.5,0.35235502055005535,0.08780057061379688,1.5,0.0,0.41299239610016,0.0,0.0,0.0
31.510416666666668,0.35173276085179134,0.0878471660541287,1.5,0.0,0.40282792148885926,0.0,0.0,0.0
31.520833333333332,0.351135891024793,0.0878947771488126,1.5,0.0,0.40865847725852283,0.0,0.0,0.0
31.53125,0.3505797769577921,0.08793901792710222,1.5,0.0,0.3865028452353529,0.0,0.0,0.0
31.541666666666668,0.3500603974654727,0.08798020839838597,1.5,0.0,0.36651488185968595,0.0,0.0,0.0
31.552083333333332,0.34953863129629104,0.0880275973965301,1.5,0.0,0.4054032443260421,0.0,0.0,0.0
31.5625,0.3490543795627252,0.0880709928643893,1.5,0.0,0.3794871989983244,0.0,0.0,0.0
31.572916666666668,0.3485854497321452,0.08811543641442915,1.5,0.0,0.385619151748694,0.0,0.0,0.0
31.583333333333332,0.3481468286280324,0.08815683560567177,1.5,0.0,0.36587785327142314,0.0,0.0,0.0
31.59375,0.3477748599051749,0.08818553335136828,1.5,0.0,0.2853048288182624,0.0,0.0,0.0
31.604166666666668,0.3474022858182832,0.08821783358197054,1.5,0.0,0.307758771035503,0.0,0.0,0.0
31.614583333333332,0.3470627837128245,0.08824509854371966,1.5,0.0,0.27579007909031583,0.0,0.0,0.0
31.625,0.3467108549857542,0.08827851918918872,1.5,0.0,0.3142597053686977,0.0,0.0,0.0
31.635416666666668,0.34638920501964726,0.08830725567960225,1.5,0.0,0.2845776687690472,0.0,0.0,0.0
31.645833333333332,0.3460899681082691,0.08833297095555113,1.5,0.0,0.2654181781453879,0.0,0.0,0.0
31.65625,0.3458412102943857,0.08834823809363927,1.5,0.0,0.199804894739716,0.0,0.0,0.0
31.666666666666668,0.3456115347004403,0.0883606076008719,1.5,0.0,0.1815883691549221,0.0,0.0,0.0
31.677083333333332,0.3453991995384285,0.08837033202856096,1.5,0.0,0.164986701855977,0.0,0.0,0.0
31.6875,0.34520082269212077,0.08837810702229007,1.5,0.0,0.15276097057132348,0.0,0.0,0.0
31.697916666666668,0.3450089850867795,0.08838569679105487,1.5,0.0,0.1515727676897898,0.0,0.0,0.0
31.708333333333332,0.3448333587535193,0.08839054786885879,1.5,0.0,0.1344487329000068,0.0,0.0,0.0
31.71875,0.34468652557048274,0.08838928951282214,1.5,0.0,0.09631535892998927,0.0,0.0,0.0
31.729166666666668,0.3445564189260174,0.0883847878696888,1.5,0.0,0.07608959903354215,0.0,0.0,0.0
31.739583333333332,0.34445006052016874,0.0883751082815873,1.5,0.0,0.04380995076137538,0.0,0.0,0.0
31.75,0.34435908814261484,0.08836221992142335,1.5,0.0,0.023814195659540828,0.0,0.0,0.0
31.760416666666668,0.34428544722584614,0.08834551067989381,1.5,0.0,0.0,0.0,0.0,0.0
31.770833333333332,0.344213771925831,0.08832880111938037,1.5,0.0,0.0,0.0,0.0,0.0
31.78125,0.34414399630989734,0.08831209133204947,1.5,0.0,0.0,0.0,0.0,0.0
31.791666666666668,0.3440760572677882,0.08829538140704504,1.5,0.0,0.0,0.0,0.0,0.0
31.802083333333332,0.34400989436188395,0.08827867143061346,1.5,0.0,0.0,0.0,0.0,0.0
31.8125,0.3439454496868979,0.0882619614862221,1.5,0.0,0.0,0.0,0.0,0.0
31.822916666666668,0.34388266773835346,0.08824525165467195,1.5,0.0,0.0,0.0,0.0,0.0
31.833333333333332,0.3438214952892068,0.0882285420142045,1.5,0.0,0.0,0.0,0.0,0.0
31.84375,0.3437618812740308,0.08821183264060334,1.5,0.0,0.0,0.0,0.0,0.0
31.854166666666668,0.343703776680225,0.08819512360729077,1.5,0.0,0.0,0.0,0.0,0.0
31.864583333333332,0.3436471344457582,0.08817841498541974,1.5,0.0,0.0,0.0,0.0,0.0
31.875,0.3435919093629891,0.08816170684396132,1.5,0.0,0.0,0.0,0.0,0.0
31.885416666666668,0.34353805798814807,0.08814499924978793,1.5,0.0,0.0,0.0,0.0,0.0
31.895833333333332,0.34348553855609293,0.08812829226775278,1.5,0.0,0.0,0.0,0.0,0.0
31.90625,0.34343431089998405,0.08811158596076554,1.5,0.0,0.0,0.0,0.0,0.0
31.916666666666668,0.3433843363755499,0.08809488038986445,1.5,0.0,0.0,0.0,0.0,0.0
31.927083333333332,0.34333557778963875,0.0880781756142851,1.5,0.0,0.0,0.0,0.0,0.0
31.9375,0.34328799933277615,0.08806147169152628,1.5,0.0,0.0,0.0,0.0,0.0
31.947916666666668,0.34324156651546783,0.08804476867741257,1.5,0.0,0.0,0.0,0.0,0.0
31.958333333333332,0.343196246108007,0.08802806662615442,1.5,0.0,0.0,0.0,0.0,0.0
31.96875,0.3431520060835628,0.08801136559040534,1.5,0.0,0.0,0.0,0.0,0.0
31.979166666666668,0.3431088155643427,0.08799466562131672,1.5,0.0,0.0,0.0,0.0,0.0
31.989583333333332,0.34306664477063603,0.08797796676859025,1.5,0.0,0.0,0.0,0.0,0.0
32.0,0.34302546497256053,0.08796126908052808,1.5,0.0,0.0,0.0,0.0,0.0
32.010416666666664,0.34298524844434525,0.08794457260408076,1.5,0.0,0.0,0.0,0.0,0.0
32.020833333333336,0.3429459684209953,0.08792787738489329,1.5,0.0,0.0,0.0,0.0,0.0
32.03125,0.3429075990571946,0.08791118346734918,1.5,0.0,0.0,0.0,0.0,0.0
32.041666666666664,0.3428701153883129,0.08789449089461257,1.5,0.0,0.0,0.0,0.0,0.0
32.052083333333336,0.34283349329339136,0.08787779970866888,1.5,0.0,0.0,0.0,0.0,0.0
32.0625,0.34279770945999083,0.08786110995036348,1.5,0.0,0.0,0.0,0.0,0.0
32.072916666666664,0.34276274135079393,0.08784442165943904,1.5,0.0,0.0,0.0,0.0,0.0
32.083333333333336,0.3427285671718593,0.0878277348745712,1.5,0.0,0.0,0.0,0.0,0.0
32.09375,0.34269516584243287,0.0878110496334031,1.5,0.0,0.0,0.0,0.0,0.0
32.104166666666664,0.34266251696622846,0.08779436597257809,1.5,0.0,0.0,0.0,0.0,0.0
32.114583333333336,0.34263060080409324,0.08777768392777162,1.5,0.0,0.0,0.0,0.0,0.0
32.125,0.34259939824798186,0.08776100353372168,1.5,0.0,0.0,0.0,0.0,0.0
32.135416666666664,0.34256889079616565,0.08774432482425798,1.5,0.0,0.0,0.0,0.0,0.0
32.145833333333336,0.3425390605296089,0.08772764783233017,1.5,0.0,0.0,0.0,0.0,0.0
32.15625,0.342509890089449,0.08771097259003494,1.5,0.0,0.0,0.0,0.0,0.0
32.166666666666664,0.3424813626555192,0.08769429912864213,1.5,0.0,0.0,0.0,0.0,0.0
32.177083333333336,0.34245346192585974,0.08767762747861972,1.5,0.0,0.0,0.0,0.0,0.0
32.1875,0.3424261720971624,0.08766095766965813,1.5,0.0,0.0,0.0,0.0,0.0
32.197916666666664,0.3423994778461009,0.08764428973069341,1.5,0.0,0.0,0.0,0.0,0.0
32.208333333333336,0.3423733643114989,0.08762762368992974,1.5,0.0,0.0,0.0,0.0,0.0
32.21875,0.3423478170772931,0.08761095957486098,1.5,0.0,0.0,0.0,0.0,0.0
32.229166666666664,0.3423228221562497,0.08759429741229156,1.5,0.0,0.0,0.0,0.0,0.0
32.239583333333336,0.34229836597439506,0.08757763722835657,1.5,0.0,0.0,0.0,0.0,0.0
32.25,0.3422744353561249,0.08756097904854114,1.5,0.0,0.0,0.0,0.0,0.0
32.260416666666664,0.342251017509957,0.08754432289769914,1.5,0.0,0.0,0.0,0.0,0.0
32.270833333333336,0.3422105973267042,0.08753214548637807,1.5,0.0,0.028004301105671953,0.0,0.0,0.0
32.28125,0.3421616197665462,0.08752237726373199,1.5,0.0,0.043072569374670265,0.0,0.0,0.0
32.291666666666664,0.3420901920118944,0.0875186171337032,1.5,0.0,0.0806517002088999,0.0,0.0,0.0
32.302083333333336,0.34200248536135786,0.0875194060526999,1.5,0.0,0.10909932701182022,0.0,0.0,0.0
32.3125,0.341916975659202,0.0875200999400893,1.5,0.0,0.10850402476066011,0.0,0.0,0.0
32.322916666666664,0.3418143504065635,0.08752562705098581,1.5,0.0,0.13870494204797787,0.0,0.0,0.0
32.333333333333336,0.3416944635399841,0.08753611271940583,1.5,0.0,0.16966327544470136,0.0,0.0,0.0
32.34375,0.3415566648082069,0.08755181052825561,1.5,0.0,0.20216857365503285,0.0,0.0,0.0
32.354166666666664,0.34140677801875313,0.08757131476883707,1.5,0.0,0.22585698730205234,0.0,0.0,0.0
32.364583333333336,0.3412712330252066,0.08758789505160212,1.5,0.0,0.2075498086569603,0.0,0.0,0.0
32.375,0.3411006850012666,0.08761413537076726,1.5,0.0,0.2676703715857204,0.0,0.0,0.0
32.385416666666664,0.3409062197946182,0.08764735979711616,1.5,0.0,0.3110084242167533,0.0,0.0,0.0
32.395833333333336,0.34073124485373824,0.08767650625989552,1.5,0.0,0.28545880039686156,0.0,0.0,0.0
32.40625,0.34055124026066846,0.08770776703400966,1.5,0.0,0.29844257204138225,0.0,0.0,0.0
32.416666666666664,0.3403715296942997,0.0877397762665698,1.5,0.0,0.3029181673698774,0.0,0.0,0.0
32.427083333333336,0.3401685098964211,0.08777860292238854,1.5,0.0,0.3450171673835599,0.0,0.0,0.0
32.4375,0.3399740856814972,0.08781609953698875,1.5,0.0,0.3365308527520634,0.0,0.0,0.0
32.447916666666664,0.3397587348116962,0.08785983370850871,1.5,0.0,0.37489728416392476,0.0,0.0,0.0
32.458333333333336,0.3395836031789336,0.08789405159332699,1.5,0.0,0.3157733976021293,0.0,0.0,0.0
32.46875,0.33939682123109494,0.08793198385099328,1.5,0.0,0.33852314364192465,0.0,0.0,0.0
32.479166666666664,0.3392046112368173,0.08797204850119965,1.5,0.0,0.35145077881624515,0.0,0.0,0.0
32.489583333333336,0.3390279743062856,0.08800879497693741,1.5,0.0,0.3307492404640596,0.0,0.0,0.0
32.5,0.33880116192026255,0.08805922230340693,1.5,0.0,0.41476902053157905,0.0,0.0,0.0
32.510416666666664,0.3386021927797222,0.08810321668728567,1.5,0.0,0.37483169343710004,0.0,0.0,0.0
32.520833333333336,0.3383903130799022,0.08815125182182425,1.5,0.0,0.39935905262522736,0.0,0.0,0.0
32.53125,0.33818181673600883,0.08819910299313319,1.5,0.0,0.3978872110584312,0.0,0.0,0.0
32.541666666666664,0.3380118696972785,0.08823754831876039,1.5,0.0,0.3399055974336139,0.0,0.0,0.0
32.552083333333336,0.3378426646251418,0.08827630610513176,1.5,0.0,0.34159908081989815,0.0,0.0,0.0
32.5625,0.33765592423293833,0.08832013600997067,1.5,0.0,0.3724049322741527,0.0,0.0,0.0
32.572916666666664,0.33746974416046277,0.0883643390508056,1.5,0.0,0.37440517952398306,0.0,0.0,0.0
32.583333333333336,0.33727340437819975,0.08841170115990148,1.5,0.0,0.39340515259685593,0.0,0.0,0.0
32.59375,0.3371276585526181,0.08844628979152214,1.5,0.0,0.3151936549559923,0.0,0.0,0.0
32.604166666666664,0.3369511242871724,0.08848930835813383,1.5,0.0,0.3663850940389608,0.0,0.0,0.0
32.614583333333336,0.3368381107258637,0.08851603952774284,1.5,0.0,0.26697190197754717,0.0,0.0,0.0
32.625,0.3367069605720507,0.0885477794506218,1.5,0.0,0.2973439126145302,0.0,0.0,0.0
32.635416666666664,0.3365839924679409,0.08857763720208021,1.5,0.0,0.28575705783111205,0.0,0.0,0.0
32.645833333333336,0.3364706932283049,0.08860519115158835,1.5,0.0,0.27163279983573896,0.0,0.0,0.0
32.65625,0.33638189722769163,0.08862650167409968,1.5,0.0,0.2336123372890107,0.0,0.0,0.0
32.666666666666664,0.3363089094546935,0.0886438028659446,1.5,0.0,0.2092105504120347,0.0,0.0,0.0
32.677083333333336,0.3362562746928955,0.088655861382196,1.5,0.0,0.177353991612862,0.0,0.0,0.0
32.6875,0.3362153202551543,0.08866492497052646,1.5,0.0,0.15916255220746167,0.0,0.0,0.0
32.697916666666664,0.3361734268341829,0.08867430071874786,1.5,0.0,0.16104376722974745,0.0,0.0,0.0
32.708333333333336,0.3361604560950057,0.08867611113852668,1.5,0.0,0.11514782415890562,0.0,0.0,0.0
32.71875,0.3361648324311816,0.08867336480063961,1.5,0.0,0.08750879200343645,0.0,0.0,0.0
32.729166666666664,0.3361749273099625,0.08866910378623946,1.5,0.0,0.07831996585481343,0.0,0.0,0.0
32.739583333333336,0.3362042412648874,0.08865975965052664,1.5,0.0,0.047478816248235155,0.0,0.0,0.0
32.75,0.33624869231062615,0.08864638272693988,1.5,0.0,0.022993912201094736,0.0,0.0,0.0
32.760416666666664,0.33630725863236394,0.08862922208372653,1.5,0.0,0.0,0.0,0.0,0.0
32.770833333333336,0.336365479968052,0.08861206773231502,1.5,0.0,0.0,0.0,0.0,0.0
32.78125,0.3364233495585261,0.08859491965138099,1.5,0.0,0.0,0.0,0.0,0.0
32.791666666666664,0.3364808608427929,0.0885777778193007,1.5,0.0,0.0,0.0,0.0,0.0
32.802083333333336,0.33653800745985707,0.08856064221416166,1.5,0.0,0.0,0.0,0.0,0.0
32.8125,0.33659478325032766,0.08854351281377362,1.5,0.0,0.0,0.0,0.0,0.0
32.822916666666664,0.33665118225780544,0.08852638959567939,1.5,0.0,0.0,0.0,0.0,0.0
32.833333333333336,0.3367071987300536,0.08850927253716571,1.5,0.0,0.0,0.0,0.0,0.0
32.84375,0.33676282711995337,0.08849216161527423,1.5,0.0,0.0,0.0,0.0,0.0
32.854166666666664,0.33681806208624737,0.08847505680681235,1.5,0.0,0.0,0.0,0.0,0.0
32.864583333333336,0.3368728984940743,0.0884579580883641,1.5,0.0,0.0,0.0,0.0,0.0
32.875,0.336927331415297,0.08844086543630116,1.5,0.0,0.0,0.0,0.0,0.0
32.885416666666664,0.33698135612862834,0.08842377882679356,1.5,0.0,0.0,0.0,0.0,0.0
32.895833333333336,0.3370349681195585,0.08840669823582059,1.5,0.0,0.0,0.0,0.0,0.0
32.90625,0.3370881630800878,0.08838962363918151,1.5,0.0,0.0,0.0,0.0,0.0
32.916666666666664,0.3371409369082691,0.08837255501250632,1.5,0.0,0.0,0.0,0.0,0.0
32.927083333333336,0.3371932857075645,0.08835549233126633,1.5,0.0,0.0,0.0,0.0,0.0
32.9375,0.33724520578602174,0.08833843557078476,1.5,0.0,0.0,0.0,0.0,0.0
32.947916666666664,0.33729669365527404,0.08832138470624723,1.5,0.0,0.0,0.0,0.0,0.0
32.958333333333336,0.33734774602936973,0.08830433971271215,1.5,0.0,0.0,0.0,0.0,0.0
32.96875,0.3373983598234363,0.08828730056512099,1.5,0.0,0.0,0.0,0.0,0.0
32.979166666666664,0.3374485321521847,0.0882702672383085,1.5,0.0,0.0,0.0,0.0,0.0
32.989583333333336,0.3374982603282592,0.08825323970701276,1.5,0.0,0.0,0.0,0.0,0.0
33.0,0.33754754186043917,0.08823621794588517,1.5,0.0,0.0,0.0,0.0,0.0
33.010416666666664,0.33759637445169777,0.08821920192950017,1.5,0.0,0.0,0.0,0.0,0.0
33.020833333333336,0.33764475599712396,0.08820219163236506,1.5,0.0,0.0,0.0,0.0,0.0
33.03125,0.337692684581714,0.08818518702892951,1.5,0.0,0.0,0.0,0.0,0.0
33.041666666666664,0.337740158478038,0.08816818809359492,1.5,0.0,0.0,0.0,0.0,0.0
33.052083333333336,0.3377871761437882,0.08815119480072374,1.5,0.0,0.0,0.0,0.0,0.0
33.0625,0.3378337362192143,0.08813420712464853,1.5,0.0,0.0,0.0,0.0,0.0
33.072916666666664,0.3378798375244527,0.08811722503968095,1.5,0.0,0.0,0.0,0.0,0.0
33.083333333333336,0.33792547905675563,0.08810024852012047,1.5,0.0,0.0,0.0,0.0,0.0
33.09375,0.33797065998762565,0.08808327754026314,1.5,0.0,0.0,0.0,0.0,0.0
33.104166666666664,0.3380153796598628,0.08806631207440979,1.5,0.0,0.0,0.0,0.0,0.0
33.114583333333336,0.338059637584529,0.08804935209687453,1.5,0.0,0.0,0.0,0.0,0.0
33.125,0.338103433437837,0.08803239758199274,1.5,0.0,0.0,0.0,0.0,0.0
33.135416666666664,0.3381467670579688,0.08801544850412897,1.5,0.0,0.0,0.0,0.0,0.0
33.145833333333336,0.3381896384418301,0.08799850483768475,1.5,0.0,0.0,0.0,0.0,0.0
33.15625,0.3382320477417461,0.08798156655710601,1.5,0.0,0.0,0.0,0.0,0.0
33.166666666666664,0.33827399526210455,0.08796463363689058,1.5,0.0,0.0,0.0,0.0,0.0
33.177083333333336,0.33831548145595164,0.08794770605159528,1.5,0.0,0.0,0.0,0.0,0.0
33.1875,0.338356506921546,0.08793078377584292,1.5,0.0,0.0,0.0,0.0,0.0
33.197916666666664,0.33839707239887645,0.0879138667843291,1.5,0.0,0.0,0.0,0.0,0.0
33.208333333333336,0.33843717876614826,0.08789695505182885,1.5,0.0,0.0,0.0,0.0,0.0
33.21875,0.338476827036244,0.08788004855320293,1.5,0.0,0.0,0.0,0.0,0.0
33.229166666666664,0.3385160183531624,0.08786314726340426,1.5,0.0,0.0,0.0,0.0,0.0
33.239583333333336,0.3385547539884421,0.0878462511574837,1.5,0.0,0.0,0.0,0.0,0.0
33.25,0.3385930353375725,0.0878293602105961,1.5,0.0,0.0,0.0,0.0,0.0
33.260416666666664,0.3386308639163989,0.08781247439800582,1.5,0.0,0.0,0.0,0.0,0.0
33.270833333333336,0.3386531162575399,0.08779951486713841,1.5,0.0,0.02420015997478605,0.0,0.0,0.0
33.28125,0.33866182558551694,0.08778999941721051,1.5,0.0,0.0454416106345655,0.0,0.0,0.0
33.291666666666664,0.338652044982047,0.08778525074448262,1.5,0.0,0.07485767491954555,0.0,0.0,0.0
33.302083333333336,0.33862311942579093,0.0877854956275161,1.5,0.0,0.10567804687652373,0.0,0.0,0.0
33.3125,0.3385885187011863,0.08778730186622923,1.5,0.0,0.11531332247212202,0.0,0.0,0.0
33.322916666666664,0.3385218599174788,0.08779752883187647,1.5,0.0,0.1672655679176524,0.0,0.0,0.0
33.333333333333336,0.33845354630272456,0.08780839201116104,1.5,0.0,0.1711695830704326,0.0,0.0,0.0
33.34375,0.3383683939676521,0.08782383472852733,1.5,0.0,0.1993799346296655,0.0,0.0,0.0
33.354166666666664,0.33827925837182,0.08784057052080597,1.5,0.0,0.20730716683336817,0.0,0.0,0.0
33.364583333333336,0.3381776560444364,0.0878608115907135,1.5,0.0,0.22884850853668537,0.0,0.0,0.0
33.375,0.33804494660359885,0.08788943902384794,1.5,0.0,0.2803973921538733,0.0,0.0,0.0
33.385416666666664,0.33789464304355254,0.08792303189057502,1.5,0.0,0.31080536797367464,0.0,0.0,0.0
33.395833333333336,0.33777530320174454,0.08794899122465738,1.5,0.0,0.2637320820449579,0.0,0.0,0.0
33.40625,0.3376189904972075,0.08798490988135399,1.5,0.0,0.3247821929178154,0.0,0.0,0.0
33.416666666666664,0.33749112748603366,0.08801382949727732,1.5,0.0,0.281653716163447,0.0,0.0,0.0
33.427083333333336,0.3373614414838696,0.08804355199363972,1.5,0.0,0.28645118762606075,0.0,0.0,0.0
33.4375,0.33719167046839565,0.08808406604208437,1.5,0.0,0.35242561330210137,0.0,0.0,0.0
33.447916666666664,0.3370012434024027,0.08813039660318209,1.5,0.0,0.3877767659552506,0.0,0.0,0.0
33.458333333333336,0.3368440319556266,0.08816848170748669,1.5,0.0,0.33707137307203505,0.0,0.0,0.0
33.46875,0.33665521349336863,0.08821519354040597,1.5,0.0,0.38954360463003296,0.0,0.0,0.0
33.479166666666664,0.33648828692433974,0.08825656599705414,1.5,0.0,0.35666461410060674,0.0,0.0,0.0
33.489583333333336,0.33630602696727846,0.08830229554070748,1.5,0.0,0.3829741814134395,0.0,0.0,0.0
33.5,0.3361347854161718,0.08834547435354548,1.5,0.0,0.3671523731913541,0.0,0.0,0.0
33.510416666666664,0.335988784102209,0.0883823148675838,1.5,0.0,0.3283411291710081,0.0,0.0,0.0
33.520833333333336,0.33577855504506876,0.08843630448256778,1.5,0.0,0.43235096342644425,0.0,0.0,0.0
33.53125,0.33558398798420985,0.08848650085584876,1.5,0.0,0.4089301771101723,0.0,0.0,0.0
33.541666666666664,0.33541103833516767,0.08853127177575881,1.5,0.0,0.3756957354218454,0.0,0.0,0.0
33.552083333333336,0.3352505370167616,0.08857297635758389,1.5,0.0,0.35684996236501876,0.0,0.0,0.0
33.5625,0.3350714966511659,0.08861976950243637,1.5,0.0,0.387396152200681,0.0,0.0,0.0
33.572916666666664,0.33490258514899085,0.08866407298134384,1.5,0.0,0.3720500015118273,0.0,0.0,0.0
33.583333333333336,0.3347795924177991,0.08869636780194613,1.5,0.0,0.2992697611200855,0.0,0.0,0.0
33.59375,0.3346144630244288,0.08873993041437869,1.5,0.0,0.36711642261808297,0.0,0.0,0.0
33.604166666666664,0.3344589421255474,0.08878106429463158,1.5,0.0,0.3522190419282946,0.0,0.0,0.0
33.614583333333336,0.3343387866473421,0.08881289833303026,1.5,0.0,0.2959797089068595,0.0,0.0,0.0
33.625,0.3342344574176809,0.0888405813005805,1.5,0.0,0.27085599783426734,0.0,0.0,0.0
33.635416666666664,0.3341275675704385,0.08886898315349473,1.5,0.0,0.2750767060167216,0.0,0.0,0.0
33.645833333333336,0.3340515009251631,0.08888921385311745,1.5,0.0,0.22583963438028096,0.0,0.0,0.0
33.65625,0.3339522033908434,0.0889156433087295,1.5,0.0,0.26303723470916734,0.0,0.0,0.0
33.666666666666664,0.33388369773832016,0.0889338868594199,1.5,0.0,0.21377571070389684,0.0,0.0,0.0
33.677083333333336,0.33381570454409787,0.08895200134283053,1.5,0.0,0.2129557774223502,0.0,0.0,0.0
33.6875,0.3337892733878857,0.08895904502107403,1.5,0.0,0.1464565166060814,0.0,0.0,0.0
33.697916666666664,0.33375152405500785,0.08896910683161559,1.5,0.0,0.16456559927122427,0.0,0.0,0.0
33.708333333333336,0.33374689332395147,0.08897034127608325,1.5,0.0,0.11157583635688567,0.0,0.0,0.0
33.71875,0.33374372742812475,0.08897118524949459,1.5,0.0,0.10923209998941322,0.0,0.0,0.0
33.729166666666664,0.33376530538024657,0.08896543325566961,1.5,0.0,0.06964194327173434,0.0,0.0,0.0
33.739583333333336,0.33379585184345867,0.08895729181436923,1.5,0.0,0.0552923255272849,0.0,0.0,0.0
33.75,0.33384588342964067,0.08894396029035521,1.5,0.0,0.024116128775438245,0.0,0.0,0.0
33.760416666666664,0.33391098759630733,0.08892661847583025,1.5,0.0,0.0,0.0,0.0,0.0
33.770833333333336,0.333976091762974,0.08890928342241432,1.5,0.0,0.0,0.0,0.0,0.0
33.78125,0.33404119592964066,0.08889195512615422,1.5,0.0,0.0,0.0,0.0,0.0
33.791666666666664,0.3341062979020722,0.08887463358298608,1.5,0.0,0.0,0.0,0.0,0.0
33.802083333333336,0.33417138745962305,0.08885731878831975,1.5,0.0,0.0,0.0,0.0,0.0
33.8125,0.3342364536482426,0.08884001073700216,1.5,0.0,0.0,0.0,0.0,0.0
33.822916666666664,0.3343014855268469,0.08882270942331946,1.5,0.0,0.0,0.0,0.0,0.0
33.833333333333336,0.33436647217467735,0.08880541484099945,1.5,0.0,0.0,0.0,0.0,0.0
33.84375,0.33443140269863353,0.0887881269832144,1.5,0.0,0.0,0.0,0.0,0.0
33.854166666666664,0.33449626624056955,0.08877084584258435,1.5,0.0,0.0,0.0,0.0,0.0
33.864583333333336,0.33456105198454344,0.08875357141118058,1.5,0.0,0.0,0.0,0.0,0.0
33.875,0.33462574916400933,0.08873630368052969,1.5,0.0,0.0,0.0,0.0,0.0
33.885416666666664,0.3346903470689426,0.08871904264161777,1.5,0.0,0.0,0.0,0.0,0.0
33.895833333333336,0.33475483505288745,0.08870178828489508,1.5,0.0,0.0,0.0,0.0,0.0
33.90625,0.33481920253991787,0.08868454060028105,1.5,0.0,0.0,0.0,0.0,0.0
33.916666666666664,0.3348834390315016,0.08866729957716957,1.5,0.0,0.0,0.0,0.0,0.0
33.927083333333336,0.3349475341132581,0.08865006520443464,1.5,0.0,0.0,0.0,0.0,0.0
33.9375,0.3350114774616019,0.08863283747043635,1.5,0.0,0.0,0.0,0.0,0.0
33.947916666666664,0.33507525885026135,0.08861561636302719,1.5,0.0,0.0,0.0,0.0,0.0
33.958333333333336,0.3351388681566653,0.08859840186955856,1.5,0.0,0.0,0.0,0.0,0.0
33.96875,0.33520229536818924,0.08858119397688771,1.5,0.0,0.0,0.0,0.0,0.0
33.979166666666664,0.33526553058825204,0.08856399267138493,1.5,0.0,0.0,0.0,0.0,0.0
33.989583333333336,0.33532856404225747,0.08854679793894091,1.5,0.0,0.0,0.0,0.0,0.0
34.0,0.3353913860833715,0.08852960976497457,1.5,0.0,0.0,0.0,0.0,0.0
34.010416666666664,0.33545398719812963,0.08851242813444091,1.5,0.0,0.0,0.0,0.0,0.0
34.020833333333336,0.33551635801186763,0.0884952530318394,1.5,0.0,0.0,0.0,0.0,0.0
34.03125,0.3355784892939693,0.08847808444122231,1.5,0.0,0.0,0.0,0.0,0.0
34.041666666666664,0.3356403719629258,0.0884609223462034,1.5,0.0,0.0,0.0,0.0,0.0
34.052083333333336,0.3357019970912014,0.08844376672996693,1.5,0.0,0.0,0.0,0.0,0.0
34.0625,0.33576335590990075,0.08842661757527666,1.5,0.0,0.0,0.0,0.0,0.0
34.072916666666664,0.335824439813233,0.08840947486448529,1.5,0.0,0.0,0.0,0.0,0.0
34.083333333333336,0.3358852403627695,0.08839233857954382,1.5,0.0,0.0,0.0,0.0,0.0
34.09375,0.33594574929149096,0.08837520870201127,1.5,0.0,0.0,0.0,0.0,0.0
34.104166666666664,0.3360059585076209,0.08835808521306454,1.5,0.0,0.0,0.0,0.0,0.0
34.114583333333336,0.3360658600982435,0.08834096809350833,1.5,0.0,0.0,0.0,0.0,0.0
34.125,0.336125446332703,0.0883238573237853,1.5,0.0,0.0,0.0,0.0,0.0
34.135416666666664,0.33618470966578295,0.08830675288398622,1.5,0.0,0.0,0.0,0.0,0.0
34.145833333333336,0.33624364274066404,0.08828965475386046,1.5,0.0,0.0,0.0,0.0,0.0
34.15625,0.33630223839166007,0.08827256291282624,1.5,0.0,0.0,0.0,0.0,0.0
34.166666666666664,0.3363604896467306,0.08825547733998146,1.5,0.0,0.0,0.0,0.0,0.0
34.177083333333336,0.3364183897297713,0.08823839801411403,1.5,0.0,0.0,0.0,0.0,0.0
34.1875,0.3364759320626814,0.08822132491371278,1.5,0.0,0.0,0.0,0.0,0.0
34.197916666666664,0.33653311026720983,0.08820425801697808,1.5,0.0,0.0,0.0,0.0,0.0
34.208333333333336,0.3365899181665804,0.0881871973018327,1.5,0.0,0.0,0.0,0.0,0.0
34.21875,0.336646349786898,0.0881701427459326,1.5,0.0,0.0,0.0,0.0,0.0
34.229166666666664,0.33670239935833773,0.08815309432667781,1.5,0.0,0.0,0.0,0.0,0.0
34.239583333333336,0.33675806131611896,0.0881360520212233,1.5,0.0,0.0,0.0,0.0,0.0
34.25,0.336813330301267,0.08811901580648976,1.5,0.0,0.0,0.0,0.0,0.0
34.260416666666664,0.33686820116116517,0.0881019856591746,1.5,0.0,0.0,0.0,0.0,0.0
34.270833333333336,0.33690778437999475,0.08808885314517897,1.5,0.0,0.023815311849798654,0.0,0.0,0.0
34.28125,0.33693472930914814,0.08807895053362119,1.5,0.0,0.043563607359249114,0.0,0.0,0.0
34.291666666666664,0.33694709585862237,0.08807280702337539,1.5,0.0,0.06656334967593346,0.0,0.0,0.0
34.302083333333336,0.3369468896166704,0.08806992569297972,1.5,0.0,0.08652934413612316,0.0,0.0,0.0
34.3125,0.336926811678164,0.08807223899567818,1.5,0.0,0.11832657329088339,0.0,0.0,0.0
34.322916666666664,0.3368950407692893,0.08807764925425397,1.5,0.0,0.13727928974514836,0.0,0.0,0.0
34.333333333333336,0.3368463100090895,0.08808755777489119,1.5,0.0,0.16479768745437942,0.0,0.0,0.0
34.34375,0.3367766268195335,0.0881030444104072,1.5,0.0,0.19890035213333326,0.0,0.0,0.0
34.354166666666664,0.33671587328680724,0.08811633263729632,1.5,0.0,0.18542346229904966,0.0,0.0,0.0
34.364583333333336,0.3366248883162615,0.08813765290204545,1.5,0.0,0.23448406005330047,0.0,0.0,0.0
34.375,0.3365424603696516,0.08815690707463467,1.5,0.0,0.22179805624327242,0.0,0.0,0.0
34.385416666666664,0.3364407049421412,0.08818137991990156,1.5,0.0,0.2536031491706147,0.0,0.0,0.0
34.395833333333336,0.33630867523474617,0.0882139790977322,1.5,0.0,0.3030909533116469,0.0,0.0,0.0
34.40625,0.33618095689263583,0.08824568415192888,1.5,0.0,0.29748995745925005,0.0,0.0,0.0
34.416666666666664,0.3360149291760792,0.08828767194847954,1.5,0.0,0.35997115831635534,0.0,0.0,0.0
34.427083333333336,0.33586152272173503,0.08832661793401247,1.5,0.0,0.34121825434689973,0.0,0.0,0.0
34.4375,0.3357164991278181,0.08836359469890392,1.5,0.0,0.3290358687041707,0.0,0.0,0.0
34.447916666666664,0.3355821422771379,0.0883979697045488,1.5,0.0,0.31304251558439294,0.0,0.0,0.0
34.458333333333336,0.3354060259624891,0.08844353308152716,1.5,0.0,0.3807744892729838,0.0,0.0,0.0
34.46875,0.33524583960320575,0.08848511864069931,1.5,0.0,0.35637523797617066,0.0,0.0,0.0
34.479166666666664,0.3350770732446748,0.08852915549866135,1.5,0.0,0.3709819993685279,0.0,0.0,0.0
34.489583333333336,0.33491210509975744,0.08857236595484537,1.5,0.0,0.36571584352517084,0.0,0.0,0.0
34.5,0.3347227577393082,0.088622185311056,1.5,0.0,0.4054014298093436,0.0,0.0,0.0
34.510416666666664,0.33455673658751856,0.08866598446495746,1.5,0.0,0.36871987204077794,0.0,0.0,0.0
34.520833333333336,0.3343724306591573,0.08871475084683651,1.5,0.0,0.39841495124610893,0.0,0.0,0.0
34.53125,0.33422354063923837,0.08875422392321874,1.5,0.0,0.3421037623123809,0.0,0.0,0.0
34.541666666666664,0.33406948655295,0.08879513522213045,1.5,0.0,0.3505498316363584,0.0,0.0,0.0
34.552083333333336,0.33390690587698485,0.08883836828657668,1.5,0.0,0.36428575980767747,0.0,0.0,0.0
34.5625,0.3337341961886701,0.08888434273891746,1.5,0.0,0.38050216797024927,0.0,0.0,0.0
34.572916666666664,0.333589403780545,0.08892292243564623,1.5,0.0,0.33583451966682154,0.0,0.0,0.0
34.583333333333336,0.33343148993030264,0.08896503651749123,1.5,0.0,0.3568288270545204,0.0,0.0,0.0
34.59375,0.33326397520768064,0.08900975468244139,1.5,0.0,0.3721902228618423,0.0,0.0,0.0
34.604166666666664,0.3331299390286861,0.08904556811742012,1.5,0.0,0.31862455305792015,0.0,0.0,0.0
34.614583333333336,0.3330194942839778,0.08907509976708909,1.5,0.0,0.28087825819995715,0.0,0.0,0.0
34.625,0.3329209871055295,0.08910145598098941,1.5,0.0,0.2617781521839708,0.0,0.0,0.0
34.635416666666664,0.3328035521517909,0.08913289682737915,1.5,0.0,0.2920625926483897,0.0,0.0,0.0
34.645833333333336,0.33272485239507266,0.08915397952452489,1.5,0.0,0.23008627741590545,0.0,0.0,0.0
34.65625,0.3326233974999192,0.08918117276382542,1.5,0.0,0.26649449891217997,0.0,0.0,0.0
34.666666666666664,0.3325662089327208,0.08919650848752327,1.5,0.0,0.19566837418412514,0.0,0.0,0.0
34.677083333333336,0.3325184659171936,0.08920931532601853,1.5,0.0,0.1805554915102057,0.0,0.0,0.0
34.6875,0.3324823784660726,0.08921899805513402,1.5,0.0,0.16190658846021327,0.0,0.0,0.0
34.697916666666664,0.3324644664210278,0.08922380486871388,1.5,0.0,0.13282593873839119,0.0,0.0,0.0
34.708333333333336,0.33244161823703855,0.0892299370789969,1.5,0.0,0.1407237610494518,0.0,0.0,0.0
34.71875,0.33244745847339746,0.08922836954130171,1.5,0.0,0.09482228849241386,0.0,0.0,0.0
34.729166666666664,0.3324676515444482,0.08922295008230316,1.5,0.0,0.07185775298550987,0.0,0.0,0.0
34.739583333333336,0.3324981885010652,0.0892147557598974,1.5,0.0,0.0553075360793763,0.0,0.0,0.0
34.75,0.332546485108562,0.08920179886444127,1.5,0.0,0.026892094671819602,0.0,0.0,0.0
34.760416666666664,0.33261158927522866,0.0891843388330789,1.5,0.0,0.0,0.0,0.0,0.0
34.770833333333336,0.3326766934418953,0.08916688563550326,1.5,0.0,0.0,0.0,0.0,0.0
34.78125,0.332741797608562,0.08914943926770312,1.5,0.0,0.0,0.0,0.0,0.0
34.791666666666664,0.33280690177522865,0.0891319997256703,1.5,0.0,0.0,0.0,0.0,0.0
34.802083333333336,0.3328720059418953,0.08911456700539978,1.5,0.0,0.0,0.0,0.0,0.0
34.8125,0.332937110108562,0.08909714110288966,1.5,0.0,0.0,0.0,0.0,0.0
34.822916666666664,0.33300221427522864,0.08907972201414122,1.5,0.0,0.0,0.0,0.0,0.0
34.833333333333336,0.3330673184418953,0.08906230973515883,1.5,0.0,0.0,0.0,0.0,0.0
34.84375,0.33313242260856196,0.08904490426194996,1.5,0.0,0.0,0.0,0.0,0.0
34.854166666666664,0.3331975267752286,0.08902750559052525,1.5,0.0,0.0,0.0,0.0,0.0
34.864583333333336,0.3332626309418953,0.08901011371689843,1.5,0.0,0.0,0.0,0.0,0.0
34.875,0.33332773510856195,0.08899272863708635,1.5,0.0,0.0,0.0,0.0,0.0
34.885416666666664,0.3333928392752286,0.08897535034710895,1.5,0.0,0.0,0.0,0.0,0.0
34.895833333333336,0.3334579434418953,0.08895797884298931,1.5,0.0,0.0,0.0,0.0,0.0
34.90625,0.33352304760856194,0.08894061412075363,1.5,0.0,0.0,0.0,0.0,0.0
34.916666666666664,0.3335881517752286,0.08892325617643115,1.5,0.0,0.0,0.0,0.0,0.0
34.927083333333336,0.33365325594189527,0.08890590500605425,1.5,0.0,0.0,0.0,0.0,0.0
34.9375,0.33371836010856193,0.08888856060565842,1.5,0.0,0.0,0.0,0.0,0.0
34.947916666666664,0.3337834642752286,0.08887122297128221,1.5,0.0,0.0,0.0,0.0,0.0
34.958333333333336,0.33384856844189525,0.08885389209896725,1.5,0.0,0.0,0.0,0.0,0.0
34.96875,0.3339136726085619,0.08883656798475834,1.5,0.0,0.0,0.0,0.0,0.0
34.979166666666664,0.3339787767752286,0.08881925062470325,1.5,0.0,0.0,0.0,0.0,0.0
34.989583333333336,0.33404388094189524,0.08880194001485292,1.5,0.0,0.0,0.0,0.0,0.0
35.0,0.33410898261898,0.08878463615113237,1.5,0.0,0.0,0.0,0.0,0.0
35.010416666666664,0.3341740714292604,0.08876733902893284,1.5,0.0,0.0,0.0,0.0,0.0
35.020833333333336,0.3342391364190751,0.08875004864308332,1.5,0.0,0.0,0.0,0.0,0.0
35.03125,0.33430416664803286,0.08873276498785261,1.5,0.0,0.0,0.0,0.0,0.0
35.041666666666664,0.33436915119637106,0.08871548805695187,1.5,0.0,0.0,0.0,0.0,0.0
35.052083333333336,0.33443407917228696,0.08869821784353739,1.5,0.0,0.0,0.0,0.0,0.0
35.0625,0.33449893971923217,0.08868095434021397,1.5,0.0,0.0,0.0,0.0,0.0
35.072916666666664,0.33456372202316015,0.08866369753903836,1.5,0.0,0.0,0.0,0.0,0.0
35.083333333333336,0.3346284153197157,0.08864644743152328,1.5,0.0,0.0,0.0,0.0,0.0
35.09375,0.3346930089013571,0.0886292040086417,1.5,0.0,0.0,0.0,0.0,0.0
35.104166666666664,0.3347574921244004,0.08861196726083152,1.5,0.0,0.0,0.0,0.0,0.0
35.114583333333336,0.3348218544159764,0.08859473717800054,1.5,0.0,0.0,0.0,0.0,0.0
35.125,0.3348860852808904,0.08857751374953174,1.5,0.0,0.0,0.0,0.0,0.0
35.135416666666664,0.33495017430837604,0.08856029696428905,1.5,0.0,0.0,0.0,0.0,0.0
35.145833333333336,0.3350141111787331,0.0885430868106232,1.5,0.0,0.0,0.0,0.0,0.0
35.15625,0.3350778856698414,0.08852588327637809,1.5,0.0,0.0,0.0,0.0,0.0
35.166666666666664,0.3351414876635418,0.08850868634889733,1.5,0.0,0.0,0.0,0.0,0.0
35.177083333333336,0.3352049071518759,0.0884914960150312,1.5,0.0,0.0,0.0,0.0,0.0
35.1875,0.33526813424317725,0.08847431226114373,1.5,0.0,0.0,0.0,0.0,0.0
35.197916666666664,0.33533115916800554,0.08845713507312024,1.5,0.0,0.0,0.0,0.0,0.0
35.208333333333336,0.33539397228491746,0.08843996443637499,1.5,0.0,0.0,0.0,0.0,0.0
35.21875,0.3354565640860668,0.08842280033585918,1.5,0.0,0.0,0.0,0.0,0.0
35.229166666666664,0.33551892520262755,0.08840564275606924,1.5,0.0,0.0,0.0,0.0,0.0
35.239583333333336,0.3355810464100342,0.08838849168105521,1.5,0.0,0.0,0.0,0.0,0.0
35.25,0.33564291863303325,0.08837134709442947,1.5,0.0,0.0,0.0,0.0,0.0
35.260416666666664,0.3357045329505406,0.08835420897937565,1.5,0.0,0.0,0.0,0.0,0.0
35.270833333333336,0.33575091583547323,0.08834101459336131,1.5,0.0,0.02394362372386066,0.0,0.0,0.0
35.28125,0.3357805092713026,0.08833218598413814,1.5,0.0,0.05047518639986956,0.0,0.0,0.0
35.291666666666664,0.3357987455287245,0.08832631070996852,1.5,0.0,0.06843047970271841,0.0,0.0,0.0
35.302083333333336,0.3357898299966733,0.08832755549114926,1.5,0.0,0.11173831516335604,0.0,0.0,0.0
35.3125,0.3357826568789944,0.08832835285606637,1.5,0.0,0.10901663782472157,0.0,0.0,0.0
35.322916666666664,0.33575251074279466,0.08833520266082388,1.5,0.0,0.14582647932827572,0.0,0.0,0.0
35.333333333333336,0.33571489317518277,0.08834405594565192,1.5,0.0,0.15800123283312434,0.0,0.0,0.0
35.34375,0.33566256282368107,0.08835682818654161,1.5,0.0,0.1818115167093474,0.0,0.0,0.0
35.354166666666664,0.3355789720577764,0.08837789638682683,1.5,0.0,0.23219380643491486,0.0,0.0,0.0
35.364583333333336,0.3354944769382167,0.08839930543540282,1.5,0.0,0.23420130831154706,0.0,0.0,0.0
35.375,0.3353949298663654,0.08842478173227193,1.5,0.0,0.25882165196704654,0.0,0.0,0.0
35.385416666666664,0.33530745038784576,0.08844718771547137,1.5,0.0,0.24010852283603967,0.0,0.0,0.0
35.395833333333336,0.33519111859633066,0.08847730109328633,1.5,0.0,0.2867612667705304,0.0,0.0,0.0
35.40625,0.33508730819173194,0.08850422710626134,1.5,0.0,0.267328338130763,0.0,0.0,0.0
35.416666666666664,0.33494064830191467,0.08854257639906044,1.5,0.0,0.33637680915633894,0.0,0.0,0.0
35.427083333333336,0.3347797512608463,0.08858482789448034,1.5,0.0,0.3597715194248765,0.0,0.0,0.0
35.4375,0.3346464279533879,0.0886199120409143,1.5,0.0,0.31622617276446174,0.0,0.0,0.0
35.447916666666664,0.33450165378021335,0.08865812409527273,1.5,0.0,0.3349409038847683,0.0,0.0,0.0
35.458333333333336,0.3343609733937403,0.08869534019736457,1.5,0.0,0.32873468677004014,0.0,0.0,0.0
35.46875,0.3342066016698855,0.08873626431409605,1.5,0.0,0.35089187137280003,0.0,0.0,0.0
35.479166666666664,0.3340032766563843,0.08879026799085936,1.5,0.0,0.42939838796772317,0.0,0.0,0.0
35.489583333333336,0.3338317470034265,0.0888358902624338,1.5,0.0,0.37861408918872075,0.0,0.0,0.0
35.5,0.3336303326857286,0.08888952093827869,1.5,0.0,0.4264295749832844,0.0,0.0,0.0
35.510416666666664,0.33349035942448335,0.08892682983127856,1.5,0.0,0.32812388465907666,0.0,0.0,0.0
35.520833333333336,0.33330406435956245,0.08897653408426587,1.5,0.0,0.4022387705401302,0.0,0.0,0.0
35.53125,0.3331120714929734,0.08902781670444061,1.5,0.0,0.4113552532091076,0.0,0.0,0.0
35.541666666666664,0.3329451644270816,0.0890724467914835,1.5,0.0,0.37121797209355056,0.0,0.0,0.0
35.552083333333336,0.33274744974319437,0.08912537260856798,1.5,0.0,0.42051016088625137,0.0,0.0,0.0
35.5625,0.33257815669780844,0.08917074030769732,1.5,0.0,0.3750355392841554,0.0,0.0,0.0
35.572916666666664,0.33244094502262267,0.08920754463892777,1.5,0.0,0.3237053469638906,0.0,0.0,0.0
35.583333333333336,0.332284590429977,0.08924952073322963,1.5,0.0,0.35433401489978145,0.0,0.0,0.0
35.59375,0.3321594668296157,0.08928314079371216,1.5,0.0,0.3043644272447257,0.0,0.0,0.0
35.604166666666664,0.33200382846635934,0.08932499537702741,1.5,0.0,0.3531880478768953,0.0,0.0,0.0
35.614583333333336,0.3318534005830327,0.08936548605742763,1.5,0.0,0.34485127998928833,0.0,0.0,0.0
35.625,0.3317333305672022,0.08939783166257759,1.5,0.0,0.29627869199546253,0.0,0.0,0.0
35.635416666666664,0.33162569295829886,0.08942684801759963,1.5,0.0,0.27638684091203947,0.0,0.0,0.0
35.645833333333336,0.33153985338201564,0.08945000168272878,1.5,0.0,0.24150998871978163,0.0,0.0,0.0
35.65625,0.33145663600478814,0.08947245950593835,1.5,0.0,0.237314470230651,0.0,0.0,0.0
35.666666666666664,0.33137466472992677,0.08949459207173562,1.5,0.0,0.23532070644487846,0.0,0.0,0.0
35.677083333333336,0.33133478843683606,0.08950536278675869,1.5,0.0,0.1679687356118418,0.0,0.0,0.0
35.6875,0.3313016905979577,0.08951430458862791,1.5,0.0,0.15712320887199374,0.0,0.0,0.0
35.697916666666664,0.3312645349584802,0.08952434478574649,1.5,0.0,0.1636156898307585,0.0,0.0,0.0
35.708333333333336,0.3312633729895734,0.08952465880931057,1.5,0.0,0.10602581691752572,0.0,0.0,0.0
35.71875,0.3312584005531416,0.08952600264141948,1.5,0.0,0.11212256495756567,0.0,0.0,0.0
35.729166666666664,0.3312702151145013,0.08952280974811597,1.5,0.0,0.0852633684912183,0.0,0.0,0.0
35.739583333333336,0.3313013320722009,0.08951440145869963,1.5,0.0,0.054379534347229634,0.0,0.0,0.0
35.75,0.331350794073667,0.0895010393013263,1.5,0.0,0.025027464320863838,0.0,0.0,0.0
35.760416666666664,0.3314158982403337,0.08948345749366272,1.5,0.0,0.0,0.0,0.0,0.0
35.770833333333336,0.33148100240700035,0.08946588259227088,1.5,0.0,0.0,0.0,0.0,0.0
35.78125,0.331546106573667,0.08944831459308228,1.5,0.0,0.0,0.0,0.0,0.0
35.791666666666664,0.3316112107403337,0.08943075349203168,1.5,0.0,0.0,0.0,0.0,0.0
35.802083333333336,0.33167631490700034,0.08941319928505703,1.5,0.0,0.0,0.0,0.0,0.0
35.8125,0.331741419073667,0.0893956519680994,1.5,0.0,0.0,0.0,0.0,0.0
35.822916666666664,0.33180652324033366,0.08937811153710314,1.5,0.0,0.0,0.0,0.0,0.0
35.833333333333336,0.3318716274070003,0.08936057798801572,1.5,0.0,0.0,0.0,0.0,0.0
35.84375,0.331936731573667,0.08934305131678782,1.5,0.0,0.0,0.0,0.0,0.0
35.854166666666664,0.33200183574033365,0.08932553151937325,1.5,0.0,0.0,0.0,0.0,0.0
35.864583333333336,0.3320669399070003,0.08930801859172903,1.5,0.0,0.0,0.0,0.0,0.0
35.875,0.332132044073667,0.08929051252981537,1.5,0.0,0.0,0.0,0.0,0.0
35.885416666666664,0.33219714824033364,0.08927301332959561,1.5,0.0,0.0,0.0,0.0,0.0
35.895833333333336,0.3322622524070003,0.08925552098703625,1.5,0.0,0.0,0.0,0.0,0.0
35.90625,0.33232735657366697,0.089238035498107,1.5,0.0,0.0,0.0,0.0,0.0
35.916666666666664,0.33239246074033363,0.08922055685878065,1.5,0.0,0.0,0.0,0.0,0.0
35.927083333333336,0.3324575649070003,0.08920308506503322,1.5,0.0,0.0,0.0,0.0,0.0
35.9375,0.33252266907366695,0.08918562011284385,1.5,0.0,0.0,0.0,0.0,0.0
35.947916666666664,0.3325877732403336,0.08916816199819481,1.5,0.0,0.0,0.0,0.0,0.0
35.958333333333336,0.3326528774070003,0.08915071071707156,1.5,0.0,0.0,0.0,0.0,0.0
35.96875,0.33271798157366694,0.08913326626546264,1.5,0.0,0.0,0.0,0.0,0.0
35.979166666666664,0.3327830857403336,0.08911582863935981,1.5,0.0,0.0,0.0,0.0,0.0
35.989583333333336,0.33284818990700027,0.08909839783475788,1.5,0.0,0.0,0.0,0.0,0.0
36.0,0.33291329407366693,0.08908097384765484,1.5,0.0,0.0,0.0,0.0,0.0
36.010416666666664,0.3329783982403336,0.08906355667405183,1.5,0.0,0.0,0.0,0.0,0.0
36.020833333333336,0.33304350240700026,0.08904614630995307,1.5,0.0,0.0,0.0,0.0,0.0
36.03125,0.3331086065736669,0.08902874275136594,1.5,0.0,0.0,0.0,0.0,0.0
36.041666666666664,0.3331737107403336,0.08901134599430088,1.5,0.0,0.0,0.0,0.0,0.0
36.052083333333336,0.33323881490700025,0.08899395603477155,1.5,0.0,0.0,0.0,0.0,0.0
36.0625,0.3333039190736669,0.08897657286879464,1.5,0.0,0.0,0.0,0.0,0.0
36.072916666666664,0.3333690232403336,0.08895919649238995,1.5,0.0,0.0,0.0,0.0,0.0
36.083333333333336,0.33343412740700024,0.08894182690158048,1.5,0.0,0.0,0.0,0.0,0.0
36.09375,0.3334992315736669,0.08892446409239224,1.5,0.0,0.0,0.0,0.0,0.0
36.104166666666664,0.33356433574033356,0.08890710806085439,1.5,0.0,0.0,0.0,0.0,0.0
36.114583333333336,0.3336294399070002,0.08888975880299915,1.5,0.0,0.0,0.0,0.0,0.0
36.125,0.3336945440736669,0.08887241631486188,1.5,0.0,0.0,0.0,0.0,0.0
36.135416666666664,0.33375964824033355,0.08885508059248101,1.5,0.0,0.0,0.0,0.0,0.0
36.145833333333336,0.3338247524070002,0.08883775163189805,1.5,0.0,0.0,0.0,0.0,0.0
36.15625,0.3338898565736669,0.08882042942915765,1.5,0.0,0.0,0.0,0.0,0.0
36.166666666666664,0.33395496074033354,0.08880311398030748,1.5,0.0,0.0,0.0,0.0,0.0
36.177083333333336,0.3340200649070002,0.08878580528139832,1.5,0.0,0.0,0.0,0.0,0.0
36.1875,0.3340851685531332,0.08876850332845705,1.5,0.0,0.0,0.0,0.0,0.0
36.197916666666664,0.3341502633413063,0.08875120811708222,1.5,0.0,0.0,0.0,0.0,0.0
36.208333333333336,0.3342153383148451,0.08873391964230948,1.5,0.0,0.0,0.0,0.0,0.0
36.21875,0.3342803825276495,0.08871663789861366,1.5,0.0,0.0,0.0,0.0,0.0
36.229166666666664,0.33434538505155864,0.08869936287991116,1.5,0.0,0.0,0.0,0.0,0.0
36.239583333333336,0.3344103349836933,0.0886820945795626,1.5,0.0,0.0,0.0,0.0,0.0
36.25,0.33447522145376535,0.08866483299037593,1.5,0.0,0.0,0.0,0.0,0.0
36.260416666666664,0.33454003363134327,0.08864757810460988,1.5,0.0,0.0,0.0,0.0,0.0
36.270833333333336,0.3345889096430736,0.08863452876006887,1.5,0.0,0.025361743984979562,0.0,0.0,0.0
36.28125,0.3346249962928194,0.08862485145703593,1.5,0.0,0.04571057671025308,0.0,0.0,0.0
36.291666666666664,0.3346489459845872,0.08861837512602477,1.5,0.0,0.06503908904303493,0.0,0.0,0.0
36.302083333333336,0.3346578654733281,0.08861586903637998,1.5,0.0,0.08902429719739775,0.0,0.0,0.0
36.3125,0.334640576809691,0.08862029905450436,1.5,0.0,0.13093322821437883,0.0,0.0,0.0
36.322916666666664,0.3346226442301419,0.08862490775060279,1.5,0.0,0.13200993221849858,0.0,0.0,0.0
36.333333333333336,0.3345778431845922,0.08863664213578136,1.5,0.0,0.1750463393688107,0.0,0.0,0.0
36.34375,0.33450913691429357,0.08865473320381641,1.5,0.0,0.21340595928330366,0.0,0.0,0.0
36.354166666666664,0.3344394198822699,0.08867312526996304,1.5,0.0,0.2151776723553801,0.0,0.0,0.0
36.364583333333336,0.3343787014432023,0.08868916084987094,1.5,0.0,0.20091672698390411,0.0,0.0,0.0
36.375,0.334264094748585,0.0887195198580277,1.5,0.0,0.2872406979325821,0.0,0.0,0.0
36.385416666666664,0.3341662318012028,0.08874547805622199,1.5,0.0,0.2606030998450217,0.0,0.0,0.0
36.395833333333336,0.3340502077053654,0.08877629211638004,1.5,0.0,0.28974805598817444,0.0,0.0,0.0
36.40625,0.33392029755568153,0.08881082925634756,1.5,0.0,0.3120176913894682,0.0,0.0,0.0
36.416666666666664,0.3338078975736987,0.08884073368845012,1.5,0.0,0.2840066378391988,0.0,0.0,0.0
36.427083333333336,0.3336357260383079,0.0888865796345843,1.5,0.0,0.3796411232920552,0.0,0.0,0.0
36.4375,0.333517509065302,0.08891808593365295,1.5,0.0,0.293313823476125,0.0,0.0,0.0
36.447916666666664,0.3333829757682664,0.08895396791964573,1.5,0.0,0.3194199419235716,0.0,0.0,0.0
36.458333333333336,0.3332166546623858,0.08899836822830333,1.5,0.0,0.3702804360756628,0.0,0.0,0.0
36.46875,0.33307065004513353,0.08903738149076727,1.5,0.0,0.33777405427030344,0.0,0.0,0.0
36.479166666666664,0.3329118877055266,0.08907984252481257,1.5,0.0,0.358186410037725,0.0,0.0,0.0
36.489583333333336,0.3327687481337747,0.08911815997674348,1.5,0.0,0.333189981469678,0.0,0.0,0.0
36.5,0.33256460446954744,0.0891728648595913,1.5,0.0,0.43079652943029545,0.0,0.0,0.0
36.510416666666664,0.33235969733960813,0.08922784190991692,1.5,0.0,0.43201807456957364,0.0,0.0,0.0
36.520833333333336,0.3321759663678565,0.08927719502321006,1.5,0.0,0.3981362214692647,0.0,0.0,0.0
36.53125,0.3320055205967611,0.08932302835851008,1.5,0.0,0.3768799004193627,0.0,0.0,0.0
36.541666666666664,0.33182698571555846,0.08937108736800341,1.5,0.0,0.3898224765908249,0.0,0.0,0.0
36.552083333333336,0.331689116259648,0.08940823523504379,1.5,0.0,0.32475779612345645,0.0,0.0,0.0
36.5625,0.3315153933232447,0.08945508754258814,1.5,0.0,0.3821233649119363,0.0,0.0,0.0
36.572916666666664,0.3313303642030843,0.08950504310938832,1.5,0.0,0.4002132589232703,0.0,0.0,0.0
36.583333333333336,0.33117112683584676,0.08954807991502833,1.5,0.0,0.3589464542467654,0.0,0.0,0.0
36.59375,0.33100576071802684,0.08959281695616518,1.5,0.0,0.3687524551785241,0.0,0.0,0.0
36.604166666666664,0.33086494800551264,0.08963094673586362,1.5,0.0,0.3294670066893967,0.0,0.0,0.0
36.614583333333336,0.3307366377749903,0.08966571931961782,1.5,0.0,0.3094630355024277,0.0,0.0,0.0
36.625,0.33062795439048953,0.08969519406220973,1.5,0.0,0.27806008186792525,0.0,0.0,0.0
36.635416666666664,0.3305207017719024,0.08972429978656007,1.5,0.0,0.27577085640606724,0.0,0.0,0.0
36.645833333333336,0.3304261256072193,0.08974998110984254,1.5,0.0,0.25548853015962125,0.0,0.0,0.0
36.65625,0.3303372573116041,0.08977412591239262,1.5,0.0,0.24635593965088845,0.0,0.0,0.0
36.666666666666664,0.3302508200257519,0.08979762269518038,1.5,0.0,0.24246632403022933,0.0,0.0,0.0
36.677083333333336,0.3301800648878006,0.08981686565942068,1.5,0.0,0.2173748873887065,0.0,0.0,0.0
36.6875,0.3301334514458642,0.08982954741958159,1.5,0.0,0.17874817376488056,0.0,0.0,0.0
36.697916666666664,0.3301089450319091,0.0898362161273146,1.5,0.0,0.14337692899488846,0.0,0.0,0.0
36.708333333333336,0.33010404318129116,0.08983755014221272,1.5,0.0,0.11200962765531979,0.0,0.0,0.0
36.71875,0.330111211800592,0.08983559925059538,1.5,0.0,0.09269687578532787,0.0,0.0,0.0
36.729166666666664,0.3301347081705157,0.08982920546520999,1.5,0.0,0.06657247478871359,0.0,0.0,0.0
36.739583333333336,0.33016466271195233,0.089821055614662,1.5,0.0,0.05623940036806358,0.0,0.0,0.0
36.75,0.33021242680382823,0.08980806330787845,1.5,0.0,0.02774411966526165,0.0,0.0,0.0
36.760416666666664,0.3302775309704949,0.08979036038057235,1.5,0.0,0.0,0.0,0.0,0.0
36.770833333333336,0.33034263513716156,0.08977266443107781,1.5,0.0,0.0,0.0,0.0,0.0
36.78125,0.3304077393038282,0.0897549754552701,1.5,0.0,0.0,0.0,0.0,0.0
36.791666666666664,0.3304728434704949,0.08973729344902766,1.5,0.0,0.0,0.0,0.0,0.0
36.802083333333336,0.33053794763716154,0.08971961840823224,1.5,0.0,0.0,0.0,0.0,0.0
36.8125,0.3306030518038282,0.08970195032876883,1.5,0.0,0.0,0.0,0.0,0.0
36.822916666666664,0.33066815597049487,0.08968428920652564,1.5,0.0,0.0,0.0,0.0,0.0
36.833333333333336,0.33073326013716153,0.08966663503739411,1.5,0.0,0.0,0.0,0.0,0.0
36.84375,0.3307983643038282,0.08964898781726895,1.5,0.0,0.0,0.0,0.0,0.0
36.854166666666664,0.33086346847049486,0.08963134754204807,1.5,0.0,0.0,0.0,0.0,0.0
36.864583333333336,0.3309285726371615,0.08961371420763263,1.5,0.0,0.0,0.0,0.0,0.0
36.875,0.3309936768038282,0.089596087809927,1.5,0.0,0.0,0.0,0.0,0.0
36.885416666666664,0.33105878097049485,0.08957846834483879,1.5,0.0,0.0,0.0,0.0,0.0
36.895833333333336,0.3311238851371615,0.0895608558082788,1.5,0.0,0.0,0.0,0.0,0.0
36.90625,0.3311889893038282,0.08954325019616105,1.5,0.0,0.0,0.0,0.0,0.0
36.916666666666664,0.33125409347049484,0.0895256515044028,1.5,0.0,0.0,0.0,0.0,0.0
36.927083333333336,0.3313191976371615,0.08950805972892449,1.5,0.0,0.0,0.0,0.0,0.0
36.9375,0.33138430180382816,0.08949047486564979,1.5,0.0,0.0,0.0,0.0,0.0
36.947916666666664,0.3314494059704948,0.08947289691050556,1.5,0.0,0.0,0.0,0.0,0.0
36.958333333333336,0.3315145101371615,0.08945532585942186,1.5,0.0,0.0,0.0,0.0,0.0
36.96875,0.33157961430382815,0.08943776170833193,1.5,0.0,0.0,0.0,0.0,0.0
36.979166666666664,0.3316447184704948,0.08942020445317223,1.5,0.0,0.0,0.0,0.0,0.0
36.989583333333336,0.3317098226371615,0.08940265408988239,1.5,0.0,0.0,0.0,0.0,0.0
37.0,0.33177492680382814,0.08938511061440527,1.5,0.0,0.0,0.0,0.0,0.0
37.010416666666664,0.3318400309704948,0.08936757402268683,1.5,0.0,0.0,0.0,0.0,0.0
37.020833333333336,0.33190513513716147,0.08935004431067631,1.5,0.0,0.0,0.0,0.0,0.0
37.03125,0.33197023930382813,0.08933252147432605,1.5,0.0,0.0,0.0,0.0,0.0
37.041666666666664,0.3320353434704948,0.08931500550959162,1.5,0.0,0.0,0.0,0.0,0.0
37.052083333333336,0.33210044763716146,0.0892974964124317,1.5,0.0,0.0,0.0,0.0,0.0
37.0625,0.3321655518038281,0.0892799941788082,1.5,0.0,0.0,0.0,0.0,0.0
37.072916666666664,0.3322306559704948,0.08926249880468616,1.5,0.0,0.0,0.0,0.0,0.0
37.083333333333336,0.33229576013716144,0.0892450102860338,1.5,0.0,0.0,0.0,0.0,0.0
37.09375,0.3323608643038281,0.08922752861882245,1.5,0.0,0.0,0.0,0.0,0.0
37.104166666666664,0.33242596847049477,0.08921005379902669,1.5,0.0,0.0,0.0,0.0,0.0
37.114583333333336,0.33249107263716143,0.08919258582262418,1.5,0.0,0.0,0.0,0.0,0.0
37.125,0.3325561768038281,0.08917512468559573,1.5,0.0,0.0,0.0,0.0,0.0
37.135416666666664,0.33262128097049476,0.08915767038392533,1.5,0.0,0.0,0.0,0.0,0.0
37.145833333333336,0.3326863851371614,0.08914022291360012,1.5,0.0,0.0,0.0,0.0,0.0
37.15625,0.3327514893038281,0.08912278227061032,1.5,0.0,0.0,0.0,0.0,0.0
37.166666666666664,0.33281659347049475,0.08910534845094935,1.5,0.0,0.0,0.0,0.0,0.0
37.177083333333336,0.3328816976371614,0.08908792145061374,1.5,0.0,0.0,0.0,0.0,0.0
37.1875,0.3329468018038281,0.08907050126560316,1.5,0.0,0.0,0.0,0.0,0.0
37.197916666666664,0.33301190597049474,0.08905308789192037,1.5,0.0,0.0,0.0,0.0,0.0
37.208333333333336,0.3330770101371614,0.08903568132557131,1.5,0.0,0.0,0.0,0.0,0.0
37.21875,0.33314211430382806,0.08901828156256503,1.5,0.0,0.0,0.0,0.0,0.0
37.229166666666664,0.3332072184704947,0.08900088859891367,1.5,0.0,0.0,0.0,0.0,0.0
37.239583333333336,0.3332723226371614,0.0889835024306325,1.5,0.0,0.0,0.0,0.0,0.0
37.25,0.33333742680382805,0.08896612305373992,1.5,0.0,0.0,0.0,0.0,0.0
37.260416666666664,0.3334025309704947,0.08894875046425742,1.5,0.0,0.0,0.0,0.0,0.0
37.270833333333336,0.3334521622745019,0.0889355112564345,1.5,0.0,0.024756580255144444,0.0,0.0,0.0
37.28125,0.3334859696784994,0.08892649534862383,1.5,0.0,0.05007482027068104,0.0,0.0,0.0
37.291666666666664,0.3335046643770734,0.08892151054869941,1.5,0.0,0.07425514894835943,0.0,0.0,0.0
37.302083333333336,0.33349875331963014,0.08892308662702524,1.5,0.0,0.11362435857581789,0.0,0.0,0.0
37.3125,0.33347668657222607,0.08892897082634112,1.5,0.0,0.13947346251320247,0.0,0.0,0.0
37.322916666666664,0.33345124051210634,0.08893575710170347,1.5,0.0,0.14488036285827,0.0,0.0,0.0
37.333333333333336,0.33339744471548927,0.0889501074513443,1.5,0.0,0.19023994125394889,0.0,0.0,0.0
37.34375,0.3333447058783541,0.08896418034690048,1.5,0.0,0.18854880608296473,0.0,0.0,0.0
37.354166666666664,0.33327366825023486,0.08898314315423114,1.5,0.0,0.21782687165739933,0.0,0.0,0.0
37.364583333333336,0.3331954310298663,0.08900403717957396,1.5,0.0,0.22934621925632248,0.0,0.0,0.0
37.375,0.333097878347068,0.08903010333961626,1.5,0.0,0.2602509591439407,0.0,0.0,0.0
37.385416666666664,0.33297767787612387,0.08906224201154732,1.5,0.0,0.29648742017730184,0.0,0.0,0.0
37.395833333333336,0.3328483200107171,0.08909685507948945,1.5,0.0,0.311139251317483,0.0,0.0,0.0
37.40625,0.332702790619551,0.0891358274339154,1.5,0.0,0.33701369253246244,0.0,0.0,0.0
37.416666666666664,0.33255344523873237,0.08917585716231935,1.5,0.0,0.3431192759764701,0.0,0.0,0.0
37.427083333333336,0.33243659188477576,0.08920720298361506,1.5,0.0,0.2911320329972502,0.0,0.0,0.0
37.4375,0.33226972007723476,0.08925200443950485,1.5,0.0,0.37116155873220974,0.0,0.0,0.0
37.447916666666664,0.33210405116785785,0.08929652748035062,1.5,0.0,0.3692369216697115,0.0,0.0,0.0
37.458333333333336,0.3319483893694262,0.08933840163460603,1.5,0.0,0.3532255441572498,0.0,0.0,0.0
37.46875,0.33180358746686284,0.08937738967155714,1.5,0.0,0.33584971076806047,0.0,0.0,0.0
37.479166666666664,0.33164023828716027,0.08942141244563971,1.5,0.0,0.3655253541908033,0.0,0.0,0.0
37.489583333333336,0.331445388471272,0.0894739814248971,1.5,0.0,0.4159263720879016,0.0,0.0,0.0
37.5,0.33130394861633267,0.08951217954178171,1.5,0.0,0.3304704345695422,0.0,0.0,0.0
37.510416666666664,0.33109867089995104,0.08956767615780477,1.5,0.0,0.432611012877294,0.0,0.0,0.0
37.520833333333336,0.3309018932405756,0.08962093943018264,1.5,0.0,0.41901092166730947,0.0,0.0,0.0
37.53125,0.3307453741696225,0.08966335086590649,1.5,0.0,0.35459718019162345,0.0,0.0,0.0
37.541666666666664,0.33055581237918197,0.08971476955131609,1.5,0.0,0.40746553137156954,0.0,0.0,0.0
37.552083333333336,0.3303634117768679,0.08976701860518467,1.5,0.0,0.4120076303691967,0.0,0.0,0.0
37.5625,0.33020598941624124,0.08980981412200806,1.5,0.0,0.3560424436693186,0.0,0.0,0.0
37.572916666666664,0.33002986812523827,0.08985774136113267,1.5,0.0,0.38596073227144406,0.0,0.0,0.0
37.583333333333336,0.3298644858712131,0.08990279281845663,1.5,0.0,0.36877827310692796,0.0,0.0,0.0
37.59375,0.3297101553097791,0.08994487447189288,1.5,0.0,0.35109556496109506,0.0,0.0,0.0
37.604166666666664,0.32954661009955943,0.08998951171880386,1.5,0.0,0.3658390030181659,0.0,0.0,0.0
37.614583333333336,0.32942502537325985,0.09002272519473747,1.5,0.0,0.2987022287459894,0.0,0.0,0.0
37.625,0.329290832295689,0.09005941138627513,1.5,0.0,0.31887559078001426,0.0,0.0,0.0
37.635416666666664,0.3291790467145228,0.09008999457114605,1.5,0.0,0.283023596532572,0.0,0.0,0.0
37.645833333333336,0.3290864628920864,0.09011534011707756,1.5,0.0,0.2523007825649595,0.0,0.0,0.0
37.65625,0.3290082620951326,0.09013675930992712,1.5,0.0,0.2292879417926848,0.0,0.0,0.0
37.666666666666664,0.32894603585222115,0.09015381034951647,1.5,0.0,0.2037286553250054,0.0,0.0,0.0
37.677083333333336,0.32890116257317203,0.09016611038840203,1.5,0.0,0.17596391314525228,0.0,0.0,0.0
37.6875,0.32886907767189427,0.09017490711313787,1.5,0.0,0.1555025087110958,0.0,0.0,0.0
37.697916666666664,0.3288528207214264,0.09017936494018391,1.5,0.0,0.13017778741528194,0.0,0.0,0.0
37.708333333333336,0.32882941636783053,0.09018578343451276,1.5,0.0,0.1416136324200694,0.0,0.0,0.0
37.71875,0.3288237360824664,0.09018734135424143,1.5,0.0,0.11325512324931247,0.0,0.0,0.0
37.729166666666664,0.32884398569500933,0.09018178778234064,1.5,0.0,0.07176728659794257,0.0,0.0,0.0
37.739583333333336,0.32887758112646504,0.09017257555188206,1.5,0.0,0.05041397633757108,0.0,0.0,0.0
37.75,0.3289285419994868,0.09015860512187678,1.5,0.0,0.02262926983181708,0.0,0.0,0.0
37.760416666666664,0.32899364616615345,0.09014076374128269,1.5,0.0,0.0,0.0,0.0,0.0
37.770833333333336,0.3290587503328201,0.09012292942051128,1.5,0.0,0.0,0.0,0.0,0.0
37.78125,0.3291238544994868,0.09010510215537304,1.5,0.0,0.0,0.0,0.0,0.0
37.791666666666664,0.32918895866615344,0.09008728194168177,1.5,0.0,0.0,0.0,0.0,0.0
37.802083333333336,0.3292540628328201,0.09006946877525455,1.5,0.0,0.0,0.0,0.0,0.0
37.8125,0.32931916699948677,0.09005166265191179,1.5,0.0,0.0,0.0,0.0,0.0
37.822916666666664,0.32938427116615343,0.09003386356747724,1.5,0.0,0.0,0.0,0.0,0.0
37.833333333333336,0.3294493753328201,0.0900160715177779,1.5,0.0,0.0,0.0,0.0,0.0
37.84375,0.32951447949948676,0.08999828649864407,1.5,0.0,0.0,0.0,0.0,0.0
37.854166666666664,0.3295795836661534,0.08998050850590937,1.5,0.0,0.0,0.0,0.0,0.0
37.864583333333336,0.3296446878328201,0.08996273753541072,1.5,0.0,0.0,0.0,0.0,0.0
37.875,0.32970979199948675,0.08994497358298827,1.5,0.0,0.0,0.0,0.0,0.0
37.885416666666664,0.3297748961661534,0.0899272166444855,1.5,0.0,0.0,0.0,0.0,0.0
37.895833333333336,0.32984000033282007,0.08990946671574919,1.5,0.0,0.0,0.0,0.0,0.0
37.90625,0.32990510449948673,0.08989172379262937,1.5,0.0,0.0,0.0,0.0,0.0
37.916666666666664,0.3299702086661534,0.08987398787097933,1.5,0.0,0.0,0.0,0.0,0.0
37.927083333333336,0.33003531283282006,0.08985625894665566,1.5,0.0,0.0,0.0,0.0,0.0
37.9375,0.3301004169994867,0.08983853701551822,1.5,0.0,0.0,0.0,0.0,0.0
37.947916666666664,0.3301655211661534,0.08982082207343012,1.5,0.0,0.0,0.0,0.0,0.0
37.958333333333336,0.33023062533282005,0.08980311411625772,1.5,0.0,0.0,0.0,0.0,0.0
37.96875,0.3302957294994867,0.08978541313987068,1.5,0.0,0.0,0.0,0.0,0.0
37.979166666666664,0.3303608336661534,0.08976771914014188,1.5,0.0,0.0,0.0,0.0,0.0
37.989583333333336,0.33042593783282004,0.08975003211294748,1.5,0.0,0.0,0.0,0.0,0.0
38.0,0.3304910419994867,0.08973235205416685,1.5,0.0,0.0,0.0,0.0,0.0
38.010416666666664,0.33055614616615336,0.08971467895968266,1.5,0.0,0.0,0.0,0.0,0.0
38.020833333333336,0.33062125033282,0.08969701282538077,1.5,0.0,0.0,0.0,0.0,0.0
38.03125,0.3306863544994867,0.08967935364715031,1.5,0.0,0.0,0.0,0.0,0.0
38.041666666666664,0.33075145866615335,0.08966170142088364,1.5,0.0,0.0,0.0,0.0,0.0
38.052083333333336,0.33081656283282,0.08964405614247638,1.5,0.0,0.0,0.0,0.0,0.0
38.0625,0.3308816669994867,0.08962641780782732,1.5,0.0,0.0,0.0,0.0,0.0
38.072916666666664,0.33094677116615334,0.08960878641283851,1.5,0.0,0.0,0.0,0.0,0.0
38.083333333333336,0.33101187533282,0.08959116195341525,1.5,0.0,0.0,0.0,0.0,0.0
38.09375,0.33107697949948667,0.08957354442546604,1.5,0.0,0.0,0.0,0.0,0.0
38.104166666666664,0.33114208366615333,0.08955593382490258,1.5,0.0,0.0,0.0,0.0,0.0
38.114583333333336,0.33120718783282,0.08953833014763979,1.5,0.0,0.0,0.0,0.0,0.0
38.125,0.33127229199948666,0.08952073338959582,1.5,0.0,0.0,0.0,0.0,0.0
38.135416666666664,0.3313373961661533,0.08950314354669202,1.5,0.0,0.0,0.0,0.0,0.0
38.145833333333336,0.33140250033282,0.08948556061485292,1.5,0.0,0.0,0.0,0.0,0.0
38.15625,0.33146760449948665,0.08946798459000631,1.5,0.0,0.0,0.0,0.0,0.0
38.166666666666664,0.3315327086661533,0.08945041546808313,1.5,0.0,0.0,0.0,0.0,0.0
38.177083333333336,0.33159781283281997,0.08943285324501753,1.5,0.0,0.0,0.0,0.0,0.0
38.1875,0.33166291699948663,0.08941529791674684,1.5,0.0,0.0,0.0,0.0,0.0
38.197916666666664,0.3317280211661533,0.0893977494792116,1.5,0.0,0.0,0.0,0.0,0.0
38.208333333333336,0.33179312533281996,0.08938020792835553,1.5,0.0,0.0,0.0,0.0,0.0
38.21875,0.3318582294994866,0.08936267326012552,1.5,0.0,0.0,0.0,0.0,0.0
38.229166666666664,0.3319233336661533,0.08934514547047166,1.5,0.0,0.0,0.0,0.0,0.0
38.239583333333336,0.33198843783281995,0.08932762455534722,1.5,0.0,0.0,0.0,0.0,0.0
38.25,0.3320535419994866,0.08931011051070861,1.5,0.0,0.0,0.0,0.0,0.0
38.260416666666664,0.3321186461661533,0.08929260333251544,1.5,0.0,0.0,0.0,0.0,0.0
38.270833333333336,0.3321673231177415,0.08927951808472885,1.5,0.0,0.026283544125547516,0.0,0.0,0.0
38.28125,0.33746260828463187,0.10719350606168437,1.5,8.52,0.047543732975415046,5.0,1.0,1.0
38.291666666666664,0.342723668393222,0.12466670713486587,1.5,8.52,0.07750099515365186,5.0,1.0,1.0
38.302083333333336,0.34788765426918405,0.14164019174763778,1.5,8.52,0.10019066625487416,5.0,1.0,1.0
38.3125,0.3528818740296396,0.15813153748386058,1.5,8.52,0.13026728553772515,5.0,1.0,1.0
38.322916666666664,0.35765099331488176,0.1741678478735277,1.5,8.52,0.1518706020862147,5.0,1.0,1.0
38.333333333333336,0.3621515935762088,0.1897764133451295,1.5,8.52,0.161879885129431,5.0,1.0,1.0
38.34375,0.366336846739616,0.20499131474181553,1.5,8.52,0.18413617983237682,5.0,1.0,1.0
38.354166666666664,0.3701957698777677,0.21983294833631942,1.5,8.52,0.18255689552844742,5.0,1.0,1.0
38.364583333333336,0.37367031120051036,0.2343545841202195,1.5,8.52,0.2504788156319917,5.0,1.0,1.0
38.375,0.37681677889438603,0.2485478578373097,1.5,8.52,0.23009139526085157,5.0,1.0,1.0
38.385416666666664,0.37957736804803016,0.2624771117952447,1.5,8.52,0.3105842214180865,5.0,1.0,1.0
38.395833333333336,0.3820460430509428,0.27611308426487047,1.5,8.52,0.27284631818458455,5.0,1.0,1.0
38.40625,0.38416816135499177,0.2895250788696178,1.5,8.52,0.34921043382298106,5.0,1.0,1.0
38.416666666666664,0.38601298184166255,0.30270140930376965,1.5,8.52,0.3617269819771987,5.0,1.0,1.0
38.427083333333336,0.3876045196385736,0.31565776693603037,1.5,8.52,0.37701988122471025,5.0,1.0,1.0
38.4375,0.3890222179691651,0.32836211543702587,1.5,8.52,0.30742885237624823,5.0,1.0,1.0
38.447916666666664,0.3849656063694411,0.328483528178609,1.5,0.0,0.33191391270841947,0.0,0.0,0.0
38.458333333333336,0.381427349656466,0.3286384431794983,1.5,0.0,0.3919805173709085,0.0,0.0,0.0
38.46875,0.37837497227304234,0.32876362231649336,1.5,0.0,0.334764898724724,0.0,0.0,0.0
38.479166666666664,0.3756527335130929,0.32891790221223804,1.5,0.0,0.3862205710701759,0.0,0.0,0.0
38.489583333333336,0.37322231265257994,0.3290829277829156,1.5,0.0,0.40377322366253704,0.0,0.0,0.0
38.5,0.3710316854635644,0.32926173403754094,1.5,0.0,0.42672505143383954,0.0,0.0,0.0
38.510416666666664,0.3690533458695818,0.3294448872546031,1.5,0.0,0.43262661485291504,0.0,0.0,0.0
38.520833333333336,0.36728005723833335,0.32961048812316945,1.5,0.0,0.399557605005985,0.0,0.0,0.0
38.53125,0.36565521639617066,0.32978432055939505,1.5,0.0,0.41271382460057354,0.0,0.0,0.0
38.541666666666664,0.36417485405656613,0.3299516507525144,1.5,0.0,0.39981419074613866,0.0,0.0,0.0
38.552083333333336,0.36282592489828314,0.33010778407635916,1.5,0.0,0.3788697875740526,0.0,0.0,0.0
38.5625,0.36158091886338706,0.33026359638289754,1.5,0.0,0.3772350870360392,0.0,0.0,0.0
38.572916666666664,0.3604431835894806,0.3304048810653211,1.5,0.0,0.3508791776812377,0.0,0.0,0.0
38.583333333333336,0.3594093750331452,0.33052414972465805,1.5,0.0,0.31174846352196645,0.0,0.0,0.0
38.59375,0.3584359880955414,0.3306519800539792,1.5,0.0,0.3259670546236919,0.0,0.0,0.0
38.604166666666664,0.35755652067003696,0.33075133299646114,1.5,0.0,0.27606603917964906,0.0,0.0,0.0
38.614583333333336,0.3567217368222829,0.3308601166326021,1.5,0.0,0.2918870898400699,0.0,0.0,0.0
38.625,0.35593986113546716,0.33096642429911793,1.5,0.0,0.28715220843521533,0.0,0.0,0.0
38.635416666666664,0.3552276265631004,0.3310501598208037,1.5,0.0,0.24796455524319136,0.0,0.0,0.0
38.645833333333336,0.3545719492964918,0.3311183805510287,1.5,0.0,0.22107539040283997,0.0,0.0,0.0
38.65625,0.35392374436532603,0.33121290149181926,1.5,0.0,0.2658161902232579,0.0,0.0,0.0
38.666666666666664,0.3533587235320054,0.331261441561527,1.5,0.0,0.18702361816736957,0.0,0.0,0.0
38.677083333333336,0.35280304534816104,0.33132823789163346,1.5,0.0,0.21799071364812891,0.0,0.0,0.0
38.6875,0.3523147460163422,0.3313575592462983,1.5,0.0,0.15405240263564787,0.0,0.0,0.0
38.697916666666664,0.35186535541610964,0.3313723476466423,1.5,0.0,0.12929251925891255,0.0,0.0,0.0
38.708333333333336,0.35143806130227134,0.3313861412895404,1.5,0.0,0.12757289788822318,0.0,0.0,0.0
38.71875,0.3510428399034946,0.33138808587603885,1.5,0.0,0.10746255907378889,0.0,0.0,0.0
38.729166666666664,0.3506866751078414,0.33136977504896376,1.5,0.0,0.07316319568322534,0.0,0.0,0.0
38.739583333333336,0.3503622066084149,0.33133616049392645,1.5,0.0,0.047300793849929496,0.0,0.0,0.0
38.75,0.3500656114232148,0.3312892615557282,1.5,0.0,0.024886672833263058,0.0,0.0,0.0
38.760416666666664,0.349797005711472,0.3312276020476505,1.5,0.0,0.0,0.0,0.0,0.0
38.770833333333336,0.3495394655046125,0.33116590859344447,1.5,0.0,0.0,0.0,0.0,0.0
38.78125,0.34929235975046163,0.331104182993369,1.5,0.0,0.0,0.0,0.0,0.0
38.791666666666664,0.3490551044592216,0.3310424269507321,1.5,0.0,0.0,0.0,0.0,0.0
38.802083333333336,0.3488271583786892,0.330980642078711,1.5,0.0,0.0,0.0,0.0,0.0
38.8125,0.348608019139167,0.3309188299065798,1.5,0.0,0.0,0.0,0.0,0.0
38.822916666666664,0.3483972198094754,0.33085699188540624,1.5,0.0,0.0,0.0,0.0,0.0
38.833333333333336,0.3481943258136972,0.33079512939327,1.5,0.0,0.0,0.0,0.0,0.0
38.84375,0.34799893216522965,0.33073324374005103,1.5,0.0,0.0,0.0,0.0,0.0
38.854166666666664,0.34781066098060587,0.33067133617183003,1.5,0.0,0.0,0.0,0.0,0.0
38.864583333333336,0.3476291592405464,0.33060940787493726,1.5,0.0,0.0,0.0,0.0,0.0
38.875,0.3474540967699645,0.33054745997968454,1.5,0.0,0.0,0.0,0.0,0.0
38.885416666666664,0.3472851644122935,0.33048549356380785,1.5,0.0,0.0,0.0,0.0,0.0
38.895833333333336,0.3471220723766242,0.33042350965564954,1.5,0.0,0.0,0.0,0.0,0.0
38.90625,0.3469645487388275,0.3303615092371013,1.5,0.0,0.0,0.0,0.0,0.0
38.916666666666664,0.3468123380801475,0.33029949324633034,1.5,0.0,0.0,0.0,0.0,0.0
38.927083333333336,0.3466652002487473,0.33023746258030795,1.5,0.0,0.0,0.0,0.0,0.0
38.9375,0.34652290923141965,0.3301754180971565,1.5,0.0,0.0,0.0,0.0,0.0
38.947916666666664,0.34638525212417465,0.3301133606183314,1.5,0.0,0.0,0.0,0.0,0.0
38.958333333333336,0.34625202819172146,0.330051290930651,1.5,0.0,0.0,0.0,0.0,0.0
38.96875,0.3461230480069985,0.32998920978818724,1.5,0.0,0.0,0.0,0.0,0.0
38.979166666666664,0.34599813266289975,0.32992711791402907,1.5,0.0,0.0,0.0,0.0,0.0
38.989583333333336,0.345877113049215,0.3298650160019274,1.5,0.0,0.0,0.0,0.0,0.0
39.0,0.34575982918856346,0.3298029047178326,1.5,0.0,0.0,0.0,0.0,0.0
39.010416666666664,0.3456461296257711,0.3297407847013314,1.5,0.0,0.0,0.0,0.0,0.0
39.020833333333336,0.3455358708657306,0.3296786565669927,1.5,0.0,0.0,0.0,0.0,0.0
39.03125,0.34542891685530397,0.32961652090562715,1.5,0.0,0.0,0.0,0.0,0.0
39.041666666666664,0.345325138505287,0.3295543782854692,1.5,0.0,0.0,0.0,0.0,0.0
39.052083333333336,0.3452244132488611,0.3294922292532854,1.5,0.0,0.0,0.0,0.0,0.0
39.0625,0.34512662463331845,0.3294300743354159,1.5,0.0,0.0,0.0,0.0,0.0
39.072916666666664,0.3450316619421666,0.3293679140387526,1.5,0.0,0.0,0.0,0.0,0.0
39.083333333333336,0.34493941984500354,0.32930574885166014,1.5,0.0,0.0,0.0,0.0,0.0
39.09375,0.3448497980728061,0.3292435792448419,1.5,0.0,0.0,0.0,0.0,0.0
39.104166666666664,0.34476270111650287,0.3291814056721564,1.5,0.0,0.0,0.0,0.0,0.0
39.114583333333336,0.34467803794690294,0.3291192285713869,1.5,0.0,0.0,0.0,0.0,0.0
39.125,0.34459572175423253,0.3290570483649669,1.5,0.0,0.0,0.0,0.0,0.0
39.135416666666664,0.34451566970569464,0.32899486546066564,1.5,0.0,0.0,0.0,0.0,0.0
39.145833333333336,0.3444378027196101,0.3289326802522352,1.5,0.0,0.0,0.0,0.0,0.0
39.15625,0.34436204525483016,0.32887049312002264,1.5,0.0,0.0,0.0,0.0,0.0
39.166666666666664,0.3442883251142272,0.32880830443154846,1.5,0.0,0.0,0.0,0.0,0.0
39.177083333333336,0.34421657326117566,0.3287461145420545,1.5,0.0,0.0,0.0,0.0,0.0
39.1875,0.34414672364803106,0.32868392379502287,1.5,0.0,0.0,0.0,0.0,0.0
39.197916666666664,0.34407871305569965,0.32862173252266735,1.5,0.0,0.0,0.0,0.0,0.0
39.208333333333336,0.34401248094347026,0.3285595410463995,1.5,0.0,0.0,0.0,0.0,0.0
39.21875,0.34394796930834853,0.3284973496772711,1.5,0.0,0.0,0.0,0.0,0.0
39.229166666666664,0.34388512255319886,0.3284351587163939,1.5,0.0,0.0,0.0,0.0,0.0
39.239583333333336,0.34382388736305575,0.32837296845533837,1.5,0.0,0.0,0.0,0.0,0.0
39.25,0.3437642125890191,0.3283107791765122,1.5,0.0,0.0,0.0,0.0,0.0
39.260416666666664,0.3437060491391956,0.32824859115352123,1.5,0.0,0.0,0.0,0.0,0.0
39.270833333333336,0.34363295374588126,0.32820206376393984,1.5,0.0,0.026233808496026342,0.0,0.0,0.0
39.28125,0.34354653632536236,0.3281700043081443,1.5,0.0,0.05047332973275615,0.0,0.0,0.0
39.291666666666664,0.3434497885714402,0.3281498573157804,1.5,0.0,0.07043058998979629,0.0,0.0,0.0
39.302083333333336,0.34334509772300165,0.32813956802720334,1.5,0.0,0.08694147902404471,0.0,0.0,0.0
39.3125,0.3432223049178447,0.3281490140932602,1.5,0.0,0.11997506470381213,0.0,0.0,0.0
39.322916666666664,0.3430815888667456,0.32817842694642113,1.5,0.0,0.15336874480638887,0.0,0.0,0.0
39.333333333333336,0.342923138824347,0.32822801445558875,1.5,0.0,0.18707134482457405,0.0,0.0,0.0
39.34375,0.34276776409443954,0.32827821914533445,1.5,0.0,0.1880524947779355,0.0,0.0,0.0
39.354166666666664,0.34260304800130337,0.3283408117429721,1.5,0.0,0.2086849123853159,0.0,0.0,0.0
39.364583333333336,0.3424256480701524,0.32841915805754257,1.5,0.0,0.2348980851500788,0.0,0.0,0.0
39.375,0.34223184165767884,0.328517059904862,1.5,0.0,0.26739772642812115,0.0,0.0,0.0
39.385416666666664,0.3420199026747335,0.32863647753345027,1.5,0.0,0.3030882360694137,0.0,0.0,0.0
39.395833333333336,0.34181483418742203,0.32875368627128687,1.5,0.0,0.2992207791723548,0.0,0.0,0.0
39.40625,0.34159955022164346,0.32888488255460213,1.5,0.0,0.32228299262270577,0.0,0.0,0.0
39.416666666666664,0.341389198203042,0.3290155941559404,1.5,0.0,0.3212567484246207,0.0,0.0,0.0
39.427083333333336,0.3412028559775866,0.329127207808426,1.5,0.0,0.2893634666755688,0.0,0.0,0.0
39.4375,0.3409945376920167,0.32926353205204945,1.5,0.0,0.33015015914125323,0.0,0.0,0.0
39.447916666666664,0.340752162773327,0.3294366131740522,1.5,0.0,0.39075906900216856,0.0,0.0,0.0
39.458333333333336,0.3405076222844223,0.3296161725936092,1.5,0.0,0.4011165432357231,0.0,0.0,0.0
39.46875,0.3403159228575677,0.32974881195721784,1.5,0.0,0.3232786699572228,0.0,0.0,0.0
39.479166666666664,0.3401259154354569,0.3298830198327535,1.5,0.0,0.3256568428005289,0.0,0.0,0.0
39.489583333333336,0.3398895858456854,0.3300653006495487,1.5,0.0,0.4046627703318642,0.0,0.0,0.0
39.5,0.3396746157164553,0.3302306099655777,1.5,0.0,0.37636191184267725,0.0,0.0,0.0
39.510416666666664,0.3394329995366979,0.3304251704791181,1.5,0.0,0.42413825844281466,0.0,0.0,0.0
39.520833333333336,0.33925401711270115,0.33056232420337345,1.5,0.0,0.32947614583539137,0.0,0.0,0.0
39.53125,0.33903689900661266,0.33073921644950954,1.5,0.0,0.39445019481081883,0.0,0.0,0.0
39.541666666666664,0.3388296699965719,0.33090947850169705,1.5,0.0,0.3832497972366423,0.0,0.0,0.0
39.552083333333336,0.33862149449425377,0.33108344123214645,1.5,0.0,0.3889939011734098,0.0,0.0,0.0
39.5625,0.3384218631455871,0.3312517278862313,1.5,0.0,0.37939339648920506,0.0,0.0,0.0
39.572916666666664,0.3382257590154783,0.33141902925561834,1.5,0.0,0.37748452318067743,0.0,0.0,0.0
39.583333333333336,0.3380271073323406,0.33159116097215313,1.5,0.0,0.3850687565730539,0.0,0.0,0.0
39.59375,0.3378727782899523,0.33172204242375625,1.5,0.0,0.3175440295618698,0.0,0.0,0.0
39.604166666666664,0.3377248565971033,0.33184828771683167,1.5,0.0,0.30981437431223113,0.0,0.0,0.0
39.614583333333336,0.33758405624640103,0.3319690617603112,1.5,0.0,0.30074512975945644,0.0,0.0,0.0
39.625,0.3374582307472669,0.33207650244642367,1.5,0.0,0.27891424659364633,0.0,0.0,0.0
39.635416666666664,0.33735662602004424,0.332161296325033,1.5,0.0,0.24199407250380978,0.0,0.0,0.0
39.645833333333336,0.33725725397164885,0.3322448196274554,1.5,0.0,0.23985418922524282,0.0,0.0,0.0
39.65625,0.3371451068490994,0.3323418185217508,1.5,0.0,0.26165392015960115,0.0,0.0,0.0
39.666666666666664,0.33705000548928205,0.3324229808214139,1.5,0.0,0.23586602929823333,0.0,0.0,0.0
39.677083333333336,0.3369919386682859,0.3324683959268776,1.5,0.0,0.17782956155910917,0.0,0.0,0.0
39.6875,0.3369456306358572,0.3325026685172579,1.5,0.0,0.159741270307623,0.0,0.0,0.0
39.697916666666664,0.33689703025320966,0.3325395628978686,1.5,0.0,0.1639778306068729,0.0,0.0,0.0
39.708333333333336,0.3368788354308496,0.3325468118584081,1.5,0.0,0.11591634896426714,0.0,0.0,0.0
39.71875,0.3368774785344182,0.33253757366535747,1.5,0.0,0.08919306742532558,0.0,0.0,0.0
39.729166666666664,0.33688284117220657,0.33252171298182315,1.5,0.0,0.07845797060285159,0.0,0.0,0.0
39.739583333333336,0.33690406278299834,0.33249016194998526,1.5,0.0,0.053019711042684985,0.0,0.0,0.0
39.75,0.33694451052797497,0.33243948904879,1.5,0.0,0.022003846376813376,0.0,0.0,0.0
39.760416666666664,0.33699840481967414,0.3323752656115509,1.5,0.0,0.0,0.0,0.0,0.0
39.770833333333336,0.337051885000286,0.33231106476992606,1.5,0.0,0.0,0.0,0.0,0.0
39.78125,0.33710494682722164,0.33224688643273587,1.5,0.0,0.0,0.0,0.0,0.0
39.791666666666664,0.3371575862637607,0.332182730508177,1.5,0.0,0.0,0.0,0.0,0.0
39.802083333333336,0.33720979947835017,0.33211859690386225,1.5,0.0,0.0,0.0,0.0,0.0
39.8125,0.33726158284372426,0.33205448552686045,1.5,0.0,0.0,0.0,0.0,0.0
39.822916666666664,0.3373129329358497,0.33199039628373544,1.5,0.0,0.0,0.0,0.0,0.0
39.833333333333336,0.3373638465327022,0.33192632908058506,1.5,0.0,0.0,0.0,0.0,0.0
39.84375,0.33741432061287935,0.3318622838230801,1.5,0.0,0.0,0.0,0.0,0.0
39.854166666666664,0.33746435235405525,0.3317982604165019,1.5,0.0,0.0,0.0,0.0,0.0
39.864583333333336,0.3375139391312829,0.33173425876578055,1.5,0.0,0.0,0.0,0.0,0.0
39.875,0.33756307851514966,0.3316702787755318,1.5,0.0,0.0,0.0,0.0,0.0
39.885416666666664,0.3376117682697922,0.331606320350094,1.5,0.0,0.0,0.0,0.0,0.0
39.895833333333336,0.33766000635077653,0.33154238339356457,1.5,0.0,0.0,0.0,0.0,0.0
39.90625,0.33770779090284897,0.3314784678098352,1.5,0.0,0.0,0.0,0.0,0.0
39.916666666666664,0.3377551202575647,0.33141457350262754,1.5,0.0,0.0,0.0,0.0,0.0
39.927083333333336,0.33780199293079943,0.33135070037552755,1.5,0.0,0.0,0.0,0.0,0.0
39.9375,0.33784840762015056,0.33128684833201977,1.5,0.0,0.0,0.0,0.0,0.0
39.947916666666664,0.33789436320223387,0.33122301727552067,1.5,0.0,0.0,0.0,0.0,0.0
39.958333333333336,0.3379398587298821,0.33115920710941127,1.5,0.0,0.0,0.0,0.0,0.0
39.96875,0.337984893429251,0.3310954177370695,1.5,0.0,0.0,0.0,0.0,0.0
39.979166666666664,0.3380294666968396,0.33103164906190174,1.5,0.0,0.0,0.0,0.0,0.0
39.989583333333336,0.3380735780964301,0.3309679009873736,1.5,0.0,0.0,0.0,0.0,0.0
40.0,0.33811722735595373,0.33090417341704037,1.5,0.0,0.0,0.0,0.0,0.0
40.010416666666664,0.33816041436428823,0.33084046625457625,1.5,0.0,0.0,0.0,0.0,0.0
40.020833333333336,0.3382031391679932,0.3307767794038034,1.5,0.0,0.0,0.0,0.0,0.0
40.03125,0.3382454019679885,0.3307131127687199,1.5,0.0,0.0,0.0,0.0,0.0
40.041666666666664,0.3382872031161817,0.3306494662535274,1.5,0.0,0.0,0.0,0.0,0.0
40.052083333333336,0.3383285431120501,0.33058583976265793,1.5,0.0,0.0,0.0,0.0,0.0
40.0625,0.3383694225991826,0.3305222332007996,1.5,0.0,0.0,0.0,0.0,0.0
40.072916666666664,0.3384098423617872,0.330458646472922,1.5,0.0,0.0,0.0,0.0,0.0
40.083333333333336,0.33844980332116836,0.3303950794843013,1.5,0.0,0.0,0.0,0.0,0.0
40.09375,0.33848930653218035,0.33033153214054334,1.5,0.0,0.0,0.0,0.0,0.0
40.104166666666664,0.33852835317966096,0.3302680043476074,1.5,0.0,0.0,0.0,0.0,0.0
40.114583333333336,0.3385669445748505,0.3302044960118284,1.5,0.0,0.0,0.0,0.0,0.0
40.125,0.33860508215180046,0.3301410070399387,1.5,0.0,0.0,0.0,0.0,0.0
40.135416666666664,0.3386427674637771,0.330077537339089,1.5,0.0,0.0,0.0,0.0,0.0
40.145833333333336,0.33868000217966315,0.33001408681686883,1.5,0.0,0.0,0.0,0.0,0.0
40.15625,0.338716788080363,0.32995065538132573,1.5,0.0,0.0,0.0,0.0,0.0
40.166666666666664,0.33875312705521443,0.3298872429409847,1.5,0.0,0.0,0.0,0.0,0.0
40.177083333333336,0.3387890210984118,0.329823849404866,1.5,0.0,0.0,0.0,0.0,0.0
40.1875,0.3388244723054432,0.3297604746825025,1.5,0.0,0.0,0.0,0.0,0.0
40.197916666666664,0.3388594828695462,0.329697118683957,1.5,0.0,0.0,0.0,0.0,0.0
40.208333333333336,0.338894055078185,0.3296337813198378,1.5,0.0,0.0,0.0,0.0,0.0
40.21875,0.33892819130955243,0.3295704625013143,1.5,0.0,0.0,0.0,0.0,0.0
40.229166666666664,0.33896189402910004,0.3295071621401319,1.5,0.0,0.0,0.0,0.0,0.0
40.239583333333336,0.33899516578609873,0.32944388014862597,1.5,0.0,0.0,0.0,0.0,0.0
40.25,0.33902800921023324,0.3293806164397352,1.5,0.0,0.0,0.0,0.0,0.0
40.260416666666664,0.33906042700823286,0.3293173709270144,1.5,0.0,0.0,0.0,0.0,0.0
40.270833333333336,0.3390784477305166,0.3292677128717075,1.5,0.0,0.022358768038574544,0.0,0.0,0.0
40.28125,0.33907429254220733,0.32923936684454425,1.5,0.0,0.057462255727974504,0.0,0.0,0.0
40.291666666666664,0.33906595065548983,0.3292151408860429,1.5,0.0,0.06424824389225604,0.0,0.0,0.0
40.302083333333336,0.3390292424752538,0.3292185654444084,1.5,0.0,0.10980930108663764,0.0,0.0,0.0
40.3125,0.3389815133145919,0.3292331594168954,1.5,0.0,0.1282094754176989,0.0,0.0,0.0
40.322916666666664,0.3389187658544517,0.329262945958686,1.5,0.0,0.15322718293117857,0.0,0.0,0.0
40.333333333333336,0.3388422678918424,0.3293068841691625,1.5,0.0,0.17651309042410304,0.0,0.0,0.0
40.34375,0.3387397452069731,0.3293770801012523,1.5,0.0,0.21969733204294634,0.0,0.0,0.0
40.354166666666664,0.3386349453587365,0.32945076304870763,1.5,0.0,0.22537301594992568,0.0,0.0,0.0
40.364583333333336,0.33850970015232745,0.32954562422745587,1.5,0.0,0.26011800277285163,0.0,0.0,0.0
40.375,0.33837306727394767,0.3296530838165436,1.5,0.0,0.2807075913552897,0.0,0.0,0.0
40.385416666666664,0.33825905630894576,0.32974009758579437,1.5,0.0,0.24702324853452742,0.0,0.0,0.0
40.395833333333336,0.33814566572447213,0.3298277993638776,1.5,0.0,0.2480665507381196,0.0,0.0,0.0
40.40625,0.33801510818116076,0.32993351183384484,1.5,0.0,0.27750517623318816,0.0,0.0,0.0
40.416666666666664,0.3378857715173948,0.33003945164801196,1.5,0.0,0.2777558514466454,0.0,0.0,0.0
40.427083333333336,0.33774816716310124,0.3301548386986461,1.5,0.0,0.2930980913018623,0.0,0.0,0.0
40.4375,0.33758209487668656,0.3302994927664683,1.5,0.0,0.34081986098169803,0.0,0.0,0.0
40.447916666666664,0.3373780576552434,0.33048300705074213,1.5,0.0,0.4040820786425978,0.0,0.0,0.0
40.458333333333336,0.33720569439113834,0.33063747418151906,1.5,0.0,0.3563415500124326,0.0,0.0,0.0
40.46875,0.33701882092586427,0.3308077740857249,1.5,0.0,0.3819054102804525,0.0,0.0,0.0
40.479166666666664,0.33686568910561654,0.3309465811818459,1.5,0.0,0.33032506680351853,0.0,0.0,0.0
40.489583333333336,0.33665071397098995,0.331147475976934,1.5,0.0,0.43113847442109304,0.0,0.0,0.0
40.5,0.3364888643031173,0.33129781618225923,1.5,0.0,0.34859096034309284,0.0,0.0,0.0
40.510416666666664,0.33627234177726306,0.33150324516104634,1.5,0.0,0.43778834669686173,0.0,0.0,0.0
40.520833333333336,0.33609338571376357,0.3316731722539468,1.5,0.0,0.37981463240371605,0.0,0.0,0.0
40.53125,0.3358797556710288,0.33187853178456156,1.5,0.0,0.43690920836265484,0.0,0.0,0.0
40.541666666666664,0.3356779590933876,0.33207352746438035,1.5,0.0,0.4197315282159825,0.0,0.0,0.0
40.552083333333336,0.33548216276542253,0.33226373110800483,1.5,0.0,0.4116163099611023,0.0,0.0,0.0
40.5625,0.3353475936611241,0.33239424851803095,1.5,0.0,0.3149327312609302,0.0,0.0,0.0
40.572916666666664,0.33520969852147486,0.33252865721782415,1.5,0.0,0.3210421387891596,0.0,0.0,0.0
40.583333333333336,0.33507989639464497,0.332655593426182,1.5,0.0,0.30882281582934984,0.0,0.0,0.0
40.59375,0.33494398700696204,0.33278907677691993,1.5,0.0,0.3192092347940898,0.0,0.0,0.0
40.604166666666664,0.3348251908818773,0.3329060053506404,1.5,0.0,0.2923970371807869,0.0,0.0,0.0
40.614583333333336,0.33470374150558607,0.33302592672894077,1.5,0.0,0.29707701785774965,0.0,0.0,0.0
40.625,0.33460943435314583,0.3331191502863296,1.5,0.0,0.25403358958233324,0.0,0.0,0.0
40.635416666666664,0.33450024408214446,0.33322741150531887,1.5,0.0,0.2781027692072868,0.0,0.0,0.0
40.645833333333336,0.3344100585866545,0.33331695565463265,1.5,0.0,0.24794578295402842,0.0,0.0,0.0
40.65625,0.3343487540552031,0.3333778542681283,1.5,0.0,0.2019060715210232,0.0,0.0,0.0
40.666666666666664,0.33428580943250696,0.3334404710956666,1.5,0.0,0.20462644998933008,0.0,0.0,0.0
40.677083333333336,0.33423396331516014,0.33349208876234326,1.5,0.0,0.1869514696209461,0.0,0.0,0.0
40.6875,0.3342081983585844,0.3335177278904598,1.5,0.0,0.14527735974294967,0.0,0.0,0.0
40.697916666666664,0.33418449360172464,0.3335413294193473,1.5,0.0,0.14200460723734543,0.0,0.0,0.0
40.708333333333336,0.33416856298742414,0.33355718620596736,1.5,0.0,0.12958523585047588,0.0,0.0,0.0
40.71875,0.3341806542369464,0.33354508084656165,1.5,0.0,0.08476188886768302,0.0,0.0,0.0
40.729166666666664,0.33419302567182335,0.3335326912836973,1.5,0.0,0.08430485733107114,0.0,0.0,0.0
40.739583333333336,0.33422289665632593,0.3335028339122858,1.5,0.0,0.056296014485459976,0.0,0.0,0.0
40.75,0.33427044232443986,0.33345533333763155,1.5,0.0,0.027990819335646237,0.0,0.0,0.0
40.760416666666664,0.33433545192753517,0.333390400553889,1.5,0.0,0.0,0.0,0.0,0.0
40.770833333333336,0.33440041060353676,0.33332549302532605,1.5,0.0,0.0,0.0,0.0,0.0
40.78125,0.334465307476703,0.3332606107252277,1.5,0.0,0.0,0.0,0.0,0.0
40.791666666666664,0.3345301317100415,0.33319575362481296,1.5,0.0,0.0,0.0,0.0,0.0
40.802083333333336,0.33459487251252995,0.33313092169324837,1.5,0.0,0.0,0.0,0.0,0.0
40.8125,0.33465951914627473,0.33306611489766375,1.5,0.0,0.0,0.0,0.0,0.0
40.822916666666664,0.33472406093359647,0.33300133320316944,1.5,0.0,0.0,0.0,0.0,0.0
40.833333333333336,0.33478848726403376,0.33293657657287345,1.5,0.0,0.0,0.0,0.0,0.0
40.84375,0.33485278760125436,0.3328718449679019,1.5,0.0,0.0,0.0,0.0,0.0
40.854166666666664,0.3349169514898653,0.33280713834741876,1.5,0.0,0.0,0.0,0.0,0.0
40.864583333333336,0.3349809685621117,0.33274245666864805,1.5,0.0,0.0,0.0,0.0,0.0
40.875,0.3350448285444563,0.33267779988689694,1.5,0.0,0.0,0.0,0.0,0.0
40.885416666666664,0.3351085212640303,0.33261316795557977,1.5,0.0,0.0,0.0,0.0,0.0
40.895833333333336,0.3351720366549474,0.3325485608262434,1.5,0.0,0.0,0.0,0.0,0.0
40.90625,0.335235364764473,0.33248397844859356,1.5,0.0,0.0,0.0,0.0,0.0
40.916666666666664,0.33529849575904075,0.33241942077052256,1.5,0.0,0.0,0.0,0.0,0.0
40.927083333333336,0.33536141993010893,0.3323548877381374,1.5,0.0,0.0,0.0,0.0,0.0
40.9375,0.33542412769984997,0.33229037929578953,1.5,0.0,0.0,0.0,0.0,0.0
40.947916666666664,0.3354866096266662,0.3322258953861054,1.5,0.0,0.0,0.0,0.0,0.0
40.958333333333336,0.3355488564105258,0.3321614359500174,1.5,0.0,0.0,0.0,0.0,0.0
40.96875,0.3356108588981125,0.33209700092679645,1.5,0.0,0.0,0.0,0.0,0.0
40.979166666666664,0.3356726080877847,0.33203259025408477,1.5,0.0,0.0,0.0,0.0,0.0
40.989583333333336,0.33573409513433794,0.33196820386792986,1.5,0.0,0.0,0.0,0.0,0.0
41.0,0.33579531135356644,0.33190384170281934,1.5,0.0,0.0,0.0,0.0,0.0
41.010416666666664,0.33585624822661997,0.331839503691716,1.5,0.0,0.0,0.0,0.0,0.0
41.020833333333336,0.3359168974041518,0.3317751897660936,1.5,0.0,0.0,0.0,0.0,0.0
41.03125,0.33597725071025464,0.33171089985597396,1.5,0.0,0.0,0.0,0.0,0.0
41.041666666666664,0.33603730014618177,0.3316466338899637,1.5,0.0,0.0,0.0,0.0,0.0
41.052083333333336,0.3360970378938508,0.33158239179529214,1.5,0.0,0.0,0.0,0.0,0.0
41.0625,0.3361564563191284,0.33151817349784946,1.5,0.0,0.0,0.0,0.0,0.0
41.072916666666664,0.3362155479748938,0.3314539789222254,1.5,0.0,0.0,0.0,0.0,0.0
41.083333333333336,0.3362743056038809,0.3313898079917485,1.5,0.0,0.0,0.0,0.0,0.0
41.09375,0.33633272214129767,0.331325660628525,1.5,0.0,0.0,0.0,0.0,0.0
41.104166666666664,0.3363907907172224,0.33126153675347925,1.5,0.0,0.0,0.0,0.0,0.0
41.114583333333336,0.33644850465877757,0.33119743628639314,1.5,0.0,0.0,0.0,0.0,0.0
41.125,0.3365058574920816,0.3311333591459467,1.5,0.0,0.0,0.0,0.0,0.0
41.135416666666664,0.33656284294397926,0.3310693052497586,1.5,0.0,0.0,0.0,0.0,0.0
41.145833333333336,0.3366194549435523,0.3310052745144263,1.5,0.0,0.0,0.0,0.0,0.0
41.15625,0.3366756876234119,0.33094126685556724,1.5,0.0,0.0,0.0,0.0,0.0
41.166666666666664,0.33673153532077515,0.33087728218785945,1.5,0.0,0.0,0.0,0.0,0.0
41.177083333333336,0.3367869925783278,0.33081332042508216,1.5,0.0,0.0,0.0,0.0,0.0
41.1875,0.3368420541448758,0.3307493814801568,1.5,0.0,0.0,0.0,0.0,0.0
41.197916666666664,0.3368967149757896,0.3306854652651877,1.5,0.0,0.0,0.0,0.0,0.0
41.208333333333336,0.33695097023324355,0.3306215716915026,1.5,0.0,0.0,0.0,0.0,0.0
41.21875,0.33700481528625437,0.3305577006696933,1.5,0.0,0.0,0.0,0.0,0.0
41.229166666666664,0.33705824571052323,0.3304938521096558,1.5,0.0,0.0,0.0,0.0,0.0
41.239583333333336,0.33711125728808455,0.33043002592063103,1.5,0.0,0.0,0.0,0.0,0.0
41.25,0.3371638460067672,0.330366222011244,1.5,0.0,0.0,0.0,0.0,0.0
41.260416666666664,0.33721600805947155,0.3303024402895439,1.5,0.0,0.0,0.0,0.0,0.0
41.270833333333336,0.33725053793823506,0.33025552491912036,1.5,0.0,0.027523048053026782,0.0,0.0,0.0
41.28125,0.33727448623218714,0.3302186982277027,1.5,0.0,0.04399166887108205,0.0,0.0,0.0
41.291666666666664,0.3372811458794138,0.33019860519696853,1.5,0.0,0.07133024417896144,0.0,0.0,0.0
41.302083333333336,0.3372771805707058,0.33018885985597485,1.5,0.0,0.08823985858288573,0.0,0.0,0.0
41.3125,0.3372476719928643,0.33020415550176196,1.5,0.0,0.12916288700224357,0.0,0.0,0.0
41.322916666666664,0.3371973591359246,0.3302400707299729,1.5,0.0,0.16284803649785973,0.0,0.0,0.0
41.333333333333336,0.33712948287810596,0.33029361226782933,1.5,0.0,0.19162028635672906,0.0,0.0,0.0
41.34375,0.33704507682806967,0.33036391869136056,1.5,0.0,0.21895633520626162,0.0,0.0,0.0
41.354166666666664,0.3369493974570809,0.3304459737052642,1.5,0.0,0.23807178610055554,0.0,0.0,0.0
41.364583333333336,0.33684181299646243,0.33054048182937096,1.5,0.0,0.2583064191232856,0.0,0.0,0.0
41.375,0.3367621748809753,0.3306083999725296,1.5,0.0,0.214881149697173,0.0,0.0,0.0
41.385416666666664,0.33662933871757184,0.33072917212932107,1.5,0.0,0.3009212622769147,0.0,0.0,0.0
41.395833333333336,0.3365043361825192,0.3308432441868065,1.5,0.0,0.2898690248055921,0.0,0.0,0.0
41.40625,0.3363866956269505,0.33095097086558384,1.5,0.0,0.27941737958400814,0.0,0.0,0.0
41.416666666666664,0.336264250514788,0.33106423267671237,1.5,0.0,0.288294958208908,0.0,0.0,0.0
41.427083333333336,0.33610611447942645,0.3312134673444713,1.5,0.0,0.34657852213319046,0.0,0.0,0.0
41.4375,0.3359483266802594,0.33136337704382496,1.5,0.0,0.3474510381858472,0.0,0.0,0.0
41.447916666666664,0.3358150535863773,0.33149004055909415,1.5,0.0,0.309550933555869,0.0,0.0,0.0
41.458333333333336,0.335682614699652,0.33161661907423295,1.5,0.0,0.30925376662273607,0.0,0.0,0.0
41.46875,0.33548804688712897,0.33180532334659935,1.5,0.0,0.4096183196131507,0.0,0.0,0.0
41.479166666666664,0.33534757313545255,0.33194148061534945,1.5,0.0,0.32434401248903466,0.0,0.0,0.0
41.489583333333336,0.3351448901386778,0.3321399008546172,1.5,0.0,0.42470282462983433,0.0,0.0,0.0
41.5,0.3349507131856777,0.3323307678144366,1.5,0.0,0.41213821311722515,0.0,0.0,0.0
41.510416666666664,0.33480330899975247,0.3324759234218091,1.5,0.0,0.3381435710035197,0.0,0.0,0.0
41.520833333333336,0.3346144624411337,0.3326627340504426,1.5,0.0,0.40498622645984966,0.0,0.0,0.0
41.53125,0.33446864568371665,0.3328072779652159,1.5,0.0,0.33669241706810293,0.0,0.0,0.0
41.541666666666664,0.3342644004406228,0.3330103501377431,1.5,0.0,0.43050471269016266,0.0,0.0,0.0
41.552083333333336,0.33412608067942573,0.33314811793095933,1.5,0.0,0.32533366773866895,0.0,0.0,0.0
41.5625,0.33393110609335114,0.3333426148438657,1.5,0.0,0.4160931198582739,0.0,0.0,0.0
41.572916666666664,0.33378708598218065,0.33348644317774623,1.5,0.0,0.33459884453944283,0.0,0.0,0.0
41.583333333333336,0.3336276223800991,0.33364583930057057,1.5,0.0,0.35930842999717083,0.0,0.0,0.0
41.59375,0.33347974221451543,0.3337937931211967,1.5,0.0,0.3407749316005064,0.0,0.0,0.0
41.604166666666664,0.3333461664122267,0.33392754829287025,1.5,0.0,0.3178879503286463,0.0,0.0,0.0
41.614583333333336,0.333209506992662,0.33406450220315403,1.5,0.0,0.32282173797021185,0.0,0.0,0.0
41.625,0.3331178914634077,0.33415637807340515,1.5,0.0,0.25075151347350244,0.0,0.0,0.0
41.635416666666664,0.333037006756267,0.33423753464228895,1.5,0.0,0.23358219809174383,0.0,0.0,0.0
41.645833333333336,0.3329442528218606,0.33433064886817404,1.5,0.0,0.2525729617169453,0.0,0.0,0.0
41.65625,0.3328481060358528,0.33442722390276086,1.5,0.0,0.25800152427908296,0.0,0.0,0.0
41.666666666666664,0.3327964922449256,0.33447909060573733,1.5,0.0,0.1867487321502385,0.0,0.0,0.0
41.677083333333336,0.3327249611840666,0.33455099877908584,1.5,0.0,0.21861636404105406,0.0,0.0,0.0
41.6875,0.33268836200548263,0.33458780286707956,1.5,0.0,0.16272535240099834,0.0,0.0,0.0
41.697916666666664,0.33266427608942495,0.3346120280523881,1.5,0.0,0.14270413235891288,0.0,0.0,0.0
41.708333333333336,0.332647094849694,0.334629310781021,1.5,0.0,0.13165665023619236,0.0,0.0,0.0
41.71875,0.3326590979053164,0.3346172366358812,1.5,0.0,0.08496177767084695,0.0,0.0,0.0
41.729166666666664,0.3326805524259966,0.3345956572187166,1.5,0.0,0.06983943357833322,0.0,0.0,0.0
41.739583333333336,0.33271393423422735,0.3345620866137167,1.5,0.0,0.050755773497472276,0.0,0.0,0.0
41.75,0.3327625295338613,0.33451322851401444,1.5,0.0,0.026414187252316305,0.0,0.0,0.0
41.760416666666664,0.332827633700528,0.334447794629396,1.5,0.0,0.0,0.0,0.0,0.0
41.770833333333336,0.33289273786719464,0.33438238633871853,1.5,0.0,0.0,0.0,0.0,0.0
41.78125,0.3329578420338613,0.33431700362696853,1.5,0.0,0.0,0.0,0.0,0.0
41.791666666666664,0.33302294620052797,0.33425164647914446,1.5,0.0,0.0,0.0,0.0,0.0
41.802083333333336,0.33308805036719463,0.33418631488025646,1.5,0.0,0.0,0.0,0.0,0.0
41.8125,0.3331531545338613,0.3341210088153263,1.5,0.0,0.0,0.0,0.0,0.0
41.822916666666664,0.33321825870052796,0.33405572826938745,1.5,0.0,0.0,0.0,0.0,0.0
41.833333333333336,0.3332833628671946,0.33399047322748526,1.5,0.0,0.0,0.0,0.0,0.0
41.84375,0.3333484670338613,0.33392524367467663,1.5,0.0,0.0,0.0,0.0,0.0
41.854166666666664,0.33341357120052795,0.33386003959603006,1.5,0.0,0.0,0.0,0.0,0.0
41.864583333333336,0.3334786753671946,0.33379486097662575,1.5,0.0,0.0,0.0,0.0,0.0
41.875,0.3335437795338613,0.3337297078015557,1.5,0.0,0.0,0.0,0.0,0.0
41.885416666666664,0.33360888370052794,0.33366458005592337,1.5,0.0,0.0,0.0,0.0,0.0
41.895833333333336,0.3336739878671946,0.3335994777248439,1.5,0.0,0.0,0.0,0.0,0.0
41.90625,0.33373909203386126,0.3335344007934441,1.5,0.0,0.0,0.0,0.0,0.0
41.916666666666664,0.3338041962005279,0.3334693492468624,1.5,0.0,0.0,0.0,0.0,0.0
41.927083333333336,0.3338693003671946,0.3334043230702487,1.5,0.0,0.0,0.0,0.0,0.0
41.9375,0.33393440453386125,0.33333932224876445,1.5,0.0,0.0,0.0,0.0,0.0
41.947916666666664,0.3339995087005279,0.3332743467675829,1.5,0.0,0.0,0.0,0.0,0.0
41.958333333333336,0.3340646128671946,0.33320939661188864,1.5,0.0,0.0,0.0,0.0,0.0
41.96875,0.33412971163611366,0.333144471765829,1.5,0.0,0.0,0.0,0.0,0.0
41.979166666666664,0.3341947940491161,0.333079572211437,1.5,0.0,0.0,0.0,0.0,0.0
41.989583333333336,0.3342598491559667,0.33301469792863797,1.5,0.0,0.0,0.0,0.0,0.0
42.0,0.3343248660220458,0.33294984889525797,1.5,0.0,0.0,0.0,0.0,0.0
42.010416666666664,0.33438983373570036,0.332885025087034,1.5,0.0,0.0,0.0,0.0,0.0
42.020833333333336,0.33445474141556464,0.33282022647762455,1.5,0.0,0.0,0.0,0.0,0.0
42.03125,0.3345195782178408,0.33275545303862264,1.5,0.0,0.0,0.0,0.0,0.0
42.041666666666664,0.3345843333435289,0.3326907047395693,1.5,0.0,0.0,0.0,0.0,0.0
42.052083333333336,0.3346489960455962,0.3326259815479693,1.5,0.0,0.0,0.0,0.0,0.0
42.0625,0.33471355563607574,0.3325612834293072,1.5,0.0,0.0,0.0,0.0,0.0
42.072916666666664,0.33477800149308345,0.3324966103470655,1.5,0.0,0.0,0.0,0.0,0.0
42.083333333333336,0.33484232306774553,0.33243196226274396,1.5,0.0,0.0,0.0,0.0,0.0
42.09375,0.3349065098910254,0.3323673391358793,1.5,0.0,0.0,0.0,0.0,0.0
42.104166666666664,0.3349705515804415,0.33230274092406764,1.5,0.0,0.0,0.0,0.0,0.0
42.114583333333336,0.33503443784666653,0.33223816758298685,1.5,0.0,0.0,0.0,0.0,0.0
42.125,0.33509815850000024,0.33217361906642034,1.5,0.0,0.0,0.0,0.0,0.0
42.135416666666664,0.33516170345670593,0.3321090953262826,1.5,0.0,0.0,0.0,0.0,0.0
42.145833333333336,0.33522506274520397,0.3320445963126451,1.5,0.0,0.0,0.0,0.0,0.0
42.15625,0.33528822651211365,0.3319801219737637,1.5,0.0,0.0,0.0,0.0,0.0
42.166666666666664,0.33535118502813627,0.33191567225610674,1.5,0.0,0.0,0.0,0.0,0.0
42.177083333333336,0.3354139286937721,0.3318512471043846,1.5,0.0,0.0,0.0,0.0,0.0
42.1875,0.3354764480448652,0.3317868464615795,1.5,0.0,0.0,0.0,0.0,0.0
42.197916666666664,0.33553873375796855,0.33172247026897755,1.5,0.0,0.0,0.0,0.0,0.0
42.208333333333336,0.33560077665552507,0.3316581184661996,1.5,0.0,0.0,0.0,0.0,0.0
42.21875,0.3356625677108576,0.331593790991235,1.5,0.0,0.0,0.0,0.0,0.0
42.229166666666664,0.33572409805296405,0.331529487780475,1.5,0.0,0.0,0.0,0.0,0.0
42.239583333333336,0.3357853589711119,0.3314652087687471,1.5,0.0,0.0,0.0,0.0,0.0
42.25,0.33584634191922863,0.33140095388935015,1.5,0.0,0.0,0.0,0.0,0.0
42.260416666666664,0.3359070385200839,0.33133672307409084,1.5,0.0,0.0,0.0,0.0,0.0
42.270833333333336,0.3359536863478258,0.3312860788237831,1.5,0.0,0.022006754295454296,0.0,0.0,0.0
42.28125,0.33598665977144215,0.3312487007862125,1.5,0.0,0.043513242113473106,0.0,0.0,0.0
42.291666666666664,0.33600024517315336,0.3312302767130143,1.5,0.0,0.07426529964175457,0.0,0.0,0.0
42.302083333333336,0.3359954846484002,0.3312298701049068,1.5,0.0,0.10350673429813803,0.0,0.0,0.0
42.3125,0.3359855875247472,0.33123455162376564,1.5,0.0,0.11176464260433515,0.0,0.0,0.0
42.322916666666664,0.33594671917909413,0.33126784883499605,1.5,0.0,0.15820010643122495,0.0,0.0,0.0
42.333333333333336,0.3358939999979552,0.3313150095852026,1.5,0.0,0.18067762580988622,0.0,0.0,0.0
42.34375,0.3358384896305048,0.3313651967024099,1.5,0.0,0.18556239051468965,0.0,0.0,0.0
42.354166666666664,0.3357722052560097,0.3314262982973384,1.5,0.0,0.20322941666209984,0.0,0.0,0.0
42.364583333333336,0.33568655064054254,0.33150685667570345,1.5,0.0,0.23471690627055,0.0,0.0,0.0
42.375,0.33560459350986793,0.33158418033836856,1.5,0.0,0.22941379615361612,0.0,0.0,0.0
42.385416666666664,0.335494001191951,0.331690193687566,1.5,0.0,0.27578808800575955,0.0,0.0,0.0
42.395833333333336,0.33539641839292084,0.33178384419107837,1.5,0.0,0.25568175662226766,0.0,0.0,0.0
42.40625,0.3352807047052731,0.33189585613003364,1.5,0.0,0.28527466205990437,0.0,0.0,0.0
42.416666666666664,0.3351443913190248,0.33202874812664535,1.5,0.0,0.3188750168578095,0.0,0.0,0.0
42.427083333333336,0.335012410579971,0.3321578752490828,1.5,0.0,0.3126266331152196,0.0,0.0,0.0
42.4375,0.33484354132519134,0.33232407547044546,1.5,0.0,0.3722371227333258,0.0,0.0,0.0
42.447916666666664,0.33470929641824526,0.33245645027240806,1.5,0.0,0.3174865196598176,0.0,0.0,0.0
42.458333333333336,0.33451555381431086,0.33264835382754404,1.5,0.0,0.4131140742331391,0.0,0.0,0.0
42.46875,0.3343384320741884,0.3328242383008713,1.5,0.0,0.38701160300531806,0.0,0.0,0.0
42.479166666666664,0.33415127861684857,0.3330105010023828,1.5,0.0,0.40337525886015546,0.0,0.0,0.0
42.489583333333336,0.33395694782098956,0.333204251552202,1.5,0.0,0.4150485977121486,0.0,0.0,0.0
42.5,0.33374894511498243,0.33341191478826726,1.5,0.0,0.4369709962780291,0.0,0.0,0.0
42.510416666666664,0.33358948756274415,0.3335712874597733,1.5,0.0,0.3592987502478925,0.0,0.0,0.0
42.520833333333336,0.3334191091009113,0.33374174368533954,1.5,0.0,0.3767722055991594,0.0,0.0,0.0
42.53125,0.33326517787823434,0.3338958950280958,1.5,0.0,0.3504566229498765,0.0,0.0,0.0
42.541666666666664,0.3330638888405551,0.33409768689340197,1.5,0.0,0.42622912695348597,0.0,0.0,0.0
42.552083333333336,0.3328719229091117,0.33429035971812404,1.5,0.0,0.41131215697605206,0.0,0.0,0.0
42.5625,0.33267812547236153,0.3344850963415545,1.5,0.0,0.4142425654669253,0.0,0.0,0.0
42.572916666666664,0.3325018789870813,0.33466239405424236,1.5,0.0,0.3861610431150279,0.0,0.0,0.0
42.583333333333336,0.33236298792267466,0.33480224601675346,1.5,0.0,0.3263923697172728,0.0,0.0,0.0
42.59375,0.3322262750682888,0.334940018896693,1.5,0.0,0.32290723368405955,0.0,0.0,0.0
42.604166666666664,0.3321197370246994,0.33504746163602767,1.5,0.0,0.27462753640969106,0.0,0.0,0.0
42.614583333333336,0.3320180013896833,0.3351501255461994,1.5,0.0,0.2669436826923699,0.0,0.0,0.0
42.625,0.3318805129070869,0.3352889685345981,1.5,0.0,0.32414823882082044,0.0,0.0,0.0
42.635416666666664,0.3317848348829953,0.33538565705871465,1.5,0.0,0.25725150521322104,0.0,0.0,0.0
42.645833333333336,0.33168039772246355,0.33549126090490755,1.5,0.0,0.2712661235174725,0.0,0.0,0.0
42.65625,0.3316156226228526,0.3355567930401907,1.5,0.0,0.20780682604421638,0.0,0.0,0.0
42.666666666666664,0.3315590783272935,0.3356140191085531,1.5,0.0,0.19463753956128846,0.0,0.0,0.0
42.677083333333336,0.33150338139459073,0.33567040668251313,1.5,0.0,0.19328175899106415,0.0,0.0,0.0
42.6875,0.3314568610825778,0.3357175183699929,1.5,0.0,0.17859916588733898,0.0,0.0,0.0
42.697916666666664,0.331428676342246,0.33574606783404215,1.5,0.0,0.14926225119762132,0.0,0.0,0.0
42.708333333333336,0.33140710064061835,0.3357679260168277,1.5,0.0,0.13868778927092398,0.0,0.0,0.0
42.71875,0.33140483601288856,0.3357702204593747,1.5,0.0,0.10779007103429744,0.0,0.0,0.0
42.729166666666664,0.3314179522381368,0.3357569319883868,1.5,0.0,0.08318070626951274,0.0,0.0,0.0
42.739583333333336,0.33144844666247325,0.3357260411682274,1.5,0.0,0.055375587728369875,0.0,0.0,0.0
42.75,0.33149660611281845,0.3356772672703621,1.5,0.0,0.02711154611430646,0.0,0.0,0.0
42.760416666666664,0.3315617102794851,0.33561135498894656,1.5,0.0,0.0,0.0,0.0,0.0
42.770833333333336,0.3316268144461518,0.33554546858700735,1.5,0.0,0.0,0.0,0.0,0.0
42.78125,0.33169191861281844,0.33547960804930566,1.5,0.0,0.0,0.0,0.0,0.0
42.791666666666664,0.3317570227794851,0.33541377336061473,1.5,0.0,0.0,0.0,0.0,0.0
42.802083333333336,0.33182212694615176,0.33534796450571974,1.5,0.0,0.0,0.0,0.0,0.0
42.8125,0.3318872311128184,0.3352821814694176,1.5,0.0,0.0,0.0,0.0,0.0
42.822916666666664,0.3319523352794851,0.3352164242365174,1.5,0.0,0.0,0.0,0.0,0.0
42.833333333333336,0.33201743944615175,0.33515069279183995,1.5,0.0,0.0,0.0,0.0,0.0
42.84375,0.3320825436128184,0.3350849871202181,1.5,0.0,0.0,0.0,0.0,0.0
42.854166666666664,0.3321476477794851,0.33501930720649653,1.5,0.0,0.0,0.0,0.0,0.0
42.864583333333336,0.33221275194615174,0.3349536530355319,1.5,0.0,0.0,0.0,0.0,0.0
42.875,0.3322778561128184,0.33488802459219247,1.5,0.0,0.0,0.0,0.0,0.0
42.885416666666664,0.33234296027948507,0.33482242186135863,1.5,0.0,0.0,0.0,0.0,0.0
42.895833333333336,0.33240806444615173,0.33475684482792256,1.5,0.0,0.0,0.0,0.0,0.0
42.90625,0.3324731686128184,0.3346912934767883,1.5,0.0,0.0,0.0,0.0,0.0
42.916666666666664,0.33253827277948506,0.3346257677928715,1.5,0.0,0.0,0.0,0.0,0.0
42.927083333333336,0.3326033769461517,0.33456026776109976,1.5,0.0,0.0,0.0,0.0,0.0
42.9375,0.3326684811128184,0.33449479336641263,1.5,0.0,0.0,0.0,0.0,0.0
42.947916666666664,0.33273358527948504,0.33442934459376117,1.5,0.0,0.0,0.0,0.0,0.0
42.958333333333336,0.3327986894461517,0.3343639214281084,1.5,0.0,0.0,0.0,0.0,0.0
42.96875,0.33286379361281837,0.3342985238544291,1.5,0.0,0.0,0.0,0.0,0.0
42.979166666666664,0.33292889777948503,0.3342331518577097,1.5,0.0,0.0,0.0,0.0,0.0
42.989583333333336,0.3329940019461517,0.33416780542294844,1.5,0.0,0.0,0.0,0.0,0.0
43.0,0.33305910611281836,0.33410248453515523,1.5,0.0,0.0,0.0,0.0,0.0
43.010416666666664,0.333124210279485,0.3340371891793518,1.5,0.0,0.0,0.0,0.0,0.0
43.020833333333336,0.3331893144461517,0.33397191934057163,1.5,0.0,0.0,0.0,0.0,0.0
43.03125,0.33325441861281835,0.3339066750038597,1.5,0.0,0.0,0.0,0.0,0.0
43.041666666666664,0.333319522779485,0.3338414561542727,1.5,0.0,0.0,0.0,0.0,0.0
43.052083333333336,0.3333846269461517,0.3337762627768791,1.5,0.0,0.0,0.0,0.0,0.0
43.0625,0.33344973111281834,0.3337110948567591,1.5,0.0,0.0,0.0,0.0,0.0
43.072916666666664,0.333514835279485,0.3336459523790043,1.5,0.0,0.0,0.0,0.0,0.0
43.083333333333336,0.33357993944615166,0.33358083532871824,1.5,0.0,0.0,0.0,0.0,0.0
43.09375,0.3336450436128183,0.3335157436910159,1.5,0.0,0.0,0.0,0.0,0.0
43.104166666666664,0.333710147779485,0.3334506774510238,1.5,0.0,0.0,0.0,0.0,0.0
43.114583333333336,0.33377525194615165,0.3333856365938802,1.5,0.0,0.0,0.0,0.0,0.0
43.125,0.3338403561128183,0.33332062110473504,1.5,0.0,0.0,0.0,0.0,0.0
43.135416666666664,0.333905460279485,0.3332556309687496,1.5,0.0,0.0,0.0,0.0,0.0
43.145833333333336,0.33397056444615164,0.3331906661710969,1.5,0.0,0.0,0.0,0.0,0.0
43.15625,0.3340356686128183,0.3331257266969615,1.5,0.0,0.0,0.0,0.0,0.0
43.166666666666664,0.3341007711345566,0.3330608125312199,1.5,0.0,0.0,0.0,0.0,0.0
43.177083333333336,0.33416586217176397,0.33299592365685005,1.5,0.0,0.0,0.0,0.0,0.0
43.1875,0.3342309307696284,0.33293106005471973,1.5,0.0,0.0,0.0,0.0,0.0
43.197916666666664,0.3342959659856789,0.3328662217035945,1.5,0.0,0.0,0.0,0.0,0.0
43.208333333333336,0.334360956897146,0.33280140858014673,1.5,0.0,0.0,0.0,0.0,0.0
43.21875,0.33442589260829714,0.33273662065896603,1.5,0.0,0.0,0.0,0.0,0.0
43.229166666666664,0.3344907622577365,0.33267185791257126,1.5,0.0,0.0,0.0,0.0,0.0
43.239583333333336,0.3345555550256587,0.3326071203114239,1.5,0.0,0.0,0.0,0.0,0.0
43.25,0.33462026014104645,0.3325424078239429,1.5,0.0,0.0,0.0,0.0,0.0
43.260416666666664,0.3346848668888016,0.33247772041652,1.5,0.0,0.0,0.0,0.0,0.0
43.270833333333336,0.3347326193768359,0.3324296872557786,1.5,0.0,0.026792383942262625,0.0,0.0,0.0
43.28125,0.3347686377817133,0.3323932313965507,1.5,0.0,0.04542689076451065,0.0,0.0,0.0
43.291666666666664,0.33478793234398174,0.33237331644255963,1.5,0.0,0.0720731791242209,0.0,0.0,0.0
43.302083333333336,0.33478348142539915,0.3323769383985564,1.5,0.0,0.11000381894421564,0.0,0.0,0.0
43.3125,0.3347645691443868,0.3323949277973054,1.5,0.0,0.13315646770577225,0.0,0.0,0.0
43.322916666666664,0.334728819529981,0.3324296776157979,1.5,0.0,0.16015676639507773,0.0,0.0,0.0
43.333333333333336,0.334700179574845,0.332457441170138,1.5,0.0,0.14889175470296015,0.0,0.0,0.0
43.34375,0.33465538007243406,0.33250131674274686,1.5,0.0,0.17483169434967485,0.0,0.0,0.0
43.354166666666664,0.33460415438573177,0.3325516686463448,1.5,0.0,0.18523921718832828,0.0,0.0,0.0
43.364583333333336,0.33453973603539744,0.3326152350604007,1.5,0.0,0.20648095167652897,0.0,0.0,0.0
43.375,0.3344593372243048,0.33269481600532186,1.5,0.0,0.23220212524301542,0.0,0.0,0.0
43.385416666666664,0.33435350768250605,0.33279984909559907,1.5,0.0,0.2730574601144427,0.0,0.0,0.0
43.395833333333336,0.33422028019250005,0.3329323494832005,1.5,0.0,0.31707213181087157,0.0,0.0,0.0
43.40625,0.3340815851596819,0.33307050488574236,1.5,0.0,0.32597833958446504,0.0,0.0,0.0
43.416666666666664,0.33396911120074535,0.3331826676297143,1.5,0.0,0.28411123150655776,0.0,0.0,0.0
43.427083333333336,0.3338054323994077,0.3333460410633703,1.5,0.0,0.366052748806897,0.0,0.0,0.0
43.4375,0.3336555178370905,0.3334958165748623,1.5,0.0,0.34402996637413485,0.0,0.0,0.0
43.447916666666664,0.3334791792888997,0.3336721639205884,1.5,0.0,0.38630834377201195,0.0,0.0,0.0
43.458333333333336,0.333297285799756,0.33385426199552476,1.5,0.0,0.395196249296615,0.0,0.0,0.0
43.46875,0.3331588899242,0.3339929467321304,1.5,0.0,0.32560006755620363,0.0,0.0,0.0
43.479166666666664,0.33300876982118355,0.33414351050135827,1.5,0.0,0.34435883149295926,0.0,0.0,0.0
43.489583333333336,0.3328171672832358,0.33433587661388015,1.5,0.0,0.41073072738307925,0.0,0.0,0.0
43.5,0.33265508519422493,0.334498777647788,1.5,0.0,0.36349800908404384,0.0,0.0,0.0
43.510416666666664,0.33244531984883596,0.3347098386777866,1.5,0.0,0.4397912192889718,0.0,0.0,0.0
43.520833333333336,0.3322995693533969,0.33485664634567053,1.5,0.0,0.33736745936922025,0.0,0.0,0.0
43.53125,0.3321376131952943,0.33501992835229283,1.5,0.0,0.3632965196307907,0.0,0.0,0.0
43.541666666666664,0.3319615676650077,0.3351975957893947,1.5,0.0,0.3858395151252669,0.0,0.0,0.0
43.552083333333336,0.33176640996980605,0.33539477183936717,1.5,0.0,0.4164189789892397,0.0,0.0,0.0
43.5625,0.3316288188872715,0.33553392539631266,1.5,0.0,0.32431239872192597,0.0,0.0,0.0
43.572916666666664,0.3314781400063023,0.3356864479017332,1.5,0.0,0.34525287621739664,0.0,0.0,0.0
43.583333333333336,0.3313079413202424,0.335858895903231,1.5,0.0,0.3764845643625661,0.0,0.0,0.0
43.59375,0.33115906940696893,0.33600988061433235,1.5,0.0,0.34236172790420366,0.0,0.0,0.0
43.604166666666664,0.3310167026670612,0.33615439486661763,1.5,0.0,0.33195345051905795,0.0,0.0,0.0
43.614583333333336,0.3308829602592794,0.33629026798054484,1.5,0.0,0.31815451911753473,0.0,0.0,0.0
43.625,0.3307522448105089,0.33642317209226574,1.5,0.0,0.3133113846994319,0.0,0.0,0.0
43.635416666666664,0.3306553865194667,0.3365217199304209,1.5,0.0,0.2591399323341973,0.0,0.0,0.0
43.645833333333336,0.3305782503349815,0.33660024294712126,1.5,0.0,0.227584561842974,0.0,0.0,0.0
43.65625,0.3304857439247855,0.33669446086943267,1.5,0.0,0.2521769229802132,0.0,0.0,0.0
43.666666666666664,0.3304371008281794,0.3367440251016141,1.5,0.0,0.1819956212364608,0.0,0.0,0.0
43.677083333333336,0.330370611456295,0.3368117971671018,1.5,0.0,0.2105496616817299,0.0,0.0,0.0
43.6875,0.33033740336812,0.3368456561117586,1.5,0.0,0.15729960774663393,0.0,0.0,0.0
43.697916666666664,0.33032315074490376,0.33686019016487523,1.5,0.0,0.12697086381270145,0.0,0.0,0.0
43.708333333333336,0.3303209723608171,0.33686241167346564,1.5,0.0,0.10765208120532842,0.0,0.0,0.0
43.71875,0.33032477974231755,0.3368585289380699,1.5,0.0,0.09807485626596056,0.0,0.0,0.0
43.729166666666664,0.3303400898275511,0.3368429167464271,1.5,0.0,0.07967053029299792,0.0,0.0,0.0
43.739583333333336,0.3303695849859427,0.33681284365364234,1.5,0.0,0.056974413240026306,0.0,0.0,0.0
43.75,0.3304181166528669,0.3367633727320428,1.5,0.0,0.026515999587957365,0.0,0.0,0.0
43.760416666666664,0.3304832208195336,0.3366970313949813,1.5,0.0,0.0,0.0,0.0,0.0
43.770833333333336,0.33054832498620024,0.33663071619084584,1.5,0.0,0.0,0.0,0.0,0.0
43.78125,0.3306134291528669,0.33656442710419815,1.5,0.0,0.0,0.0,0.0,0.0
43.791666666666664,0.33067853331953356,0.33649816411961214,1.5,0.0,0.0,0.0,0.0,0.0
43.802083333333336,0.3307436374862002,0.336431927221674,1.5,0.0,0.0,0.0,0.0,0.0
43.8125,0.3308087416528669,0.33636571639498186,1.5,0.0,0.0,0.0,0.0,0.0
43.822916666666664,0.33087384581953355,0.336299531624146,1.5,0.0,0.0,0.0,0.0,0.0
43.833333333333336,0.3309389499862002,0.33623337289378896,1.5,0.0,0.0,0.0,0.0,0.0
43.84375,0.3310040541528669,0.33616724018854527,1.5,0.0,0.0,0.0,0.0,0.0
43.854166666666664,0.33106915831953354,0.3361011334930615,1.5,0.0,0.0,0.0,0.0,0.0
43.864583333333336,0.3311342624862002,0.33603505279199625,1.5,0.0,0.0,0.0,0.0,0.0
43.875,0.33119936665286687,0.3359689980700205,1.5,0.0,0.0,0.0,0.0,0.0
43.885416666666664,0.33126447081953353,0.3359029693118169,1.5,0.0,0.0,0.0,0.0,0.0
43.895833333333336,0.3313295749862002,0.3358369665020804,1.5,0.0,0.0,0.0,0.0,0.0
43.90625,0.33139467915286686,0.3357709896255177,1.5,0.0,0.0,0.0,0.0,0.0
43.916666666666664,0.3314597833195335,0.3357050386668479,1.5,0.0,0.0,0.0,0.0,0.0
43.927083333333336,0.3315248874862002,0.33563911361080184,1.5,0.0,0.0,0.0,0.0,0.0
43.9375,0.33158999165286684,0.3355732144421223,1.5,0.0,0.0,0.0,0.0,0.0
43.947916666666664,0.3316550958195335,0.3355073411455643,1.5,0.0,0.0,0.0,0.0,0.0
43.958333333333336,0.33172019998620017,0.33544149370589454,1.5,0.0,0.0,0.0,0.0,0.0
43.96875,0.33178530415286683,0.3353756721078919,1.5,0.0,0.0,0.0,0.0,0.0
43.979166666666664,0.3318504083195335,0.335309876336347,1.5,0.0,0.0,0.0,0.0,0.0
43.989583333333336,0.33191551248620016,0.33524410637606267,1.5,0.0,0.0,0.0,0.0,0.0
44.0,0.3319806166528668,0.3351783622118534,1.5,0.0,0.0,0.0,0.0,0.0
44.010416666666664,0.3320457208195335,0.33511264382854566,1.5,0.0,0.0,0.0,0.0,0.0
44.020833333333336,0.33211082498620015,0.33504695121097794,1.5,0.0,0.0,0.0,0.0,0.0
44.03125,0.3321759291528668,0.3349812843440005,1.5,0.0,0.0,0.0,0.0,0.0
44.041666666666664,0.3322410333195335,0.33491564321247547,1.5,0.0,0.0,0.0,0.0,0.0
44.052083333333336,0.33230613748620014,0.3348500278012768,1.5,0.0,0.0,0.0,0.0,0.0
44.0625,0.3323712416528668,0.3347844380952905,1.5,0.0,0.0,0.0,0.0,0.0
44.072916666666664,0.33243634581953346,0.3347188740794143,1.5,0.0,0.0,0.0,0.0,0.0
44.083333333333336,0.3325014499862001,0.33465333573855754,1.5,0.0,0.0,0.0,0.0,0.0
44.09375,0.3325665541528668,0.3345878230576418,1.5,0.0,0.0,0.0,0.0,0.0
44.104166666666664,0.33263165831953345,0.3345223360216001,1.5,0.0,0.0,0.0,0.0,0.0
44.114583333333336,0.3326967624862001,0.3344568746153775,1.5,0.0,0.0,0.0,0.0,0.0
44.125,0.3327618666528668,0.3343914388239306,1.5,0.0,0.0,0.0,0.0,0.0
44.135416666666664,0.33282697081953344,0.33432602863222793,1.5,0.0,0.0,0.0,0.0,0.0
44.145833333333336,0.3328920749862001,0.33426064402524996,1.5,0.0,0.0,0.0,0.0,0.0
44.15625,0.33295717915286677,0.3341952849879884,1.5,0.0,0.0,0.0,0.0,0.0
44.166666666666664,0.33302228331953343,0.3341299515054472,1.5,0.0,0.0,0.0,0.0,0.0
44.177083333333336,0.3330873874862001,0.33406464356264187,1.5,0.0,0.0,0.0,0.0,0.0
44.1875,0.33315249165286676,0.33399936114459955,1.5,0.0,0.0,0.0,0.0,0.0
44.197916666666664,0.3332175958195334,0.33393410423635905,1.5,0.0,0.0,0.0,0.0,0.0
44.208333333333336,0.3332826999862001,0.333868872822971,1.5,0.0,0.0,0.0,0.0,0.0
44.21875,0.33334780415286674,0.3338036668894977,1.5,0.0,0.0,0.0,0.0,0.0
44.229166666666664,0.3334129083195334,0.33373848642101295,1.5,0.0,0.0,0.0,0.0,0.0
44.239583333333336,0.33347801248620007,0.33367333140260247,1.5,0.0,0.0,0.0,0.0,0.0
44.25,0.33354311665286673,0.3336082018193634,1.5,0.0,0.0,0.0,0.0,0.0
44.260416666666664,0.3336082208195334,0.33354309765640466,1.5,0.0,0.0,0.0,0.0,0.0
44.270833333333336,0.3336553586902581,0.3334959756455964,1.5,0.0,0.02874607350713775,0.0,0.0,0.0
44.28125,0.3336936831969798,0.33345767384546093,1.5,0.0,0.042847455911980595,0.0,0.0,0.0
44.291666666666664,0.33371834044690485,0.3334330358552551,1.5,0.0,0.0647150667865801,0.0,0.0,0.0
44.302083333333336,0.3337273491287064,0.33342403511818636,1.5,0.0,0.08975277578419508,0.0,0.0,0.0
44.3125,0.33372418936281284,0.3334271920421608,1.5,0.0,0.10922229209636236,0.0,0.0,0.0
44.322916666666664,0.3336980953789396,0.33345326484237314,1.5,0.0,0.14591704086388724,0.0,0.0,0.0
44.333333333333336,0.3336579300404815,0.333493405543482,1.5,0.0,0.1684312081995709,0.0,0.0,0.0
44.34375,0.33361220354789,0.33353911575304784,1.5,0.0,0.17732905481307973,0.0,0.0,0.0
44.354166666666664,0.33352795058239715,0.3336233715389902,1.5,0.0,0.23897141145521078,0.0,0.0,0.0
44.364583333333336,0.33344317028929116,0.33370819764954307,1.5,0.0,0.23981513563621026,0.0,0.0,0.0
44.375,0.33333426463848215,0.33381722547026454,1.5,0.0,0.27841570796105297,0.0,0.0,0.0
44.385416666666664,0.333248384234915,0.33390325246813546,1.5,0.0,0.24157531237413382,0.0,0.0,0.0
44.395833333333336,0.33313494999107535,0.3340169483231046,1.5,0.0,0.28566145681009647,0.0,0.0,0.0
44.40625,0.3330186709929197,0.33413357588636466,1.5,0.0,0.2902130637156688,0.0,0.0,0.0
44.416666666666664,0.3328569757071963,0.33429589131901544,1.5,0.0,0.3628791238241201,0.0,0.0,0.0
44.427083333333336,0.33270286443328273,0.33445074049881734,1.5,0.0,0.35074470492833804,0.0,0.0,0.0
44.4375,0.3325709658740694,0.3345833845818138,1.5,0.0,0.31520436140791847,0.0,0.0,0.0
44.447916666666664,0.33240083689171207,0.3347546306330117,1.5,0.0,0.3763730384384659,0.0,0.0,0.0
44.458333333333336,0.3322173911476081,0.3349394774048696,1.5,0.0,0.3976798572329633,0.0,0.0,0.0
44.46875,0.3320563380530326,0.33510192887213525,1.5,0.0,0.3618516179874867,0.0,0.0,0.0
44.479166666666664,0.3318644487451208,0.33529569014260074,1.5,0.0,0.4111895593255797,0.0,0.0,0.0
44.489583333333336,0.3317172934292031,0.33544443289489656,1.5,0.0,0.33961517213497006,0.0,0.0,0.0
44.5,0.3315155334611149,0.33564858398661057,1.5,0.0,0.42698261560779593,0.0,0.0,0.0
44.510416666666664,0.33131588179779525,0.3358508465455926,1.5,0.0,0.42360932797810136,0.0,0.0,0.0
44.520833333333336,0.33112091451532166,0.3360485988590135,1.5,0.0,0.41611431862444886,0.0,0.0,0.0
44.53125,0.33098235429266804,0.33618927998015624,1.5,0.0,0.3258630229125088,0.0,0.0,0.0
44.541666666666664,0.33081945713234334,0.33635482126819016,1.5,0.0,0.3648021231862022,0.0,0.0,0.0
44.552083333333336,0.3306433696037631,0.33653395048912127,1.5,0.0,0.38590671239505425,0.0,0.0,0.0
44.5625,0.3304621011460028,0.33671854953989777,1.5,0.0,0.39419619908322034,0.0,0.0,0.0
44.572916666666664,0.33033701512008923,0.336846052009453,1.5,0.0,0.3043043081283041,0.0,0.0,0.0
44.583333333333336,0.3301714083866009,0.3370150065977207,1.5,0.0,0.3691374402479629,0.0,0.0,0.0
44.59375,0.3300322669612032,0.3371570919423756,1.5,0.0,0.3267929473030661,0.0,0.0,0.0
44.604166666666664,0.32987687071905,0.33731591770360264,1.5,0.0,0.3528006541117724,0.0,0.0,0.0
44.614583333333336,0.32977099688785794,0.3374242138511304,1.5,0.0,0.27356479657396277,0.0,0.0,0.0
44.625,0.3296537435308445,0.3375442310588463,1.5,0.0,0.2917720378881866,0.0,0.0,0.0
44.635416666666664,0.32955291537225806,0.3376475041954856,1.5,0.0,0.2654917204049718,0.0,0.0,0.0
44.645833333333336,0.3294525977744297,0.3377503171244546,1.5,0.0,0.2646748231920342,0.0,0.0,0.0
44.65625,0.3293869025312056,0.33781768042597626,1.5,0.0,0.2092790558251919,0.0,0.0,0.0
44.666666666666664,0.3293121650538101,0.33789434823219144,1.5,0.0,0.22374663049951363,0.0,0.0,0.0
44.677083333333336,0.32927298830147794,0.33793455075005796,1.5,0.0,0.16684947039813233,0.0,0.0,0.0
44.6875,0.3292398613807388,0.3379685524989069,1.5,0.0,0.15716973984926808,0.0,0.0,0.0
44.697916666666664,0.32920048974984933,0.33800897277018693,1.5,0.0,0.1671612760898051,0.0,0.0,0.0
44.708333333333336,0.32917838774637115,0.3380316676850718,1.5,0.0,0.1395298722317696,0.0,0.0,0.0
44.71875,0.32918018866758053,0.33802981833805534,1.5,0.0,0.10128519273169699,0.0,0.0,0.0
44.729166666666664,0.3291988864126148,0.33801061901625284,1.5,0.0,0.0742502746118465,0.0,0.0,0.0
44.739583333333336,0.3292335809139708,0.3379749995941779,1.5,0.0,0.04865546449706698,0.0,0.0,0.0
44.75,0.32928186652789954,0.3379254392265815,1.5,0.0,0.026909684380748335,0.0,0.0,0.0
44.760416666666664,0.3293469706945662,0.337858639298014,1.5,0.0,0.0,0.0,0.0,0.0
44.770833333333336,0.32941207486123286,0.3377918657737833,1.5,0.0,0.0,0.0,0.0,0.0
44.78125,0.3294771790278995,0.337725118638237,1.5,0.0,0.0,0.0,0.0,0.0
44.791666666666664,0.3295422831945662,0.33765839787573515,1.5,0.0,0.0,0.0,0.0,0.0
44.802083333333336,0.32960738736123285,0.3375917034706501,1.5,0.0,0.0,0.0,0.0,0.0
44.8125,0.3296724915278995,0.3375250354073665,1.5,0.0,0.0,0.0,0.0,0.0
44.822916666666664,0.3297375956945662,0.33745839367028146,1.5,0.0,0.0,0.0,0.0,0.0
44.833333333333336,0.32980269986123284,0.33739177824380434,1.5,0.0,0.0,0.0,0.0,0.0
44.84375,0.3298678040278995,0.3373251891123568,1.5,0.0,0.0,0.0,0.0,0.0
44.854166666666664,0.32993290819456617,0.33725862626037273,1.5,0.0,0.0,0.0,0.0,0.0
44.864583333333336,0.32999801236123283,0.3371920896722984,1.5,0.0,0.0,0.0,0.0,0.0
44.875,0.3300631165278995,0.3371255793325924,1.5,0.0,0.0,0.0,0.0,0.0
44.885416666666664,0.33012822069456615,0.3370590952257254,1.5,0.0,0.0,0.0,0.0,0.0
44.895833333333336,0.3301933248612328,0.3369926373361805,1.5,0.0,0.0,0.0,0.0,0.0
44.90625,0.3302584290278995,0.336926205648453,1.5,0.0,0.0,0.0,0.0,0.0
44.916666666666664,0.33032353319456614,0.3368598001470503,1.5,0.0,0.0,0.0,0.0,0.0
44.927083333333336,0.3303886373612328,0.3367934208164921,1.5,0.0,0.0,0.0,0.0,0.0
44.9375,0.33045374152789947,0.33672706764131033,1.5,0.0,0.0,0.0,0.0,0.0
44.947916666666664,0.33051884569456613,0.3366607406060491,1.5,0.0,0.0,0.0,0.0,0.0
44.958333333333336,0.3305839498612328,0.3365944396952646,1.5,0.0,0.0,0.0,0.0,0.0
44.96875,0.33064905402789946,0.33652816489352533,1.5,0.0,0.0,0.0,0.0,0.0
44.979166666666664,0.3307141581945661,0.33646191618541177,1.5,0.0,0.0,0.0,0.0,0.0
44.989583333333336,0.3307792623612328,0.3363956935555167,1.5,0.0,0.0,0.0,0.0,0.0
45.0,0.33084436652789945,0.33632949698844483,1.5,0.0,0.0,0.0,0.0,0.0
45.010416666666664,0.3309094706945661,0.33626332646881335,1.5,0.0,0.0,0.0,0.0,0.0
45.020833333333336,0.3309745748612328,0.3361971819812512,1.5,0.0,0.0,0.0,0.0,0.0
45.03125,0.33103967902789944,0.33613106351039945,1.5,0.0,0.0,0.0,0.0,0.0
45.041666666666664,0.3311047831945661,0.33606497104091143,1.5,0.0,0.0,0.0,0.0,0.0
45.052083333333336,0.33116988736123276,0.3359989045574524,1.5,0.0,0.0,0.0,0.0,0.0
45.0625,0.3312349915278994,0.3359328640446998,1.5,0.0,0.0,0.0,0.0,0.0
45.072916666666664,0.3313000956945661,0.33586684948734286,1.5,0.0,0.0,0.0,0.0,0.0
45.083333333333336,0.33136519986123275,0.33580086087008315,1.5,0.0,0.0,0.0,0.0,0.0
45.09375,0.3314303040278994,0.3357348981776341,1.5,0.0,0.0,0.0,0.0,0.0
45.104166666666664,0.3314954081945661,0.3356689613947211,1.5,0.0,0.0,0.0,0.0,0.0
45.114583333333336,0.33156051236123274,0.33560305050608163,1.5,0.0,0.0,0.0,0.0,0.0
45.125,0.3316256165278994,0.3355371654964653,1.5,0.0,0.0,0.0,0.0,0.0
45.135416666666664,0.33169072069456607,0.3354713063506333,1.5,0.0,0.0,0.0,0.0,0.0
45.145833333333336,0.33175582486123273,0.3354054730533591,1.5,0.0,0.0,0.0,0.0,0.0
45.15625,0.3318209290278994,0.335339665589428,1.5,0.0,0.0,0.0,0.0,0.0
45.166666666666664,0.33188603319456605,0.33527388394363733,1.5,0.0,0.0,0.0,0.0,0.0
45.177083333333336,0.3319511373612327,0.3352081281007962,1.5,0.0,0.0,0.0,0.0,0.0
45.1875,0.3320162415278994,0.33514239804572576,1.5,0.0,0.0,0.0,0.0,0.0
45.197916666666664,0.33208134569456604,0.33507669376325905,1.5,0.0,0.0,0.0,0.0,0.0
45.208333333333336,0.3321464498612327,0.335011015238241,1.5,0.0,0.0,0.0,0.0,0.0
45.21875,0.33221155402789937,0.3349453624555283,1.5,0.0,0.0,0.0,0.0,0.0
45.229166666666664,0.33227665819456603,0.3348797353999896,1.5,0.0,0.0,0.0,0.0,0.0
45.239583333333336,0.3323417623612327,0.3348141340565055,1.5,0.0,0.0,0.0,0.0,0.0
45.25,0.33240686652789936,0.3347485584099683,1.5,0.0,0.0,0.0,0.0,0.0
45.260416666666664,0.332471970694566,0.3346830084452822,1.5,0.0,0.0,0.0,0.0,0.0
45.270833333333336,0.3325235032827435,0.33463114118936216,1.5,0.0,0.021714525582731233,0.0,0.0,0.0
45.28125,0.33255849885444044,0.33459592751076467,1.5,0.0,0.04817375195155264,0.0,0.0,0.0
45.291666666666664,0.33257308904657673,0.3345812485754233,1.5,0.0,0.0808223592486236,0.0,0.0,0.0
45.302083333333336,0.3325787804322163,0.33457552292175735,1.5,0.0,0.09506044964341866,0.0,0.0,0.0
45.3125,0.3325636255457666,0.3345907694901408,1.5,0.0,0.12841448498621116,0.0,0.0,0.0
45.322916666666664,0.33254535758492065,0.3346091498131164,1.5,0.0,0.13339540402013517,0.0,0.0,0.0
45.333333333333336,0.3324943239307497,0.33466050806619013,1.5,0.0,0.18582051334022953,0.0,0.0,0.0
45.34375,0.3324235977696245,0.33473171015044206,1.5,0.0,0.21732852446700543,0.0,0.0,0.0
45.354166666666664,0.33235156572856334,0.3348042580508474,1.5,0.0,0.21941793236455462,0.0,0.0,0.0
45.364583333333336,0.33226918481265144,0.33488726749827774,1.5,0.0,0.235976132125726,0.0,0.0,0.0
45.375,0.33215308195749627,0.33500432607766084,1.5,0.0,0.28993123491492057,0.0,0.0,0.0
45.385416666666664,0.3320385190369033,0.3351199122877128,1.5,0.0,0.28746733961545223,0.0,0.0,0.0
45.395833333333336,0.33192614625996175,0.3352333663062542,1.5,0.0,0.2839631097731043,0.0,0.0,0.0
45.40625,0.3317998994987012,0.3353609194695511,1.5,0.0,0.30616148468356436,0.0,0.0,0.0
45.416666666666664,0.33164357695096097,0.33551899421300296,1.5,0.0,0.35428274305099305,0.0,0.0,0.0
45.427083333333336,0.33147546319854515,0.33568915871501365,1.5,0.0,0.37314867053194645,0.0,0.0,0.0
45.4375,0.3313320423211807,0.3358344656202178,1.5,0.0,0.33364007044982313,0.0,0.0,0.0
45.447916666666664,0.3364564874470797,0.3502242452505035,1.5,8.52,0.3208877985616591,5.0,1.0,1.0
45.458333333333336,0.3415208392240944,0.3642383499154111,1.5,8.52,0.4045540229422545,5.0,1.0,1.0
45.46875,0.3465345369861615,0.3778291497827218,1.5,8.52,0.3810724603153293,5.0,1.0,1.0
45.479166666666664,0.35142045313383474,0.39103187308146004,1.5,8.52,0.37751338937193224,5.0,1.0,1.0
45.489583333333336,0.35611631018768525,0.4038727392400898,1.5,8.52,0.37884011634887316,5.0,1.0,1.0
45.5,0.3605570114045048,0.41639117002995424,1.5,8.52,0.40301934599514055,5.0,1.0,1.0
45.510416666666664,0.36470121916561327,0.42861266427066713,1.5,8.52,0.43027552199027347,5.0,1.0,1.0
45.520833333333336,0.36859198900749873,0.44047545539082456,1.5,8.52,0.3448977376639038,5.0,1.0,1.0
45.53125,0.37213796749541656,0.4520816685943724,1.5,8.52,0.3710332209171579,5.0,1.0,1.0
45.541666666666664,0.3753739928502687,0.46340206068307627,1.5,8.52,0.33344652801453367,5.0,1.0,1.0
45.552083333333336,0.3782493249227898,0.47451759427696066,1.5,8.52,0.3782773033654217,5.0,1.0,1.0
45.5625,0.3808487678596835,0.48535588556473497,1.5,8.52,0.3103988498239728,5.0,1.0,1.0
45.572916666666664,0.38310023421955697,0.4960382835300825,1.5,8.52,0.37728769865507883,5.0,1.0,1.0
45.583333333333336,0.3851104034066285,0.5064747984096338,1.5,8.52,0.3164733641854513,5.0,1.0,1.0
45.59375,0.38685448205699025,0.5167333279423943,1.5,8.52,0.3255014651620446,5.0,1.0,1.0
45.604166666666664,0.38835527220430854,0.5268287026385461,1.5,8.52,0.33966288912244696,5.0,1.0,1.0
45.614583333333336,0.38438275710743525,0.5270378032392685,1.5,0.0,0.34826776447238034,0.0,0.0,0.0
45.625,0.3809922266471294,0.5271879384234726,1.5,0.0,0.27781747585389954,0.0,0.0,0.0
45.635416666666664,0.3780192278323564,0.5273523125245255,1.5,0.0,0.2927493446132577,0.0,0.0,0.0
45.645833333333336,0.37541585530252614,0.5274900793431717,1.5,0.0,0.26108596885153157,0.0,0.0,0.0
45.65625,0.37312504951652303,0.5275933933903185,1.5,0.0,0.22109492133376896,0.0,0.0,0.0
45.666666666666664,0.3710684837611776,0.5277034283122958,1.5,0.0,0.2279907847708488,0.0,0.0,0.0
45.677083333333336,0.3692217806689877,0.5278036538337433,1.5,0.0,0.2163674021916494,0.0,0.0,0.0
45.6875,0.3675672271427153,0.5278762837428238,1.5,0.0,0.18509486515704607,0.0,0.0,0.0
45.697916666666664,0.3660768575337446,0.5279246636848608,1.5,0.0,0.15784826652343992,0.0,0.0,0.0
45.708333333333336,0.36473197442801913,0.5279457336720529,1.5,0.0,0.12745755965453084,0.0,0.0,0.0
45.71875,0.3635082397346773,0.5279495428844287,1.5,0.0,0.1083630982229642,0.0,0.0,0.0
45.729166666666664,0.36240167958919695,0.5279215144657162,1.5,0.0,0.07338328244502576,0.0,0.0,0.0
45.739583333333336,0.3613949039993807,0.5278686744450902,1.5,0.0,0.04629105096798931,0.0,0.0,0.0
45.75,0.3604760873780791,0.5277932575361933,1.5,0.0,0.021764376680776885,0.0,0.0,0.0
45.760416666666664,0.35963487030660773,0.5276977119063302,1.5,0.0,0.0,0.0,0.0,0.0
45.770833333333336,0.3588503308646312,0.5276019747233582,1.5,0.0,0.0,0.0,0.0,0.0
45.78125,0.35811700126266877,0.5275060589003872,1.5,0.0,0.0,0.0,0.0,0.0
45.791666666666664,0.3574300996852234,0.5274099762190277,1.5,0.0,0.0,0.0,0.0,0.0
45.802083333333336,0.3567854253871565,0.5273137374588369,1.5,0.0,0.0,0.0,0.0,0.0
45.8125,0.35617927255391385,0.527217352508632,1.5,0.0,0.0,0.0,0.0,0.0
45.822916666666664,0.35560835910931954,0.5271208304626562,1.5,0.0,0.0,0.0,0.0,0.0
45.833333333333336,0.355069767519329,0.5270241797040189,1.5,0.0,0.0,0.0,0.0,0.0
45.84375,0.35456089528990536,0.5269274079773886,1.5,0.0,0.0,0.0,0.0,0.0
45.854166666666664,0.3540794133499457,0.5268305224525691,1.5,0.0,0.0,0.0,0.0,0.0
45.864583333333336,0.3536232308870733,0.5267335297803039,1.5,0.0,0.0,0.0,0.0,0.0
45.875,0.3531904654947009,0.5266364361414263,1.5,0.0,0.0,0.0,0.0,0.0
45.885416666666664,0.3527794177145111,0.5265392472902926,1.5,0.0,0.0,0.0,0.0,0.0
45.895833333333336,0.3523885492351233,0.526441968593279,1.5,0.0,0.0,0.0,0.0,0.0
45.90625,0.3520164641468312,0.5263446050630058,1.5,0.0,0.0,0.0,0.0,0.0
45.916666666666664,0.35166189276257365,0.526247161388848,1.5,0.0,0.0,0.0,0.0,0.0
45.927083333333336,0.35132367760324174,0.5261496419642062,1.5,0.0,0.0,0.0,0.0,0.0
45.9375,0.35100076121595813,0.5260520509109464,1.5,0.0,0.0,0.0,0.0,0.0
45.947916666666664,0.35069217555084015,0.5259543921013535,1.5,0.0,0.0,0.0,0.0,0.0
45.958333333333336,0.35039703266786115,0.5258566691778981,1.5,0.0,0.0,0.0,0.0,0.0
45.96875,0.3501145165829766,0.525758885571074,1.5,0.0,0.0,0.0,0.0,0.0
45.979166666666664,0.34984387609341383,0.5256610445155296,1.5,0.0,0.0,0.0,0.0,0.0
45.989583333333336,0.3495844184472889,0.5255631490646846,1.5,0.0,0.0,0.0,0.0,0.0
46.0,0.3493355037435691,0.5254652021040009,1.5,0.0,0.0,0.0,0.0,0.0
46.010416666666664,0.34909653996569173,0.5253672063630559,1.5,0.0,0.0,0.0,0.0,0.0
46.020833333333336,0.3488669785665359,0.5252691644265425,1.5,0.0,0.0,0.0,0.0,0.0
46.03125,0.3486463105344654,0.5251710787443126,1.5,0.0,0.0,0.0,0.0,0.0
46.041666666666664,0.3484340628802355,0.5250729516405601,1.5,0.0,0.0,0.0,0.0,0.0
46.052083333333336,0.34822979549303623,0.5249747853222316,1.5,0.0,0.0,0.0,0.0,0.0
46.0625,0.3480330983210962,0.5248765818867415,1.5,0.0,0.0,0.0,0.0,0.0
46.072916666666664,0.3478435888383333,0.5247783433290588,1.5,0.0,0.0,0.0,0.0,0.0
46.083333333333336,0.34766090976368286,0.5246800715482298,1.5,0.0,0.0,0.0,0.0,0.0
46.09375,0.3474847270041188,0.5245817683533837,1.5,0.0,0.0,0.0,0.0,0.0
46.104166666666664,0.347314727796128,0.5244834354692762,1.5,0.0,0.0,0.0,0.0,0.0
46.114583333333336,0.3471506190236079,0.5243850745414095,1.5,0.0,0.0,0.0,0.0,0.0
46.125,0.34699212569291343,0.5242866871407668,1.5,0.0,0.0,0.0,0.0,0.0
46.135416666666664,0.34683898954815223,0.5241882747681983,1.5,0.0,0.0,0.0,0.0,0.0
46.145833333333336,0.34669096781187736,0.5240898388584873,1.5,0.0,0.0,0.0,0.0,0.0
46.15625,0.3465478320381005,0.5239913807841237,1.5,0.0,0.0,0.0,0.0,0.0
46.166666666666664,0.3464093670660856,0.5238929018588122,1.5,0.0,0.0,0.0,0.0,0.0
46.177083333333336,0.34627537006472164,0.5237944033407347,1.5,0.0,0.0,0.0,0.0,0.0
46.1875,0.34614564965843875,0.5236958864355886,1.5,0.0,0.0,0.0,0.0,0.0
46.197916666666664,0.3460200251266476,0.5235973522994192,1.5,0.0,0.0,0.0,0.0,0.0
46.208333333333336,0.34589832566957407,0.5234988020412635,1.5,0.0,0.0,0.0,0.0,0.0
46.21875,0.34578038973414077,0.523400236725619,1.5,0.0,0.0,0.0,0.0,0.0
46.229166666666664,0.3456660643942321,0.5233016573747505,1.5,0.0,0.0,0.0,0.0,0.0
46.239583333333336,0.34555520478028334,0.5232030649708528,1.5,0.0,0.0,0.0,0.0,0.0
46.25,0.34544767355366574,0.523104460458071,1.5,0.0,0.0,0.0,0.0,0.0
46.260416666666664,0.345343340421809,0.5230058447443986,1.5,0.0,0.0,0.0,0.0,0.0
46.270833333333336,0.34522620258801656,0.5229312704620135,1.5,0.0,0.025406563842531864,0.0,0.0,0.0
46.28125,0.3450950396950919,0.5228831106508056,1.5,0.0,0.053315741050278205,0.0,0.0,0.0
46.291666666666664,0.34495080613137596,0.5228604857941117,1.5,0.0,0.08028534437130389,0.0,0.0,0.0
46.302083333333336,0.34479041627646356,0.5228685861952664,1.5,0.0,0.11271331576190106,0.0,0.0,0.0
46.3125,0.344619885878881,0.522898916790401,1.5,0.0,0.13615183926221777,0.0,0.0,0.0
46.322916666666664,0.3444491593414645,0.5229367281805504,1.5,0.0,0.14401865681551682,0.0,0.0,0.0
46.333333333333336,0.34427941867721723,0.5229801276023036,1.5,0.0,0.1498824158558783,0.0,0.0,0.0
46.34375,0.3440727652511717,0.5230865775328822,1.5,0.0,0.21622146964488406,0.0,0.0,0.0
46.354166666666664,0.3438685636845702,0.5231976546098717,1.5,0.0,0.2209990735779773,0.0,0.0,0.0
46.364583333333336,0.3436719854312412,0.5233052283888276,1.5,0.0,0.21722556551582486,0.0,0.0,0.0
46.375,0.3434776348066737,0.523417057909604,1.5,0.0,0.22160769255845317,0.0,0.0,0.0
46.385416666666664,0.3432670776445,0.5235610291296444,1.5,0.0,0.2552372646804897,0.0,0.0,0.0
46.395833333333336,0.34303554732398583,0.5237449360766873,1.5,0.0,0.29695907626338136,0.0,0.0,0.0
46.40625,0.34280258761270194,0.523939587403417,1.5,0.0,0.3080123904573751,0.0,0.0,0.0
46.416666666666664,0.34257734243237203,0.5241308577266403,1.5,0.0,0.30426570278873927,0.0,0.0,0.0
46.427083333333336,0.34233110585745924,0.524362224135246,1.5,0.0,0.34595031240688623,0.0,0.0,0.0
46.4375,0.3420969717261664,0.5245835517334997,1.5,0.0,0.3351993311477376,0.0,0.0,0.0
46.447916666666664,0.34186042531782845,0.5248164587744751,1.5,0.0,0.3470159129284915,0.0,0.0,0.0
46.458333333333336,0.34162046897146364,0.5250623689287145,1.5,0.0,0.36028040947789375,0.0,0.0,0.0
46.46875,0.3413855597233082,0.525308188001905,1.5,0.0,0.3598896797268259,0.0,0.0,0.0
46.479166666666664,0.3411764493240285,0.5255215678875191,1.5,0.0,0.3259037524954523,0.0,0.0,0.0
46.489583333333336,0.34090347187028414,0.5258397291676241,1.5,0.0,0.4343903275177334,0.0,0.0,0.0
46.5,0.3406542786700665,0.5261292729791933,1.5,0.0,0.4042865177996816,0.0,0.0,0.0
46.510416666666664,0.3404219093206085,0.5263999234352991,1.5,0.0,0.38435740991664297,0.0,0.0,0.0
46.520833333333336,0.3401646169200929,0.5267155654131023,1.5,0.0,0.43052000429682014,0.0,0.0,0.0
46.53125,0.33996848757455916,0.5269433055258732,1.5,0.0,0.3393583846499274,0.0,0.0,0.0
46.541666666666664,0.33972180368989846,0.527254497136756,1.5,0.0,0.42516841158653734,0.0,0.0,0.0
46.552083333333336,0.3395342339364457,0.5274800376189127,1.5,0.0,0.33655149106263366,0.0,0.0,0.0
46.5625,0.3393619919801714,0.5276862075959556,1.5,0.0,0.31639461572548655,0.0,0.0,0.0
46.572916666666664,0.3391485349216481,0.527960490661962,1.5,0.0,0.3862212624497707,0.0,0.0,0.0
46.583333333333336,0.33897307897078355,0.5281803884995157,1.5,0.0,0.33006068221660695,0.0,0.0,0.0
46.59375,0.3387956007087447,0.5284072255585025,1.5,0.0,0.33697015376550216,0.0,0.0,0.0
46.604166666666664,0.3386475779182188,0.5285917961674931,1.5,0.0,0.29342793840194703,0.0,0.0,0.0
46.614583333333336,0.338482445961238,0.5288060622024888,1.5,0.0,0.3236942253994634,0.0,0.0,0.0
46.625,0.33833457375920795,0.5289965790190636,1.5,0.0,0.2991974896078191,0.0,0.0,0.0
46.635416666666664,0.3382250308452692,0.5291299142761926,1.5,0.0,0.24056776487825862,0.0,0.0,0.0
46.645833333333336,0.33812113213554434,0.5292563885920836,1.5,0.0,0.23347672900515598,0.0,0.0,0.0
46.65625,0.3380016765858369,0.5294090529349244,1.5,0.0,0.2601615453599155,0.0,0.0,0.0
46.666666666666664,0.33792906634176795,0.5294903703792014,1.5,0.0,0.1872163323103208,0.0,0.0,0.0
46.677083333333336,0.3378417706565009,0.5295959043210741,1.5,0.0,0.21190429750911086,0.0,0.0,0.0
46.6875,0.3377780374773031,0.5296659111429983,1.5,0.0,0.17560760260017125,0.0,0.0,0.0
46.697916666666664,0.3377287673456893,0.5297142395161004,1.5,0.0,0.15347135184958755,0.0,0.0,0.0
46.708333333333336,0.3376940789475311,0.5297404541624816,1.5,0.0,0.13090570505162827,0.0,0.0,0.0
46.71875,0.3376766321648011,0.5297401454193239,1.5,0.0,0.10385177933217106,0.0,0.0,0.0
46.729166666666664,0.3376834928561559,0.5297019652195599,1.5,0.0,0.0652258438479104,0.0,0.0,0.0
46.739583333333336,0.3376958940384788,0.5296549960797438,1.5,0.0,0.05625659888097176,0.0,0.0,0.0
46.75,0.3377260490597972,0.5295800064318724,1.5,0.0,0.027661144593820488,0.0,0.0,0.0
46.760416666666664,0.3377732029276183,0.5294779324227348,1.5,0.0,0.0,0.0,0.0,0.0
46.770833333333336,0.3378198995916573,0.5293758921947894,1.5,0.0,0.0,0.0,0.0,0.0
46.78125,0.33786613781869257,0.529273885593781,1.5,0.0,0.0,0.0,0.0,0.0
46.791666666666664,0.3379119165534546,0.5291719124653651,1.5,0.0,0.0,0.0,0.0,0.0
46.802083333333336,0.33795723491578833,0.5290699726551608,1.5,0.0,0.0,0.0,0.0,0.0
46.8125,0.33800209219772553,0.5289680660088021,1.5,0.0,0.0,0.0,0.0,0.0
46.822916666666664,0.33804648786047337,0.5288661923719873,1.5,0.0,0.0,0.0,0.0,0.0
46.833333333333336,0.33809042153132507,0.5287643515905284,1.5,0.0,0.0,0.0,0.0,0.0
46.84375,0.338133893000499,0.5286625435103981,1.5,0.0,0.0,0.0,0.0,0.0
46.854166666666664,0.3381769022179114,0.5285607679777777,1.5,0.0,0.0,0.0,0.0,0.0
46.864583333333336,0.3382194492898891,0.5284590248391021,1.5,0.0,0.0,0.0,0.0,0.0
46.875,0.33826153447582785,0.5283573139411044,1.5,0.0,0.0,0.0,0.0,0.0
46.885416666666664,0.33830315818480144,0.5282556351308593,1.5,0.0,0.0,0.0,0.0,0.0
46.895833333333336,0.3383443209721279,0.5281539882558257,1.5,0.0,0.0,0.0,0.0,0.0
46.90625,0.3383850235358973,0.5280523731638876,1.5,0.0,0.0,0.0,0.0,0.0
46.916666666666664,0.3384252667134669,0.5279507897033943,1.5,0.0,0.0,0.0,0.0,0.0
46.927083333333336,0.3384650514779292,0.5278492377231986,1.5,0.0,0.0,0.0,0.0,0.0
46.9375,0.3385043789345568,0.5277477170726953,1.5,0.0,0.0,0.0,0.0,0.0
46.947916666666664,0.33854325031722987,0.527646227601858,1.5,0.0,0.0,0.0,0.0,0.0
46.958333333333336,0.3385816669848507,0.5275447691612735,1.5,0.0,0.0,0.0,0.0,0.0
46.96875,0.33861963041775006,0.5274433416021764,1.5,0.0,0.0,0.0,0.0,0.0
46.979166666666664,0.3386571422140892,0.527341944776483,1.5,0.0,0.0,0.0,0.0,0.0
46.989583333333336,0.3386942040862627,0.5272405785368225,1.5,0.0,0.0,0.0,0.0,0.0
47.0,0.33873081785730563,0.5271392427365679,1.5,0.0,0.0,0.0,0.0,0.0
47.010416666666664,0.33876698545730916,0.5270379372298659,1.5,0.0,0.0,0.0,0.0,0.0
47.020833333333336,0.33880270891984876,0.5269366618716657,1.5,0.0,0.0,0.0,0.0,0.0
47.03125,0.33883799037842804,0.5268354165177461,1.5,0.0,0.0,0.0,0.0,0.0
47.041666666666664,0.33887283206294244,0.5267342010247423,1.5,0.0,0.0,0.0,0.0,0.0
47.052083333333336,0.3389072362961655,0.5266330152501708,1.5,0.0,0.0,0.0,0.0,0.0
47.0625,0.3389412054902612,0.5265318590524538,1.5,0.0,0.0,0.0,0.0,0.0
47.072916666666664,0.33897474214332557,0.5264307322909426,1.5,0.0,0.0,0.0,0.0,0.0
47.083333333333336,0.33900784883596013,0.5263296348259394,1.5,0.0,0.0,0.0,0.0,0.0
47.09375,0.3390405282278798,0.5262285665187184,1.5,0.0,0.0,0.0,0.0,0.0
47.104166666666664,0.3390727830545581,0.5261275272315461,1.5,0.0,0.0,0.0,0.0,0.0
47.114583333333336,0.3391046161239125,0.5260265168276997,1.5,0.0,0.0,0.0,0.0,0.0
47.125,0.3391360303130306,0.5259255351714864,1.5,0.0,0.0,0.0,0.0,0.0
47.135416666666664,0.3391670285649411,0.5258245821282591,1.5,0.0,0.0,0.0,0.0,0.0
47.145833333333336,0.3391976138854307,0.5257236575644327,1.5,0.0,0.0,0.0,0.0,0.0
47.15625,0.33922778933990827,0.5256227613475005,1.5,0.0,0.0,0.0,0.0,0.0
47.166666666666664,0.3392575580503189,0.5255218933460469,1.5,0.0,0.0,0.0,0.0,0.0
47.177083333333336,0.3392869231921087,0.5254210534297618,1.5,0.0,0.0,0.0,0.0,0.0
47.1875,0.3393158879912422,0.5253202414694518,1.5,0.0,0.0,0.0,0.0,0.0
47.197916666666664,0.33934445572127314,0.5252194573370537,1.5,0.0,0.0,0.0,0.0,0.0
47.208333333333336,0.3393726297004705,0.5251187009056432,1.5,0.0,0.0,0.0,0.0,0.0
47.21875,0.3394004132889999,0.5250179720494458,1.5,0.0,0.0,0.0,0.0,0.0
47.229166666666664,0.3394278098861621,0.5249172706438457,1.5,0.0,0.0,0.0,0.0,0.0
47.239583333333336,0.3394548229276891,0.5248165965653941,1.5,0.0,0.0,0.0,0.0,0.0
47.25,0.33948145588309814,0.5247159496918165,1.5,0.0,0.0,0.0,0.0,0.0
47.260416666666664,0.3395077122531049,0.5246153299020193,1.5,0.0,0.0,0.0,0.0,0.0
47.270833333333336,0.3395159661118151,0.5245419726409131,1.5,0.0,0.028207128449087338,0.0,0.0,0.0
47.28125,0.3395084217280163,0.5244928506045778,1.5,0.0,0.053296091122713204,0.0,0.0,0.0
47.291666666666664,0.3394833932807405,0.5244709081020358,1.5,0.0,0.08144264985993406,0.0,0.0,0.0
47.302083333333336,0.339450951508559,0.5244609679955285,1.5,0.0,0.0938730818447267,0.0,0.0,0.0
47.3125,0.3394001948631122,0.5244800365180232,1.5,0.0,0.12391070298695649,0.0,0.0,0.0
47.322916666666664,0.3393441185245007,0.524508431447918,1.5,0.0,0.13356157754162254,0.0,0.0,0.0
47.333333333333336,0.3392763005535132,0.5245561900064168,1.5,0.0,0.15359457615528815,0.0,0.0,0.0
47.34375,0.3391858675993225,0.5246403802442109,1.5,0.0,0.1912685311186681,0.0,0.0,0.0
47.354166666666664,0.339080244709008,0.5247500054856509,1.5,0.0,0.21752966377767372,0.0,0.0,0.0
47.364583333333336,0.33897061356479774,0.524868064497459,1.5,0.0,0.2261860214103394,0.0,0.0,0.0
47.375,0.3388414201584339,0.5250187040060265,1.5,0.0,0.2597650990119505,0.0,0.0,0.0
47.385416666666664,0.3386942727533954,0.5251998237954847,1.5,0.0,0.29111386653967397,0.0,0.0,0.0
47.395833333333336,0.3385501395822351,0.5253792215285437,1.5,0.0,0.2891937738851983,0.0,0.0,0.0
47.40625,0.3384174366098751,0.5255436804666931,1.5,0.0,0.2736618274815426,0.0,0.0,0.0
47.416666666666664,0.3382330222166282,0.5257910200493878,1.5,0.0,0.35886188665477853,0.0,0.0,0.0
47.427083333333336,0.3380975807557241,0.5259656227168101,1.5,0.0,0.2838053054351962,0.0,0.0,0.0
47.4375,0.33791629337007084,0.5262140067562521,1.5,0.0,0.3594929018892856,0.0,0.0,0.0
47.447916666666664,0.3377612189260856,0.5264247102423861,1.5,0.0,0.3205576114758279,0.0,0.0,0.0
47.458333333333336,0.3375499831517907,0.5267256168573166,1.5,0.0,0.412878688192391,0.0,0.0,0.0
47.46875,0.3373468747824384,0.5270173045319382,1.5,0.0,0.40306969259740566,0.0,0.0,0.0
47.479166666666664,0.3371306514766198,0.5273326740202643,1.5,0.0,0.42695142577324735,0.0,0.0,0.0
47.489583333333336,0.3369435179569261,0.5276057146720775,1.5,0.0,0.3833051530141289,0.0,0.0,0.0
47.5,0.33676924574684325,0.5278611911078253,1.5,0.0,0.36507849284386856,0.0,0.0,0.0
47.510416666666664,0.33655729719123856,0.5281780632008859,1.5,0.0,0.4274201794986449,0.0,0.0,0.0
47.520833333333336,0.33636478905718004,0.5284670726069248,1.5,0.0,0.3986509542076314,0.0,0.0,0.0
47.53125,0.3361820381769819,0.5287429850885534,1.5,0.0,0.3849995139426471,0.0,0.0,0.0
47.541666666666664,0.3360314683369296,0.5289702191645123,1.5,0.0,0.3352287965982567,0.0,0.0,0.0
47.552083333333336,0.33587791956786395,0.5292036381357753,1.5,0.0,0.34130751313437435,0.0,0.0,0.0
47.5625,0.33569328779064256,0.5294875128658189,1.5,0.0,0.3922821203992004,0.0,0.0,0.0
47.572916666666664,0.33555305626584186,0.5297029421955667,1.5,0.0,0.3226057217897004,0.0,0.0,0.0
47.583333333333336,0.3354093683559597,0.529924939625979,1.5,0.0,0.32907768597160425,0.0,0.0,0.0
47.59375,0.3352658556960184,0.530147718055844,1.5,0.0,0.3296778523738477,0.0,0.0,0.0
47.604166666666664,0.33512155560094303,0.5303727170663992,1.5,0.0,0.3317319760560435,0.0,0.0,0.0
47.614583333333336,0.33500647873041545,0.5305523286870019,1.5,0.0,0.2856874866362491,0.0,0.0,0.0
47.625,0.33486984512884765,0.5307667295746129,1.5,0.0,0.32068485165325117,0.0,0.0,0.0
47.635416666666664,0.3347559694572854,0.5309457321629233,1.5,0.0,0.28480251031350773,0.0,0.0,0.0
47.645833333333336,0.334642318731461,0.531124878825031,1.5,0.0,0.28482559512316863,0.0,0.0,0.0
47.65625,0.3345406965684421,0.5312853697391285,1.5,0.0,0.2659086428703993,0.0,0.0,0.0
47.666666666666664,0.33446732752114544,0.5314013125442896,1.5,0.0,0.22095235630552904,0.0,0.0,0.0
47.677083333333336,0.3344278255945139,0.5314636318931091,1.5,0.0,0.1669179586222312,0.0,0.0,0.0
47.6875,0.3343777131574348,0.5315429050188265,1.5,0.0,0.18396792463145062,0.0,0.0,0.0
47.697916666666664,0.3343617685844183,0.5315679592499558,1.5,0.0,0.1293828498250903,0.0,0.0,0.0
47.708333333333336,0.3343435379365744,0.53159667486264,1.5,0.0,0.1330649608449674,0.0,0.0,0.0
47.71875,0.3343550801346847,0.5315780811266816,1.5,0.0,0.08545500688303996,0.0,0.0,0.0
47.729166666666664,0.33437496942542105,0.5315462026455565,1.5,0.0,0.07208297765112089,0.0,0.0,0.0
47.739583333333336,0.33440783703127397,0.5314936701445496,1.5,0.0,0.051287635799738766,0.0,0.0,0.0
47.75,0.33445833166062444,0.5314130864865794,1.5,0.0,0.02303117304089628,0.0,0.0,0.0
47.760416666666664,0.33452316422447875,0.5313096640338125,1.5,0.0,0.0,0.0,0.0,0.0
47.770833333333336,0.33458791451554304,0.531206281719574,1.5,0.0,0.0,0.0,0.0,0.0
47.78125,0.3346525717898687,0.5311029394917988,1.5,0.0,0.0,0.0,0.0,0.0
47.791666666666664,0.3347171253629631,0.5309996372951982,1.5,0.0,0.0,0.0,0.0,0.0
47.802083333333336,0.3347815646168028,0.5308963750712883,1.5,0.0,0.0,0.0,0.0,0.0
47.8125,0.334845879006755,0.5307931527584204,1.5,0.0,0.0,0.0,0.0,0.0
47.822916666666664,0.33491005806839874,0.5306899702918142,1.5,0.0,0.0,0.0,0.0,0.0
47.833333333333336,0.33497409142423656,0.5305868276035922,1.5,0.0,0.0,0.0,0.0,0.0
47.84375,0.33503796879028697,0.5304837246228161,1.5,0.0,0.0,0.0,0.0,0.0
47.854166666666664,0.33510167998254964,0.5303806612755252,1.5,0.0,0.0,0.0,0.0,0.0
47.864583333333336,0.33516521492333456,0.5302776374847766,1.5,0.0,0.0,0.0,0.0,0.0
47.875,0.3352285636474471,0.5301746531706872,1.5,0.0,0.0,0.0,0.0,0.0
47.885416666666664,0.33529171630822135,0.5300717082504771,1.5,0.0,0.0,0.0,0.0,0.0
47.895833333333336,0.3353546631833943,0.529968802638515,1.5,0.0,0.0,0.0,0.0,0.0
47.90625,0.33541739468081333,0.5298659362463651,1.5,0.0,0.0,0.0,0.0,0.0
47.916666666666664,0.33547990134397115,0.5297631089828354,1.5,0.0,0.0,0.0,0.0,0.0
47.927083333333336,0.3355421738573612,0.5296603207540277,1.5,0.0,0.0,0.0,0.0,0.0
47.9375,0.3356042030516478,0.5295575714633886,1.5,0.0,0.0,0.0,0.0,0.0
47.947916666666664,0.33566597990864594,0.5294548610117619,1.5,0.0,0.0,0.0,0.0,0.0
47.958333333333336,0.3357274955661052,0.529352189297443,1.5,0.0,0.0,0.0,0.0,0.0
47.96875,0.33578874132229297,0.5292495562162335,1.5,0.0,0.0,0.0,0.0,0.0
47.979166666666664,0.3358497086403737,0.5291469616614974,1.5,0.0,0.0,0.0,0.0,0.0
47.989583333333336,0.3359103891525793,0.529044405524219,1.5,0.0,0.0,0.0,0.0,0.0
48.0,0.3359707746641682,0.5289418876930602,1.5,0.0,0.0,0.0,0.0,0.0
48.010416666666664,0.33603085715716946,0.5288394080544202,1.5,0.0,0.0,0.0,0.0,0.0
48.020833333333336,0.33609062879391033,0.5287369664924956,1.5,0.0,0.0,0.0,0.0,0.0
48.03125,0.33615008192032425,0.528634562889341,1.5,0.0,0.0,0.0,0.0,0.0
48.041666666666664,0.33620920906903856,0.5285321971249307,1.5,0.0,0.0,0.0,0.0,0.0
48.052083333333336,0.33626800296224035,0.5284298690772211,1.5,0.0,0.0,0.0,0.0,0.0
48.0625,0.3363264565143196,0.5283275786222132,1.5,0.0,0.0,0.0,0.0,0.0
48.072916666666664,0.33638456283428964,0.5282253256340159,1.5,0.0,0.0,0.0,0.0,0.0
48.083333333333336,0.336442315227985,0.5281231099849103,1.5,0.0,0.0,0.0,0.0,0.0
48.09375,0.3364997072000368,0.5280209315454131,1.5,0.0,0.0,0.0,0.0,0.0
48.104166666666664,0.336556732455627,0.5279187901843415,1.5,0.0,0.0,0.0,0.0,0.0
48.114583333333336,0.3366133849020226,0.527816685768878,1.5,0.0,0.0,0.0,0.0,0.0
48.125,0.33666965864989146,0.5277146181646348,1.5,0.0,0.0,0.0,0.0,0.0
48.135416666666664,0.33672554801440185,0.5276125872357196,1.5,0.0,0.0,0.0,0.0,0.0
48.145833333333336,0.3367810475161081,0.5275105928447995,1.5,0.0,0.0,0.0,0.0,0.0
48.15625,0.33683615188162475,0.5274086348531671,1.5,0.0,0.0,0.0,0.0,0.0
48.166666666666664,0.3368908560440929,0.5273067131208052,1.5,0.0,0.0,0.0,0.0,0.0
48.177083333333336,0.3369451551434415,0.527204827506451,1.5,0.0,0.0,0.0,0.0,0.0
48.1875,0.33699904452644724,0.5271029778676615,1.5,0.0,0.0,0.0,0.0,0.0
48.197916666666664,0.33705251974659756,0.5270011640608773,1.5,0.0,0.0,0.0,0.0,0.0
48.208333333333336,0.3371055765637601,0.5268993859414873,1.5,0.0,0.0,0.0,0.0,0.0
48.21875,0.33715821094366377,0.5267976433638918,1.5,0.0,0.0,0.0,0.0,0.0
48.229166666666664,0.33721041905719534,0.5266959361815661,1.5,0.0,0.0,0.0,0.0,0.0
48.239583333333336,0.3372621972795172,0.5265942642471234,1.5,0.0,0.0,0.0,0.0,0.0
48.25,0.33731354218901066,0.5264926274123768,1.5,0.0,0.0,0.0,0.0,0.0
48.260416666666664,0.3373644505660506,0.5263910255284016,1.5,0.0,0.0,0.0,0.0,0.0
48.270833333333336,0.3373995062194664,0.5263135005377565,1.5,0.0,0.024661075439495396,0.0,0.0,0.0
48.28125,0.3374168976940786,0.5262630659005447,1.5,0.0,0.05243324525312426,0.0,0.0,0.0
48.291666666666664,0.3374191526274473,0.5262360054107617,1.5,0.0,0.07640647409711121,0.0,0.0,0.0
48.302083333333336,0.33740970069452,0.5262271729097948,1.5,0.0,0.09510557171470524,0.0,0.0,0.0
48.3125,0.33738471284047483,0.5262427018223378,1.5,0.0,0.12009657061305484,0.0,0.0,0.0
48.322916666666664,0.3373393911263473,0.5262902961266076,1.5,0.0,0.15298196369326406,0.0,0.0,0.0
48.333333333333336,0.3372776185559627,0.5263641883086769,1.5,0.0,0.17993376138727318,0.0,0.0,0.0
48.34375,0.33719626044552026,0.5264695067375161,1.5,0.0,0.21211620016270027,0.0,0.0,0.0
48.354166666666664,0.3371163728444311,0.5265736382196116,1.5,0.0,0.21085296729731584,0.0,0.0,0.0
48.364583333333336,0.33700674699928457,0.5267253090277119,1.5,0.0,0.2594773983637002,0.0,0.0,0.0
48.375,0.3369034808057946,0.5268684840213023,1.5,0.0,0.2506905655664126,0.0,0.0,0.0
48.385416666666664,0.3367879685413474,0.5270321391868555,1.5,0.0,0.2715468533190054,0.0,0.0,0.0
48.395833333333336,0.336679882926628,0.5271856028025597,1.5,0.0,0.26102423439977157,0.0,0.0,0.0
48.40625,0.33654364104026063,0.5273844761753597,1.5,0.0,0.3072968542356628,0.0,0.0,0.0
48.416666666666664,0.3363932021674613,0.5276072135815386,1.5,0.0,0.33148423915316383,0.0,0.0,0.0
48.427083333333336,0.33625690982102585,0.5278094453199631,1.5,0.0,0.3103861956796038,0.0,0.0,0.0
48.4375,0.3361081812213221,0.5280326602284819,1.5,0.0,0.33159528156240253,0.0,0.0,0.0
48.447916666666664,0.33591343126803974,0.5283297608432744,1.5,0.0,0.4065724668038334,0.0,0.0,0.0
48.458333333333336,0.33572181317258976,0.5286238632419924,1.5,0.0,0.4031817072682108,0.0,0.0,0.0
48.46875,0.3355433241733467,0.5288990208330268,1.5,0.0,0.383616155612368,0.0,0.0,0.0
48.479166666666664,0.3353979318040936,0.5291234381522905,1.5,0.0,0.33186715928183275,0.0,0.0,0.0
48.489583333333336,0.3352317051388447,0.5293818191740207,1.5,0.0,0.36608667774797377,0.0,0.0,0.0
48.5,0.3350535095233844,0.5296602676445274,1.5,0.0,0.3861412532824761,0.0,0.0,0.0
48.510416666666664,0.3349033781121985,0.5298954357163814,1.5,0.0,0.3420809268041529,0.0,0.0,0.0
48.520833333333336,0.3347337499760629,0.5301622927531361,1.5,0.0,0.3738834465431182,0.0,0.0,0.0
48.53125,0.33456889699926456,0.5304224179103451,1.5,0.0,0.36681767182109537,0.0,0.0,0.0
48.541666666666664,0.3343803571094977,0.5307208320597108,1.5,0.0,0.4051609729768135,0.0,0.0,0.0
48.552083333333336,0.33421539044149345,0.5309824955811865,1.5,0.0,0.36781405553562363,0.0,0.0,0.0
48.5625,0.33407002945645214,0.53121344203531,1.5,0.0,0.33664827010606735,0.0,0.0,0.0
48.572916666666664,0.3339086192996356,0.5314702185057876,1.5,0.0,0.3624127724799763,0.0,0.0,0.0
48.583333333333336,0.33376892645623957,0.5316926555876085,1.5,0.0,0.3276752161003283,0.0,0.0,0.0
48.59375,0.3336505386372408,0.5318813138590136,1.5,0.0,0.29358717706466303,0.0,0.0,0.0
48.604166666666664,0.33351877774390215,0.5320914404298119,1.5,0.0,0.3149840960085644,0.0,0.0,0.0
48.614583333333336,0.33340454875458575,0.5322737422840945,1.5,0.0,0.2869330495728908,0.0,0.0,0.0
48.625,0.3332875751263318,0.5324605539011664,1.5,0.0,0.29132447187304245,0.0,0.0,0.0
48.635416666666664,0.3331746920142696,0.5326409571725294,1.5,0.0,0.284779645966174,0.0,0.0,0.0
48.645833333333336,0.333073935210119,0.5328020841624589,1.5,0.0,0.2653775533075868,0.0,0.0,0.0
48.65625,0.3330113137037322,0.5329022755605985,1.5,0.0,0.2043610768855994,0.0,0.0,0.0
48.666666666666664,0.3329445908800043,0.5330090703413831,1.5,0.0,0.21092318463138457,0.0,0.0,0.0
48.677083333333336,0.33289714014761945,0.5330850447722365,1.5,0.0,0.18008783848236323,0.0,0.0,0.0
48.6875,0.33284091460777615,0.5331750967854033,1.5,0.0,0.19412753041592146,0.0,0.0,0.0
48.697916666666664,0.3328087713102845,0.5332265918397062,1.5,0.0,0.15559594265327004,0.0,0.0,0.0
48.708333333333336,0.3327853774851741,0.5332640760877463,1.5,0.0,0.14159678684332344,0.0,0.0,0.0
48.71875,0.33279072042077945,0.533255514564109,1.5,0.0,0.09561796969814232,0.0,0.0,0.0
48.729166666666664,0.33280804170992373,0.5332277608087967,1.5,0.0,0.07645260403585499,0.0,0.0,0.0
48.739583333333336,0.33284410392971026,0.5331699878860394,1.5,0.0,0.046467115008268,0.0,0.0,0.0
48.75,0.3328934741128273,0.5330909154440079,1.5,0.0,0.02517437367939237,0.0,0.0,0.0
48.760416666666664,0.332958578279494,0.5329866789351098,1.5,0.0,0.0,0.0,0.0,0.0
48.770833333333336,0.33302368244616065,0.5328824831814576,1.5,0.0,0.0,0.0,0.0,0.0
48.78125,0.3330887866128273,0.5327783281591537,1.5,0.0,0.0,0.0,0.0,0.0
48.791666666666664,0.333153890779494,0.5326742138443195,1.5,0.0,0.0,0.0,0.0,0.0
48.802083333333336,0.33321899494616064,0.5325701402130946,1.5,0.0,0.0,0.0,0.0,0.0
48.8125,0.3332840991128273,0.5324661072416373,1.5,0.0,0.0,0.0,0.0,0.0
48.822916666666664,0.33334920327949397,0.532362114906125,1.5,0.0,0.0,0.0,0.0,0.0
48.833333333333336,0.33341430744616063,0.5322581631827531,1.5,0.0,0.0,0.0,0.0,0.0
48.84375,0.3334794116128273,0.532154252047736,1.5,0.0,0.0,0.0,0.0,0.0
48.854166666666664,0.33354451577949396,0.5320503814773064,1.5,0.0,0.0,0.0,0.0,0.0
48.864583333333336,0.3336096199461606,0.5319465514477157,1.5,0.0,0.0,0.0,0.0,0.0
48.875,0.3336747241128273,0.5318427619352338,1.5,0.0,0.0,0.0,0.0,0.0
48.885416666666664,0.33373982827949394,0.5317390129161491,1.5,0.0,0.0,0.0,0.0,0.0
48.895833333333336,0.3338049324461606,0.5316353043667685,1.5,0.0,0.0,0.0,0.0,0.0
48.90625,0.33387003661282727,0.5315316362634176,1.5,0.0,0.0,0.0,0.0,0.0
48.916666666666664,0.33393514077949393,0.5314280085824401,1.5,0.0,0.0,0.0,0.0,0.0
48.927083333333336,0.3340002449461606,0.5313244213001982,1.5,0.0,0.0,0.0,0.0,0.0
48.9375,0.3340653491127497,0.5312208743930728,1.5,0.0,0.0,0.0,0.0,0.0
48.947916666666664,0.3341304477579563,0.5311173678357525,1.5,0.0,0.0,0.0,0.0,0.0
48.958333333333336,0.3341955299233513,0.5310139015995553,1.5,0.0,0.0,0.0,0.0,0.0
48.96875,0.3342605846588348,0.5309104756524388,1.5,0.0,0.0,0.0,0.0,0.0
48.979166666666664,0.33432560103000597,0.5308070899590145,1.5,0.0,0.0,0.0,0.0,0.0
48.989583333333336,0.3343905681255134,0.5307037444805632,1.5,0.0,0.0,0.0,0.0,0.0
49.0,0.33445547506437545,0.5306004391750525,1.5,0.0,0.0,0.0,0.0,0.0
49.010416666666664,0.3345203110032607,0.5304971739971569,1.5,0.0,0.0,0.0,0.0,0.0
49.020833333333336,0.33458506514371694,0.5303939488982802,1.5,0.0,0.0,0.0,0.0,0.0
49.03125,0.3346497267393399,0.5302907638265799,1.5,0.0,0.0,0.0,0.0,0.0
49.041666666666664,0.33471428510287077,0.5301876187269934,1.5,0.0,0.0,0.0,0.0,0.0
49.052083333333336,0.33477872961321264,0.5300845135412663,1.5,0.0,0.0,0.0,0.0,0.0
49.0625,0.3348430497223566,0.5299814482079837,1.5,0.0,0.0,0.0,0.0,0.0
49.072916666666664,0.33490723496220764,0.5298784226626015,1.5,0.0,0.0,0.0,0.0,0.0
49.083333333333336,0.3349712749513009,0.5297754368374822,1.5,0.0,0.0,0.0,0.0,0.0
49.09375,0.33503515940139994,0.5296724906619305,1.5,0.0,0.0,0.0,0.0,0.0
49.104166666666664,0.33509887812396755,0.5295695840622311,1.5,0.0,0.0,0.0,0.0,0.0
49.114583333333336,0.3351624210365011,0.5294667169616899,1.5,0.0,0.0,0.0,0.0,0.0
49.125,0.33522577816872423,0.529363889280675,1.5,0.0,0.0,0.0,0.0,0.0
49.135416666666664,0.33528893966862683,0.52926110093666,1.5,0.0,0.0,0.0,0.0,0.0
49.145833333333336,0.3353518958083464,0.5291583518442701,1.5,0.0,0.0,0.0,0.0,0.0
49.15625,0.3354146369898832,0.5290556419153274,1.5,0.0,0.0,0.0,0.0,0.0
49.166666666666664,0.33547715375064285,0.5289529710589006,1.5,0.0,0.0,0.0,0.0,0.0
49.177083333333336,0.33553943676879966,0.5288503391813536,1.5,0.0,0.0,0.0,0.0,0.0
49.1875,0.3356014768684752,0.528747746186397,1.5,0.0,0.0,0.0,0.0,0.0
49.197916666666664,0.33566326502472643,0.5286451919751406,1.5,0.0,0.0,0.0,0.0,0.0
49.208333333333336,0.3357247923683384,0.5285426764461472,1.5,0.0,0.0,0.0,0.0,0.0
49.21875,0.3357860501904166,0.5284401994954868,1.5,0.0,0.0,0.0,0.0,0.0
49.229166666666664,0.33584702994677484,0.5283377610167939,1.5,0.0,0.0,0.0,0.0,0.0
49.239583333333336,0.3359077232621155,0.5282353609013232,1.5,0.0,0.0,0.0,0.0,0.0
49.25,0.33596812193399733,0.5281329990380089,1.5,0.0,0.0,0.0,0.0,0.0
49.260416666666664,0.33602821793658966,0.5280306753135231,1.5,0.0,0.0,0.0,0.0,0.0
49.270833333333336,0.3360730614355483,0.5279518615918445,1.5,0.0,0.023907181857139005,0.0,0.0,0.0
49.28125,0.33610253203710166,0.527896840860638,1.5,0.0,0.04812335387734003,0.0,0.0,0.0
49.291666666666664,0.33612033375587674,0.5278599055643097,1.5,0.0,0.06653899953676716,0.0,0.0,0.0
49.302083333333336,0.33610940305133125,0.5278679432847684,1.5,0.0,0.11235536490818115,0.0,0.0,0.0
49.3125,0.3360850909953671,0.5278970928536673,1.5,0.0,0.13386117080307133,0.0,0.0,0.0
49.322916666666664,0.33605616919472325,0.5279336949189968,1.5,0.0,0.141447720192496,0.0,0.0,0.0
49.333333333333336,0.3360180167055348,0.5279850497508315,1.5,0.0,0.15646459394800108,0.0,0.0,0.0
49.34375,0.33596859773860244,0.5280544385871058,1.5,0.0,0.1748125155453188,0.0,0.0,0.0
49.354166666666664,0.3358756205697023,0.5281927372362816,1.5,0.0,0.24491319951323198,0.0,0.0,0.0
49.364583333333336,0.3357741780276632,0.5283451573834819,1.5,0.0,0.2591971955870862,0.0,0.0,0.0
49.375,0.3356709729466064,0.5285011960950073,1.5,0.0,0.26278317826532804,0.0,0.0,0.0
49.385416666666664,0.3355648090743635,0.5286627142742827,1.5,0.0,0.26825278004867215,0.0,0.0,0.0
49.395833333333336,0.3354688420595947,0.5288089588216774,1.5,0.0,0.2526484495422142,0.0,0.0,0.0
49.40625,0.335360589267725,0.5289752572504612,1.5,0.0,0.2729079503105486,0.0,0.0,0.0
49.416666666666664,0.3352247001583759,0.529185909652476,1.5,0.0,0.31775968398889937,0.0,0.0,0.0
49.427083333333336,0.33507960378652385,0.5294119954249336,1.5,0.0,0.3332180595325487,0.0,0.0,0.0
49.4375,0.33493402037135045,0.5296397292352173,1.5,0.0,0.33468898595504226,0.0,0.0,0.0
49.447916666666664,0.33480856839092077,0.529836399678018,1.5,0.0,0.30308512618331296,0.0,0.0,0.0
49.458333333333336,0.33463737692780093,0.5301061113327252,1.5,0.0,0.37672053639082975,0.0,0.0,0.0
49.46875,0.3345051039199112,0.5303148982542059,1.5,0.0,0.3149630770423534,0.0,0.0,0.0
49.479166666666664,0.3343038577914604,0.5306336169450391,1.5,0.0,0.42563268844814034,0.0,0.0,0.0
49.489583333333336,0.3341411267620616,0.5308918527715831,1.5,0.0,0.36434531286259964,0.0,0.0,0.0
49.5,0.33399224142904754,0.5311284700624077,1.5,0.0,0.3423419979648626,0.0,0.0,0.0
49.510416666666664,0.3338510550403166,0.5313530855294196,1.5,0.0,0.33006488863615685,0.0,0.0,0.0
49.520833333333336,0.3336622934174755,0.5316536860848461,1.5,0.0,0.40618526321244286,0.0,0.0,0.0
49.53125,0.33348139895005413,0.5319420776134283,1.5,0.0,0.39359781454083637,0.0,0.0,0.0
49.541666666666664,0.3332790230022345,0.5322650870881094,1.5,0.0,0.4279681831780385,0.0,0.0,0.0
49.552083333333336,0.33310651593058394,0.5325407331266112,1.5,0.0,0.380177981307569,0.0,0.0,0.0
49.5625,0.33293852317013384,0.5328094403550756,1.5,0.0,0.37295508338680233,0.0,0.0,0.0
49.572916666666664,0.33280196509839277,0.5330280671584324,1.5,0.0,0.32265958145235907,0.0,0.0,0.0
49.583333333333336,0.33266350188445226,0.5332499273230769,1.5,0.0,0.3257078089714955,0.0,0.0,0.0
49.59375,0.3325021434463746,0.5335087057311979,1.5,0.0,0.36234016759096455,0.0,0.0,0.0
49.604166666666664,0.3323921862743539,0.5336851933592259,1.5,0.0,0.2800981418997116,0.0,0.0,0.0
49.614583333333336,0.33227201767444114,0.533878204503917,1.5,0.0,0.29643642652706836,0.0,0.0,0.0
49.625,0.3321330773112672,0.5341015403794791,1.5,0.0,0.3264712477449784,0.0,0.0,0.0
49.635416666666664,0.3320184100150613,0.5342859999687287,1.5,0.0,0.2876343405960123,0.0,0.0,0.0
49.645833333333336,0.3319466208934415,0.5344015484341064,1.5,0.0,0.2190292612584074,0.0,0.0,0.0
49.65625,0.3318664391978709,0.5345306642988277,1.5,0.0,0.23245737957963716,0.0,0.0,0.0
49.666666666666664,0.33181294069620215,0.5346168471631125,1.5,0.0,0.1897642693366869,0.0,0.0,0.0
49.677083333333336,0.33176240040348914,0.534698290062947,1.5,0.0,0.18503113500750384,0.0,0.0,0.0
49.6875,0.3317345687641162,0.5347431498134331,1.5,0.0,0.14869728966330145,0.0,0.0,0.0
49.697916666666664,0.3316982932743676,0.5348016308790355,1.5,0.0,0.16220745026444705,0.0,0.0,0.0
49.708333333333336,0.3316880407381788,0.5348181616923329,1.5,0.0,0.12057072456877639,0.0,0.0,0.0
49.71875,0.33169104582525666,0.5348133162942827,1.5,0.0,0.09935852734209345,0.0,0.0,0.0
49.729166666666664,0.3317070155391125,0.5347875682237644,1.5,0.0,0.07861512449729847,0.0,0.0,0.0
49.739583333333336,0.33174340847195427,0.534728900929832,1.5,0.0,0.04593797411983495,0.0,0.0,0.0
49.75,0.33179248449861976,0.5346498082106571,1.5,0.0,0.025645024001867845,0.0,0.0,0.0
49.760416666666664,0.3318575886652864,0.5345449200555842,1.5,0.0,0.0,0.0,0.0,0.0
49.770833333333336,0.3319226928319531,0.5344400730465738,1.5,0.0,0.0,0.0,0.0,0.0
49.78125,0.33198779699861974,0.5343352671594191,1.5,0.0,0.0,0.0,0.0,0.0
49.791666666666664,0.3320529011652864,0.5342305023699324,1.5,0.0,0.0,0.0,0.0,0.0
49.802083333333336,0.33211800533195307,0.534125778653945,1.5,0.0,0.0,0.0,0.0,0.0
49.8125,0.33218310949861973,0.5340210959873068,1.5,0.0,0.0,0.0,0.0,0.0
49.822916666666664,0.3322482136652864,0.5339164543458873,1.5,0.0,0.0,0.0,0.0,0.0
49.833333333333336,0.33231331783195306,0.5338118537055742,1.5,0.0,0.0,0.0,0.0,0.0
49.84375,0.3323784219986197,0.5337072940422745,1.5,0.0,0.0,0.0,0.0,0.0
49.854166666666664,0.3324435261652864,0.5336027753319139,1.5,0.0,0.0,0.0,0.0,0.0
49.864583333333336,0.33250863033195305,0.5334982975504371,1.5,0.0,0.0,0.0,0.0,0.0
49.875,0.3325737344986197,0.5333938606738075,1.5,0.0,0.0,0.0,0.0,0.0
49.885416666666664,0.3326388386652864,0.5332894646780072,1.5,0.0,0.0,0.0,0.0,0.0
49.895833333333336,0.33270394283195304,0.5331851095390375,1.5,0.0,0.0,0.0,0.0,0.0
49.90625,0.3327690469986197,0.5330807952329183,1.5,0.0,0.0,0.0,0.0,0.0
49.916666666666664,0.33283415116528636,0.5329765217356881,1.5,0.0,0.0,0.0,0.0,0.0
49.927083333333336,0.332899255331953,0.5328722890234043,1.5,0.0,0.0,0.0,0.0,0.0
49.9375,0.3329643594986197,0.5327680970721431,1.5,0.0,0.0,0.0,0.0,0.0
49.947916666666664,0.33302946366528635,0.532663945857999,1.5,0.0,0.0,0.0,0.0,0.0
49.958333333333336,0.333094567831953,0.5325598353570858,1.5,0.0,0.0,0.0,0.0,0.0
49.96875,0.3331596719986197,0.5324557655455355,1.5,0.0,0.0,0.0,0.0,0.0
49.979166666666664,0.33322477616528634,0.5323517363994988,1.5,0.0,0.0,0.0,0.0,0.0
49.989583333333336,0.333289880331953,0.5322477478951454,1.5,0.0,0.0,0.0,0.0,0.0
50.0,0.33335498449861967,0.5321438000086633,1.5,0.0,0.0,0.0,0.0,0.0
50.010416666666664,0.33342008866528633,0.5320398927162592,1.5,0.0,0.0,0.0,0.0,0.0
50.020833333333336,0.333485192831953,0.531936025994158,1.5,0.0,0.0,0.0,0.0,0.0
50.03125,0.33355029699861966,0.5318321998186039,1.5,0.0,0.0,0.0,0.0,0.0
50.041666666666664,0.3336154011652863,0.531728414165859,1.5,0.0,0.0,0.0,0.0,0.0
50.052083333333336,0.333680505331953,0.5316246690122042,1.5,0.0,0.0,0.0,0.0,0.0
50.0625,0.33374560949861964,0.531520964333939,1.5,0.0,0.0,0.0,0.0,0.0
50.072916666666664,0.3338107136652863,0.5314173001073812,1.5,0.0,0.0,0.0,0.0,0.0
50.083333333333336,0.33387581783195297,0.5313136763088672,1.5,0.0,0.0,0.0,0.0,0.0
50.09375,0.33394092199861963,0.5312100929147515,1.5,0.0,0.0,0.0,0.0,0.0
50.104166666666664,0.3340060261652863,0.5311065499014078,1.5,0.0,0.0,0.0,0.0,0.0
50.114583333333336,0.3340711302850007,0.5310030472452129,1.5,0.0,0.0,0.0,0.0,0.0
50.125,0.33413622791007247,0.5308995849205659,1.5,0.0,0.0,0.0,0.0,0.0
50.135416666666664,0.33420130808251375,0.5307961628984972,1.5,0.0,0.0,0.0,0.0,0.0
50.145833333333336,0.33426635985332076,0.5306927811466796,1.5,0.0,0.0,0.0,0.0,0.0
50.15625,0.33433137228984244,0.5305894396294422,1.5,0.0,0.0,0.0,0.0,0.0
50.166666666666664,0.3343963344831286,0.5304861383077856,1.5,0.0,0.0,0.0,0.0,0.0
50.177083333333336,0.33446123555524715,0.5303828771394012,1.5,0.0,0.0,0.0,0.0,0.0
50.1875,0.3345260646665602,0.5302796560786901,1.5,0.0,0.0,0.0,0.0,0.0
50.197916666666664,0.3345908110229484,0.530176475076786,1.5,0.0,0.0,0.0,0.0,0.0
50.208333333333336,0.3346554638829736,0.5300733340815796,1.5,0.0,0.0,0.0,0.0,0.0
50.21875,0.33472001256496964,0.5299702330377455,1.5,0.0,0.0,0.0,0.0,0.0
50.229166666666664,0.334784446454051,0.5298671718867705,1.5,0.0,0.0,0.0,0.0,0.0
50.239583333333336,0.3348487550090305,0.5297641505669846,1.5,0.0,0.0,0.0,0.0,0.0
50.25,0.3349129277692359,0.5296611690135932,1.5,0.0,0.0,0.0,0.0,0.0
50.260416666666664,0.334976954361216,0.5295582271587121,1.5,0.0,0.0,0.0,0.0,0.0
50.270833333333336,0.33502735780150467,0.5294766068293818,1.5,0.0,0.02154672611694636,0.0,0.0,0.0
50.28125,0.3350629046321308,0.529418278199816,1.5,0.0,0.04510831419269148,0.0,0.0,0.0
50.291666666666664,0.3350754595579137,0.5293961335394843,1.5,0.0,0.08174165402786122,0.0,0.0,0.0
50.302083333333336,0.3350713827811874,0.5294002119573987,1.5,0.0,0.10829684002784723,0.0,0.0,0.0
50.3125,0.3350468737037411,0.5294365932151313,1.5,0.0,0.1410066267251019,0.0,0.0,0.0
50.322916666666664,0.3350185765626679,0.5294790724772477,1.5,0.0,0.14717492747843494,0.0,0.0,0.0
50.333333333333336,0.3349687777975989,0.5295556681378653,1.5,0.0,0.1816984329789921,0.0,0.0,0.0
50.34375,0.33490046051404426,0.5296617749310835,1.5,0.0,0.2115327958215002,0.0,0.0,0.0
50.354166666666664,0.33481190003228867,0.5298002163488071,1.5,0.0,0.24418608677233838,0.0,0.0,0.0
50.364583333333336,0.33474037869494117,0.5299120656714272,1.5,0.0,0.2172371666937378,0.0,0.0,0.0
50.375,0.33463756990162,0.530073745228599,1.5,0.0,0.2675267639196231,0.0,0.0,0.0
50.385416666666664,0.3345389614528208,0.5302291566011458,1.5,0.0,0.2610992735358849,0.0,0.0,0.0
50.395833333333336,0.33440034771132987,0.5304483486863565,1.5,0.0,0.32534774235062025,0.0,0.0,0.0
50.40625,0.33425127816024613,0.5306845894381972,1.5,0.0,0.3423463829820161,0.0,0.0,0.0
50.416666666666664,0.3340988305579745,0.5309266084536158,1.5,0.0,0.3479522120046867,0.0,0.0,0.0
50.427083333333336,0.3339613308828708,0.5311451832541332,1.5,0.0,0.32414594098737526,0.0,0.0,0.0
50.4375,0.33379376584944437,0.5314118190319458,1.5,0.0,0.3722707201489235,0.0,0.0,0.0
50.447916666666664,0.3336382086803634,0.5316595871713077,1.5,0.0,0.3530581371961398,0.0,0.0,0.0
50.458333333333336,0.3334612221694587,0.5319417686336988,1.5,0.0,0.3873450841141826,0.0,0.0,0.0
50.46875,0.33327712468036974,0.5322356056140825,1.5,0.0,0.39872264920905126,0.0,0.0,0.0
50.479166666666664,0.3330827231620645,0.5325462413890192,1.5,0.0,0.4152090959550553,0.0,0.0,0.0
50.489583333333336,0.33293407982035694,0.53278400453113,1.5,0.0,0.34199601339878566,0.0,0.0,0.0
50.5,0.3327308218660343,0.5331094705827855,1.5,0.0,0.4293793935828498,0.0,0.0,0.0
50.510416666666664,0.33258196373466614,0.5333480814765167,1.5,0.0,0.34233967685573624,0.0,0.0,0.0
50.520833333333336,0.33239970727933016,0.5336405189506223,1.5,0.0,0.39577699520428017,0.0,0.0,0.0
50.53125,0.33219734357975056,0.5339655952095012,1.5,0.0,0.4279485859940342,0.0,0.0,0.0
50.541666666666664,0.33200197479899307,0.534279810832362,1.5,0.0,0.4167567158786725,0.0,0.0,0.0
50.552083333333336,0.3318276940147034,0.5345604224453816,1.5,0.0,0.38301592153015773,0.0,0.0,0.0
50.5625,0.33164221012964706,0.5348593962820164,1.5,0.0,0.40094088275685663,0.0,0.0,0.0
50.572916666666664,0.3314683134029207,0.5351399971554978,1.5,0.0,0.3824014294288653,0.0,0.0,0.0
50.583333333333336,0.33130025655040285,0.5354114546681323,1.5,0.0,0.37305763069522474,0.0,0.0,0.0
50.59375,0.33118567815639083,0.5355966878731219,1.5,0.0,0.28749209708588186,0.0,0.0,0.0
50.604166666666664,0.33105541129467114,0.5358074396001631,1.5,0.0,0.31259364541815726,0.0,0.0,0.0
50.614583333333336,0.33094509352832563,0.5359860465083297,1.5,0.0,0.2806750928195125,0.0,0.0,0.0
50.625,0.3308206487571782,0.5361876683271204,1.5,0.0,0.3032783005025483,0.0,0.0,0.0
50.635416666666664,0.33072076431743963,0.5363496079771938,1.5,0.0,0.2639817702484104,0.0,0.0,0.0
50.645833333333336,0.33061048367061774,0.5365285163440239,1.5,0.0,0.2806157015817214,0.0,0.0,0.0
50.65625,0.33050854459648177,0.536693998359838,1.5,0.0,0.26726918528418453,0.0,0.0,0.0
50.666666666666664,0.3304506381581494,0.5367880458039361,1.5,0.0,0.1968169679984247,0.0,0.0,0.0
50.677083333333336,0.3304031068751073,0.5368652673070268,1.5,0.0,0.18021671953403595,0.0,0.0,0.0
50.6875,0.3303750937105084,0.5369107891862085,1.5,0.0,0.14898773002497465,0.0,0.0,0.0
50.697916666666664,0.3303537215728389,0.5369455244731249,1.5,0.0,0.13836208693788335,0.0,0.0,0.0
50.708333333333336,0.33034110376016235,0.5369660338132227,1.5,0.0,0.12435516694913162,0.0,0.0,0.0
50.71875,0.3303525474773973,0.53694743281407,1.5,0.0,0.08585671909075392,0.0,0.0,0.0
50.729166666666664,0.3303708686238285,0.5369176556954535,1.5,0.0,0.07485283237678608,0.0,0.0,0.0
50.739583333333336,0.3304005229221069,0.5368694659523741,1.5,0.0,0.056719789421159045,0.0,0.0,0.0
50.75,0.3304490707326497,0.5367905919611068,1.5,0.0,0.026490169798252697,0.0,0.0,0.0
50.760416666666664,0.33051417489931634,0.5366848557875378,1.5,0.0,0.0,0.0,0.0,0.0
50.770833333333336,0.330579279065983,0.5365791612612584,1.5,0.0,0.0,0.0,0.0,0.0
50.78125,0.33064438323264966,0.5364735083576674,1.5,0.0,0.0,0.0,0.0,0.0
50.791666666666664,0.3307094873993163,0.5363678970521828,1.5,0.0,0.0,0.0,0.0,0.0
50.802083333333336,0.330774591565983,0.5362623273202423,1.5,0.0,0.0,0.0,0.0,0.0
50.8125,0.33083969573264965,0.5361567991373027,1.5,0.0,0.0,0.0,0.0,0.0
50.822916666666664,0.3309047998993163,0.5360513124788405,1.5,0.0,0.0,0.0,0.0,0.0
50.833333333333336,0.330969904065983,0.5359458673203511,1.5,0.0,0.0,0.0,0.0,0.0
50.84375,0.33103500823264964,0.535840463637349,1.5,0.0,0.0,0.0,0.0,0.0
50.854166666666664,0.3311001123993163,0.5357351014053685,1.5,0.0,0.0,0.0,0.0,0.0
50.864583333333336,0.33116521656598297,0.5356297805999629,1.5,0.0,0.0,0.0,0.0,0.0
50.875,0.33123032073264963,0.5355245011967045,1.5,0.0,0.0,0.0,0.0,0.0
50.885416666666664,0.3312954248993163,0.5354192631711852,1.5,0.0,0.0,0.0,0.0,0.0
50.895833333333336,0.33136052906598296,0.5353140664990158,1.5,0.0,0.0,0.0,0.0,0.0
50.90625,0.3314256332326496,0.5352089111558264,1.5,0.0,0.0,0.0,0.0,0.0
50.916666666666664,0.3314907373993163,0.535103797117266,1.5,0.0,0.0,0.0,0.0,0.0
50.927083333333336,0.33155584156598294,0.5349987243590032,1.5,0.0,0.0,0.0,0.0,0.0
50.9375,0.3316209457326496,0.5348936928567253,1.5,0.0,0.0,0.0,0.0,0.0
50.947916666666664,0.33168604989931627,0.5347887025861388,1.5,0.0,0.0,0.0,0.0,0.0
50.958333333333336,0.33175115406598293,0.5346837535229694,1.5,0.0,0.0,0.0,0.0,0.0
50.96875,0.3318162582326496,0.5345788456429615,1.5,0.0,0.0,0.0,0.0,0.0
50.979166666666664,0.33188136239931626,0.5344739789218791,1.5,0.0,0.0,0.0,0.0,0.0
50.989583333333336,0.3319464665659829,0.5343691533355045,1.5,0.0,0.0,0.0,0.0,0.0
51.0,0.3320115707326496,0.5342643688596397,1.5,0.0,0.0,0.0,0.0,0.0
51.010416666666664,0.33207667489931625,0.5341596254701052,1.5,0.0,0.0,0.0,0.0,0.0
51.020833333333336,0.3321417790659829,0.5340549231427406,1.5,0.0,0.0,0.0,0.0,0.0
51.03125,0.3322068832326496,0.5339502618534046,1.5,0.0,0.0,0.0,0.0,0.0
51.041666666666664,0.33227198739931624,0.5338456415779745,1.5,0.0,0.0,0.0,0.0,0.0
51.052083333333336,0.3323370915659829,0.5337410622923469,1.5,0.0,0.0,0.0,0.0,0.0
51.0625,0.33240219573264956,0.5336365239724367,1.5,0.0,0.0,0.0,0.0,0.0
51.072916666666664,0.3324672998993162,0.5335320265941783,1.5,0.0,0.0,0.0,0.0,0.0
51.083333333333336,0.3325324040659829,0.5334275701335247,1.5,0.0,0.0,0.0,0.0,0.0
51.09375,0.33259750823264955,0.5333231545664475,1.5,0.0,0.0,0.0,0.0,0.0
51.104166666666664,0.3326626123993162,0.5332187798689374,1.5,0.0,0.0,0.0,0.0,0.0
51.114583333333336,0.3327277165659829,0.5331144460170039,1.5,0.0,0.0,0.0,0.0,0.0
51.125,0.33279282073264954,0.5330101529866751,1.5,0.0,0.0,0.0,0.0,0.0
51.135416666666664,0.3328579248993162,0.5329059007539977,1.5,0.0,0.0,0.0,0.0,0.0
51.145833333333336,0.33292302906598287,0.5328016892950377,1.5,0.0,0.0,0.0,0.0,0.0
51.15625,0.33298813323264953,0.5326975185858794,1.5,0.0,0.0,0.0,0.0,0.0
51.166666666666664,0.3330532373993162,0.5325933886026261,1.5,0.0,0.0,0.0,0.0,0.0
51.177083333333336,0.33311834156598286,0.532489299321399,1.5,0.0,0.0,0.0,0.0,0.0
51.1875,0.3331834457326495,0.5323852507183388,1.5,0.0,0.0,0.0,0.0,0.0
51.197916666666664,0.3332485498993162,0.5322812427696048,1.5,0.0,0.0,0.0,0.0,0.0
51.208333333333336,0.33331365406598285,0.5321772754513743,1.5,0.0,0.0,0.0,0.0,0.0
51.21875,0.3333787582326495,0.5320733487398439,1.5,0.0,0.0,0.0,0.0,0.0
51.229166666666664,0.33344386239931617,0.5319694626112286,1.5,0.0,0.0,0.0,0.0,0.0
51.239583333333336,0.33350896656598283,0.5318656170417615,1.5,0.0,0.0,0.0,0.0,0.0
51.25,0.3335740707326495,0.5317618120076948,1.5,0.0,0.0,0.0,0.0,0.0
51.260416666666664,0.33363917489931616,0.5316580474852991,1.5,0.0,0.0,0.0,0.0,0.0
51.270833333333336,0.3336903132364899,0.5315765704168468,1.5,0.0,0.022345327188698482,0.0,0.0,0.0
51.28125,0.3337206343651212,0.5315282725296046,1.5,0.0,0.05565286085650949,0.0,0.0,0.0
51.291666666666664,0.33373777299955454,0.5315009766419619,1.5,0.0,0.07674485157334267,0.0,0.0,0.0
51.302083333333336,0.3337385688178681,0.5314997092481082,1.5,0.0,0.10289335736495472,0.0,0.0,0.0
51.3125,0.33372144694313,0.531526978311959,1.5,0.0,0.13156166624766907,0.0,0.0,0.0
51.322916666666664,0.3337053832374552,0.531552564632608,1.5,0.0,0.1298685957463634,0.0,0.0,0.0
51.333333333333336,0.33366218138599574,0.5316213888992504,1.5,0.0,0.17328962900176526,0.0,0.0,0.0
51.34375,0.3336201765454402,0.5316883233152316,1.5,0.0,0.1713744115555596,0.0,0.0,0.0
51.354166666666664,0.33355790086738846,0.5317875901914187,1.5,0.0,0.20380775154943157,0.0,0.0,0.0
51.364583333333336,0.3334641155667169,0.5319371530880282,1.5,0.0,0.25422314774114096,0.0,0.0,0.0
51.375,0.3333635272224938,0.5320976585815527,1.5,0.0,0.2651080174236573,0.0,0.0,0.0
51.385416666666664,0.3332646995540368,0.5322554489837747,1.5,0.0,0.2622909361978244,0.0,0.0,0.0
51.395833333333336,0.3331669368148109,0.5324116312002877,1.5,0.0,0.26058704942807737,0.0,0.0,0.0
51.40625,0.3330662358863934,0.5325726032226227,1.5,0.0,0.265288152134665,0.0,0.0,0.0
51.416666666666664,0.3329145706245706,0.5328152263170577,1.5,0.0,0.34683108558317643,0.0,0.0,0.0
51.427083333333336,0.3327411256691856,0.5330929620882856,1.5,0.0,0.3816785952825685,0.0,0.0,0.0
51.4375,0.3325816537645995,0.5333485785632877,1.5,0.0,0.35932171400442936,0.0,0.0,0.0
51.447916666666664,0.332393423926018,0.5336506065506795,1.5,0.0,0.40533440839711843,0.0,0.0,0.0
51.458333333333336,0.3322051376345034,0.5339530675372477,1.5,0.0,0.4054247330900521,0.0,0.0,0.0
51.46875,0.3320395848396809,0.5342192930918831,1.5,0.0,0.36905113838263215,0.0,0.0,0.0
51.479166666666664,0.33187734729812357,0.5344804450670609,1.5,0.0,0.363746733158396,0.0,0.0,0.0
51.489583333333336,0.3316858668066477,0.5347889977928404,1.5,0.0,0.41053545302811845,0.0,0.0,0.0
51.5,0.3315222687660917,0.5350529029370572,1.5,0.0,0.36592353155627394,0.0,0.0,0.0
51.510416666666664,0.3313125662448718,0.5353915618174119,1.5,0.0,0.43969070061846843,0.0,0.0,0.0
51.520833333333336,0.33111996492122114,0.5357029810442832,1.5,0.0,0.41232878450771976,0.0,0.0,0.0
51.53125,0.33096774604240436,0.5359493618718062,1.5,0.0,0.3477168727734733,0.0,0.0,0.0
51.541666666666664,0.33078125341958475,0.5362515271280313,1.5,0.0,0.4025548631780688,0.0,0.0,0.0
51.552083333333336,0.330623564821597,0.5365072885451803,1.5,0.0,0.3564684234471242,0.0,0.0,0.0
51.5625,0.3304659869533383,0.536763114191909,1.5,0.0,0.3562912558806399,0.0,0.0,0.0
51.572916666666664,0.33033092886739496,0.5369825735051992,1.5,0.0,0.3202596041760375,0.0,0.0,0.0
51.583333333333336,0.3302054579211907,0.5371866152918403,1.5,0.0,0.3049201805934297,0.0,0.0,0.0
51.59375,0.3300429078143458,0.5374511861692743,1.5,0.0,0.36424683761853277,0.0,0.0,0.0
51.604166666666664,0.32992658725653984,0.5376406726313644,1.5,0.0,0.29027955915621817,0.0,0.0,0.0
51.614583333333336,0.32979187791529985,0.5378602814989077,1.5,0.0,0.3197016126506638,0.0,0.0,0.0
51.625,0.32967141335335554,0.5380568199325527,1.5,0.0,0.2969099657775287,0.0,0.0,0.0
51.635416666666664,0.3295693643034184,0.5382234257923005,1.5,0.0,0.2674451465660913,0.0,0.0,0.0
51.645833333333336,0.3294871730322007,0.5383576867626377,1.5,0.0,0.2356727006149529,0.0,0.0,0.0
51.65625,0.32940530221034525,0.5384914908816719,1.5,0.0,0.23515998163543414,0.0,0.0,0.0
51.666666666666664,0.3293496151563388,0.5385825400384184,1.5,0.0,0.19326595307695146,0.0,0.0,0.0
51.677083333333336,0.32931088979409934,0.5386458747309695,1.5,0.0,0.1661272462498107,0.0,0.0,0.0
51.6875,0.32928057138495354,0.5386954703871787,1.5,0.0,0.1526761212999311,0.0,0.0,0.0
51.697916666666664,0.32926096369431185,0.5387275500300702,1.5,0.0,0.13553897169332518,0.0,0.0,0.0
51.708333333333336,0.3292391298777842,0.5387632762770996,1.5,0.0,0.13910077311090224,0.0,0.0,0.0
51.71875,0.3292446748724662,0.5387542026618529,1.5,0.0,0.09529467517538091,0.0,0.0,0.0
51.729166666666664,0.3292647666816402,0.5387213277607797,1.5,0.0,0.07201977198831767,0.0,0.0,0.0
51.739583333333336,0.32930164935850925,0.5386609895125718,1.5,0.0,0.04515438367610865,0.0,0.0,0.0
51.75,0.32934999687106054,0.5385819158244018,1.5,0.0,0.026810646584599685,0.0,0.0,0.0
51.760416666666664,0.3294151010377272,0.5384754728389375,1.5,0.0,0.0,0.0,0.0,0.0
51.770833333333336,0.32948020520439386,0.5383690719190162,1.5,0.0,0.0,0.0,0.0,0.0
51.78125,0.3295453093710605,0.5382627130397069,1.5,0.0,0.0,0.0,0.0,0.0
51.791666666666664,0.3296104135377272,0.5381563961760979,1.5,0.0,0.0,0.0,0.0,0.0
51.802083333333336,0.32967551770439385,0.5380501213032977,1.5,0.0,0.0,0.0,0.0,0.0
51.8125,0.3297406218710605,0.5379438883964341,1.5,0.0,0.0,0.0,0.0,0.0
51.822916666666664,0.3298057260377272,0.537837697430655,1.5,0.0,0.0,0.0,0.0,0.0
51.833333333333336,0.32987083020439384,0.5377315483811272,1.5,0.0,0.0,0.0,0.0,0.0
51.84375,0.3299359343710605,0.5376254412230377,1.5,0.0,0.0,0.0,0.0,0.0
51.854166666666664,0.33000103853772716,0.5375193759315928,1.5,0.0,0.0,0.0,0.0,0.0
51.864583333333336,0.33006614270439383,0.5374133524820184,1.5,0.0,0.0,0.0,0.0,0.0
51.875,0.3301312468710605,0.53730737084956,1.5,0.0,0.0,0.0,0.0,0.0
51.885416666666664,0.33019635103772715,0.5372014310094828,1.5,0.0,0.0,0.0,0.0,0.0
51.895833333333336,0.3302614552043938,0.5370955329370711,1.5,0.0,0.0,0.0,0.0,0.0
51.90625,0.3303265593710605,0.536989676607629,1.5,0.0,0.0,0.0,0.0,0.0
51.916666666666664,0.33039166353772714,0.53688386199648,1.5,0.0,0.0,0.0,0.0,0.0
51.927083333333336,0.3304567677043938,0.5367780890789668,1.5,0.0,0.0,0.0,0.0,0.0
51.9375,0.33052187187106047,0.5366723578304519,1.5,0.0,0.0,0.0,0.0,0.0
51.947916666666664,0.33058697603772713,0.5365666682263169,1.5,0.0,0.0,0.0,0.0,0.0
51.958333333333336,0.3306520802043938,0.5364610202419632,1.5,0.0,0.0,0.0,0.0,0.0
51.96875,0.33071718437106046,0.536355413852811,1.5,0.0,0.0,0.0,0.0,0.0
51.979166666666664,0.3307822885377271,0.5362498490343003,1.5,0.0,0.0,0.0,0.0,0.0
51.989583333333336,0.3308473927043938,0.5361443257618903,1.5,0.0,0.0,0.0,0.0,0.0
52.0,0.33091249687106045,0.5360388440110594,1.5,0.0,0.0,0.0,0.0,0.0
52.010416666666664,0.3309776010377271,0.5359334037573054,1.5,0.0,0.0,0.0,0.0,0.0
52.020833333333336,0.3310427052043938,0.5358280049761454,1.5,0.0,0.0,0.0,0.0,0.0
52.03125,0.33110780937106044,0.5357226476431157,1.5,0.0,0.0,0.0,0.0,0.0
52.041666666666664,0.3311729135377271,0.5356173317337719,1.5,0.0,0.0,0.0,0.0,0.0
52.052083333333336,0.33123801770439376,0.5355120572236887,1.5,0.0,0.0,0.0,0.0,0.0
52.0625,0.3313031218710604,0.5354068240884602,1.5,0.0,0.0,0.0,0.0,0.0
52.072916666666664,0.3313682260377271,0.5353016323036994,1.5,0.0,0.0,0.0,0.0,0.0
52.083333333333336,0.33143333020439375,0.5351964818450387,1.5,0.0,0.0,0.0,0.0,0.0
52.09375,0.3314984343710604,0.5350913726881296,1.5,0.0,0.0,0.0,0.0,0.0
52.104166666666664,0.3315635385377271,0.5349863048086425,1.5,0.0,0.0,0.0,0.0,0.0
52.114583333333336,0.33162864270439374,0.5348812781822673,1.5,0.0,0.0,0.0,0.0,0.0
52.125,0.3316937468710604,0.5347762927847125,1.5,0.0,0.0,0.0,0.0,0.0
52.135416666666664,0.33175885103772706,0.5346713485917063,1.5,0.0,0.0,0.0,0.0,0.0
52.145833333333336,0.33182395520439373,0.5345664455789954,1.5,0.0,0.0,0.0,0.0,0.0
52.15625,0.3318890593710604,0.5344615837223456,1.5,0.0,0.0,0.0,0.0,0.0
52.166666666666664,0.33195416353772705,0.5343567629975421,1.5,0.0,0.0,0.0,0.0,0.0
52.177083333333336,0.3320192677043937,0.5342519833803886,1.5,0.0,0.0,0.0,0.0,0.0
52.1875,0.3320843718710604,0.5341472448467081,1.5,0.0,0.0,0.0,0.0,0.0
52.197916666666664,0.33214947603772704,0.5340425473723424,1.5,0.0,0.0,0.0,0.0,0.0
52.208333333333336,0.3322145802043937,0.5339378909331522,1.5,0.0,0.0,0.0,0.0,0.0
52.21875,0.33227968437106037,0.5338332755050176,1.5,0.0,0.0,0.0,0.0,0.0
52.229166666666664,0.33234478853772703,0.5337287010638367,1.5,0.0,0.0,0.0,0.0,0.0
52.239583333333336,0.3324098927043937,0.5336241675855273,1.5,0.0,0.0,0.0,0.0,0.0
52.25,0.33247499687106036,0.5335196750460257,1.5,0.0,0.0,0.0,0.0,0.0
52.260416666666664,0.332540101037727,0.5334152234212871,1.5,0.0,0.0,0.0,0.0,0.0
52.270833333333336,0.3325872527736364,0.5333395997961029,1.5,0.0,0.028723889211659318,0.0,0.0,0.0
52.28125,0.3326175622012618,0.5332909997826436,1.5,0.0,0.055671582465928175,0.0,0.0,0.0
52.291666666666664,0.3326314751520913,0.5332686938614905,1.5,0.0,0.08190594533951606,0.0,0.0,0.0
52.302083333333336,0.33263980417873523,0.5332553412527414,1.5,0.0,0.09084022403634726,0.0,0.0,0.0
52.3125,0.3326244301519251,0.5332799885160507,1.5,0.0,0.12876510956288834,0.0,0.0,0.0
52.322916666666664,0.3325996258699938,0.5333197589371655,1.5,0.0,0.14385351775671032,0.0,0.0,0.0
52.333333333333336,0.3325627429853412,0.5333789067869074,1.5,0.0,0.16317928211077204,0.0,0.0,0.0
52.34375,0.332496533118371,0.5334851182596463,1.5,0.0,0.21010245381903092,0.0,0.0,0.0
52.354166666666664,0.33242522108563016,0.5335995617669584,1.5,0.0,0.2182659190520589,0.0,0.0,0.0
52.364583333333336,0.3323553521347076,0.5337117370075675,1.5,0.0,0.2159569881427642,0.0,0.0,0.0
52.375,0.3322809182717598,0.5338312931544948,1.5,0.0,0.2232608473831794,0.0,0.0,0.0
52.385416666666664,0.3321981000114547,0.5339643793431091,1.5,0.0,0.2366758831548398,0.0,0.0,0.0
52.395833333333336,0.33210778957257997,0.5341095808679033,1.5,0.0,0.2486633688662346,0.0,0.0,0.0
52.40625,0.3319934340266074,0.5342935555688137,1.5,0.0,0.2871355402227453,0.0,0.0,0.0
52.416666666666664,0.3318541046816503,0.5345178793606911,1.5,0.0,0.32709361859812813,0.0,0.0,0.0
52.427083333333336,0.33170328327177717,0.5347609180770174,1.5,0.0,0.3454809224636299,0.0,0.0,0.0
52.4375,0.3315615278739884,0.5349895490860189,1.5,0.0,0.33097530312871565,0.0,0.0,0.0
52.447916666666664,0.3314043875570888,0.5352432223336818,1.5,0.0,0.35559117370609367,0.0,0.0,0.0
52.458333333333336,0.33126101777170874,0.5354748756275958,1.5,0.0,0.3335583232746977,0.0,0.0,0.0
52.46875,0.3311190237017973,0.5357045038020077,1.5,0.0,0.33135717852500357,0.0,0.0,0.0
52.479166666666664,0.33096851257926724,0.5359481205907568,1.5,0.0,0.3449844627147748,0.0,0.0,0.0
52.489583333333336,0.3308246115404632,0.5361812456020398,1.5,0.0,0.3344083287530989,0.0,0.0,0.0
52.5,0.33065959324242167,0.5364488311141474,1.5,0.0,0.3681959435331589,0.0,0.0,0.0
52.510416666666664,0.3305184778952795,0.5366778687265338,1.5,0.0,0.32995122209415856,0.0,0.0,0.0
52.520833333333336,0.3303596470786151,0.5369358935335262,1.5,0.0,0.3582959733296656,0.0,0.0,0.0
52.53125,0.33019557047191817,0.5372027009267897,1.5,0.0,0.3666892373817688,0.0,0.0,0.0
52.541666666666664,0.3300254681620879,0.5374795868919352,1.5,0.0,0.3763303623951398,0.0,0.0,0.0
52.552083333333336,0.3298822904671655,0.5377128673393642,1.5,0.0,0.333250978542473,0.0,0.0,0.0
52.5625,0.3297007824974626,0.5380088908128136,1.5,0.0,0.39457941819130926,0.0,0.0,0.0
52.572916666666664,0.32952534505927056,0.5382953237168191,1.5,0.0,0.3848665677739388,0.0,0.0,0.0
52.583333333333336,0.32940189294485517,0.5384970641965069,1.5,0.0,0.30169004973128816,0.0,0.0,0.0
52.59375,0.3292524548000698,0.5387414724038648,1.5,0.0,0.34326769832323606,0.0,0.0,0.0
52.604166666666664,0.32910422857540306,0.5389841177654012,1.5,0.0,0.3413286261334669,0.0,0.0,0.0
52.614583333333336,0.32896392995991425,0.5392139871176496,1.5,0.0,0.3286444514487637,0.0,0.0,0.0
52.625,0.32883326044483746,0.5394282562889736,1.5,0.0,0.3132378907894889,0.0,0.0,0.0
52.635416666666664,0.32870585724055723,0.5396373334526953,1.5,0.0,0.3080117935150701,0.0,0.0,0.0
52.645833333333336,0.3286009095646874,0.5398096813747796,1.5,0.0,0.2720829480583754,0.0,0.0,0.0
52.65625,0.32850234528230177,0.5399716465924823,1.5,0.0,0.26186951848368556,0.0,0.0,0.0
52.666666666666664,0.32843429302566385,0.5400835298210349,1.5,0.0,0.2130502772873074,0.0,0.0,0.0
52.677083333333336,0.32839731280783824,0.540144347634695,1.5,0.0,0.16333501518768723,0.0,0.0,0.0
52.6875,0.3283633767718087,0.540200171028347,1.5,0.0,0.15846432431393306,0.0,0.0,0.0
52.697916666666664,0.3283488628950492,0.5402240492858768,1.5,0.0,0.12738886948185424,0.0,0.0,0.0
52.708333333333336,0.3283290196145163,0.5402566989047657,1.5,0.0,0.13591591551926527,0.0,0.0,0.0
52.71875,0.3283353911326629,0.540246214943993,1.5,0.0,0.09397223763208604,0.0,0.0,0.0
52.729166666666664,0.3283473616463805,0.5402265192634965,1.5,0.0,0.08501384471854137,0.0,0.0,0.0
52.739583333333336,0.3283851760828158,0.5401643107265065,1.5,0.0,0.04366356837016075,0.0,0.0,0.0
52.75,0.3284339804190424,0.5400840438777331,1.5,0.0,0.026079728704109188,0.0,0.0,0.0
52.760416666666664,0.3284990845857091,0.5399770063751752,1.5,0.0,0.0,0.0,0.0,0.0
52.770833333333336,0.32856418875237575,0.5398700112910405,1.5,0.0,0.0,0.0,0.0,0.0
52.78125,0.3286292929190424,0.5397630586001186,1.5,0.0,0.0,0.0,0.0,0.0
52.791666666666664,0.3286943970857091,0.5396561482772194,1.5,0.0,0.0,0.0,0.0,0.0
52.802083333333336,0.32875950125237574,0.5395492802971723,1.5,0.0,0.0,0.0,0.0,0.0
52.8125,0.3288246054190424,0.539442454634827,1.5,0.0,0.0,0.0,0.0,0.0
52.822916666666664,0.32888970958570907,0.5393356712650527,1.5,0.0,0.0,0.0,0.0,0.0
52.833333333333336,0.32895481375237573,0.5392289301627391,1.5,0.0,0.0,0.0,0.0,0.0
52.84375,0.3290199179190424,0.5391222313027951,1.5,0.0,0.0,0.0,0.0,0.0
52.854166666666664,0.32908502208570906,0.53901557466015,1.5,0.0,0.0,0.0,0.0,0.0
52.864583333333336,0.3291501262523757,0.5389089602097528,1.5,0.0,0.0,0.0,0.0,0.0
52.875,0.3292152304190424,0.538802387926572,1.5,0.0,0.0,0.0,0.0,0.0
52.885416666666664,0.32928033458570904,0.5386958577855963,1.5,0.0,0.0,0.0,0.0,0.0
52.895833333333336,0.3293454387523757,0.5385893697618337,1.5,0.0,0.0,0.0,0.0,0.0
52.90625,0.32941054291904237,0.5384829238303127,1.5,0.0,0.0,0.0,0.0,0.0
52.916666666666664,0.32947564708570903,0.5383765199660809,1.5,0.0,0.0,0.0,0.0,0.0
52.927083333333336,0.3295407512523757,0.5382701581442058,1.5,0.0,0.0,0.0,0.0,0.0
52.9375,0.32960585541904236,0.5381638383397747,1.5,0.0,0.0,0.0,0.0,0.0
52.947916666666664,0.329670959585709,0.5380575605278943,1.5,0.0,0.0,0.0,0.0,0.0
52.958333333333336,0.3297360637523757,0.5379513246836916,1.5,0.0,0.0,0.0,0.0,0.0
52.96875,0.32980116791904235,0.5378451307823122,1.5,0.0,0.0,0.0,0.0,0.0
52.979166666666664,0.329866272085709,0.5377389787989224,1.5,0.0,0.0,0.0,0.0,0.0
52.989583333333336,0.3299313762523757,0.5376328687087074,1.5,0.0,0.0,0.0,0.0,0.0
53.0,0.32999648041904234,0.5375268004868723,1.5,0.0,0.0,0.0,0.0,0.0
53.010416666666664,0.330061584585709,0.5374207741086416,1.5,0.0,0.0,0.0,0.0,0.0
53.020833333333336,0.33012668875237566,0.5373147895492596,1.5,0.0,0.0,0.0,0.0,0.0
53.03125,0.3301917929190423,0.5372088467839897,1.5,0.0,0.0,0.0,0.0,0.0
53.041666666666664,0.330256897085709,0.537102945788115,1.5,0.0,0.0,0.0,0.0,0.0
53.052083333333336,0.33032200125237565,0.5369970865369385,1.5,0.0,0.0,0.0,0.0,0.0
53.0625,0.3303871054190423,0.5368912690057819,1.5,0.0,0.0,0.0,0.0,0.0
53.072916666666664,0.330452209585709,0.5367854931699869,1.5,0.0,0.0,0.0,0.0,0.0
53.083333333333336,0.33051731375237564,0.5366797590049144,1.5,0.0,0.0,0.0,0.0,0.0
53.09375,0.3305824179190423,0.536574066485945,1.5,0.0,0.0,0.0,0.0,0.0
53.104166666666664,0.33064752208570897,0.5364684155884782,1.5,0.0,0.0,0.0,0.0,0.0
53.114583333333336,0.33071262625237563,0.5363628062879333,1.5,0.0,0.0,0.0,0.0,0.0
53.125,0.3307777304190423,0.5362572385597488,1.5,0.0,0.0,0.0,0.0,0.0
53.135416666666664,0.33084283458570896,0.5361517123793825,1.5,0.0,0.0,0.0,0.0,0.0
53.145833333333336,0.3309079387523756,0.5360462277223116,1.5,0.0,0.0,0.0,0.0,0.0
53.15625,0.3309730429190423,0.5359407845640324,1.5,0.0,0.0,0.0,0.0,0.0
53.166666666666664,0.33103814708570894,0.5358353828800606,1.5,0.0,0.0,0.0,0.0,0.0
53.177083333333336,0.3311032512523756,0.5357300226459313,1.5,0.0,0.0,0.0,0.0,0.0
53.1875,0.33116835541904227,0.5356247038371986,1.5,0.0,0.0,0.0,0.0,0.0
53.197916666666664,0.33123345958570893,0.5355194264294361,1.5,0.0,0.0,0.0,0.0,0.0
53.208333333333336,0.3312985637523756,0.5354141903982363,1.5,0.0,0.0,0.0,0.0,0.0
53.21875,0.33136366791904226,0.5353089957192111,1.5,0.0,0.0,0.0,0.0,0.0
53.229166666666664,0.3314287720857089,0.5352038423679913,1.5,0.0,0.0,0.0,0.0,0.0
53.239583333333336,0.3314938762523756,0.5350987303202271,1.5,0.0,0.0,0.0,0.0,0.0
53.25,0.33155898041904225,0.5349936595515878,1.5,0.0,0.0,0.0,0.0,0.0
53.260416666666664,0.3316240845857089,0.5348886300377617,1.5,0.0,0.0,0.0,0.0,0.0
53.270833333333336,0.3316749493392505,0.5348066009957938,1.5,0.0,0.022783061000082254,0.0,0.0,0.0
53.28125,0.3317064241008081,0.5347558545856469,1.5,0.0,0.05380704817456878,0.0,0.0,0.0
53.291666666666664,0.33172650725180913,0.5347234797758516,1.5,0.0,0.07203362506498621,0.0,0.0,0.0
53.302083333333336,0.3317221079153645,0.5347305713396523,1.5,0.0,0.11120560497810887,0.0,0.0,0.0
53.3125,0.33171215832564016,0.5347466103953948,1.5,0.0,0.12008601022561177,0.0,0.0,0.0
53.322916666666664,0.3316719602297852,0.534811420804716,1.5,0.0,0.16848362003463996,0.0,0.0,0.0
53.333333333333336,0.3316153551808533,0.5349027103851621,1.5,0.0,0.19473474495769522,0.0,0.0,0.0
53.34375,0.3315781862043616,0.5349626714655192,1.5,0.0,0.16363702905341776,0.0,0.0,0.0
53.354166666666664,0.3315088843170236,0.5350745053394871,1.5,0.0,0.21504968640743718,0.0,0.0,0.0
53.364583333333336,0.3314384613414184,0.5351881962451351,1.5,0.0,0.21684342763497422,0.0,0.0,0.0
53.375,0.3313379001697423,0.5353506260548673,1.5,0.0,0.26506454134849394,0.0,0.0,0.0
53.385416666666664,0.33125735895087444,0.5354807900822588,1.5,0.0,0.23303261685527757,0.0,0.0,0.0
53.395833333333336,0.3311274024247774,0.5356909485371653,1.5,0.0,0.31209710842195926,0.0,0.0,0.0
53.40625,0.3309915956692761,0.5359107439960957,1.5,0.0,0.32145747546874337,0.0,0.0,0.0
53.416666666666664,0.33083741354889284,0.5361604976559347,1.5,0.0,0.3508580592798697,0.0,0.0,0.0
53.427083333333336,0.3307143203948121,0.5363600586748564,1.5,0.0,0.3011157131958738,0.0,0.0,0.0
53.4375,0.3305917405428335,0.5365589351999976,1.5,0.0,0.3002944298323173,0.0,0.0,0.0
53.447916666666664,0.3304677039995206,0.5367603252747324,1.5,0.0,0.3026251359673494,0.0,0.0,0.0
53.458333333333336,0.330304470271055,0.5370255877736477,1.5,0.0,0.36534063221163504,0.0,0.0,0.0
53.46875,0.3301247624857148,0.5373179247626186,1.5,0.0,0.3916991232109029,0.0,0.0,0.0
53.479166666666664,0.32996294719962,0.5375814278451836,1.5,0.0,0.3630711244183897,0.0,0.0,0.0
53.489583333333336,0.32979779868809167,0.5378506254353042,1.5,0.0,0.368404285112012,0.0,0.0,0.0
53.5,0.32959700779942014,0.5381782846752189,1.5,0.0,0.4254320885411134,0.0,0.0,0.0
53.510416666666664,0.32938744881243837,0.538520678098401,1.5,0.0,0.4394610458374841,0.0,0.0,0.0
53.520833333333336,0.3291838230200274,0.5388537950140545,1.5,0.0,0.4299679345242291,0.0,0.0,0.0
53.53125,0.3290050536471028,0.5391465885561744,1.5,0.0,0.39019766334603345,0.0,0.0,0.0
53.541666666666664,0.328826375605375,0.5394395506291532,1.5,0.0,0.3900515334311581,0.0,0.0,0.0
53.552083333333336,0.328679158246633,0.5396811688268759,1.5,0.0,0.33971444065384104,0.0,0.0,0.0
53.5625,0.32851260547381694,0.539954782056953,1.5,0.0,0.3706511031723759,0.0,0.0,0.0
53.572916666666664,0.328381789245779,0.5401698818286608,1.5,0.0,0.3134726315273727,0.0,0.0,0.0
53.583333333333336,0.32820058765590504,0.5404681129868939,1.5,0.0,0.3940892104649536,0.0,0.0,0.0
53.59375,0.32805976503388196,0.5407001138138859,1.5,0.0,0.329482861903631,0.0,0.0,0.0
53.604166666666664,0.3279423298889347,0.5408937368702942,1.5,0.0,0.29206289858231993,0.0,0.0,0.0
53.614583333333336,0.3278237761702673,0.5410893449029359,1.5,0.0,0.29385261653441663,0.0,0.0,0.0
53.625,0.3277129135895443,0.5412723909737197,1.5,0.0,0.28154679582344583,0.0,0.0,0.0
53.635416666666664,0.32760303849822014,0.5414539288302125,1.5,0.0,0.27996681278532737,0.0,0.0,0.0
53.645833333333336,0.32752821539664007,0.5415776227912618,1.5,0.0,0.2238836291947701,0.0,0.0,0.0
53.65625,0.3274645121862295,0.5416829784312607,1.5,0.0,0.2060918033235731,0.0,0.0,0.0
53.666666666666664,0.32738590470640905,0.5418130400288553,1.5,0.0,0.22993863437944861,0.0,0.0,0.0
53.677083333333336,0.3273295263531631,0.5419063604430091,1.5,0.0,0.1943720318602403,0.0,0.0,0.0
53.6875,0.32727776368464184,0.5419920690441354,1.5,0.0,0.18698693630066893,0.0,0.0,0.0
53.697916666666664,0.327251969679269,0.5420347888675018,1.5,0.0,0.14543707526321092,0.0,0.0,0.0
53.708333333333336,0.32725102079158513,0.5420363605360458,1.5,0.0,0.10568488696081826,0.0,0.0,0.0
53.71875,0.32726301342813946,0.5420164974754357,1.5,0.0,0.08497844817972185,0.0,0.0,0.0
53.729166666666664,0.3272766507192226,0.5419939121894654,1.5,0.0,0.08234700093371627,0.0,0.0,0.0
53.739583333333336,0.3273099105798259,0.5419388370408535,1.5,0.0,0.0509508897013999,0.0,0.0,0.0
53.75,0.32735943948993845,0.5418568426435387,1.5,0.0,0.02492041048654952,0.0,0.0,0.0
53.760416666666664,0.3274245436566051,0.5417491013673381,1.5,0.0,0.0,0.0,0.0,0.0
53.770833333333336,0.3274896478232718,0.5416414029285588,1.5,0.0,0.0,0.0,0.0,0.0
53.78125,0.32755475198993844,0.5415337473016579,1.5,0.0,0.0,0.0,0.0,0.0
53.791666666666664,0.3276198561566051,0.5414261344611129,1.5,0.0,0.0,0.0,0.0,0.0
53.802083333333336,0.32768496032327177,0.5413185643814215,1.5,0.0,0.0,0.0,0.0,0.0
53.8125,0.32775006448993843,0.5412110370371017,1.5,0.0,0.0,0.0,0.0,0.0
53.822916666666664,0.3278151686566051,0.5411035524026918,1.5,0.0,0.0,0.0,0.0,0.0
53.833333333333336,0.32788027282327176,0.5409961104527501,1.5,0.0,0.0,0.0,0.0,0.0
53.84375,0.3279453769899384,0.5408887111618552,1.5,0.0,0.0,0.0,0.0,0.0
53.854166666666664,0.3280104811566051,0.5407813545046063,1.5,0.0,0.0,0.0,0.0,0.0
53.864583333333336,0.32807558532327175,0.5406740404556221,1.5,0.0,0.0,0.0,0.0,0.0
53.875,0.3281406894899384,0.5405667689895419,1.5,0.0,0.0,0.0,0.0,0.0
53.885416666666664,0.32820579365660507,0.5404595400810249,1.5,0.0,0.0,0.0,0.0,0.0
53.895833333333336,0.32827089782327173,0.5403523537047505,1.5,0.0,0.0,0.0,0.0,0.0
53.90625,0.3283360019899384,0.5402452098354181,1.5,0.0,0.0,0.0,0.0,0.0
53.916666666666664,0.32840110615660506,0.5401381084477473,1.5,0.0,0.0,0.0,0.0,0.0
53.927083333333336,0.3284662103232717,0.5400310495164777,1.5,0.0,0.0,0.0,0.0,0.0
53.9375,0.3285313144899384,0.5399240330163688,1.5,0.0,0.0,0.0,0.0,0.0
53.947916666666664,0.32859641865660505,0.5398170589222002,1.5,0.0,0.0,0.0,0.0,0.0
53.958333333333336,0.3286615228232717,0.5397101272087715,1.5,0.0,0.0,0.0,0.0,0.0
53.96875,0.3287266269899384,0.5396032378509023,1.5,0.0,0.0,0.0,0.0,0.0
53.979166666666664,0.32879173115660504,0.5394963908234318,1.5,0.0,0.0,0.0,0.0,0.0
53.989583333333336,0.3288568353232717,0.5393895861012198,1.5,0.0,0.0,0.0,0.0,0.0
54.0,0.32892193948993836,0.5392828236591455,1.5,0.0,0.0,0.0,0.0,0.0
54.010416666666664,0.328987043656605,0.5391761034721079,1.5,0.0,0.0,0.0,0.0,0.0
54.020833333333336,0.3290521478232717,0.5390694255150261,1.5,0.0,0.0,0.0,0.0,0.0
54.03125,0.32911725198993835,0.5389627897628393,1.5,0.0,0.0,0.0,0.0,0.0
54.041666666666664,0.329182356156605,0.538856196190506,1.5,0.0,0.0,0.0,0.0,0.0
54.052083333333336,0.3292474603232717,0.5387496447730046,1.5,0.0,0.0,0.0,0.0,0.0
54.0625,0.32931256448993834,0.5386431354853336,1.5,0.0,0.0,0.0,0.0,0.0
54.072916666666664,0.329377668656605,0.5385366683025112,1.5,0.0,0.0,0.0,0.0,0.0
54.083333333333336,0.32944277282327167,0.5384302431995751,1.5,0.0,0.0,0.0,0.0,0.0
54.09375,0.32950787698993833,0.5383238601515828,1.5,0.0,0.0,0.0,0.0,0.0
54.104166666666664,0.329572981156605,0.5382175191336118,1.5,0.0,0.0,0.0,0.0,0.0
54.114583333333336,0.32963808532327166,0.538111220120759,1.5,0.0,0.0,0.0,0.0,0.0
54.125,0.3297031894899383,0.5380049630881407,1.5,0.0,0.0,0.0,0.0,0.0
54.135416666666664,0.329768293656605,0.5378987480108937,1.5,0.0,0.0,0.0,0.0,0.0
54.145833333333336,0.32983339782327165,0.5377925748641735,1.5,0.0,0.0,0.0,0.0,0.0
54.15625,0.3298985019899383,0.5376864436231559,1.5,0.0,0.0,0.0,0.0,0.0
54.166666666666664,0.32996360615660497,0.5375803542630359,1.5,0.0,0.0,0.0,0.0,0.0
54.177083333333336,0.33002871032327163,0.5374743067590282,1.5,0.0,0.0,0.0,0.0,0.0
54.1875,0.3300938144899383,0.537368301086367,1.5,0.0,0.0,0.0,0.0,0.0
54.197916666666664,0.33015891865660496,0.5372623372203063,1.5,0.0,0.0,0.0,0.0,0.0
54.208333333333336,0.3302240228232716,0.537156415136119,1.5,0.0,0.0,0.0,0.0,0.0
54.21875,0.3302891269899383,0.5370505348090983,1.5,0.0,0.0,0.0,0.0,0.0
54.229166666666664,0.33035423115660495,0.5369446962145563,1.5,0.0,0.0,0.0,0.0,0.0
54.239583333333336,0.3304193353232716,0.5368388993278246,1.5,0.0,0.0,0.0,0.0,0.0
54.25,0.3304844394899383,0.5367331441242545,1.5,0.0,0.0,0.0,0.0,0.0
54.260416666666664,0.33054954365660494,0.5366274305792168,1.5,0.0,0.0,0.0,0.0,0.0
54.270833333333336,0.3305980144427459,0.5365487526916051,1.5,0.0,0.026613408841108917,0.0,0.0,0.0
54.28125,0.33063613257471847,0.5364868954589864,1.5,0.0,0.04317765551055064,0.0,0.0,0.0
54.291666666666664,0.33065233824665324,0.5364606015858772,1.5,0.0,0.07823759157106643,0.0,0.0,0.0
54.302083333333336,0.3306571665853792,0.5364527680538709,1.5,0.0,0.09644132470511896,0.0,0.0,0.0
54.3125,0.33064202764416606,0.5364773303485587,1.5,0.0,0.1283889726077002,0.0,0.0,0.0
54.322916666666664,0.33061980953690717,0.5365133823651766,1.5,0.0,0.13971563828088124,0.0,0.0,0.0
54.333333333333336,0.33058805797547547,0.5365649121685319,1.5,0.0,0.15496916495742305,0.0,0.0,0.0
54.34375,0.33051819839454133,0.5366783225649644,1.5,0.0,0.2159419961612911,0.0,0.0,0.0
54.354166666666664,0.3304610565944638,0.5367711225025122,1.5,0.0,0.19559354679074661,0.0,0.0,0.0
54.364583333333336,0.33037573631758366,0.5369097448520336,1.5,0.0,0.24067910967490266,0.0,0.0,0.0
54.375,0.3303026013673387,0.5370286263483137,1.5,0.0,0.22118258705860577,0.0,0.0,0.0
54.385416666666664,0.3301890974739818,0.5372132322011446,1.5,0.0,0.2857728960377194,0.0,0.0,0.0
54.395833333333336,0.33005011926571065,0.5374394430949233,1.5,0.0,0.3265317999004983,0.0,0.0,0.0
54.40625,0.3299013838580407,0.5376817466394912,1.5,0.0,0.34214331893862704,0.0,0.0,0.0
54.416666666666664,0.3297416679957341,0.5379421817380731,1.5,0.0,0.3597120463571293,0.0,0.0,0.0
54.427083333333336,0.32958083881881856,0.5382046872848978,1.5,0.0,0.36149334973155156,0.0,0.0,0.0
54.4375,0.3294249029472032,0.5384594507113066,1.5,0.0,0.35366406125123284,0.0,0.0,0.0
54.447916666666664,0.3292417643763484,0.5387589652472383,1.5,0.0,0.39718838003437623,0.0,0.0,0.0
54.458333333333336,0.32907727972219974,0.5390282563454966,1.5,0.0,0.3673421133044882,0.0,0.0,0.0
54.46875,0.32888900894237777,0.5393368202299953,1.5,0.0,0.405399914381869,0.0,0.0,0.0
54.479166666666664,0.32874970685705834,0.5395653550155192,1.5,0.0,0.32705000317775623,0.0,0.0,0.0
54.489583333333336,0.3285771063678752,0.5398487869479853,1.5,0.0,0.3803274493597171,0.0,0.0,0.0
54.5,0.3284288772138351,0.540092435830744,1.5,0.0,0.3413333131307727,0.0,0.0,0.0
54.510416666666664,0.3282679771051639,0.5403571614137387,1.5,0.0,0.36160684054060926,0.0,0.0,0.0
54.520833333333336,0.32807430191422693,0.5406761555434231,1.5,0.0,0.4140469721658412,0.0,0.0,0.0
54.53125,0.32790774974375836,0.5409507778641726,1.5,0.0,0.37065013941641384,0.0,0.0,0.0
54.541666666666664,0.3277653407426807,0.5411858126598995,1.5,0.0,0.33202106839089196,0.0,0.0,0.0
54.552083333333336,0.327586774055912,0.5414808116194009,1.5,0.0,0.38987336549657714,0.0,0.0,0.0
54.5625,0.32745226684136397,0.5417032351084935,1.5,0.0,0.3193782099435054,0.0,0.0,0.0
54.572916666666664,0.32731673849902587,0.5419275320443304,1.5,0.0,0.3210120144076078,0.0,0.0,0.0
54.583333333333336,0.32715529061991855,0.5421949678865343,1.5,0.0,0.36248327323835966,0.0,0.0,0.0
54.59375,0.3269999469377171,0.5424525415148218,1.5,0.0,0.3527165581889239,0.0,0.0,0.0
54.604166666666664,0.32686162037710653,0.5426821053108883,1.5,0.0,0.32548916364363484,0.0,0.0,0.0
54.614583333333336,0.32672729925787003,0.5429052077817885,1.5,0.0,0.3190804574450379,0.0,0.0,0.0
54.625,0.32661685907031396,0.5430887823625473,1.5,0.0,0.2808709667563767,0.0,0.0,0.0
54.635416666666664,0.3265236226092193,0.5432438574401881,1.5,0.0,0.25334500441808316,0.0,0.0,0.0
54.645833333333336,0.3264530513288874,0.5433612936669164,1.5,0.0,0.21708071519768013,0.0,0.0,0.0
54.65625,0.32638553884378996,0.5434736873451755,1.5,0.0,0.21218664282258454,0.0,0.0,0.0
54.666666666666664,0.3263322009201382,0.5435625163297519,1.5,0.0,0.18950734450945111,0.0,0.0,0.0
54.677083333333336,0.3262930952917714,0.5436276612993037,1.5,0.0,0.1667356720535564,0.0,0.0,0.0
54.6875,0.32625992055337943,0.5436829384090868,1.5,0.0,0.15724624809380644,0.0,0.0,0.0
54.697916666666664,0.3262253009809627,0.543740634948262,1.5,0.0,0.15955798253344972,0.0,0.0,0.0
54.708333333333336,0.32621919061154786,0.5437508196836823,1.5,0.0,0.11394325773038586,0.0,0.0,0.0
54.71875,0.32622771476120205,0.5437366117756725,1.5,0.0,0.09052802721992939,0.0,0.0,0.0
54.729166666666664,0.3262430260682189,0.54371109301348,1.5,0.0,0.07966857543969284,0.0,0.0,0.0
54.739583333333336,0.3262755405144509,0.5436569103889668,1.5,0.0,0.05214355269552021,0.0,0.0,0.0
54.75,0.3263243460536981,0.5435756002783426,1.5,0.0,0.026077803871205413,0.0,0.0,0.0
54.760416666666664,0.32638945022036475,0.5434671744807179,1.5,0.0,0.0,0.0,0.0,0.0
54.770833333333336,0.3264545543870314,0.543358791929365,1.5,0.0,0.0,0.0,0.0,0.0
54.78125,0.3265196585536981,0.5432504525984155,1.5,0.0,0.0,0.0,0.0,0.0
54.791666666666664,0.32658476272036474,0.5431421564620217,1.5,0.0,0.0,0.0,0.0,0.0
54.802083333333336,0.3266498668870314,0.5430339034943564,1.5,0.0,0.0,0.0,0.0,0.0
54.8125,0.32671497105369807,0.542925693669613,1.5,0.0,0.0,0.0,0.0,0.0
54.822916666666664,0.32678007522036473,0.5428175269620056,1.5,0.0,0.0,0.0,0.0,0.0
54.833333333333336,0.3268451793870314,0.5427094033457687,1.5,0.0,0.0,0.0,0.0,0.0
54.84375,0.32691028355369806,0.5426013227951574,1.5,0.0,0.0,0.0,0.0,0.0
54.854166666666664,0.3269753877203647,0.5424932852844472,1.5,0.0,0.0,0.0,0.0,0.0
54.864583333333336,0.3270404918870314,0.5423852907879342,1.5,0.0,0.0,0.0,0.0,0.0
54.875,0.32710559605369804,0.5422773392799349,1.5,0.0,0.0,0.0,0.0,0.0
54.885416666666664,0.3271707002203647,0.5421694307347862,1.5,0.0,0.0,0.0,0.0,0.0
54.895833333333336,0.32723580438703137,0.5420615651268457,1.5,0.0,0.0,0.0,0.0,0.0
54.90625,0.32730090855369803,0.541953742430491,1.5,0.0,0.0,0.0,0.0,0.0
54.916666666666664,0.3273660127203647,0.5418459626201203,1.5,0.0,0.0,0.0,0.0,0.0
54.927083333333336,0.32743111688703136,0.5417382256701521,1.5,0.0,0.0,0.0,0.0,0.0
54.9375,0.327496221053698,0.5416305315550254,1.5,0.0,0.0,0.0,0.0,0.0
54.947916666666664,0.3275613252203647,0.5415228802491993,1.5,0.0,0.0,0.0,0.0,0.0
54.958333333333336,0.32762642938703135,0.5414152717271531,1.5,0.0,0.0,0.0,0.0,0.0
54.96875,0.327691533553698,0.5413077059633871,1.5,0.0,0.0,0.0,0.0,0.0
54.979166666666664,0.3277566377203647,0.5412001829324208,1.5,0.0,0.0,0.0,0.0,0.0
54.989583333333336,0.32782174188703134,0.5410927026087948,1.5,0.0,0.0,0.0,0.0,0.0
55.0,0.327886846053698,0.5409852649670694,1.5,0.0,0.0,0.0,0.0,0.0
55.010416666666664,0.32795195022036466,0.5408778699818256,1.5,0.0,0.0,0.0,0.0,0.0
55.020833333333336,0.3280170543870313,0.540770517627664,1.5,0.0,0.0,0.0,0.0,0.0
55.03125,0.328082158553698,0.5406632078792056,1.5,0.0,0.0,0.0,0.0,0.0
55.041666666666664,0.32814726272036465,0.5405559407110919,1.5,0.0,0.0,0.0,0.0,0.0
55.052083333333336,0.3282123668870313,0.540448716097984,1.5,0.0,0.0,0.0,0.0,0.0
55.0625,0.328277471053698,0.5403415340145633,1.5,0.0,0.0,0.0,0.0,0.0
55.072916666666664,0.32834257522036464,0.5402343944355312,1.5,0.0,0.0,0.0,0.0,0.0
55.083333333333336,0.3284076793870313,0.5401272973356094,1.5,0.0,0.0,0.0,0.0,0.0
55.09375,0.32847278355369797,0.5400202426895395,1.5,0.0,0.0,0.0,0.0,0.0
55.104166666666664,0.32853788772036463,0.5399132304720828,1.5,0.0,0.0,0.0,0.0,0.0
55.114583333333336,0.3286029918870313,0.5398062606580214,1.5,0.0,0.0,0.0,0.0,0.0
55.125,0.32866809605369796,0.5396993332221566,1.5,0.0,0.0,0.0,0.0,0.0
55.135416666666664,0.3287332002203646,0.5395924481393101,1.5,0.0,0.0,0.0,0.0,0.0
55.145833333333336,0.3287983043870313,0.5394856053843231,1.5,0.0,0.0,0.0,0.0,0.0
55.15625,0.32886340855369794,0.5393788049320574,1.5,0.0,0.0,0.0,0.0,0.0
55.166666666666664,0.3289285127203646,0.539272046757394,1.5,0.0,0.0,0.0,0.0,0.0
55.177083333333336,0.32899361688703127,0.5391653308352343,1.5,0.0,0.0,0.0,0.0,0.0
55.1875,0.32905872105369793,0.5390586571404993,1.5,0.0,0.0,0.0,0.0,0.0
55.197916666666664,0.3291238252203646,0.5389520256481298,1.5,0.0,0.0,0.0,0.0,0.0
55.208333333333336,0.32918892938703126,0.5388454363330868,1.5,0.0,0.0,0.0,0.0,0.0
55.21875,0.3292540335536979,0.5387388891703505,1.5,0.0,0.0,0.0,0.0,0.0
55.229166666666664,0.3293191377203646,0.5386323841349215,1.5,0.0,0.0,0.0,0.0,0.0
55.239583333333336,0.32938424188703125,0.5385259212018199,1.5,0.0,0.0,0.0,0.0,0.0
55.25,0.3294493460536979,0.5384195003460852,1.5,0.0,0.0,0.0,0.0,0.0
55.260416666666664,0.3295144502203646,0.5383131215427772,1.5,0.0,0.0,0.0,0.0,0.0
55.270833333333336,0.32956548318653495,0.5382297641624619,1.5,0.0,0.02251392079410391,0.0,0.0,0.0
55.28125,0.3296008944246418,0.5381719385234623,1.5,0.0,0.047508685695724404,0.0,0.0,0.0
55.291666666666664,0.32961464418312025,0.5381494888711027,1.5,0.0,0.08216705310117639,0.0,0.0,0.0
55.302083333333336,0.32962693129175946,0.5381294289166324,1.5,0.0,0.0845072928439572,0.0,0.0,0.0
55.3125,0.3296145199666695,0.5381496916747276,1.5,0.0,0.12402478681056242,0.0,0.0,0.0
55.322916666666664,0.329579342013843,0.5382071315747883,1.5,0.0,0.16045139118909654,0.0,0.0,0.0
55.333333333333336,0.32952760622388644,0.5382916300222214,1.5,0.0,0.186943930597152,0.0,0.0,0.0
55.34375,0.3294739347226628,0.5383793180510293,1.5,0.0,0.1900410686245072,0.0,0.0,0.0
55.354166666666664,0.32941100362413034,0.5384821707230389,1.5,0.0,0.2048564243185893,0.0,0.0,0.0
55.364583333333336,0.3293159835909709,0.5386375430592368,1.5,0.0,0.25619871972170705,0.0,0.0,0.0
55.375,0.3292295034708631,0.5387790292836707,1.5,0.0,0.24253485883920753,0.0,0.0,0.0
55.385416666666664,0.3291413023739314,0.5389234077042575,1.5,0.0,0.2452884217573821,0.0,0.0,0.0
55.395833333333336,0.32903356922339666,0.5390998636104009,1.5,0.0,0.27653970752227247,0.0,0.0,0.0
55.40625,0.3288846111784488,0.5393440321089734,1.5,0.0,0.3424995385832575,0.0,0.0,0.0
55.416666666666664,0.32876567841226995,0.5395391427360029,1.5,0.0,0.2944590925528534,0.0,0.0,0.0
55.427083333333336,0.3286228661763449,0.5397736145250167,1.5,0.0,0.3326662441467372,0.0,0.0,0.0
55.4375,0.32849093497860105,0.5399904027888374,1.5,0.0,0.31525658305684523,0.0,0.0,0.0
55.447916666666664,0.32835409690997286,0.54021543803125,1.5,0.0,0.32310757647174604,0.0,0.0,0.0
55.458333333333336,0.3281943261981474,0.5404784243115834,1.5,0.0,0.3597998055873863,0.0,0.0,0.0
55.46875,0.3280266834826958,0.5407546435195228,1.5,0.0,0.37239501138927095,0.0,0.0,0.0
55.479166666666664,0.3278527480558626,0.5410415295996011,1.5,0.0,0.382463349599785,0.0,0.0,0.0
55.489583333333336,0.3277064473788372,0.5412830712070744,1.5,0.0,0.338247749907305,0.0,0.0,0.0
55.5,0.3275490700756797,0.5415431411562022,1.5,0.0,0.35597035171871066,0.0,0.0,0.0
55.510416666666664,0.32740054157290827,0.5417888175730938,1.5,0.0,0.34181227110092843,0.0,0.0,0.0
55.520833333333336,0.3272502267857932,0.542037675676493,1.5,0.0,0.3446703260507794,0.0,0.0,0.0
55.53125,0.3270455989329428,0.5423768210620281,1.5,0.0,0.4315712312272558,0.0,0.0,0.0
55.541666666666664,0.3268576919839414,0.5426886276254174,1.5,0.0,0.40481778506900856,0.0,0.0,0.0
55.552083333333336,0.32672133969116257,0.5429151106543852,1.5,0.0,0.32233033511275505,0.0,0.0,0.0
55.5625,0.3265824921890011,0.5431459326022944,1.5,0.0,0.3263226701250463,0.0,0.0,0.0
55.572916666666664,0.32640808378754693,0.5434361497218041,1.5,0.0,0.3832201089933278,0.0,0.0,0.0
55.583333333333336,0.326242953538748,0.5437112138898927,1.5,0.0,0.36837506474494774,0.0,0.0,0.0
55.59375,0.32610864830080255,0.5439351370036635,1.5,0.0,0.31905504737939094,0.0,0.0,0.0
55.604166666666664,0.3259510633915749,0.5441981088998081,1.5,0.0,0.3563025214309064,0.0,0.0,0.0
55.614583333333336,0.3310709552934244,0.5556043178978014,1.5,8.52,0.3281729570408472,5.0,1.0,1.0
55.625,0.33621026751429106,0.5666303819334692,1.5,8.52,0.2971004466133415,5.0,1.0,1.0
55.635416666666664,0.3413696468032933,0.5772800104441377,1.5,8.52,0.2548870232080393,5.0,1.0,1.0
55.645833333333336,0.34644373143974017,0.5876505115669579,1.5,8.52,0.28911075282058535,5.0,1.0,1.0
55.65625,0.3514424377721523,0.5976304015264762,1.5,8.52,0.20174121511074325,5.0,1.0,1.0
55.666666666666664,0.3562591832511041,0.6073109471190534,1.5,8.52,0.1838330960132376,5.0,1.0,1.0
55.677083333333336,0.36084160334714793,0.616707029105203,1.5,8.52,0.16315354173339724,5.0,1.0,1.0
55.6875,0.36514071597895176,0.6258452405078347,1.5,8.52,0.15099029279723217,5.0,1.0,1.0
55.697916666666664,0.3691220984050659,0.6347476599105175,1.5,8.52,0.14369210243446986,5.0,1.0,1.0
55.708333333333336,0.3727688504494575,0.6434269499546398,1.5,8.52,0.13334498687770321,5.0,1.0,1.0
55.71875,0.37608245359078857,0.6518827161123699,1.5,8.52,0.10895108972511162,5.0,1.0,1.0
55.729166666666664,0.37906994913947106,0.6601197026631674,1.5,8.52,0.07650342100212383,5.0,1.0,1.0
55.739583333333336,0.38174019725720054,0.6681516754462021,1.5,8.52,0.04548094211581227,5.0,1.0,1.0
55.75,0.384101946681233,0.6760027647988648,1.5,8.52,0.02640448528613245,5.0,1.0,1.0
55.760416666666664,0.38595643074042785,0.6701510160081001,1.5,8.16,0.0,0.0,0.0,1.0
55.770833333333336,0.38756620784647683,0.6619129230505448,1.5,8.16,0.0,0.0,0.0,1.0
55.78125,0.3827065467384423,0.6617627878634034,1.0,0.0,0.0,0.0,0.0,0.0
55.791666666666664,0.3787036851612779,0.6616111001753843,1.0,0.0,0.0,0.0,0.0,0.0
55.802083333333336,0.37534540577845693,0.6614580903923195,1.0,0.0,0.0,0.0,0.0,0.0
55.8125,0.37248529504384725,0.6613039413889167,1.0,0.0,0.0,0.0,0.0,0.0
55.822916666666664,0.3700187942626934,0.6611488010097969,1.0,0.0,0.0,0.0,0.0,0.0
55.833333333333336,0.3678690858057067,0.6609927906485271,1.0,0.0,0.0,0.0,0.0,0.0
55.84375,0.36597837433722796,0.6608360113128235,1.0,0.0,0.0,0.0,0.0,0.0
55.854166666666664,0.36430228651501695,0.6606785480214402,1.0,0.0,0.0,0.0,0.0,0.0
55.864583333333336,0.3628061534223185,0.6605204730608485,1.0,0.0,0.0,0.0,0.0,0.0
55.875,0.3614624722882953,0.6603618484427606,1.0,0.0,0.0,0.0,0.0,0.0
55.885416666666664,0.36024913058203856,0.6602027277891475,1.0,0.0,0.0,0.0,0.0,0.0
55.895833333333336,0.3591481366624738,0.6600431577991773,1.0,0.0,0.0,0.0,0.0,0.0
55.90625,0.35814469520419356,0.6598831794056101,1.0,0.0,0.0,0.0,0.0,0.0
55.916666666666664,0.3572265223379105,0.6597228286970032,1.0,0.0,0.0,0.0,0.0,0.0
55.927083333333336,0.3563833306538911,0.6595621376608857,1.0,0.0,0.0,0.0,0.0,0.0
55.9375,0.35560643664044883,0.659401134788373,1.0,0.0,0.0,0.0,0.0,0.0
55.947916666666664,0.3548884577409211,0.6592398455703365,1.0,0.0,0.0,0.0,0.0,0.0
55.958333333333336,0.35422307593146496,0.6590782929078268,1.0,0.0,0.0,0.0,0.0,0.0
55.96875,0.3536048513083219,0.6589164974540631,1.0,0.0,0.0,0.0,0.0,0.0
55.979166666666664,0.35302907371298875,0.6587544779013258,1.0,0.0,0.0,0.0,0.0,0.0
55.989583333333336,0.35249164360179563,0.6585922512231425,1.0,0.0,0.0,0.0,0.0,0.0
56.0,0.35198897562307974,0.6584298328799236,1.0,0.0,0.0,0.0,0.0,0.0
56.010416666666664,0.35151791998872334,0.6582672369945151,1.0,0.0,0.0,0.0,0.0,0.0
56.020833333333336,0.35107569790916204,0.6581044765028273,1.0,0.0,0.0,0.0,0.0,0.0
56.03125,0.35065984823170876,0.6579415632836935,1.0,0.0,0.0,0.0,0.0,0.0
56.041666666666664,0.35026818307004276,0.6577785082713218,1.0,0.0,0.0,0.0,0.0,0.0
56.052083333333336,0.3498987506996782,0.6576153215530816,1.0,0.0,0.0,0.0,0.0,0.0
56.0625,0.3495498043635242,0.6574520124548737,1.0,0.0,0.0,0.0,0.0,0.0
56.072916666666664,0.34921977591411296,0.6572885896159384,1.0,0.0,0.0,0.0,0.0,0.0
56.083333333333336,0.348907253436858,0.6571250610546376,1.0,0.0,0.0,0.0,0.0,0.0
56.09375,0.3486109621678947,0.6569614342264977,1.0,0.0,0.0,0.0,0.0,0.0
56.104166666666664,0.34832974815243034,0.6567977160755816,1.0,0.0,0.0,0.0,0.0,0.0
56.114583333333336,0.3480625641937986,0.6566339130800954,1.0,0.0,0.0,0.0,0.0,0.0
56.125,0.34780845772606656,0.656470031292993,1.0,0.0,0.0,0.0,0.0,0.0
56.135416666666664,0.34756656030895444,0.656306076378224,1.0,0.0,0.0,0.0,0.0,0.0
56.145833333333336,0.3473360784966949,0.65614205364318,1.0,0.0,0.0,0.0,0.0,0.0
56.15625,0.34711628587508814,0.6559779680678051,1.0,0.0,0.0,0.0,0.0,0.0
56.166666666666664,0.3469065160955636,0.6558138243307797,1.0,0.0,0.0,0.0,0.0,0.0
56.177083333333336,0.34670615676320754,0.6556496268331249,1.0,0.0,0.0,0.0,0.0,0.0
56.1875,0.3465146440587492,0.655485379719524,1.0,0.0,0.0,0.0,0.0,0.0
56.197916666666664,0.3463314579934362,0.655321086897628,1.0,0.0,0.0,0.0,0.0,0.0
56.208333333333336,0.346156118211362,0.655156752055565,1.0,0.0,0.0,0.0,0.0,0.0
56.21875,0.34598818026676886,0.6549923786778551,1.0,0.0,0.0,0.0,0.0,0.0
56.229166666666664,0.34582723231463325,0.6548279700599009,1.0,0.0,0.0,0.0,0.0,0.0
56.239583333333336,0.3456728921618519,0.6546635293212046,1.0,0.0,0.0,0.0,0.0,0.0
56.25,0.34552480463389834,0.654499059417445,1.0,0.0,0.0,0.0,0.0,0.0
56.260416666666664,0.34538263921817464,0.6543345631515299,1.0,0.0,0.0,0.0,0.0,0.0
56.270833333333336,0.3452323872145108,0.6541960042797341,1.0,0.0,0.016440883362032897,0.0,0.0,0.0
56.28125,0.3450686680589513,0.6540940459972607,1.0,0.0,0.0396307627470358,0.0,0.0,0.0
56.291666666666664,0.3449000582593824,0.6540132654722204,1.0,0.0,0.05305253475287518,0.0,0.0,0.0
56.302083333333336,0.3447209235124621,0.6539645360491159,1.0,0.0,0.07334517856242635,0.0,0.0,0.0
56.3125,0.34454159558411096,0.6539288246155185,1.0,0.0,0.08158915923196743,0.0,0.0,0.0
56.322916666666664,0.34434502519040217,0.653938321888112,1.0,0.0,0.11016794102067573,0.0,0.0,0.0
56.333333333333336,0.34415603132571937,0.6539468769081336,1.0,0.0,0.1095694913184906,0.0,0.0,0.0
56.34375,0.34394057654551574,0.6540184482944277,1.0,0.0,0.14933786586101866,0.0,0.0,0.0
56.354166666666664,0.3437418589032359,0.6540724260837922,1.0,0.0,0.13821052406066917,0.0,0.0,0.0
56.364583333333336,0.3435071473363265,0.6542078199216215,1.0,0.0,0.1894943749966843,0.0,0.0,0.0
56.375,0.34327310125894095,0.6543569091858298,1.0,0.0,0.1980420362921869,0.0,0.0,0.0
56.385416666666664,0.3430532211180033,0.6544935605616605,1.0,0.0,0.19013570403600394,0.0,0.0,0.0
56.395833333333336,0.3428439758609586,0.6546232829829991,1.0,0.0,0.18570980787378177,0.0,0.0,0.0
56.40625,0.34258663347333446,0.6548573698207854,1.0,0.0,0.25117339334251965,0.0,0.0,0.0
56.416666666666664,0.34233150469891677,0.6551022727359593,1.0,0.0,0.25779642603787317,0.0,0.0,0.0
56.427083333333336,0.342099082607528,0.6553182004882785,1.0,0.0,0.23947748279804368,0.0,0.0,0.0
56.4375,0.3418762532421903,0.6555285716465715,1.0,0.0,0.23586617386881822,0.0,0.0,0.0
56.447916666666664,0.3416095947701478,0.6558350560502328,1.0,0.0,0.2958251556477814,0.0,0.0,0.0
56.458333333333336,0.3413547553835894,0.6561328820390806,1.0,0.0,0.29018475148623624,0.0,0.0,0.0
56.46875,0.3411250422150662,0.656395360113478,1.0,0.0,0.2679222350773127,0.0,0.0,0.0
56.479166666666664,0.3408907033383803,0.6566780717293776,1.0,0.0,0.28035394788562185,0.0,0.0,0.0
56.489583333333336,0.3406927733360765,0.6569018055793852,1.0,0.0,0.24345776066801394,0.0,0.0,0.0
56.5,0.34047700125207037,0.657169123529891,1.0,0.0,0.2704300808866789,0.0,0.0,0.0
56.510416666666664,0.34025662050713246,0.6574550860498365,1.0,0.0,0.2818389957117581,0.0,0.0,0.0
56.520833333333336,0.3400345992327127,0.6577538854221338,1.0,0.0,0.2896128703071968,0.0,0.0,0.0
56.53125,0.33985426417287806,0.6579814045880493,1.0,0.0,0.2452346748038628,0.0,0.0,0.0
56.541666666666664,0.33965735003742814,0.6582484111405551,1.0,0.0,0.2695647841836844,0.0,0.0,0.0
56.552083333333336,0.3394545795742246,0.6585346194652446,1.0,0.0,0.2812816734947759,0.0,0.0,0.0
56.5625,0.3392704736716587,0.6587924185721455,1.0,0.0,0.26354530376514484,0.0,0.0,0.0
56.572916666666664,0.3390969125147918,0.659036577529848,1.0,0.0,0.2549763233396146,0.0,0.0,0.0
56.583333333333336,0.3389586196682013,0.6592183856420569,1.0,0.0,0.21637669359386574,0.0,0.0,0.0
56.59375,0.33881857922276104,0.6594083835024709,1.0,0.0,0.22135054355403744,0.0,0.0,0.0
56.604166666666664,0.3386402027768368,0.6596777812000881,1.0,0.0,0.27018619550097694,0.0,0.0,0.0
56.614583333333336,0.3385011820853014,0.6598763707368259,1.0,0.0,0.22644962635024013,0.0,0.0,0.0
56.625,0.3383744735596854,0.6600553564193751,1.0,0.0,0.21430399928184016,0.0,0.0,0.0
56.635416666666664,0.3382650921447184,0.660204421274986,1.0,0.0,0.19583795446715285,0.0,0.0,0.0
56.645833333333336,0.33817793591862144,0.6603133497241592,1.0,0.0,0.1711226522684678,0.0,0.0,0.0
56.65625,0.3380831753046566,0.6604396565116886,1.0,0.0,0.1817701859199534,0.0,0.0,0.0
56.666666666666664,0.33800143886950734,0.6605432062511766,1.0,0.0,0.16776059643106356,0.0,0.0,0.0
56.677083333333336,0.33794308523137545,0.660603312737364,1.0,0.0,0.14106824317343544,0.0,0.0,0.0
56.6875,0.3379057933013697,0.660623818251449,1.0,0.0,0.11675321935945855,0.0,0.0,0.0
56.697916666666664,0.33786320480000254,0.6606556699893151,1.0,0.0,0.12371460896582416,0.0,0.0,0.0
56.708333333333336,0.33783876204789604,0.6606531563265028,1.0,0.0,0.10262417588732772,0.0,0.0,0.0
56.71875,0.3378359654063563,0.6606089473745136,1.0,0.0,0.07703828833644838,0.0,0.0,0.0
56.729166666666664,0.33785236071964175,0.6605272894917867,1.0,0.0,0.05405234370395831,0.0,0.0,0.0
56.739583333333336,0.3378829780081952,0.6604174217632917,1.0,0.0,0.03672521033653462,0.0,0.0,0.0
56.75,0.3379302051074364,0.6602743291832108,1.0,0.0,0.016303500113062242,0.0,0.0,0.0
56.760416666666664,0.33799038234628315,0.6601047519320301,1.0,0.0,0.0,0.0,0.0,0.0
56.770833333333336,0.3380497379047205,0.6599352480002375,1.0,0.0,0.0,0.0,0.0,0.0
56.78125,0.3381082707712569,0.6597658169310042,1.0,0.0,0.0,0.0,0.0,0.0
56.791666666666664,0.33816598045319063,0.6595964582681413,1.0,0.0,0.0,0.0,0.0,0.0
56.802083333333336,0.3382228669629797,0.6594271715563451,1.0,0.0,0.0,0.0,0.0,0.0
56.8125,0.3382789308042729,0.6592579563414356,1.0,0.0,0.0,0.0,0.0,0.0
56.822916666666664,0.33833417295764434,0.6590888121705871,1.0,0.0,0.0,0.0,0.0,0.0
56.833333333333336,0.33838859486607425,0.6589197385925503,1.0,0.0,0.0,0.0,0.0,0.0
56.84375,0.33844219842021606,0.6587507351578662,1.0,0.0,0.0,0.0,0.0,0.0
56.854166666666664,0.33849498594348953,0.6585818014190736,1.0,0.0,0.0,0.0,0.0,0.0
56.864583333333336,0.33854696017703856,0.6584129369309062,1.0,0.0,0.0,0.0,0.0,0.0
56.875,0.33859812426459013,0.658244141250483,1.0,0.0,0.0,0.0,0.0,0.0
56.885416666666664,0.3386484817372501,0.6580754139374907,1.0,0.0,0.0,0.0,0.0,0.0
56.895833333333336,0.3386980364982701,0.6579067545543573,1.0,0.0,0.0,0.0,0.0,0.0
56.90625,0.33874679280781794,0.6577381626664179,1.0,0.0,0.0,0.0,0.0,0.0
56.916666666666664,0.338794755267782,0.6575696378420736,1.0,0.0,0.0,0.0,0.0,0.0
56.927083333333336,0.3388419288066402,0.6574011796529398,1.0,0.0,0.0,0.0,0.0,0.0
56.9375,0.33888831866442004,0.6572327876739905,1.0,0.0,0.0,0.0,0.0,0.0
56.947916666666664,0.33893393037777675,0.657064461483692,1.0,0.0,0.0,0.0,0.0,0.0
56.958333333333336,0.33897876976521407,0.6568962006641298,1.0,0.0,0.0,0.0,0.0,0.0
56.96875,0.33902284291247037,0.656728004801128,1.0,0.0,0.0,0.0,0.0,0.0
56.979166666666664,0.3390661561580918,0.656559873484362,1.0,0.0,0.0,0.0,0.0,0.0
56.989583333333336,0.33910871607921234,0.6563918063074627,1.0,0.0,0.0,0.0,0.0,0.0
57.0,0.33915052947755864,0.6562238028681157,1.0,0.0,0.0,0.0,0.0,0.0
57.010416666666664,0.33919160336569737,0.6560558627681501,1.0,0.0,0.0,0.0,0.0,0.0
57.020833333333336,0.3392319449535392,0.6558879856136243,1.0,0.0,0.0,0.0,0.0,0.0
57.03125,0.33927156163511424,0.6557201710149028,1.0,0.0,0.0,0.0,0.0,0.0
57.041666666666664,0.33931046097563083,0.6555524185867275,1.0,0.0,0.0,0.0,0.0,0.0
57.052083333333336,0.3393486506988291,0.6553847279482823,1.0,0.0,0.0,0.0,0.0,0.0
57.0625,0.33938613867463874,0.6552170987232516,1.0,0.0,0.0,0.0,0.0,0.0
57.072916666666664,0.3394229329071499,0.6550495305398734,1.0,0.0,0.0,0.0,0.0,0.0
57.083333333333336,0.33945904152290396,0.6548820230309856,1.0,0.0,0.0,0.0,0.0,0.0
57.09375,0.3394944727595105,0.6547145758340682,1.0,0.0,0.0,0.0,0.0,0.0
57.104166666666664,0.3395292349545957,0.6545471885912784,1.0,0.0,0.0,0.0,0.0,0.0
57.114583333333336,0.3395633365350857,0.6543798609494819,1.0,0.0,0.0,0.0,0.0,0.0
57.125,0.3395967860068279,0.6542125925602783,1.0,0.0,0.0,0.0,0.0,0.0
57.135416666666664,0.3396295919445523,0.6540453830800222,1.0,0.0,0.0,0.0,0.0,0.0
57.145833333333336,0.33966176298217343,0.6538782321698393,1.0,0.0,0.0,0.0,0.0,0.0
57.15625,0.33969330780343404,0.653711139495638,1.0,0.0,0.0,0.0,0.0,0.0
57.166666666666664,0.3397242351328884,0.6535441047281166,1.0,0.0,0.0,0.0,0.0,0.0
57.177083333333336,0.3397545537272255,0.6533771275427674,1.0,0.0,0.0,0.0,0.0,0.0
57.1875,0.3397842723669287,0.6532102076198747,1.0,0.0,0.0,0.0,0.0,0.0
57.197916666666664,0.33981339984826997,0.6530433446445114,1.0,0.0,0.0,0.0,0.0,0.0
57.208333333333336,0.33984194497563497,0.6528765383065304,1.0,0.0,0.0,0.0,0.0,0.0
57.21875,0.33986991655417537,0.6527097883005532,1.0,0.0,0.0,0.0,0.0,0.0
57.229166666666664,0.33989732338278383,0.6525430943259549,1.0,0.0,0.0,0.0,0.0,0.0
57.239583333333336,0.3399241742473869,0.6523764560868467,1.0,0.0,0.0,0.0,0.0,0.0
57.25,0.33995047791455063,0.6522098732920544,1.0,0.0,0.0,0.0,0.0,0.0
57.260416666666664,0.3399762431253932,0.6520433456550951,1.0,0.0,0.0,0.0,0.0,0.0
57.270833333333336,0.33998778264211355,0.6519031328717272,1.0,0.0,0.016435137222170486,0.0,0.0,0.0
57.28125,0.3399806996507593,0.6517981990784277,1.0,0.0,0.03849654606617273,0.0,0.0,0.0
57.291666666666664,0.33996460993245053,0.6517108255727998,1.0,0.0,0.04947998640043555,0.0,0.0,0.0
57.302083333333336,0.3399223004555204,0.6516743575715511,1.0,0.0,0.08134129125587736,0.0,0.0,0.0
57.3125,0.3398666076803849,0.6516652097525645,1.0,0.0,0.09844165109002377,0.0,0.0,0.0
57.322916666666664,0.3397909361564681,0.6516965467946558,1.0,0.0,0.12377435977517968,0.0,0.0,0.0
57.333333333333336,0.33971717146873587,0.651727151466204,1.0,0.0,0.12331103532081525,0.0,0.0,0.0
57.34375,0.33961712843635344,0.6518110031696988,1.0,0.0,0.15660113963528513,0.0,0.0,0.0
57.354166666666664,0.3395299142019143,0.6518740118304346,1.0,0.0,0.1435523015876567,0.0,0.0,0.0
57.364583333333336,0.33942368068944584,0.6519767921449721,1.0,0.0,0.16838657179483207,0.0,0.0,0.0
57.375,0.3392919950548615,0.6521323915518976,1.0,0.0,0.20133632149093106,0.0,0.0,0.0
57.385416666666664,0.33917026465477235,0.6522736199736607,1.0,0.0,0.19230916375471274,0.0,0.0,0.0
57.395833333333336,0.33901175662628136,0.652489931093508,1.0,0.0,0.23907694444889502,0.0,0.0,0.0
57.40625,0.3388477750336282,0.6527223162026208,1.0,0.0,0.2489839398623307,0.0,0.0,0.0
57.416666666666664,0.3386882793213231,0.6529516197992044,1.0,0.0,0.24694549675955957,0.0,0.0,0.0
57.427083333333336,0.338537513938099,0.6531693246934857,1.0,0.0,0.23961548972924795,0.0,0.0,0.0
57.4375,0.3383900798641323,0.6533853952349526,1.0,0.0,0.2384953162571416,0.0,0.0,0.0
57.447916666666664,0.33824501355156883,0.6536014392872116,1.0,0.0,0.23837687200699423,0.0,0.0,0.0
57.458333333333336,0.33806141022595854,0.653896353945061,1.0,0.0,0.2872126499881371,0.0,0.0,0.0
57.46875,0.3378692274579285,0.6542132619982955,1.0,0.0,0.3006629067370055,0.0,0.0,0.0
57.479166666666664,0.33769226586703016,0.654506091902782,1.0,0.0,0.2855504441662327,0.0,0.0,0.0
57.489583333333336,0.3375519042483557,0.6547326808510542,1.0,0.0,0.2443985732915185,0.0,0.0,0.0
57.5,0.3373490088788177,0.6550842531402142,1.0,0.0,0.321542521148087,0.0,0.0,0.0
57.510416666666664,0.33716155833126105,0.6554108912028936,1.0,0.0,0.3059052327128232,0.0,0.0,0.0
57.520833333333336,0.3370037158909981,0.6556843544612005,1.0,0.0,0.27290014750327274,0.0,0.0,0.0
57.53125,0.3368093059077372,0.6560325435661758,1.0,0.0,0.3187943239656356,0.0,0.0,0.0
57.541666666666664,0.3366519308208654,0.6563127070943204,1.0,0.0,0.27669028968599846,0.0,0.0,0.0
57.552083333333336,0.33649440594573915,0.6565963034682638,1.0,0.0,0.27864799365657905,0.0,0.0,0.0
57.5625,0.3363674868343422,0.6568231143587748,1.0,0.0,0.2435981112085191,0.0,0.0,0.0
57.572916666666664,0.33622770613201597,0.6570773012003218,1.0,0.0,0.26030853827981915,0.0,0.0,0.0
57.583333333333336,0.3361225829616251,0.6572660794574601,1.0,0.0,0.22004825675729964,0.0,0.0,0.0
57.59375,0.3359848291330523,0.6575203649229724,1.0,0.0,0.2601510900558361,0.0,0.0,0.0
57.604166666666664,0.33586907108781444,0.6577336855059298,1.0,0.0,0.23492663675555692,0.0,0.0,0.0
57.614583333333336,0.3357737448181585,0.6579086193918408,1.0,0.0,0.21133138806491103,0.0,0.0,0.0
57.625,0.33568700603400825,0.6580679877754564,1.0,0.0,0.20174476911224093,0.0,0.0,0.0
57.635416666666664,0.3356083434989363,0.6582126107392092,1.0,0.0,0.19267425104759897,0.0,0.0,0.0
57.645833333333336,0.3355551523305189,0.6583082012902026,1.0,0.0,0.162644856923104,0.0,0.0,0.0
57.65625,0.33547883933740097,0.6584497685204215,1.0,0.0,0.19073914440086015,0.0,0.0,0.0
57.666666666666664,0.3354316034261442,0.658535091547062,1.0,0.0,0.15632561516078605,0.0,0.0,0.0
57.677083333333336,0.33540790263893094,0.6585746884515565,1.0,0.0,0.12836786388378457,0.0,0.0,0.0
57.6875,0.3353832850045193,0.658616318823784,1.0,0.0,0.129607300031629,0.0,0.0,0.0
57.697916666666664,0.33538620934112484,0.65860409839751,1.0,0.0,0.0966990792520226,0.0,0.0,0.0
57.708333333333336,0.33538592607368284,0.6585981496072872,1.0,0.0,0.10053144996013848,0.0,0.0,0.0
57.71875,0.3354011099413853,0.658561832322778,1.0,0.0,0.08197251223417254,0.0,0.0,0.0
57.729166666666664,0.3354381973080647,0.6584823749503099,1.0,0.0,0.055600770845799966,0.0,0.0,0.0
57.739583333333336,0.33548720876144283,0.6583791782940847,1.0,0.0,0.04107402917009165,0.0,0.0,0.0
57.75,0.3355562430609261,0.6582362481881122,1.0,0.0,0.01675000898073095,0.0,0.0,0.0
57.760416666666664,0.3356388735044042,0.6580660099716203,1.0,0.0,0.0,0.0,0.0,0.0
57.770833333333336,0.3357210488130514,0.6578958574423411,1.0,0.0,0.0,0.0,0.0,0.0
57.78125,0.3358027481470054,0.65772579029513,1.0,0.0,0.0,0.0,0.0,0.0
57.791666666666664,0.3358839511827882,0.6575558082152219,1.0,0.0,0.0,0.0,0.0,0.0
57.802083333333336,0.3359646381311569,0.6573859108785307,1.0,0.0,0.0,0.0,0.0,0.0
57.8125,0.3360447897537654,0.6572160979519562,1.0,0.0,0.0,0.0,0.0,0.0
57.822916666666664,0.33612438737861544,0.6570463690936972,1.0,0.0,0.0,0.0,0.0,0.0
57.833333333333336,0.33620341291428,0.6568767239535703,1.0,0.0,0.0,0.0,0.0,0.0
57.84375,0.3362818488628855,0.6567071621733341,1.0,0.0,0.0,0.0,0.0,0.0
57.854166666666664,0.33635967833184405,0.6565376833870169,1.0,0.0,0.0,0.0,0.0,0.0
57.864583333333336,0.3364368850443318,0.6563682872212486,1.0,0.0,0.0,0.0,0.0,0.0
57.875,0.3365134533485121,0.6561989732955962,1.0,0.0,0.0,0.0,0.0,0.0
57.885416666666664,0.33658936822550856,0.6560297412229013,1.0,0.0,0.0,0.0,0.0,0.0
57.895833333333336,0.33666461529613406,0.6558605906096189,1.0,0.0,0.0,0.0,0.0,0.0
57.90625,0.33673918082638893,0.6556915210561588,1.0,0.0,0.0,0.0,0.0,0.0
57.916666666666664,0.33681305173174225,0.655522532157226,1.0,0.0,0.0,0.0,0.0,0.0
57.927083333333336,0.33688621558021564,0.6553536235021624,1.0,0.0,0.0,0.0,0.0,0.0
57.9375,0.336958660594291,0.6551847946752875,1.0,0.0,0.0,0.0,0.0,0.0
57.947916666666664,0.33703037565166777,0.6550160452562377,1.0,0.0,0.0,0.0,0.0,0.0
57.958333333333336,0.337101350284897,0.6548473748203042,1.0,0.0,0.0,0.0,0.0,0.0
57.96875,0.3371715746799242,0.6546787829387691,1.0,0.0,0.0,0.0,0.0,0.0
57.979166666666664,0.3372410396735724,0.6545102691792385,1.0,0.0,0.0,0.0,0.0,0.0
57.989583333333336,0.3373097367500024,0.6543418331059714,1.0,0.0,0.0,0.0,0.0,0.0
58.0,0.337377658036187,0.6541734742802074,1.0,0.0,0.0,0.0,0.0,0.0
58.010416666666664,0.33744479629643837,0.6540051922604878,1.0,0.0,0.0,0.0,0.0,0.0
58.020833333333336,0.33751114492602985,0.6538369866029743,1.0,0.0,0.0,0.0,0.0,0.0
58.03125,0.33757669794395456,0.6536688568617615,1.0,0.0,0.0,0.0,0.0,0.0
58.041666666666664,0.3376414499848638,0.653500802589184,1.0,0.0,0.0,0.0,0.0,0.0
58.052083333333336,0.3377053962902299,0.6533328233361193,1.0,0.0,0.0,0.0,0.0,0.0
58.0625,0.3377685326987786,0.6531649186522838,1.0,0.0,0.0,0.0,0.0,0.0
58.072916666666664,0.3378308556362369,0.6529970880865227,1.0,0.0,0.0,0.0,0.0,0.0
58.083333333333336,0.3378923621044415,0.6528293311870933,1.0,0.0,0.0,0.0,0.0,0.0
58.09375,0.33795304966985523,0.6526616475019422,1.0,0.0,0.0,0.0,0.0,0.0
58.104166666666664,0.3380129164515361,0.6524940365789752,1.0,0.0,0.0,0.0,0.0,0.0
58.114583333333336,0.33807196110860604,0.6523264979663195,1.0,0.0,0.0,0.0,0.0,0.0
58.125,0.3381301828272643,0.6521590312125793,1.0,0.0,0.0,0.0,0.0,0.0
58.135416666666664,0.33818758130738996,0.6519916358670846,1.0,0.0,0.0,0.0,0.0,0.0
58.145833333333336,0.3382441567487789,0.6518243114801299,1.0,0.0,0.0,0.0,0.0,0.0
58.15625,0.3382999098370576,0.6516570576032077,1.0,0.0,0.0,0.0,0.0,0.0
58.166666666666664,0.3383548417293172,0.6514898737892335,1.0,0.0,0.0,0.0,0.0,0.0
58.177083333333336,0.33840895403950844,0.651322759592762,1.0,0.0,0.0,0.0,0.0,0.0
58.1875,0.3384622488236386,0.6511557145701963,1.0,0.0,0.0,0.0,0.0,0.0
58.197916666666664,0.33851472856480913,0.6509887382799885,1.0,0.0,0.0,0.0,0.0,0.0
58.208333333333336,0.3385663961581314,0.6508218302828334,1.0,0.0,0.0,0.0,0.0,0.0
58.21875,0.3386172548955581,0.6506549901418524,1.0,0.0,0.0,0.0,0.0,0.0
58.229166666666664,0.3386673084506642,0.6504882174227711,1.0,0.0,0.0,0.0,0.0,0.0
58.239583333333336,0.3387165608634109,0.6503215116940881,1.0,0.0,0.0,0.0,0.0,0.0
58.25,0.3387650165249261,0.6501548725272361,1.0,0.0,0.0,0.0,0.0,0.0
58.260416666666664,0.3388126801623291,0.649988299496735,1.0,0.0,0.0,0.0,0.0,0.0
58.270833333333336,0.3388419453441232,0.6498555669928545,1.0,0.0,0.021133775409856448,0.0,0.0,0.0
58.28125,0.3388604843334368,0.6497425050904274,1.0,0.0,0.033420710865857406,0.0,0.0,0.0
58.291666666666664,0.33885437793932954,0.6496761229843185,1.0,0.0,0.06262306975758393,0.0,0.0,0.0
58.302083333333336,0.338845664814541,0.6496149399729857,1.0,0.0,0.06587386676161122,0.0,0.0,0.0
58.3125,0.3388118990889539,0.6496020701392381,1.0,0.0,0.09611182824838875,0.0,0.0,0.0
58.322916666666664,0.3387742432909962,0.6495977363104511,1.0,0.0,0.10145450246274147,0.0,0.0,0.0
58.333333333333336,0.3387145962193546,0.6496367707559927,1.0,0.0,0.12859077233301106,0.0,0.0,0.0
58.34375,0.3386282805345674,0.649728851346715,1.0,0.0,0.16176394596588634,0.0,0.0,0.0
58.354166666666664,0.33854468688656875,0.649818411730726,1.0,0.0,0.1601657661671631,0.0,0.0,0.0
58.364583333333336,0.3384565008897649,0.6499193628276063,1.0,0.0,0.16726285673018526,0.0,0.0,0.0
58.375,0.3383708335986114,0.6500181457400774,1.0,0.0,0.16588248868995248,0.0,0.0,0.0
58.385416666666664,0.33826566426213045,0.6501569550110765,1.0,0.0,0.19084931188440996,0.0,0.0,0.0
58.395833333333336,0.33813952067210407,0.6503391845788599,1.0,0.0,0.21789739256780058,0.0,0.0,0.0
58.40625,0.3380318135051836,0.6504895699602364,1.0,0.0,0.19796703004046562,0.0,0.0,0.0
58.416666666666664,0.33789503397736464,0.6506989397342574,1.0,0.0,0.23467453675150818,0.0,0.0,0.0
58.427083333333336,0.33773640156061663,0.6509541791945641,1.0,0.0,0.26314093558823703,0.0,0.0,0.0
58.4375,0.33755617154621737,0.6512553291442403,1.0,0.0,0.29156238941911367,0.0,0.0,0.0
58.447916666666664,0.3373971140428377,0.6515202660724492,1.0,0.0,0.26887433380887205,0.0,0.0,0.0
58.458333333333336,0.3372073780080461,0.6518484178094175,1.0,0.0,0.30797648055732224,0.0,0.0,0.0
58.46875,0.33705437766940427,0.652110016446739,1.0,0.0,0.2664859362868488,0.0,0.0,0.0
58.479166666666664,0.3368855811018592,0.6524056249656405,1.0,0.0,0.2874233169075928,0.0,0.0,0.0
58.489583333333336,0.3367047002271343,0.6527282902586821,1.0,0.0,0.303998642253325,0.0,0.0,0.0
58.5,0.336545088860716,0.6530133969576327,1.0,0.0,0.2805670355769229,0.0,0.0,0.0
58.510416666666664,0.33637805667353715,0.6533159801504667,1.0,0.0,0.29120542610732114,0.0,0.0,0.0
58.520833333333336,0.3362180977623384,0.6536078578662283,1.0,0.0,0.2844186244100693,0.0,0.0,0.0
58.53125,0.336068828248303,0.6538816712021185,1.0,0.0,0.27311223703074555,0.0,0.0,0.0
58.541666666666664,0.33594298491351277,0.654112252144252,1.0,0.0,0.24632458919495337,0.0,0.0,0.0
58.552083333333336,0.3357631860494467,0.6544498461302497,1.0,0.0,0.3121156209168696,0.0,0.0,0.0
58.5625,0.3356447047383993,0.6546704146945628,1.0,0.0,0.2399130577726677,0.0,0.0,0.0
58.572916666666664,0.33551993128937974,0.6549047751100248,1.0,0.0,0.24829889942600133,0.0,0.0,0.0
58.583333333333336,0.3354226564598454,0.6550869260722023,1.0,0.0,0.2161174025886319,0.0,0.0,0.0
58.59375,0.3352887296982307,0.6553417751008378,1.0,0.0,0.26069186112601006,0.0,0.0,0.0
58.604166666666664,0.3351978371741414,0.6555138804987549,1.0,0.0,0.2098019721020813,0.0,0.0,0.0
58.614583333333336,0.335109558570529,0.6556817254509961,1.0,0.0,0.20713281190412516,0.0,0.0,0.0
58.625,0.3350410337539932,0.6558116763820384,1.0,0.0,0.1838496456189007,0.0,0.0,0.0
58.635416666666664,0.33497721418403725,0.6559329633679836,1.0,0.0,0.17850820976230083,0.0,0.0,0.0
58.645833333333336,0.33492102046193506,0.6560397930091462,1.0,0.0,0.16962364675191666,0.0,0.0,0.0
58.65625,0.334866215117239,0.6561442978068572,1.0,0.0,0.1681782582390615,0.0,0.0,0.0
58.666666666666664,0.334804237351331,0.6562632259260136,1.0,0.0,0.1769877915933731,0.0,0.0,0.0
58.677083333333336,0.3347893640966335,0.6562901951967389,1.0,0.0,0.12067655106593353,0.0,0.0,0.0
58.6875,0.3347726313986909,0.656320892289362,1.0,0.0,0.1229569150335002,0.0,0.0,0.0
58.697916666666664,0.33477293833782135,0.6563182729885387,1.0,0.0,0.10256341854233941,0.0,0.0,0.0
58.708333333333336,0.3347815359548776,0.6562993988063669,1.0,0.0,0.09261362365543714,0.0,0.0,0.0
58.71875,0.33481201980449593,0.6562375802726549,1.0,0.0,0.06632249706163112,0.0,0.0,0.0
58.729166666666664,0.334848615181565,0.656163632802143,1.0,0.0,0.05888817209453519,0.0,0.0,0.0
58.739583333333336,0.3349041828643462,0.6560523290339774,1.0,0.0,0.03599568797097739,0.0,0.0,0.0
58.75,0.3349745586488899,0.6559117368059288,1.0,0.0,0.01802447808353672,0.0,0.0,0.0
58.760416666666664,0.33505972690074864,0.6557418065572669,1.0,0.0,0.0,0.0,0.0,0.0
58.770833333333336,0.33514459647481715,0.6555719633540109,1.0,0.0,0.0,0.0,0.0,0.0
58.78125,0.3352291435407973,0.6554022069662323,1.0,0.0,0.0,0.0,0.0,0.0
58.791666666666664,0.3353133446315733,0.655232537152612,1.0,0.0,0.0,0.0,0.0,0.0
58.802083333333336,0.33539717666832863,0.655062953660674,1.0,0.0,0.0,0.0,0.0,0.0
58.8125,0.33548061698474246,0.6548934562270294,1.0,0.0,0.0,0.0,0.0,0.0
58.822916666666664,0.3355636433502145,0.6547240445776328,1.0,0.0,0.0,0.0,0.0,0.0
58.833333333333336,0.33564623399207144,0.6545547184280459,1.0,0.0,0.0,0.0,0.0,0.0
58.84375,0.335728367616712,0.6543854774837135,1.0,0.0,0.0,0.0,0.0,0.0
58.854166666666664,0.3358100234296518,0.6542163214402449,1.0,0.0,0.0,0.0,0.0,0.0
58.864583333333336,0.3358911811544336,0.6540472499837067,1.0,0.0,0.0,0.0,0.0,0.0
58.875,0.3359718210503724,0.6538782627909209,1.0,0.0,0.0,0.0,0.0,0.0
58.885416666666664,0.33605192392910976,0.6537093595297713,1.0,0.0,0.0,0.0,0.0,0.0
58.895833333333336,0.33613147116995623,0.6535405398595143,1.0,0.0,0.0,0.0,0.0,0.0
58.90625,0.336210444734004,0.6533718034310981,1.0,0.0,0.0,0.0,0.0,0.0
58.916666666666664,0.3362888271769978,0.6532031498874842,1.0,0.0,0.0,0.0,0.0,0.0
58.927083333333336,0.3363666016609554,0.653034578863974,1.0,0.0,0.0,0.0,0.0,0.0
58.9375,0.3364437519645334,0.65286608998854,1.0,0.0,0.0,0.0,0.0,0.0
58.947916666666664,0.336520262492139,0.652697682882159,1.0,0.0,0.0,0.0,0.0,0.0
58.958333333333336,0.3365961182817909,0.6525293571591483,1.0,0.0,0.0,0.0,0.0,0.0
58.96875,0.33667130501173853,0.6523611124275025,1.0,0.0,0.0,0.0,0.0,0.0
58.979166666666664,0.3367458090058503,0.6521929482892336,1.0,0.0,0.0,0.0,0.0,0.0
58.989583333333336,0.33681961723778747,0.6520248643407097,1.0,0.0,0.0,0.0,0.0,0.0
59.0,0.3368927173339816,0.6518568601729943,1.0,0.0,0.0,0.0,0.0,0.0
59.010416666666664,0.33696509757543863,0.651688935372185,1.0,0.0,0.0,0.0,0.0,0.0
59.020833333333336,0.33703674689839463,0.651521089519752,1.0,0.0,0.0,0.0,0.0,0.0
59.03125,0.33710765489385114,0.6513533221928731,1.0,0.0,0.0,0.0,0.0,0.0
59.041666666666664,0.33717781180602163,0.6511856329647682,1.0,0.0,0.0,0.0,0.0,0.0
59.052083333333336,0.3372472085297222,0.6510180214050293,1.0,0.0,0.0,0.0,0.0,0.0
59.0625,0.3373158366067417,0.6508504870799493,1.0,0.0,0.0,0.0,0.0,0.0
59.072916666666664,0.33738368822123,0.6506830295528458,1.0,0.0,0.0,0.0,0.0,0.0
59.083333333333336,0.3374507561941428,0.6505156483843817,1.0,0.0,0.0,0.0,0.0,0.0
59.09375,0.3375170339767845,0.65034834313288,1.0,0.0,0.0,0.0,0.0,0.0
59.104166666666664,0.3375825156434918,0.6501811133546355,1.0,0.0,0.0,0.0,0.0,0.0
59.114583333333336,0.3376471958835008,0.6500139586042197,1.0,0.0,0.0,0.0,0.0,0.0
59.125,0.337711069992043,0.6498468784347814,1.0,0.0,0.0,0.0,0.0,0.0
59.135416666666664,0.3377741338607145,0.6496798723983399,1.0,0.0,0.0,0.0,0.0,0.0
59.145833333333336,0.3378363839671648,0.6495129400460736,1.0,0.0,0.0,0.0,0.0,0.0
59.15625,0.33789781736415087,0.6493460809286012,1.0,0.0,0.0,0.0,0.0,0.0
59.166666666666664,0.3379584316680022,0.6491792945962567,1.0,0.0,0.0,0.0,0.0,0.0
59.177083333333336,0.3380182250465438,0.6490125805993566,1.0,0.0,0.0,0.0,0.0,0.0
59.1875,0.33807719620652205,0.6488459384884612,1.0,0.0,0.0,0.0,0.0,0.0
59.197916666666664,0.3381353443805798,0.6486793678146276,1.0,0.0,0.0,0.0,0.0,0.0
59.208333333333336,0.33819266931382447,0.6485128681296557,1.0,0.0,0.0,0.0,0.0,0.0
59.21875,0.3382491712500341,0.6483464389863265,1.0,0.0,0.0,0.0,0.0,0.0
59.229166666666664,0.33830485091754486,0.6481800799386332,1.0,0.0,0.0,0.0,0.0,0.0
59.239583333333336,0.3383597095148616,0.6480137905420033,1.0,0.0,0.0,0.0,0.0,0.0
59.25,0.33841374869603397,0.6478475703535139,1.0,0.0,0.0,0.0,0.0,0.0
59.260416666666664,0.33846697055583713,0.6476814189320991,1.0,0.0,0.0,0.0,0.0,0.0
59.270833333333336,0.3385044003426252,0.6475439854321083,1.0,0.0,0.017972726606358454,0.0,0.0,0.0
59.28125,0.3385264688710033,0.6474348662439954,1.0,0.0,0.035711579255256296,0.0,0.0,0.0
59.291666666666664,0.3385354040979222,0.6473502281508735,1.0,0.0,0.05105925608187132,0.0,0.0,0.0
59.302083333333336,0.33852177024087166,0.6473084893179009,1.0,0.0,0.0779746555828542,0.0,0.0,0.0
59.3125,0.33848945040894135,0.6473028903055507,1.0,0.0,0.10065327548848615,0.0,0.0,0.0
59.322916666666664,0.33844571954752667,0.6473200753206524,1.0,0.0,0.11494899726700378,0.0,0.0,0.0
59.333333333333336,0.33838735094643035,0.6473665536798094,1.0,0.0,0.1333226087073305,0.0,0.0,0.0
59.34375,0.3383265784277965,0.6474193441335605,1.0,0.0,0.13727387028672974,0.0,0.0,0.0
59.354166666666664,0.33826891274684207,0.6474679489186093,1.0,0.0,0.13464117369221662,0.0,0.0,0.0
59.364583333333336,0.33815986194616904,0.6476165951467349,1.0,0.0,0.19732869218298876,0.0,0.0,0.0
59.375,0.3380781977140421,0.6477158855312404,1.0,0.0,0.16636627272159935,0.0,0.0,0.0
59.385416666666664,0.33796549384982033,0.6478769348777822,1.0,0.0,0.20500554955469313,0.0,0.0,0.0
59.395833333333336,0.33786446034578516,0.6480186905678849,1.0,0.0,0.19287649501667678,0.0,0.0,0.0
59.40625,0.33773534843062425,0.648217022683369,1.0,0.0,0.22820710025840907,0.0,0.0,0.0
59.416666666666664,0.33759423233763625,0.6484417956720335,1.0,0.0,0.24464196164304863,0.0,0.0,0.0
59.427083333333336,0.3374669189644918,0.6486436357086653,1.0,0.0,0.23021838462888006,0.0,0.0,0.0
59.4375,0.337314826816609,0.6488962583719857,1.0,0.0,0.26181261936572847,0.0,0.0,0.0
59.447916666666664,0.33719271857359867,0.649094791515762,1.0,0.0,0.22796568004643228,0.0,0.0,0.0
59.458333333333336,0.3370304594200491,0.6493734468245822,1.0,0.0,0.2777906019915803,0.0,0.0,0.0
59.46875,0.3368496532621784,0.6496914817934556,1.0,0.0,0.30213589903508,0.0,0.0,0.0
59.479166666666664,0.3366683462789448,0.6500143472077422,1.0,0.0,0.30493623464404923,0.0,0.0,0.0
59.489583333333336,0.33648964153008143,0.6503358494152928,1.0,0.0,0.3038831739121731,0.0,0.0,0.0
59.5,0.33631055049243247,0.6506615016585688,1.0,0.0,0.30625354587609305,0.0,0.0,0.0
59.510416666666664,0.33615421767528003,0.6509462861379576,1.0,0.0,0.2807220712159856,0.0,0.0,0.0
59.520833333333336,0.33601517527282737,0.6512001482903864,1.0,0.0,0.26141749511758267,0.0,0.0,0.0
59.53125,0.33588762629247393,0.6514338606349233,1.0,0.0,0.24882465210683602,0.0,0.0,0.0
59.541666666666664,0.33576112299892874,0.6516673811041729,1.0,0.0,0.24859961632399433,0.0,0.0,0.0
59.552083333333336,0.3356127560957977,0.6519450867176434,1.0,0.0,0.2757908093306341,0.0,0.0,0.0
59.5625,0.3354888120493264,0.6521772300503094,1.0,0.0,0.24751890750044903,0.0,0.0,0.0
59.572916666666664,0.3353655831688356,0.6524094393552439,1.0,0.0,0.24745595438477874,0.0,0.0,0.0
59.583333333333336,0.3352437795138763,0.6526402221890912,1.0,0.0,0.2464733314060055,0.0,0.0,0.0
59.59375,0.3351315464424735,0.6528535930813889,1.0,0.0,0.23564612135612864,0.0,0.0,0.0
59.604166666666664,0.33504566433775007,0.6530166377458165,1.0,0.0,0.2045764525460722,0.0,0.0,0.0
59.614583333333336,0.33495171545989283,0.6531961241595421,1.0,0.0,0.21464339029802812,0.0,0.0,0.0
59.625,0.334880076061885,0.6533328138242754,1.0,0.0,0.1882602066551663,0.0,0.0,0.0
59.635416666666664,0.33480431641084085,0.6534780446914432,1.0,0.0,0.19347598070996505,0.0,0.0,0.0
59.645833333333336,0.33474427956439545,0.6535930697434815,1.0,0.0,0.17487259808561675,0.0,0.0,0.0
59.65625,0.33470646046188507,0.6536650556490281,1.0,0.0,0.1484036369113395,0.0,0.0,0.0
59.666666666666664,0.3346532890361237,0.6537672327542452,1.0,0.0,0.1669399246762942,0.0,0.0,0.0
59.677083333333336,0.33462070973433,0.6538294473065813,1.0,0.0,0.14237894152324593,0.0,0.0,0.0
59.6875,0.3345923597333365,0.653883548363916,1.0,0.0,0.13738964341500814,0.0,0.0,0.0
59.697916666666664,0.334597547109973,0.6538722288694334,1.0,0.0,0.09721593343980436,0.0,0.0,0.0
59.708333333333336,0.3346014435719916,0.6538634115912045,1.0,0.0,0.09875226202884169,0.0,0.0,0.0
59.71875,0.3346258746676614,0.6538144543910454,1.0,0.0,0.0741010371163543,0.0,0.0,0.0
59.729166666666664,0.33466664042602323,0.6537334939640878,1.0,0.0,0.054437412902897275,0.0,0.0,0.0
59.739583333333336,0.33472177101425243,0.6536243240406568,1.0,0.0,0.037090617267920546,0.0,0.0,0.0
59.75,0.334794354408299,0.6534808650058973,1.0,0.0,0.015988904928335875,0.0,0.0,0.0
59.760416666666664,0.3348800721817688,0.6533114737095979,1.0,0.0,0.0,0.0,0.0,0.0
59.770833333333336,0.33496554252642313,0.6531421695328206,1.0,0.0,0.0,0.0,0.0,0.0
59.78125,0.33505074093315207,0.6529729522712048,1.0,0.0,0.0,0.0,0.0,0.0
59.791666666666664,0.33513564320037814,0.6528038217085962,1.0,0.0,0.0,0.0,0.0,0.0
59.802083333333336,0.3352202254609294,0.6526347776172553,1.0,0.0,0.0,0.0,0.0,0.0
59.8125,0.33530446420811044,0.6524658197580758,1.0,0.0,0.0,0.0,0.0,0.0
59.822916666666664,0.33538833632091375,0.6522969478808174,1.0,0.0,0.0,0.0,0.0,0.0
59.833333333333336,0.33547181908831564,0.6521281617243472,1.0,0.0,0.0,0.0,0.0,0.0
59.84375,0.33555489023260615,0.6519594610168932,1.0,0.0,0.0,0.0,0.0,0.0
59.854166666666664,0.33563752793170526,0.6517908454763067,1.0,0.0,0.0,0.0,0.0,0.0
59.864583333333336,0.3357197108404219,0.6516223148103354,1.0,0.0,0.0,0.0,0.0,0.0
59.875,0.33580141811061687,0.6514538687169037,1.0,0.0,0.0,0.0,0.0,0.0
59.885416666666664,0.33588262941023433,0.6512855068844026,1.0,0.0,0.0,0.0,0.0,0.0
59.895833333333336,0.3359633249411715,0.6511172289919859,1.0,0.0,0.0,0.0,0.0,0.0
59.90625,0.33604348545595986,0.6509490347098745,1.0,0.0,0.0,0.0,0.0,0.0
59.916666666666664,0.33612309227323645,0.6507809236996663,1.0,0.0,0.0,0.0,0.0,0.0
59.927083333333336,0.3362021272919872,0.6506128956146517,1.0,0.0,0.0,0.0,0.0,0.0
59.9375,0.33628057300454933,0.6504449501001345,1.0,0.0,0.0,0.0,0.0,0.0
59.947916666666664,0.3363584125083647,0.6502770867937564,1.0,0.0,0.0,0.0,0.0,0.0
59.958333333333336,0.3364356295164777,0.6501093053258264,1.0,0.0,0.0,0.0,0.0,0.0
59.96875,0.3365122083667798,0.6499416053196527,1.0,0.0,0.0,0.0,0.0,0.0
59.979166666666664,0.3365881340300022,0.6497739863918761,1.0,0.0,0.0,0.0,0.0,0.0
59.989583333333336,0.3366633921164657,0.6496064481528068,1.0,0.0,0.0,0.0,0.0,0.0
60.0,0.3367379688815984,0.6494389902067615,1.0,0.0,0.0,0.0,0.0,0.0
60.010416666666664,0.33681185123023716,0.6492716121524015,1.0,0.0,0.0,0.0,0.0,0.0
60.020833333333336,0.3368850267197303,0.6491043135830702,1.0,0.0,0.0,0.0,0.0,0.0
60.03125,0.3369574835618647,0.6489370940871312,1.0,0.0,0.0,0.0,0.0,0.0
60.041666666666664,0.33702921062364144,0.6487699532483041,1.0,0.0,0.0,0.0,0.0,0.0
60.052083333333336,0.33710019742692815,0.6486028906459996,1.0,0.0,0.0,0.0,0.0,0.0
60.0625,0.3371704341470192,0.6484359058556518,1.0,0.0,0.0,0.0,0.0,0.0
60.072916666666664,0.33723991161013595,0.6482689984490484,1.0,0.0,0.0,0.0,0.0,0.0
60.083333333333336,0.33730862128990335,0.6481021679946575,1.0,0.0,0.0,0.0,0.0,0.0
60.09375,0.33737655530283994,0.6479354140579501,1.0,0.0,0.0,0.0,0.0,0.0
60.104166666666664,0.3374437064029003,0.6477687362017206,1.0,0.0,0.0,0.0,0.0,0.0
60.114583333333336,0.3375100679751115,0.6476021339864004,1.0,0.0,0.0,0.0,0.0,0.0
60.125,0.3375756340283454,0.647435606970369,1.0,0.0,0.0,0.0,0.0,0.0
60.135416666666664,0.33764039918726974,0.6472691547102579,1.0,0.0,0.0,0.0,0.0,0.0
60.145833333333336,0.3377043586835238,0.6471027767612505,1.0,0.0,0.0,0.0,0.0,0.0
60.15625,0.337767508346162,0.6469364726773754,1.0,0.0,0.0,0.0,0.0,0.0
60.166666666666664,0.3378298445914127,0.6467702420117933,1.0,0.0,0.0,0.0,0.0,0.0
60.177083333333336,0.3378913644117968,0.6466040843170788,1.0,0.0,0.0,0.0,0.0,0.0
60.1875,0.33795206536465305,0.6464379991454937,1.0,0.0,0.0,0.0,0.0,0.0
60.197916666666664,0.3380119455601163,0.6462719860492552,1.0,0.0,0.0,0.0,0.0,0.0
60.208333333333336,0.3380710036485936,0.6461060445807958,1.0,0.0,0.0,0.0,0.0,0.0
60.21875,0.33812923880778456,0.6459401742930166,1.0,0.0,0.0,0.0,0.0,0.0
60.229166666666664,0.3381866507292907,0.6457743747395327,1.0,0.0,0.0,0.0,0.0,0.0
60.239583333333336,0.3382432396048577,0.6456086454749114,1.0,0.0,0.0,0.0,0.0,0.0
60.25,0.33829900611229413,0.6454429860549031,1.0,0.0,0.0,0.0,0.0,0.0
60.260416666666664,0.33835395140110985,0.6452773960366637,1.0,0.0,0.0,0.0,0.0,0.0
60.270833333333336,0.3383936215447303,0.645139432933737,1.0,0.0,0.017346639821119794,0.0,0.0,0.0
60.28125,0.338411953990229,0.6450410439727521,1.0,0.0,0.04223400745242101,0.0,0.0,0.0
60.291666666666664,0.33842210685004964,0.6449577330438969,1.0,0.0,0.05171556700977126,0.0,0.0,0.0
60.302083333333336,0.3384194123158294,0.6448986220287478,1.0,0.0,0.06694689740150525,0.0,0.0,0.0
60.3125,0.33839793716315486,0.644875381932308,1.0,0.0,0.08953292345308525,0.0,0.0,0.0
60.322916666666664,0.3383523588950576,0.6448987005046323,1.0,0.0,0.11884837573418792,0.0,0.0,0.0
60.333333333333336,0.3383014706535952,0.6449334563796032,1.0,0.0,0.12604538394230802,0.0,0.0,0.0
60.34375,0.3382439993968535,0.6449822194567945,1.0,0.0,0.13485600632903103,0.0,0.0,0.0
60.354166666666664,0.3381666344609202,0.6450705552086009,1.0,0.0,0.15974439204842006,0.0,0.0,0.0
60.364583333333336,0.3380787021522612,0.6451812294016126,1.0,0.0,0.17377130863897347,0.0,0.0,0.0
60.375,0.33797517799828203,0.6453241066856688,1.0,0.0,0.1939813853414798,0.0,0.0,0.0
60.385416666666664,0.33788300334394655,0.6454481233263267,1.0,0.0,0.1820867962437608,0.0,0.0,0.0
60.395833333333336,0.3377874618195888,0.6455810183062024,1.0,0.0,0.1876254414033527,0.0,0.0,0.0
60.40625,0.33763940338404846,0.6458168291213511,1.0,0.0,0.25216176692007924,0.0,0.0,0.0
60.416666666666664,0.33749432212506253,0.6460507578563737,1.0,0.0,0.25086390271005804,0.0,0.0,0.0
60.427083333333336,0.3373552558898965,0.6462767655503001,1.0,0.0,0.24578690159174035,0.0,0.0,0.0
60.4375,0.33722702827476314,0.6464853136530685,1.0,0.0,0.2347510739010309,0.0,0.0,0.0
60.447916666666664,0.33704858015861416,0.6467931571752917,1.0,0.0,0.29676170921774137,0.0,0.0,0.0
60.458333333333336,0.3368975932961286,0.6470522701731183,1.0,0.0,0.2661248650014756,0.0,0.0,0.0
60.46875,0.336757977253629,0.6472927201622136,1.0,0.0,0.2543371348485503,0.0,0.0,0.0
60.479166666666664,0.3365867588550042,0.6475967743647365,1.0,0.0,0.29389341381949535,0.0,0.0,0.0
60.489583333333336,0.3364166853094331,0.6479019581590012,1.0,0.0,0.2944126800024815,0.0,0.0,0.0
60.5,0.3362780233285527,0.648149717845449,1.0,0.0,0.25847915775260305,0.0,0.0,0.0
60.510416666666664,0.3361525126431524,0.6483744710615021,1.0,0.0,0.24404427127701755,0.0,0.0,0.0
60.520833333333336,0.33597704645059373,0.6486976746356352,1.0,0.0,0.30514123383932934,0.0,0.0,0.0
60.53125,0.33580744506908605,0.6490122862893192,1.0,0.0,0.2996024261771436,0.0,0.0,0.0
60.541666666666664,0.3356445506631533,0.6493163740350782,1.0,0.0,0.2928818517754436,0.0,0.0,0.0
60.552083333333336,0.33546544838705455,0.6496540144104535,1.0,0.0,0.3134945403160899,0.0,0.0,0.0
60.5625,0.33534981172324757,0.6498708587380783,1.0,0.0,0.2384880799036148,0.0,0.0,0.0
60.572916666666664,0.33519450694721065,0.6501658720529979,1.0,0.0,0.28676326962141224,0.0,0.0,0.0
60.583333333333336,0.33506170004936847,0.6504188023886298,1.0,0.0,0.2605832463003297,0.0,0.0,0.0
60.59375,0.3349198339998857,0.6506905344406999,1.0,0.0,0.27207408896912155,0.0,0.0,0.0
60.604166666666664,0.33478235889338304,0.6509548992129812,1.0,0.0,0.26738649063172937,0.0,0.0,0.0
60.614583333333336,0.3346905565206654,0.6511313975648765,1.0,0.0,0.21306330148836083,0.0,0.0,0.0
60.625,0.3346009595934414,0.6513041528770402,1.0,0.0,0.210696488649195,0.0,0.0,0.0
60.635416666666664,0.3345257086382452,0.6514494504172443,1.0,0.0,0.19372070200106042,0.0,0.0,0.0
60.645833333333336,0.3344679500718488,0.6515610198908388,1.0,0.0,0.17290522453911628,0.0,0.0,0.0
60.65625,0.33440007286540757,0.6516925395398048,1.0,0.0,0.1851663192329398,0.0,0.0,0.0
60.666666666666664,0.33435601852669145,0.6517778679438263,1.0,0.0,0.15670076280233577,0.0,0.0,0.0
60.677083333333336,0.3343140405476054,0.6518592821192303,1.0,0.0,0.15427803732064496,0.0,0.0,0.0
60.6875,0.33430290049473493,0.651880672665468,1.0,0.0,0.11733071328825669,0.0,0.0,0.0
60.697916666666664,0.3343023542687134,0.6518814293720753,1.0,0.0,0.10463233864172532,0.0,0.0,0.0
60.708333333333336,0.3343163218542667,0.6518538867634428,1.0,0.0,0.08721644867173282,0.0,0.0,0.0
60.71875,0.33434533392163923,0.6517969873028115,1.0,0.0,0.06914519412318523,0.0,0.0,0.0
60.729166666666664,0.334388445211559,0.651712553139248,1.0,0.0,0.05218641657030295,0.0,0.0,0.0
60.739583333333336,0.33443985646831353,0.6516118627345041,1.0,0.0,0.042161015221547575,0.0,0.0,0.0
60.75,0.3345099947255025,0.6514745865591524,1.0,0.0,0.01960052172230636,0.0,0.0,0.0
60.760416666666664,0.33459635190269066,0.651305572124013,1.0,0.0,0.0,0.0,0.0,0.0
60.770833333333336,0.3346825443763376,0.6511366450527492,1.0,0.0,0.0,0.0,0.0,0.0
60.78125,0.33476854682183,0.6509678051818802,1.0,0.0,0.0,0.0,0.0,0.0
60.791666666666664,0.33485433412849813,0.6507990523355875,1.0,0.0,0.0,0.0,0.0,0.0
60.802083333333336,0.33493988142868053,0.6506303863258786,1.0,0.0,0.0,0.0,0.0,0.0
60.8125,0.33502516412620137,0.6504618069527629,1.0,0.0,0.0,0.0,0.0,0.0
60.822916666666664,0.3351101579241931,0.6502933140044441,1.0,0.0,0.0,0.0,0.0,0.0
60.833333333333336,0.3351948388521983,0.6501249072575219,1.0,0.0,0.0,0.0,0.0,0.0
60.84375,0.33527918329248824,0.6499565864772073,1.0,0.0,0.0,0.0,0.0,0.0
60.854166666666664,0.3353631680055382,0.6497883514175503,1.0,0.0,0.0,0.0,0.0,0.0
60.864583333333336,0.33544677015460456,0.6496202018216777,1.0,0.0,0.0,0.0,0.0,0.0
60.875,0.33552996732934975,0.6494521374220412,1.0,0.0,0.0,0.0,0.0,0.0
60.885416666666664,0.33561273756846827,0.6492841579406781,1.0,0.0,0.0,0.0,0.0,0.0
60.895833333333336,0.33569505938126754,0.6491162630894778,1.0,0.0,0.0,0.0,0.0,0.0
60.90625,0.3357769117681641,0.6489484525704612,1.0,0.0,0.0,0.0,0.0,0.0
60.916666666666664,0.33585827424005876,0.6487807260760647,1.0,0.0,0.0,0.0,0.0,0.0
60.927083333333336,0.33593912683655824,0.6486130832894351,1.0,0.0,0.0,0.0,0.0,0.0
60.9375,0.33601945014301626,0.6484455238847292,1.0,0.0,0.0,0.0,0.0,0.0
60.947916666666664,0.33609922530637043,0.6482780475274211,1.0,0.0,0.0,0.0,0.0,0.0
60.958333333333336,0.33617843404975617,0.6481106538746155,1.0,0.0,0.0,0.0,0.0,0.0
60.96875,0.33625705868588346,0.6479433425753646,1.0,0.0,0.0,0.0,0.0,0.0
60.979166666666664,0.3363350821291659,0.6477761132709914,1.0,0.0,0.0,0.0,0.0,0.0
60.989583333333336,0.33641248790659656,0.6476089655954161,1.0,0.0,0.0,0.0,0.0,0.0
61.0,0.3364892601673687,0.6474418991754854,1.0,0.0,0.0,0.0,0.0,0.0
61.010416666666664,0.33656538369124417,0.6472749136313054,1.0,0.0,0.0,0.0,0.0,0.0
61.020833333333336,0.33664084389567583,0.6471080085765749,1.0,0.0,0.0,0.0,0.0,0.0
61.03125,0.3367156268416942,0.646941183618922,1.0,0.0,0.0,0.0,0.0,0.0
61.041666666666664,0.3367897192385724,0.6467744383602403,1.0,0.0,0.0,0.0,0.0,0.0
61.052083333333336,0.33686310844728734,0.6466077723970252,1.0,0.0,0.0,0.0,0.0,0.0
61.0625,0.3369357824827974,0.6464411853207108,1.0,0.0,0.0,0.0,0.0,0.0
61.072916666666664,0.3370077300151613,0.6462746767180054,1.0,0.0,0.0,0.0,0.0,0.0
61.083333333333336,0.3370789403695254,0.6461082461712245,1.0,0.0,0.0,0.0,0.0,0.0
61.09375,0.33714940352500816,0.645941893258624,1.0,0.0,0.0,0.0,0.0,0.0
61.104166666666664,0.33721911011251576,0.6457756175547286,1.0,0.0,0.0,0.0,0.0,0.0
61.114583333333336,0.33728805141152246,0.6456094186306591,1.0,0.0,0.0,0.0,0.0,0.0
61.125,0.33735621934585286,0.645443296054455,1.0,0.0,0.0,0.0,0.0,0.0
61.135416666666664,0.3374236064785051,0.6452772493913945,1.0,0.0,0.0,0.0,0.0,0.0
61.145833333333336,0.3374902060055553,0.6451112782043081,1.0,0.0,0.0,0.0,0.0,0.0
61.15625,0.33755601174918476,0.6449453820538898,1.0,0.0,0.0,0.0,0.0,0.0
61.166666666666664,0.3376210181498736,0.6447795604990026,1.0,0.0,0.0,0.0,0.0,0.0
61.177083333333336,0.3376852202578045,0.6446138130969777,1.0,0.0,0.0,0.0,0.0,0.0
61.1875,0.3377486137235218,0.6444481394039083,1.0,0.0,0.0,0.0,0.0,0.0
61.197916666666664,0.33781119478789096,0.6442825389749385,1.0,0.0,0.0,0.0,0.0,0.0
61.208333333333336,0.33787296027140507,0.6441170113645445,1.0,0.0,0.0,0.0,0.0,0.0
61.21875,0.3379339075628835,0.6439515561268101,1.0,0.0,0.0,0.0,0.0,0.0
61.229166666666664,0.3379940346076096,0.6437861728156954,1.0,0.0,0.0,0.0,0.0,0.0
61.239583333333336,0.33805333989495306,0.6436208609852972,1.0,0.0,0.0,0.0,0.0,0.0
61.25,0.3381118224455226,0.6434556201901046,1.0,0.0,0.0,0.0,0.0,0.0
61.260416666666664,0.3381694817978941,0.6432904499852448,1.0,0.0,0.0,0.0,0.0,0.0
61.270833333333336,0.33820955630057625,0.6431572232737764,1.0,0.0,0.0201140332583092,0.0,0.0,0.0
61.28125,0.3382345643676403,0.6430515823018779,1.0,0.0,0.037499120723324196,0.0,0.0,0.0
61.291666666666664,0.3382392461772182,0.6429839117901792,1.0,0.0,0.061453782981477585,0.0,0.0,0.0
61.302083333333336,0.3382424389569954,0.6429189496078407,1.0,0.0,0.06315854825264114,0.0,0.0,0.0
61.3125,0.3382198586308018,0.6429028927666155,1.0,0.0,0.09403025509079796,0.0,0.0,0.0
61.322916666666664,0.33817471797914167,0.6429303497800507,1.0,0.0,0.12149793310734852,0.0,0.0,0.0
61.333333333333336,0.33813155102928755,0.6429553007384308,1.0,0.0,0.11991339181580511,0.0,0.0,0.0
61.34375,0.3380772193717515,0.6430026652524907,1.0,0.0,0.13405278134721826,0.0,0.0,0.0
61.354166666666664,0.33799348658907763,0.6431074407045672,1.0,0.0,0.17025675730551385,0.0,0.0,0.0
61.364583333333336,0.33791411984787595,0.6432061656931779,1.0,0.0,0.16641548953241342,0.0,0.0,0.0
61.375,0.3378308927963092,0.6433143398284821,1.0,0.0,0.1723461711362651,0.0,0.0,0.0
61.385416666666664,0.33771328331043116,0.6434901821488,1.0,0.0,0.21493855592131345,0.0,0.0,0.0
61.395833333333336,0.337584137912393,0.6436910447394529,1.0,0.0,0.23061712646008434,0.0,0.0,0.0
61.40625,0.33748429338152164,0.6438392420413502,1.0,0.0,0.19740567402082104,0.0,0.0,0.0
61.416666666666664,0.3373737780039849,0.6440102079195626,1.0,0.0,0.21167065302092447,0.0,0.0,0.0
61.427083333333336,0.33726290699063716,0.6441844494595883,1.0,0.0,0.21366531917546241,0.0,0.0,0.0
61.4375,0.3371130456430198,0.6444357456011817,1.0,0.0,0.26197589237266433,0.0,0.0,0.0
61.447916666666664,0.33696073782751157,0.6446950825363288,1.0,0.0,0.26688830141693587,0.0,0.0,0.0
61.458333333333336,0.33682513988090224,0.6449256974298133,1.0,0.0,0.24875016828287688,0.0,0.0,0.0
61.46875,0.3366381682448991,0.6452575348784896,1.0,0.0,0.3120215894696296,0.0,0.0,0.0
61.479166666666664,0.33646629774082903,0.6455641295388328,1.0,0.0,0.29601335986436605,0.0,0.0,0.0
61.489583333333336,0.3363013995445893,0.6458605394314713,1.0,0.0,0.28946146327383343,0.0,0.0,0.0
61.5,0.33617327258912827,0.6460891568844577,1.0,0.0,0.24696234340967566,0.0,0.0,0.0
61.510416666666664,0.3360239735001215,0.6463605659015337,1.0,0.0,0.2735549352482391,0.0,0.0,0.0
61.520833333333336,0.33588365736831843,0.646616994770471,1.0,0.0,0.2640717182379958,0.0,0.0,0.0
61.53125,0.33576322953942717,0.6468371365634527,1.0,0.0,0.2413400227014177,0.0,0.0,0.0
61.541666666666664,0.335591787359391,0.6471572528346118,1.0,0.0,0.3034657832977963,0.0,0.0,0.0
61.552083333333336,0.3354369629585764,0.6474475277799983,1.0,0.0,0.2847143385228018,0.0,0.0,0.0
61.5625,0.335266314289531,0.6477702007802902,1.0,0.0,0.30467351774605206,0.0,0.0,0.0
61.572916666666664,0.3351506787884689,0.6479883550593557,1.0,0.0,0.23961202297612225,0.0,0.0,0.0
61.583333333333336,0.3350038597209042,0.6482679278865544,1.0,0.0,0.2776104801921252,0.0,0.0,0.0
61.59375,0.3348807840222813,0.6485028169460149,1.0,0.0,0.24977281932044165,0.0,0.0,0.0
61.604166666666664,0.33479846277433845,0.6486596822775269,1.0,0.0,0.20134731812493148,0.0,0.0,0.0
61.614583333333336,0.33471355618073545,0.648822097468371,1.0,0.0,0.2047357032641279,0.0,0.0,0.0
61.625,0.3346294485137867,0.6489834742124534,1.0,0.0,0.20404256994287243,0.0,0.0,0.0
61.635416666666664,0.3345696275324959,0.6490981874324399,1.0,0.0,0.1751322196749774,0.0,0.0,0.0
61.645833333333336,0.33451525600253695,0.6492026053271737,1.0,0.0,0.16874126471258846,0.0,0.0,0.0
61.65625,0.3344728789885562,0.6492839695999632,1.0,0.0,0.1544698706465163,0.0,0.0,0.0
61.666666666666664,0.33443611412688823,0.6493545975666652,1.0,0.0,0.1478219124545657,0.0,0.0,0.0
61.677083333333336,0.3344026230611419,0.6494189949915162,1.0,0.0,0.14396249077126225,0.0,0.0,0.0
61.6875,0.3343886250839751,0.6494456378518204,1.0,0.0,0.12062889427773188,0.0,0.0,0.0
61.697916666666664,0.3343928583955376,0.6494369104056905,1.0,0.0,0.09877426030446954,0.0,0.0,0.0
61.708333333333336,0.33439498946963625,0.6494322548644634,1.0,0.0,0.10129010150439478,0.0,0.0,0.0
61.71875,0.33441283085460766,0.6493970844411809,1.0,0.0,0.08243425521188183,0.0,0.0,0.0
61.729166666666664,0.3344596540940588,0.649305600550029,1.0,0.0,0.047626214626538176,0.0,0.0,0.0
61.739583333333336,0.33451978298397017,0.6491881829159736,1.0,0.0,0.031574922940334295,0.0,0.0,0.0
61.75,0.3345903625179496,0.6490503374573615,1.0,0.0,0.018912320055559886,0.0,0.0,0.0
61.760416666666664,0.3346765672445763,0.6488819923127033,1.0,0.0,0.0,0.0,0.0,0.0
61.770833333333336,0.33476258369436324,0.6487137340766391,1.0,0.0,0.0,0.0,0.0,0.0
61.78125,0.3348483867408451,0.6485455625748107,1.0,0.0,0.0,0.0,0.0,0.0
61.791666666666664,0.3349339514985652,0.648377477620716,1.0,0.0,0.0,0.0,0.0,0.0
61.802083333333336,0.3350192533515962,0.6482094790158851,1.0,0.0,0.0,0.0,0.0,0.0
61.8125,0.3351042679814104,0.6480415665500688,1.0,0.0,0.0,0.0,0.0,0.0
61.822916666666664,0.33518897139403353,0.64787374000144,1.0,0.0,0.0,0.0,0.0,0.0
61.833333333333336,0.33527333994641956,0.647705999136808,1.0,0.0,0.0,0.0,0.0,0.0
61.84375,0.3353573503719867,0.6475383437118432,1.0,0.0,0.0,0.0,0.0,0.0
61.854166666666664,0.3354409798052583,0.6473707734713136,1.0,0.0,0.0,0.0,0.0,0.0
61.864583333333336,0.3355242058055557,0.647203288149333,1.0,0.0,0.0,0.0,0.0,0.0
61.875,0.33560700637969487,0.6470358874696177,1.0,0.0,0.0,0.0,0.0,0.0
61.885416666666664,0.33568936000364136,0.6468685711457532,1.0,0.0,0.0,0.0,0.0,0.0
61.895833333333336,0.3357712456430829,0.6467013388814712,1.0,0.0,0.0,0.0,0.0,0.0
61.90625,0.3358526427728835,0.6465341903709321,1.0,0.0,0.0,0.0,0.0,0.0
61.916666666666664,0.33593353139538606,0.6463671252990183,1.0,0.0,0.0,0.0,0.0,0.0
61.927083333333336,0.33601389205753623,0.646200143341633,1.0,0.0,0.0,0.0,0.0,0.0
61.9375,0.3360937058668036,0.6460332441660052,1.0,0.0,0.0,0.0,0.0,0.0
61.947916666666664,0.33617295450588097,0.6458664274310016,1.0,0.0,0.0,0.0,0.0,0.0
61.958333333333336,0.3362516202461473,0.6456996927874428,1.0,0.0,0.0,0.0,0.0,0.0
61.96875,0.3363296859598838,0.6455330398784243,1.0,0.0,0.0,0.0,0.0,0.0
61.979166666666664,0.33640713513123655,0.6453664683396421,1.0,0.0,0.0,0.0,0.0,0.0
61.989583333333336,0.33648395186592467,0.6451999777997204,1.0,0.0,0.0,0.0,0.0,0.0
62.0,0.33656012089969534,0.6450335678805428,1.0,0.0,0.0,0.0,0.0,0.0
62.010416666666664,0.33663562760553234,0.6448672381975852,1.0,0.0,0.0,0.0,0.0,0.0
62.020833333333336,0.33671045799962807,0.6447009883602505,1.0,0.0,0.0,0.0,0.0,0.0
62.03125,0.3367845987461329,0.6445348179722039,1.0,0.0,0.0,0.0,0.0,0.0
62.041666666666664,0.33685803716069923,0.6443687266317077,1.0,0.0,0.0,0.0,0.0,0.0
62.052083333333336,0.3369307612128405,0.6442027139319573,1.0,0.0,0.0,0.0,0.0,0.0
62.0625,0.33700275952712977,0.6440367794614156,1.0,0.0,0.0,0.0,0.0,0.0
62.072916666666664,0.3370740213832645,0.6438709228041449,1.0,0.0,0.0,0.0,0.0,0.0
62.083333333333336,0.33714453671502664,0.6437051435401396,1.0,0.0,0.0,0.0,0.0,0.0
62.09375,0.33721429610817144,0.6435394412456525,1.0,0.0,0.0,0.0,0.0,0.0
62.104166666666664,0.3372832907972782,0.6433738154935223,1.0,0.0,0.0,0.0,0.0,0.0
62.114583333333336,0.33735151266160085,0.643208265853495,1.0,0.0,0.0,0.0,0.0,0.0
62.125,0.33741895421995644,0.6430427918925421,1.0,0.0,0.0,0.0,0.0,0.0
62.135416666666664,0.33748560862469174,0.6428773931751756,1.0,0.0,0.0,0.0,0.0,0.0
62.145833333333336,0.33755146965477034,0.6427120692637562,1.0,0.0,0.0,0.0,0.0,0.0
62.15625,0.3376165317080224,0.6425468197187992,1.0,0.0,0.0,0.0,0.0,0.0
62.166666666666664,0.3376807897926021,0.6423816440992728,1.0,0.0,0.0,0.0,0.0,0.0
62.177083333333336,0.33774423951769644,0.642216541962892,1.0,0.0,0.0,0.0,0.0,0.0
62.1875,0.3378068770835326,0.6420515128664055,1.0,0.0,0.0,0.0,0.0,0.0
62.197916666666664,0.3378686992707273,0.6418865563658775,1.0,0.0,0.0,0.0,0.0,0.0
62.208333333333336,0.3379297034290272,0.6417216720169624,1.0,0.0,0.0,0.0,0.0,0.0
62.21875,0.33798988746548303,0.6415568593751724,1.0,0.0,0.0,0.0,0.0,0.0
62.229166666666664,0.33804924983210716,0.641392117996139,1.0,0.0,0.0,0.0,0.0,0.0
62.239583333333336,0.3381077895130567,0.6412274474358666,1.0,0.0,0.0,0.0,0.0,0.0
62.25,0.33816550601139,0.6410628472509787,1.0,0.0,0.0,0.0,0.0,0.0
62.260416666666664,0.33822239933543946,0.6408983169989583,1.0,0.0,0.0,0.0,0.0,0.0
62.270833333333336,0.33826234229224317,0.6407644051862829,1.0,0.0,0.019353231122131574,0.0,0.0,0.0
62.28125,0.3382826372921901,0.6406666392808231,1.0,0.0,0.04222969001475039,0.0,0.0,0.0
62.291666666666664,0.33829344031197445,0.6405863013322097,1.0,0.0,0.053261313977429885,0.0,0.0,0.0
62.302083333333336,0.33829555747882417,0.6405221187980467,1.0,0.0,0.0634926788589395,0.0,0.0,0.0
62.3125,0.3382733924724794,0.6405038575308076,1.0,0.0,0.09259366900399262,0.0,0.0,0.0
62.322916666666664,0.3382420102780084,0.6405036690129173,1.0,0.0,0.1040472019620288,0.0,0.0,0.0
62.333333333333336,0.3381970703075232,0.6405300297069954,1.0,0.0,0.12086935226825764,0.0,0.0,0.0
62.34375,0.3381473472046782,0.6405666941711251,1.0,0.0,0.12739366438513886,0.0,0.0,0.0
62.354166666666664,0.33806648744279794,0.6406637223725006,1.0,0.0,0.1656159743257658,0.0,0.0,0.0
62.364583333333336,0.3379726636763043,0.6407875372854728,1.0,0.0,0.18254673623280904,0.0,0.0,0.0
62.375,0.3378657091968687,0.6409387847814961,1.0,0.0,0.19986392580756043,0.0,0.0,0.0
62.385416666666664,0.3377610756935548,0.6410884530254642,1.0,0.0,0.19881303529996996,0.0,0.0,0.0
62.395833333333336,0.3376512580720639,0.6412506598520678,1.0,0.0,0.2066848239887641,0.0,0.0,0.0
62.40625,0.33753337164248487,0.6414309595680141,1.0,0.0,0.2180513139780947,0.0,0.0,0.0
62.416666666666664,0.33739235805222845,0.6416581292360535,1.0,0.0,0.2475560222961716,0.0,0.0,0.0
62.427083333333336,0.33725278565307054,0.6418859346206764,1.0,0.0,0.24784691703743228,0.0,0.0,0.0
62.4375,0.33712075986010265,0.6421025855261061,1.0,0.0,0.24070965149965273,0.0,0.0,0.0
62.447916666666664,0.3369450566759878,0.6424054211938255,1.0,0.0,0.2948632628617144,0.0,0.0,0.0
62.458333333333336,0.3367622190011007,0.6427256787306802,1.0,0.0,0.3056294224993508,0.0,0.0,0.0
62.46875,0.33660961632996417,0.642991945019883,1.0,0.0,0.2715061019800056,0.0,0.0,0.0
62.479166666666664,0.3364845106046304,0.643208576905945,1.0,0.0,0.24020558546342047,0.0,0.0,0.0
62.489583333333336,0.3363027221916764,0.6435359108193995,1.0,0.0,0.3095431932483845,0.0,0.0,0.0
62.5,0.33611718558273534,0.6438736408660078,1.0,0.0,0.3158413300584306,0.0,0.0,0.0
62.510416666666664,0.3359451040922285,0.6441886426064581,1.0,0.0,0.3013916234314967,0.0,0.0,0.0
62.520833333333336,0.33582464340565743,0.6444072026001253,1.0,0.0,0.2408927628717347,0.0,0.0,0.0
62.53125,0.33569262632118446,0.644649609549932,1.0,0.0,0.2556998437461575,0.0,0.0,0.0
62.541666666666664,0.3355484073585711,0.6449171918053506,1.0,0.0,0.2713026704362431,0.0,0.0,0.0
62.552083333333336,0.3353766408253146,0.645239544712077,1.0,0.0,0.3053266972416254,0.0,0.0,0.0
62.5625,0.335244078390326,0.6454883977316861,1.0,0.0,0.25932113957003955,0.0,0.0,0.0
62.572916666666664,0.33508953765700383,0.6457809523634066,1.0,0.0,0.28641377746294056,0.0,0.0,0.0
62.583333333333336,0.33494831816431136,0.6460492782674975,1.0,0.0,0.2711743369292326,0.0,0.0,0.0
62.59375,0.3348294326145913,0.6462756751517865,1.0,0.0,0.24496894202659397,0.0,0.0,0.0
62.604166666666664,0.3346919486518354,0.6465388606705162,1.0,0.0,0.26772425208856226,0.0,0.0,0.0
62.614583333333336,0.3345882257477593,0.6467376938456479,1.0,0.0,0.22764367941991948,0.0,0.0,0.0
62.625,0.3345090589395666,0.646889601205568,1.0,0.0,0.19845105150411319,0.0,0.0,0.0
62.635416666666664,0.3344333142836736,0.6470352489036598,1.0,0.0,0.19452417242935635,0.0,0.0,0.0
62.645833333333336,0.3343762014661716,0.6471451388177888,1.0,0.0,0.17231362860378038,0.0,0.0,0.0
62.65625,0.33433210277953995,0.6472300255515683,1.0,0.0,0.15679231460917495,0.0,0.0,0.0
62.666666666666664,0.33428553360074376,0.6473198227690699,1.0,0.0,0.15982152120055046,0.0,0.0,0.0
62.677083333333336,0.33425204553508076,0.6473844042992998,1.0,0.0,0.14418368667532208,0.0,0.0,0.0
62.6875,0.334247295647764,0.647393391971254,1.0,0.0,0.10973511414527291,0.0,0.0,0.0
62.697916666666664,0.3342310778824398,0.6474246009848191,1.0,0.0,0.12350147429286575,0.0,0.0,0.0
62.708333333333336,0.33424809888590085,0.6473914537127691,1.0,0.0,0.08363100092431476,0.0,0.0,0.0
62.71875,0.3342649350965445,0.6473586404754761,1.0,0.0,0.08383587996041693,0.0,0.0,0.0
62.729166666666664,0.3343011940220648,0.6472881924460012,1.0,0.0,0.06051075373529806,0.0,0.0,0.0
62.739583333333336,0.33435639586294313,0.647181023183065,1.0,0.0,0.03773679090968682,0.0,0.0,0.0
62.75,0.3344259644680293,0.6470459702951871,1.0,0.0,0.020421580210324277,0.0,0.0,0.0
62.760416666666664,0.33451245722842093,0.6468780626920239,1.0,0.0,0.0,0.0,0.0,0.0
62.770833333333336,0.33459881006517717,0.6467102419828058,1.0,0.0,0.0,0.0,0.0,0.0
62.78125,0.3346849974741602,0.6465425080172488,1.0,0.0,0.0,0.0,0.0,0.0
62.791666666666664,0.33477099413644507,0.6463748606326732,1.0,0.0,0.0,0.0,0.0,0.0
62.802083333333336,0.33485677494788624,0.646207299654153,1.0,0.0,0.0,0.0,0.0,0.0
62.8125,0.3349423150481661,0.6460398248946785,1.0,0.0,0.0,0.0,0.0,0.0
62.822916666666664,0.3350275898492547,0.6458724361553325,1.0,0.0,0.0,0.0,0.0,0.0
62.833333333333336,0.335112575063213,0.6457051332254801,1.0,0.0,0.0,0.0,0.0,0.0
62.84375,0.33519724672927304,0.6455379158829702,1.0,0.0,0.0,0.0,0.0,0.0
62.854166666666664,0.3352815812401332,0.64537078389435,1.0,0.0,0.0,0.0,0.0,0.0
62.864583333333336,0.335365555367409,0.6452037370150905,1.0,0.0,0.0,0.0,0.0,0.0
62.875,0.33544914628618333,0.6450367749898231,1.0,0.0,0.0,0.0,0.0,0.0
62.885416666666664,0.3355323315986042,0.644869897552588,1.0,0.0,0.0,0.0,0.0,0.0
62.895833333333336,0.3356150893564809,0.6447031044270898,1.0,0.0,0.0,0.0,0.0,0.0
62.90625,0.33569739808283483,0.6445363953269664,1.0,0.0,0.0,0.0,0.0,0.0
62.916666666666664,0.33577923679236443,0.6443697699560632,1.0,0.0,0.0,0.0,0.0,0.0
62.927083333333336,0.33586058501078747,0.6442032280087178,1.0,0.0,0.0,0.0,0.0,0.0
62.9375,0.33594142279302974,0.6440367691700516,1.0,0.0,0.0,0.0,0.0,0.0
62.947916666666664,0.33602173074023195,0.6438703931162683,1.0,0.0,0.0,0.0,0.0,0.0
62.958333333333336,0.33610149001555206,0.6437040995149585,1.0,0.0,0.0,0.0,0.0,0.0
62.96875,0.3361806823587442,0.6435378880254115,1.0,0.0,0.0,0.0,0.0,0.0
62.979166666666664,0.3362592900995,0.64337175829893,1.0,0.0,0.0,0.0,0.0,0.0
62.989583333333336,0.33633729616954183,0.643205709979151,1.0,0.0,0.0,0.0,0.0,0.0
63.0,0.336414684113463,0.6430397427023707,1.0,0.0,0.0,0.0,0.0,0.0
63.010416666666664,0.3364914380983128,0.6428738560978703,1.0,0.0,0.0,0.0,0.0,0.0
63.020833333333336,0.3365675429219293,0.6427080497882476,1.0,0.0,0.0,0.0,0.0,0.0
63.03125,0.33664298402002635,0.6425423233897476,1.0,0.0,0.0,0.0,0.0,0.0
63.041666666666664,0.33671774747204497,0.6423766765125974,1.0,0.0,0.0,0.0,0.0,0.0
63.052083333333336,0.3367918200057843,0.6422111087613389,1.0,0.0,0.0,0.0,0.0,0.0
63.0625,0.33686518900082807,0.642045619735164,1.0,0.0,0.0,0.0,0.0,0.0
63.072916666666664,0.3369378424907896,0.641880209028248,1.0,0.0,0.0,0.0,0.0,0.0
63.083333333333336,0.3370097691643977,0.6417148762300833,1.0,0.0,0.0,0.0,0.0,0.0
63.09375,0.33708095836545177,0.64154962092581,1.0,0.0,0.0,0.0,0.0,0.0
63.104166666666664,0.3371514000916762,0.6413844426965464,1.0,0.0,0.0,0.0,0.0,0.0
63.114583333333336,0.33722108499250525,0.6412193411197153,1.0,0.0,0.0,0.0,0.0,0.0
63.125,0.33729000436583473,0.6410543157693688,1.0,0.0,0.0,0.0,0.0,0.0
63.135416666666664,0.33735815015377646,0.6408893662165084,1.0,0.0,0.0,0.0,0.0,0.0
63.145833333333336,0.3374255149374546,0.6407244920294026,1.0,0.0,0.0,0.0,0.0,0.0
63.15625,0.3374920919308846,0.6405596927738988,1.0,0.0,0.0,0.0,0.0,0.0
63.166666666666664,0.33755787497397594,0.6403949680137312,1.0,0.0,0.0,0.0,0.0,0.0
63.177083333333336,0.33762285852470275,0.6402303173108247,1.0,0.0,0.0,0.0,0.0,0.0
63.1875,0.3376870376504858,0.6400657402255912,1.0,0.0,0.0,0.0,0.0,0.0
63.197916666666664,0.33775040801883066,0.639901236317222,1.0,0.0,0.0,0.0,0.0,0.0
63.208333333333336,0.3378129658872684,0.639736805143974,1.0,0.0,0.0,0.0,0.0,0.0
63.21875,0.33787470809264375,0.6395724462634487,1.0,0.0,0.0,0.0,0.0,0.0
63.229166666666664,0.3379356320397974,0.6394081592328658,1.0,0.0,0.0,0.0,0.0,0.0
63.239583333333336,0.33799573568968816,0.6392439436093293,1.0,0.0,0.0,0.0,0.0,0.0
63.25,0.3380550175470016,0.6390797989500866,1.0,0.0,0.0,0.0,0.0,0.0
63.260416666666664,0.33811347664728975,0.6389157248127815,1.0,0.0,0.0,0.0,0.0,0.0
63.270833333333336,0.3381553451946291,0.6387815041717704,1.0,0.0,0.01892081887033936,0.0,0.0,0.0
63.28125,0.33818321450870215,0.6386726380945077,1.0,0.0,0.03500371241232514,0.0,0.0,0.0
63.291666666666664,0.33819478980212614,0.6385938086007704,1.0,0.0,0.05407579542929431,0.0,0.0,0.0
63.302083333333336,0.33819877431356965,0.6385290071605636,1.0,0.0,0.06298411709004006,0.0,0.0,0.0
63.3125,0.33818973192688767,0.6384886975227055,1.0,0.0,0.07854720919164766,0.0,0.0,0.0
63.322916666666664,0.3381448649175737,0.638516276417235,1.0,0.0,0.12169367054579429,0.0,0.0,0.0
63.333333333333336,0.3381061204537255,0.6385335146142728,1.0,0.0,0.11512019779375544,0.0,0.0,0.0
63.34375,0.3380622815123811,0.6385614188996307,1.0,0.0,0.12189488826729286,0.0,0.0,0.0
63.354166666666664,0.3380004760725544,0.6386244386576141,1.0,0.0,0.14419547060616666,0.0,0.0,0.0
63.364583333333336,0.3379281319634858,0.6387090178216998,1.0,0.0,0.15787274590642386,0.0,0.0,0.0
63.375,0.33782016753425287,0.6388628512858862,1.0,0.0,0.2018037036154142,0.0,0.0,0.0
63.385416666666664,0.33770881395508395,0.6390259121170416,1.0,0.0,0.2076012234536856,0.0,0.0,0.0
63.395833333333336,0.3376168042036146,0.6391551814611555,1.0,0.0,0.18612297300163091,0.0,0.0,0.0
63.40625,0.33748942904519363,0.6393537031985363,1.0,0.0,0.22995581411319274,0.0,0.0,0.0
63.416666666666664,0.3373540480361112,0.6395704962663603,1.0,0.0,0.24143532152989144,0.0,0.0,0.0
63.427083333333336,0.337242357465011,0.63974553539375,1.0,0.0,0.2149233853972511,0.0,0.0,0.0
63.4375,0.33711835024407094,0.6399464702424469,1.0,0.0,0.23122748247850797,0.0,0.0,0.0
63.447916666666664,0.33697104143752343,0.6401943907999114,1.0,0.0,0.2608211101126298,0.0,0.0,0.0
63.458333333333336,0.3368492116531302,0.6403970122310021,1.0,0.0,0.23210193815500865,0.0,0.0,0.0
63.46875,0.33668180862973945,0.6406888077712892,1.0,0.0,0.2882566890327217,0.0,0.0,0.0
63.479166666666664,0.3364975896389269,0.6410159526728167,1.0,0.0,0.3103512657882832,0.0,0.0,0.0
63.489583333333336,0.3363706932018009,0.6412372840430391,1.0,0.0,0.24353802449685283,0.0,0.0,0.0
63.5,0.3362044239434125,0.6415359276852881,1.0,0.0,0.29206337736379484,0.0,0.0,0.0
63.510416666666664,0.336020682997528,0.6418707347126725,1.0,0.0,0.3146030543901375,0.0,0.0,0.0
63.520833333333336,0.3358445270226216,0.6421939534696084,1.0,0.0,0.30710706200320137,0.0,0.0,0.0
63.53125,0.33567198811203863,0.642512826800086,1.0,0.0,0.3041751112538367,0.0,0.0,0.0
63.541666666666664,0.33555078204063254,0.6427356843472104,1.0,0.0,0.2438308497341997,0.0,0.0,0.0
63.552083333333336,0.33543189164500903,0.6429555513556524,1.0,0.0,0.24186010740399871,0.0,0.0,0.0
63.5625,0.3352620276320094,0.6432745330642474,1.0,0.0,0.30376202751356335,0.0,0.0,0.0
63.572916666666664,0.3351366618609427,0.6435098948923309,1.0,0.0,0.2513107676791892,0.0,0.0,0.0
63.583333333333336,0.33500788532751574,0.6437529807924006,1.0,0.0,0.2560257643713155,0.0,0.0,0.0
63.59375,0.33488059663312336,0.6439943060217539,1.0,0.0,0.25481166100416036,0.0,0.0,0.0
63.604166666666664,0.3347735190252614,0.6441977166039822,1.0,0.0,0.23105563282584216,0.0,0.0,0.0
63.614583333333336,0.3346610305384751,0.6444122631187518,1.0,0.0,0.23791509056934407,0.0,0.0,0.0
63.625,0.33458473870379113,0.6445577508396956,1.0,0.0,0.19481293251084492,0.0,0.0,0.0
63.635416666666664,0.3345040415934924,0.6447121107746511,1.0,0.0,0.20029587532567678,0.0,0.0,0.0
63.645833333333336,0.33441374807104246,0.6448853421747736,1.0,0.0,0.2119933275847234,0.0,0.0,0.0
63.65625,0.3343664579119261,0.6449759805059646,1.0,0.0,0.16056072452973608,0.0,0.0,0.0
63.666666666666664,0.3343133025199706,0.6450780842369308,1.0,0.0,0.16767533030169823,0.0,0.0,0.0
63.677083333333336,0.33429339136936104,0.6451161797834716,1.0,0.0,0.1278569883694979,0.0,0.0,0.0
63.6875,0.33426390034637354,0.6451728099087922,1.0,0.0,0.13937782489216666,0.0,0.0,0.0
63.697916666666664,0.3342474381705226,0.6452043538744758,1.0,0.0,0.12377720739164699,0.0,0.0,0.0
63.708333333333336,0.3342655575331982,0.6451691758822207,1.0,0.0,0.08229677482830151,0.0,0.0,0.0
63.71875,0.3342946101453487,0.6451128714033946,1.0,0.0,0.0691576467030371,0.0,0.0,0.0
63.729166666666664,0.3343410672461996,0.6450229434744339,1.0,0.0,0.048238593778725976,0.0,0.0,0.0
63.739583333333336,0.3343948387392412,0.6449188354162595,1.0,0.0,0.03940023128279448,0.0,0.0,0.0
63.75,0.3344646957476687,0.6447836180831366,1.0,0.0,0.020015753343954182,0.0,0.0,0.0
63.760416666666664,0.33455112903953327,0.6446163168985867,1.0,0.0,0.0,0.0,0.0,0.0
63.770833333333336,0.3346374109706929,0.6444491022487175,1.0,0.0,0.0,0.0,0.0,0.0
63.78125,0.3347235161162287,0.6442819739782062,1.0,0.0,0.0,0.0,0.0,0.0
63.791666666666664,0.3348094192497287,0.6441149319194406,1.0,0.0,0.0,0.0,0.0,0.0
63.802083333333336,0.334895095372631,0.6439479758926743,1.0,0.0,0.0,0.0,0.0,0.0
63.8125,0.33498051974301785,0.6437811057061957,1.0,0.0,0.0,0.0,0.0,0.0
63.822916666666664,0.33506566790378944,0.6436143211565084,1.0,0.0,0.0,0.0,0.0,0.0
63.833333333333336,0.33515051571015153,0.6434476220285267,1.0,0.0,0.0,0.0,0.0,0.0
63.84375,0.33523503935635185,0.6432810080957817,1.0,0.0,0.0,0.0,0.0,0.0
63.854166666666664,0.3353192154016046,0.6431144791206402,1.0,0.0,0.0,0.0,0.0,0.0
63.864583333333336,0.3354030207951446,0.6429480348545344,1.0,0.0,0.0,0.0,0.0,0.0
63.875,0.3354864329003577,0.6427816750382034,1.0,0.0,0.0,0.0,0.0,0.0
63.885416666666664,0.3355694295179356,0.642615399401943,1.0,0.0,0.0,0.0,0.0,0.0
63.895833333333336,0.33565198890800985,0.642449207665868,1.0,0.0,0.0,0.0,0.0,0.0
63.90625,0.3357340898112208,0.6422830995401815,1.0,0.0,0.0,0.0,0.0,0.0
63.916666666666664,0.3358157114686848,0.6421170747254529,1.0,0.0,0.0,0.0,0.0,0.0
63.927083333333336,0.3358968336408232,0.6419511329129055,1.0,0.0,0.0,0.0,0.0,0.0
63.9375,0.33597743662502566,0.6417852737847098,1.0,0.0,0.0,0.0,0.0,0.0
63.947916666666664,0.33605750127212036,0.6416194970142841,1.0,0.0,0.0,0.0,0.0,0.0
63.958333333333336,0.3361370090016306,0.6414538022666006,1.0,0.0,0.0,0.0,0.0,0.0
63.96875,0.33621594181580144,0.6412881891984985,1.0,0.0,0.0,0.0,0.0,0.0
63.979166666666664,0.3362942823123832,0.6411226574589999,1.0,0.0,0.0,0.0,0.0,0.0
63.989583333333336,0.3363720136961643,0.6409572066896316,1.0,0.0,0.0,0.0,0.0,0.0
64.0,0.3364491197892498,0.6407918365247494,1.0,0.0,0.0,0.0,0.0,0.0
64.01041666666667,0.336525585040085,0.6406265465918655,1.0,0.0,0.0,0.0,0.0,0.0
64.02083333333333,0.3366013945312297,0.6404613365119786,1.0,0.0,0.0,0.0,0.0,0.0
64.03125,0.3366765339858908,0.6402962058999053,1.0,0.0,0.0,0.0,0.0,0.0
64.04166666666667,0.33675098977322504,0.6401311543646131,1.0,0.0,0.0,0.0,0.0,0.0
64.05208333333333,0.3368247489124288,0.6399661815095528,1.0,0.0,0.0,0.0,0.0,0.0
64.0625,0.3368977990756327,0.6398012869329923,1.0,0.0,0.0,0.0,0.0,0.0
64.07291666666667,0.3369701285896246,0.639636470228349,1.0,0.0,0.0,0.0,0.0,0.0
64.08333333333333,0.337041726436426,0.6394717309845206,1.0,0.0,0.0,0.0,0.0,0.0
64.09375,0.3371125822527503,0.6393070687862151,1.0,0.0,0.0,0.0,0.0,0.0
64.10416666666667,0.3371826863283746,0.6391424832142781,1.0,0.0,0.0,0.0,0.0,0.0
64.11458333333333,0.3372520296034574,0.6389779738460178,1.0,0.0,0.0,0.0,0.0,0.0
64.125,0.3373206036648394,0.6388135402555261,1.0,0.0,0.0,0.0,0.0,0.0
64.13541666666667,0.33738840074136417,0.6386491820139967,1.0,0.0,0.0,0.0,0.0,0.0
64.14583333333333,0.3374554136982587,0.638484898690039,1.0,0.0,0.0,0.0,0.0,0.0
64.15625,0.33752163603061486,0.6383206898499882,1.0,0.0,0.0,0.0,0.0,0.0
64.16666666666667,0.3375870618560143,0.6381565550582095,1.0,0.0,0.0,0.0,0.0,0.0
64.17708333333333,0.3376516859063406,0.6379924938773965,1.0,0.0,0.0,0.0,0.0,0.0
64.1875,0.3377155035188226,0.6378285058688679,1.0,0.0,0.0,0.0,0.0,0.0
64.19791666666667,0.337778510626355,0.6376645905928533,1.0,0.0,0.0,0.0,0.0,0.0
64.20833333333333,0.3378407037471408,0.6375007476087766,1.0,0.0,0.0,0.0,0.0,0.0
64.21875,0.33790207997370303,0.6373369764755313,1.0,0.0,0.0,0.0,0.0,0.0
64.22916666666667,0.33796263696131035,0.6371732767517497,1.0,0.0,0.0,0.0,0.0,0.0
64.23958333333333,0.33802237291586384,0.6370096479960656,1.0,0.0,0.0,0.0,0.0,0.0
64.25,0.33808128658129,0.6368460897673696,1.0,0.0,0.0,0.0,0.0,0.0
64.26041666666667,0.33813937722648557,0.6366826016250565,1.0,0.0,0.0,0.0,0.0,0.0
64.27083333333333,0.3381799953504643,0.6365505202489639,1.0,0.0,0.019979137673998348,0.0,0.0,0.0
64.28125,0.338207661152381,0.6364417586090098,1.0,0.0,0.03482287942239441,0.0,0.0,0.0
64.29166666666667,0.3382212620700907,0.6363587335099596,1.0,0.0,0.05122069936437475,0.0,0.0,0.0
64.30208333333333,0.3382137385476949,0.6363150917806842,1.0,0.0,0.07633287109636126,0.0,0.0,0.0
64.3125,0.3382001293994656,0.6362831070757355,1.0,0.0,0.08376690279094016,0.0,0.0,0.0
64.32291666666667,0.338155259916059,0.6363103115491268,1.0,0.0,0.1215161810601911,0.0,0.0,0.0
64.33333333333333,0.3381014521538267,0.6363555597797496,1.0,0.0,0.1330176700905661,0.0,0.0,0.0
64.34375,0.33803288852343266,0.6364300405097215,1.0,0.0,0.15164377767129966,0.0,0.0,0.0
64.35416666666667,0.3379677386209274,0.6364999264216392,1.0,0.0,0.1487010514862733,0.0,0.0,0.0
64.36458333333333,0.33786635253398956,0.6366397984279291,1.0,0.0,0.19326275474151247,0.0,0.0,0.0
64.375,0.33776562527519854,0.6367810819212547,1.0,0.0,0.19411525156265713,0.0,0.0,0.0
64.38541666666667,0.3376750067552377,0.6369058709536086,1.0,0.0,0.18357506344119548,0.0,0.0,0.0
64.39583333333333,0.33757856344329995,0.6370439026809163,1.0,0.0,0.19195964394481665,0.0,0.0,0.0
64.40625,0.3374497179843262,0.6372454630746616,1.0,0.0,0.23228938676162939,0.0,0.0,0.0
64.41666666666667,0.33733256778065984,0.6374280131207576,1.0,0.0,0.2201284039243352,0.0,0.0,0.0
64.42708333333333,0.3372042315369444,0.6376344195190025,1.0,0.0,0.23519531832015894,0.0,0.0,0.0
64.4375,0.33708150242651547,0.6378330969679172,1.0,0.0,0.23020219598264166,0.0,0.0,0.0
64.44791666666667,0.33691385430903376,0.6381194919565246,1.0,0.0,0.28570087665086713,0.0,0.0,0.0
64.45833333333333,0.3367587782906503,0.6383856080847883,1.0,0.0,0.2726936150525989,0.0,0.0,0.0
64.46875,0.33658227238030747,0.6386954965449558,1.0,0.0,0.300229286099272,0.0,0.0,0.0
64.47916666666667,0.3364338306515807,0.6389554796644126,1.0,0.0,0.26850247411802813,0.0,0.0,0.0
64.48958333333333,0.3362833712277983,0.6392219576415474,1.0,0.0,0.2724640495565096,0.0,0.0,0.0
64.5,0.3361092664892751,0.6395359811218245,1.0,0.0,0.3023066717549454,0.0,0.0,0.0
64.51041666666667,0.33592081743557906,0.639880154272318,1.0,0.0,0.3211019374866049,0.0,0.0,0.0
64.52083333333333,0.3357910203321699,0.6401153740440456,1.0,0.0,0.25229069262368514,0.0,0.0,0.0
64.53125,0.3356502576771,0.6403732752008818,1.0,0.0,0.2664460180286816,0.0,0.0,0.0
64.54166666666667,0.3354984651046712,0.6406540439498042,1.0,0.0,0.2806839973437051,0.0,0.0,0.0
64.55208333333333,0.33535283956195905,0.6409248504116415,1.0,0.0,0.27427229569978884,0.0,0.0,0.0
64.5625,0.33519168552362,0.6412269625584506,1.0,0.0,0.29376545593065695,0.0,0.0,0.0
64.57291666666667,0.3350546486387737,0.6414845382437984,1.0,0.0,0.26567315804893793,0.0,0.0,0.0
64.58333333333333,0.33491465822408284,0.6417489986254269,1.0,0.0,0.2698541987204514,0.0,0.0,0.0
64.59375,0.3348168462442453,0.6419337121448544,1.0,0.0,0.21981038064056824,0.0,0.0,0.0
64.60416666666667,0.33471129167950453,0.6421339463411493,1.0,0.0,0.22945183903685076,0.0,0.0,0.0
64.61458333333333,0.3346296558557984,0.6422889268486246,1.0,0.0,0.20108303281063383,0.0,0.0,0.0
64.625,0.33455373246212616,0.6424333753028488,1.0,0.0,0.19445457447084166,0.0,0.0,0.0
64.63541666666667,0.3344681050862232,0.6425968297664608,1.0,0.0,0.20628521806305883,0.0,0.0,0.0
64.64583333333333,0.3343997291166132,0.6427274980626505,1.0,0.0,0.18576453486503783,0.0,0.0,0.0
64.65625,0.33435489051597217,0.6428131614170222,1.0,0.0,0.157642445857992,0.0,0.0,0.0
64.66666666666667,0.33430069212811503,0.6429169597923953,1.0,0.0,0.1689441867520378,0.0,0.0,0.0
64.67708333333333,0.33428447303844633,0.6429478535920534,1.0,0.0,0.12344253248089693,0.0,0.0,0.0
64.6875,0.33425810733828804,0.6429982998619597,1.0,0.0,0.1356380986472231,0.0,0.0,0.0
64.69791666666667,0.3342658877637207,0.6429831124139636,1.0,0.0,0.0946923415462674,0.0,0.0,0.0
64.70833333333333,0.33427734460122255,0.642960840740802,1.0,0.0,0.09027221322823019,0.0,0.0,0.0
64.71875,0.334305951662918,0.6429055665862179,1.0,0.0,0.06967906926470481,0.0,0.0,0.0
64.72916666666667,0.33434789552532074,0.6428246039490085,1.0,0.0,0.05364038951364301,0.0,0.0,0.0
64.73958333333333,0.33440641492852263,0.6427117118704986,1.0,0.0,0.03369300710278845,0.0,0.0,0.0
64.75,0.3344779115053137,0.6425737814029301,1.0,0.0,0.018029083286955558,0.0,0.0,0.0
64.76041666666667,0.3345643233220323,0.6424070601771692,1.0,0.0,0.0,0.0,0.0,0.0
64.77083333333333,0.3346505798814615,0.6422404251700784,1.0,0.0,0.0,0.0,0.0,0.0
64.78125,0.33473665578709516,0.64207387622498,1.0,0.0,0.0,0.0,0.0,0.0
64.79166666666667,0.33482252584545014,0.6419074131729715,1.0,0.0,0.0,0.0,0.0,0.0
64.80208333333333,0.3349081650953307,0.6417410358330824,1.0,0.0,0.0,0.0,0.0,0.0
64.8125,0.33499354883653193,0.6415747440124435,1.0,0.0,0.0,0.0,0.0,0.0
64.82291666666667,0.335078652657913,0.6414085375064705,1.0,0.0,0.0,0.0,0.0,0.0
64.83333333333333,0.335163452464774,0.6412424160990591,1.0,0.0,0.0,0.0,0.0,0.0
64.84375,0.33524792450547264,0.6410763795627931,1.0,0.0,0.0,0.0,0.0,0.0
64.85416666666667,0.3353320453972187,0.640910427659164,1.0,0.0,0.0,0.0,0.0,0.0
64.86458333333333,0.33541579215099115,0.6407445601388021,1.0,0.0,0.0,0.0,0.0,0.0
64.875,0.335499142195522,0.6405787767417177,1.0,0.0,0.0,0.0,0.0,0.0
64.88541666666667,0.3355820734002987,0.6404130771975534,1.0,0.0,0.0,0.0,0.0,0.0
64.89583333333333,0.3356645640975376,0.6402474612258447,1.0,0.0,0.0,0.0,0.0,0.0
64.90625,0.33574659310308724,0.6400819285362913,1.0,0.0,0.0,0.0,0.0,0.0
64.91666666666667,0.3358281397362234,0.6399164788290355,1.0,0.0,0.0,0.0,0.0,0.0
64.92708333333333,0.3359091838383023,0.6397511117949485,1.0,0.0,0.0,0.0,0.0,0.0
64.9375,0.33598970579024273,0.6395858271159253,1.0,0.0,0.0,0.0,0.0,0.0
64.94791666666667,0.33606968652881214,0.6394206244651843,1.0,0.0,0.0,0.0,0.0,0.0
64.95833333333333,0.33614910756169647,0.6392555035075742,1.0,0.0,0.0,0.0,0.0,0.0
64.96875,0.3362279509813374,0.6390904638998854,1.0,0.0,0.0,0.0,0.0,0.0
64.97916666666667,0.33630619947752516,0.6389255052911673,1.0,0.0,0.0,0.0,0.0,0.0
64.98958333333333,0.33638383634874,0.6387606273230477,1.0,0.0,0.0,0.0,0.0,0.0
65.0,0.3364608455122385,0.6385958296300579,1.0,0.0,0.0,0.0,0.0,0.0
65.01041666666667,0.3365372115128863,0.6384311118399589,1.0,0.0,0.0,0.0,0.0,0.0
65.02083333333333,0.33661291953074185,0.6382664735740705,1.0,0.0,0.0,0.0,0.0,0.0
65.03125,0.3366879553874,0.6381019144476019,1.0,0.0,0.0,0.0,0.0,0.0
65.04166666666667,0.3367623055511087,0.6379374340699834,1.0,0.0,0.0,0.0,0.0,0.0
65.05208333333333,0.33683595714067444,0.6377730320451991,1.0,0.0,0.0,0.0,0.0,0.0
65.0625,0.33690889792817663,0.6376087079721173,1.0,0.0,0.0,0.0,0.0,0.0
65.07291666666667,0.3369811163405134,0.6374444614448233,1.0,0.0,0.0,0.0,0.0,0.0
65.08333333333333,0.3370526014598055,0.6372802920529483,1.0,0.0,0.0,0.0,0.0,0.0
65.09375,0.3371233430226862,0.637116199381998,1.0,0.0,0.0,0.0,0.0,0.0
65.10416666666667,0.33719333141851,0.6369521830136786,1.0,0.0,0.0,0.0,0.0,0.0
65.11458333333333,0.3372625576865125,0.6367882425262195,1.0,0.0,0.0,0.0,0.0,0.0
65.125,0.3373310135119589,0.6366243774946937,1.0,0.0,0.0,0.0,0.0,0.0
65.13541666666667,0.33739869122131855,0.6364605874913342,1.0,0.0,0.0,0.0,0.0,0.0
65.14583333333333,0.33746558377650526,0.6362968720858456,1.0,0.0,0.0,0.0,0.0,0.0
65.15625,0.33753168476822526,0.6361332308457125,1.0,0.0,0.0,0.0,0.0,0.0
65.16666666666667,0.33759698840847496,0.6359696633365022,1.0,0.0,0.0,0.0,0.0,0.0
65.17708333333333,0.33766148952223274,0.6358061691221619,1.0,0.0,0.0,0.0,0.0,0.0
65.1875,0.3377251835383889,0.6356427477653118,1.0,0.0,0.0,0.0,0.0,0.0
65.19791666666667,0.33778806647995957,0.6354793988275306,1.0,0.0,0.0,0.0,0.0,0.0
65.20833333333333,0.3378501349536301,0.6353161218696366,1.0,0.0,0.0,0.0,0.0,0.0
65.21875,0.3379113861386739,0.6351529164519604,1.0,0.0,0.0,0.0,0.0,0.0
65.22916666666667,0.337971817775293,0.6349897821346133,1.0,0.0,0.0,0.0,0.0,0.0
65.23958333333333,0.3380314281524262,0.634826718477747,1.0,0.0,0.0,0.0,0.0,0.0
65.25,0.33809021609507084,0.6346637250418071,1.0,0.0,0.0,0.0,0.0,0.0
65.26041666666667,0.33814818095116306,0.63450080138778,1.0,0.0,0.0,0.0,0.0,0.0
65.27083333333333,0.3381909511499129,0.634364903275394,1.0,0.0,0.017245713778715303,0.0,0.0,0.0
65.28125,0.338214621529045,0.6342637146937169,1.0,0.0,0.039427666740990595,0.0,0.0,0.0
65.29166666666667,0.33822193938358847,0.6341925669315186,1.0,0.0,0.0586391041287895,0.0,0.0,0.0
65.30208333333333,0.33821361383708315,0.6341505591517669,1.0,0.0,0.07728346984619514,0.0,0.0,0.0
65.3125,0.33819072015438073,0.6341360954401483,1.0,0.0,0.09491051830665238,0.0,0.0,0.0
65.32291666666667,0.3381514448833551,0.6341529728233336,1.0,0.0,0.11496645217206974,0.0,0.0,0.0
65.33333333333333,0.338090288724681,0.6342119549274557,1.0,0.0,0.14190130319793032,0.0,0.0,0.0
65.34375,0.3380306908270698,0.6342696595492591,1.0,0.0,0.14107407534091934,0.0,0.0,0.0
65.35416666666667,0.33795834793958457,0.6343528670708939,1.0,0.0,0.15736929326141383,0.0,0.0,0.0
65.36458333333333,0.3378694325430608,0.6344690930619832,1.0,0.0,0.17845190132630143,0.0,0.0,0.0
65.375,0.3377677269345149,0.6346116545504424,1.0,0.0,0.19523998216498575,0.0,0.0,0.0
65.38541666666667,0.33765723618654564,0.6347733226536927,1.0,0.0,0.20738898450128135,0.0,0.0,0.0
65.39583333333333,0.3375334590746439,0.6349627376059822,1.0,0.0,0.22502974978325702,0.0,0.0,0.0
65.40625,0.3374164794653515,0.6351423703739131,1.0,0.0,0.21871396696399834,0.0,0.0,0.0
65.41666666666667,0.33731203939789345,0.6353011372657776,1.0,0.0,0.20534836056410224,0.0,0.0,0.0
65.42708333333333,0.3371613096565191,0.6355495194992558,1.0,0.0,0.26234969053846585,0.0,0.0,0.0
65.4375,0.33701035706271154,0.635801702509464,1.0,0.0,0.26463558442917895,0.0,0.0,0.0
65.44791666666667,0.33687326200332185,0.636030965252734,1.0,0.0,0.24993379099425125,0.0,0.0,0.0
65.45833333333333,0.33669590155597706,0.6363391210368191,1.0,0.0,0.29992088973543674,0.0,0.0,0.0
65.46875,0.3365270066297648,0.6366347931925399,1.0,0.0,0.2918056073868156,0.0,0.0,0.0
65.47916666666667,0.3363733121458374,0.6369048470062854,1.0,0.0,0.27538991131210033,0.0,0.0,0.0
65.48958333333333,0.3362438525161002,0.6371316736538675,1.0,0.0,0.24786612104163427,0.0,0.0,0.0
65.5,0.33606887820111747,0.6374469411751816,1.0,0.0,0.3037202721818482,0.0,0.0,0.0
65.51041666666667,0.33587824766204655,0.6377947257953848,1.0,0.0,0.3240688067549706,0.0,0.0,0.0
65.52083333333333,0.33573934993741994,0.6380470328710579,1.0,0.0,0.26354599699686543,0.0,0.0,0.0
65.53125,0.33562186185744164,0.6382604732383415,1.0,0.0,0.23889388852846571,0.0,0.0,0.0
65.54166666666667,0.33547051900855007,0.6385397880622891,1.0,0.0,0.2803365400371215,0.0,0.0,0.0
65.55208333333333,0.33535845156902305,0.6387460722915226,1.0,0.0,0.2341742138713827,0.0,0.0,0.0
65.5625,0.33519934898191867,0.6390431913765532,1.0,0.0,0.29127223777114364,0.0,0.0,0.0
65.57291666666667,0.3350356242591981,0.6393507482665656,1.0,0.0,0.2976606577414785,0.0,0.0,0.0
65.58333333333333,0.33493721839507096,0.639535062675946,1.0,0.0,0.22003500170260668,0.0,0.0,0.0
65.59375,0.3348481599981754,0.6397022654984873,1.0,0.0,0.20921965420459468,0.0,0.0,0.0
65.60416666666667,0.33474357108418135,0.6398997672699079,1.0,0.0,0.22818520183805466,0.0,0.0,0.0
65.61458333333333,0.3346202621260979,0.6401337502834012,1.0,0.0,0.25099364422700227,0.0,0.0,0.0
65.625,0.3345103272698492,0.6403428572990992,1.0,0.0,0.23529261881258956,0.0,0.0,0.0
65.63541666666667,0.3344178661286124,0.6405190420873504,1.0,0.0,0.21458128020000192,0.0,0.0,0.0
65.64583333333333,0.3343413507930169,0.6406650507211451,1.0,0.0,0.19562385181070435,0.0,0.0,0.0
65.65625,0.3343033499562445,0.6407374912683974,1.0,0.0,0.14952662677417944,0.0,0.0,0.0
65.66666666666667,0.3342783491618149,0.640785108179421,1.0,0.0,0.13397725704299143,0.0,0.0,0.0
65.67708333333333,0.33423841890841793,0.640861404391192,1.0,0.0,0.15192269257715277,0.0,0.0,0.0
65.6875,0.33421931634281343,0.6408978454242164,1.0,0.0,0.12697215389517397,0.0,0.0,0.0
65.69791666666667,0.33420854220936685,0.6409183475218275,1.0,0.0,0.1169961237237307,0.0,0.0,0.0
65.70833333333333,0.33420822070566664,0.6409188203003078,1.0,0.0,0.10446250426641951,0.0,0.0,0.0
65.71875,0.33424131350814523,0.6408552204333172,1.0,0.0,0.06436561403674868,0.0,0.0,0.0
65.72916666666667,0.33428222559243165,0.6407765950857,1.0,0.0,0.05495170138006053,0.0,0.0,0.0
65.73958333333333,0.3343334568963677,0.6406781430593061,1.0,0.0,0.04252432846304755,0.0,0.0,0.0
65.75,0.3344060621656335,0.6405386736415959,1.0,0.0,0.016810319132205147,0.0,0.0,0.0
65.76041666666667,0.3344925834725885,0.6403724447977661,1.0,0.0,0.0,0.0,0.0,0.0
65.77083333333333,0.3345789707425048,0.6402063020013141,1.0,0.0,0.0,0.0,0.0,0.0
65.78125,0.341378392877336,0.627620106346784,1.0,8.16,0.0,0.0,0.0,1.0
65.79166666666667,0.3480845423245349,0.6153900869938282,1.0,8.16,0.0,0.0,0.0,1.0
65.80208333333333,0.35454256385789507,0.603592853385356,1.0,8.16,0.0,0.0,0.0,1.0
65.8125,0.36061508131927145,0.5922121670369714,1.0,8.16,0.0,0.0,0.0,1.0
65.82291666666667,0.36619393170342496,0.5812153435304103,1.0,8.16,0.0,0.0,0.0,1.0
65.83333333333333,0.3712071918722742,0.5705683230293561,1.0,8.16,0.0,0.0,0.0,1.0
65.84375,0.3756206609272353,0.5602391201976663,1.0,8.16,0.0,0.0,0.0,1.0
65.85416666666667,0.37943437610378294,0.5501988450803393,1.0,8.16,0.0,0.0,0.0,1.0
65.86458333333333,0.3826757495107279,0.5404220247351941,1.0,8.16,0.0,0.0,0.0,1.0
65.875,0.378678058104683,0.5402981421043218,1.0,0.0,0.0,0.0,0.0,0.0
65.88541666666667,0.3753237274827008,0.5401731809655589,1.0,0.0,0.0,0.0,0.0,0.0
65.89583333333333,0.37246670620259215,0.540047290430139,1.0,0.0,0.0,0.0,0.0,0.0
65.90625,0.37000267137855386,0.5399205910609226,1.0,0.0,0.0,0.0,0.0,0.0
65.91666666666667,0.3678549647090554,0.5397931818606689,1.0,0.0,0.0,0.0,0.0,0.0
65.92708333333333,0.3659659018760218,0.5396651452135487,1.0,0.0,0.0,0.0,0.0,0.0
65.9375,0.36429118894117307,0.5395365504680091,1.0,0.0,0.0,0.0,0.0,0.0
65.94791666666667,0.3627962150720071,0.5394074565908951,1.0,0.0,0.0,0.0,0.0,0.0
65.95833333333333,0.36145352082611126,0.539277914170522,1.0,0.0,0.0,0.0,0.0,0.0
65.96875,0.3602410265542859,0.5391479669532765,1.0,0.0,0.0,0.0,0.0,0.0
65.97916666666667,0.3591407659522644,0.5390176530395275,1.0,0.0,0.0,0.0,0.0,0.0
65.98958333333333,0.3581379634850376,0.5388870058264507,1.0,0.0,0.0,0.0,0.0,0.0
66.0,0.35722035093143095,0.5387560547599717,1.0,0.0,0.0,0.0,0.0,0.0
66.01041666666667,0.35637765339185673,0.538624825940776,1.0,0.0,0.0,0.0,0.0,0.0
66.02083333333333,0.3556011974568218,0.5384933426173614,1.0,0.0,0.0,0.0,0.0,0.0
66.03125,0.3548836088023314,0.5383616255906816,1.0,0.0,0.0,0.0,0.0,0.0
66.04166666666667,0.3542185761701149,0.5382296935488771,1.0,0.0,0.0,0.0,0.0,0.0
66.05208333333333,0.35360066525934797,0.538097563346207,1.0,0.0,0.0,0.0,0.0,0.0
66.0625,0.3530251705847433,0.537965250237054,1.0,0.0,0.0,0.0,0.0,0.0
66.07291666666667,0.3524879965261592,0.5378327680734722,1.0,0.0,0.0,0.0,0.0,0.0
66.08333333333333,0.3519855610462525,0.537700129472929,1.0,0.0,0.0,0.0,0.0,0.0
66.09375,0.351514717172604,0.5375673459615112,1.0,0.0,0.0,0.0,0.0,0.0
66.10416666666667,0.3510726885204983,0.5374344280968054,1.0,0.0,0.0,0.0,0.0,0.0
66.11458333333333,0.3506570160014454,0.5373013855738364,1.0,0.0,0.0,0.0,0.0,0.0
66.125,0.3502655135092152,0.5371682273168097,1.0,0.0,0.0,0.0,0.0,0.0
66.13541666666667,0.3498962308611593,0.5370349615588897,1.0,0.0,0.0,0.0,0.0,0.0
66.14583333333333,0.34954742264118904,0.5369015959118522,1.0,0.0,0.0,0.0,0.0,0.0
66.15625,0.34921752187271904,0.5367681374271179,1.0,0.0,0.0,0.0,0.0,0.0
66.16666666666667,0.34890511766727944,0.5366345926494277,1.0,0.0,0.0,0.0,0.0,0.0
66.17708333333333,0.34860893616339583,0.5365009676641995,1.0,0.0,0.0,0.0,0.0,0.0
66.1875,0.3483278242024852,0.5363672681394464,1.0,0.0,0.0,0.0,0.0,0.0
66.19791666666667,0.34806073529261206,0.5362334993629898,1.0,0.0,0.0,0.0,0.0,0.0
66.20833333333333,0.34780671749346864,0.5360996662755924,1.0,0.0,0.0,0.0,0.0,0.0
66.21875,0.3475649029217538,0.5359657735005365,1.0,0.0,0.0,0.0,0.0,0.0
66.22916666666667,0.347334498628908,0.5358318253700999,1.0,0.0,0.0,0.0,0.0,0.0
66.23958333333333,0.3471147786457297,0.5356978259493116,1.0,0.0,0.0,0.0,0.0,0.0
66.25,0.34690507702290335,0.5355637790573188,1.0,0.0,0.0,0.0,0.0,0.0
66.26041666666667,0.34670478172457436,0.5354296882866486,1.0,0.0,0.0,0.0,0.0,0.0
66.27083333333333,0.3464966214947467,0.5353213684985183,1.0,0.0,0.02004931243866621,0.0,0.0,0.0
66.28125,0.3462846755644738,0.5352328369712628,1.0,0.0,0.03544433351076609,0.0,0.0,0.0
66.29166666666667,0.346071865099768,0.5351596063105548,1.0,0.0,0.0473471229097675,0.0,0.0,0.0
66.30208333333333,0.345849497075843,0.5351149544241237,1.0,0.0,0.06953886826726692,0.0,0.0,0.0
66.3125,0.34560762591343547,0.5351146705934817,1.0,0.0,0.10394668993035157,0.0,0.0,0.0
66.32291666666667,0.3453624125322844,0.535134719673489,1.0,0.0,0.11969425136033021,0.0,0.0,0.0
66.33333333333333,0.3451206668935289,0.535164462621711,1.0,0.0,0.12718495887996942,0.0,0.0,0.0
66.34375,0.34486571270061084,0.5352292663369772,1.0,0.0,0.15427891666484683,0.0,0.0,0.0
66.35416666666667,0.344612203878118,0.5353068892587712,1.0,0.0,0.1641405309524509,0.0,0.0,0.0
66.36458333333333,0.3443414521009038,0.5354259819676993,1.0,0.0,0.19609574245425865,0.0,0.0,0.0
66.375,0.34408340446722413,0.535540640459642,1.0,0.0,0.19258692026833824,0.0,0.0,0.0
66.38541666666667,0.34381961295304003,0.5356785108091352,1.0,0.0,0.2103827629683518,0.0,0.0,0.0
66.39583333333333,0.3435849248488567,0.5357852472992728,1.0,0.0,0.18631978246853478,0.0,0.0,0.0
66.40625,0.343322799824642,0.5359471559621994,1.0,0.0,0.2286649108837889,0.0,0.0,0.0
66.41666666666667,0.3430787120347401,0.536094398730122,1.0,0.0,0.21727302488878728,0.0,0.0,0.0
66.42708333333333,0.3428025380330333,0.5363040879279011,1.0,0.0,0.26506815573363457,0.0,0.0,0.0
66.4375,0.342530853176603,0.5365203260662249,1.0,0.0,0.26989704764267614,0.0,0.0,0.0
66.44791666666667,0.3422699443013392,0.5367326502013073,1.0,0.0,0.26670776647106587,0.0,0.0,0.0
66.45833333333333,0.342030884290329,0.536922778811854,1.0,0.0,0.24955716624545893,0.0,0.0,0.0
66.46875,0.34174716180299364,0.5371938568693255,1.0,0.0,0.311213550331298,0.0,0.0,0.0
66.47916666666667,0.34147141000873743,0.5374648920292633,1.0,0.0,0.3109093694189493,0.0,0.0,0.0
66.48958333333333,0.34125959782028586,0.5376469247799951,1.0,0.0,0.24286318260903697,0.0,0.0,0.0
66.5,0.3410308150063393,0.5378643762083054,1.0,0.0,0.26968266105557354,0.0,0.0,0.0
66.51041666666667,0.34076861495237115,0.5381437242655659,1.0,0.0,0.31654671213472046,0.0,0.0,0.0
66.52083333333333,0.3405513229172346,0.538362287996125,1.0,0.0,0.27014203174641,0.0,0.0,0.0
66.53125,0.34033387314022717,0.5385892224823521,1.0,0.0,0.2763187531753924,0.0,0.0,0.0
66.54166666666667,0.3401145501222365,0.5388270142461531,1.0,0.0,0.28436285788308224,0.0,0.0,0.0
66.55208333333333,0.3398762858669265,0.5391025682358238,1.0,0.0,0.3127403218597892,0.0,0.0,0.0
66.5625,0.3396708797757,0.5393340965161246,1.0,0.0,0.2792207345856642,0.0,0.0,0.0
66.57291666666667,0.3394722178227191,0.53956164122301,1.0,0.0,0.27603439792819434,0.0,0.0,0.0
66.58333333333333,0.3392963956980457,0.5397591478571113,1.0,0.0,0.25320607337868195,0.0,0.0,0.0
66.59375,0.3391530580180538,0.5399103061655971,1.0,0.0,0.21814150771494398,0.0,0.0,0.0
66.60416666666667,0.33898131006689125,0.5401109462579864,1.0,0.0,0.2553323116119278,0.0,0.0,0.0
66.61458333333333,0.33881268060018105,0.5403115728133615,1.0,0.0,0.2551907956842281,0.0,0.0,0.0
66.625,0.338683959121581,0.5404532259849537,1.0,0.0,0.210717759164334,0.0,0.0,0.0
66.63541666666667,0.338579339458613,0.540559851653748,1.0,0.0,0.18432438638921278,0.0,0.0,0.0
66.64583333333333,0.33845522380940257,0.5407003435575992,1.0,0.0,0.20972438120848758,0.0,0.0,0.0
66.65625,0.3383545518825451,0.5408065391395906,1.0,0.0,0.18391159522397552,0.0,0.0,0.0
66.66666666666667,0.33827505928321006,0.5408813650821075,1.0,0.0,0.16033111360045915,0.0,0.0,0.0
66.67708333333333,0.33822583268117873,0.540909702878611,1.0,0.0,0.12543101505246948,0.0,0.0,0.0
66.6875,0.3381710439776635,0.5409480973108733,1.0,0.0,0.13297121982294788,0.0,0.0,0.0
66.69791666666667,0.3381305649461109,0.5409648749635235,1.0,0.0,0.11675132060430819,0.0,0.0,0.0
66.70833333333333,0.3381136248684662,0.5409449196847453,1.0,0.0,0.08919973933692854,0.0,0.0,0.0
66.71875,0.33811170021907955,0.5409013270294847,1.0,0.0,0.07147013232267697,0.0,0.0,0.0
66.72916666666667,0.33811677153433445,0.5408465904253239,1.0,0.0,0.06310772384198149,0.0,0.0,0.0
66.73958333333333,0.3381476957559617,0.5407503991614221,1.0,0.0,0.03199791164575709,0.0,0.0,0.0
66.75,0.3381883908620753,0.5406379088307683,1.0,0.0,0.019744151649790185,0.0,0.0,0.0
66.76041666666667,0.3382449546139975,0.5404991621225315,1.0,0.0,0.0,0.0,0.0,0.0
66.77083333333333,0.33830069602598156,0.5403604738768479,1.0,0.0,0.0,0.0,0.0,0.0
66.78125,0.3383556162617121,0.5402218437230074,1.0,0.0,0.0,0.0,0.0,0.0
66.79166666666667,0.33840971694152455,0.5400832712916617,1.0,0.0,0.0,0.0,0.0,0.0
66.80208333333333,0.3384630001275992,0.5399447562149973,1.0,0.0,0.0,0.0,0.0,0.0
66.8125,0.3385154683089969,0.5398062981269025,1.0,0.0,0.0,0.0,0.0,0.0
66.82291666666667,0.3385671243865736,0.5396678966631272,1.0,0.0,0.0,0.0,0.0,0.0
66.83333333333333,0.3386179716578105,0.5395295514614357,1.0,0.0,0.0,0.0,0.0,0.0
66.84375,0.3386680138015945,0.5393912621617538,1.0,0.0,0.0,0.0,0.0,0.0
66.85416666666667,0.33871725486298276,0.5392530284063087,1.0,0.0,0.0,0.0,0.0,0.0
66.86458333333333,0.33876569923798266,0.5391148498397622,1.0,0.0,0.0,0.0,0.0,0.0
66.875,0.3388133516583783,0.5389767261093379,1.0,0.0,0.0,0.0,0.0,0.0
66.88541666666667,0.3388602171766317,0.5388386568649418,1.0,0.0,0.0,0.0,0.0,0.0
66.89583333333333,0.3389063011508863,0.5387006417592766,1.0,0.0,0.0,0.0,0.0,0.0
66.90625,0.3389516092300985,0.5385626804479489,1.0,0.0,0.0,0.0,0.0,0.0
66.91666666666667,0.33899614733932,0.5384247725895713,1.0,0.0,0.0,0.0,0.0,0.0
66.92708333333333,0.33903992166515523,0.5382869178458587,1.0,0.0,0.0,0.0,0.0,0.0
66.9375,0.3390829386414133,0.5381491158817165,1.0,0.0,0.0,0.0,0.0,0.0
66.94791666666667,0.33912520493497417,0.5380113663653253,1.0,0.0,0.0,0.0,0.0,0.0
66.95833333333333,0.3391667274318865,0.5378736689682188,1.0,0.0,0.0,0.0,0.0,0.0
66.96875,0.3392075132237142,0.5377360233653554,1.0,0.0,0.0,0.0,0.0,0.0
66.97916666666667,0.33924756959414487,0.5375984292351859,1.0,0.0,0.0,0.0,0.0,0.0
66.98958333333333,0.3392869040058756,0.5374608862597141,1.0,0.0,0.0,0.0,0.0,0.0
67.0,0.33932552408778544,0.5373233941245539,1.0,0.0,0.0,0.0,0.0,0.0
67.01041666666667,0.3393634376224078,0.5371859525189797,1.0,0.0,0.0,0.0,0.0,0.0
67.02083333333333,0.3394006525337096,0.5370485611359728,1.0,0.0,0.0,0.0,0.0,0.0
67.03125,0.33943717687518715,0.5369112196722625,1.0,0.0,0.0,0.0,0.0,0.0
67.04166666666667,0.3394730188182841,0.5367739278283631,1.0,0.0,0.0,0.0,0.0,0.0
67.05208333333333,0.3395081866411379,0.5366366853086056,1.0,0.0,0.0,0.0,0.0,0.0
67.0625,0.339542688717659,0.5364994918211663,1.0,0.0,0.0,0.0,0.0,0.0
67.07291666666667,0.3395765335069469,0.5363623470780892,1.0,0.0,0.0,0.0,0.0,0.0
67.08333333333333,0.33960972954304397,0.5362252507953065,1.0,0.0,0.0,0.0,0.0,0.0
67.09375,0.339642285425031,0.5360882026926537,1.0,0.0,0.0,0.0,0.0,0.0
67.10416666666667,0.33967420980746277,0.5359512024938812,1.0,0.0,0.0,0.0,0.0,0.0
67.11458333333333,0.3397055113911452,0.535814249926663,1.0,0.0,0.0,0.0,0.0,0.0
67.125,0.33973619891425216,0.5356773447226014,1.0,0.0,0.0,0.0,0.0,0.0
67.13541666666667,0.3397662811437809,0.5355404866172279,1.0,0.0,0.0,0.0,0.0,0.0
67.14583333333333,0.3397957668673433,0.5354036753500014,1.0,0.0,0.0,0.0,0.0,0.0
67.15625,0.33982466488529034,0.5352669106643042,1.0,0.0,0.0,0.0,0.0,0.0
67.16666666666667,0.339852984003166,0.5351301923074329,1.0,0.0,0.0,0.0,0.0,0.0
67.17708333333333,0.33988073302448657,0.5349935200305891,1.0,0.0,0.0,0.0,0.0,0.0
67.1875,0.33990792074384113,0.5348568935888656,1.0,0.0,0.0,0.0,0.0,0.0
67.19791666666667,0.33993455594030764,0.5347203127412307,1.0,0.0,0.0,0.0,0.0,0.0
67.20833333333333,0.33996064737117954,0.5345837772505106,1.0,0.0,0.0,0.0,0.0,0.0
67.21875,0.3399862037659975,0.5344472868833687,1.0,0.0,0.0,0.0,0.0,0.0
67.22916666666667,0.34001123382087933,0.5343108414102833,1.0,0.0,0.0,0.0,0.0,0.0
67.23958333333333,0.3400357461931428,0.5341744406055231,1.0,0.0,0.0,0.0,0.0,0.0
67.25,0.3400597494962136,0.5340380842471212,1.0,0.0,0.0,0.0,0.0,0.0
67.26041666666667,0.3400832522948127,0.533901772116847,1.0,0.0,0.0,0.0,0.0,0.0
67.27083333333333,0.3400926323475768,0.5337868970706717,1.0,0.0,0.016356903406501835,0.0,0.0,0.0
67.28125,0.34008419676271234,0.5336996978022691,1.0,0.0,0.037499403047324284,0.0,0.0,0.0
67.29166666666667,0.34006337395839403,0.5336322260039938,1.0,0.0,0.05257655905451763,0.0,0.0,0.0
67.30208333333333,0.3400234922007358,0.5335953502531356,1.0,0.0,0.07597056986444421,0.0,0.0,0.0
67.3125,0.33996730624047933,0.5335853654976532,1.0,0.0,0.0965328135833528,0.0,0.0,0.0
67.32291666666667,0.3398960605588147,0.5336008435723281,1.0,0.0,0.11599818292741462,0.0,0.0,0.0
67.33333333333333,0.3398106360469787,0.5336408788630622,1.0,0.0,0.13476126059781454,0.0,0.0,0.0
67.34375,0.33972427979027225,0.5336850989503106,1.0,0.0,0.13794812057188036,0.0,0.0,0.0
67.35416666666667,0.33962589325156955,0.5337509381876263,1.0,0.0,0.15444510200999634,0.0,0.0,0.0
67.36458333333333,0.3394950545810475,0.5338708584727067,1.0,0.0,0.1956977703691097,0.0,0.0,0.0
67.375,0.3393523461785485,0.5340134758429649,1.0,0.0,0.21295149004069064,0.0,0.0,0.0
67.38541666666667,0.33922492340753985,0.534136323006696,1.0,0.0,0.19781108934729483,0.0,0.0,0.0
67.39583333333333,0.33908458847650863,0.5342832488841087,1.0,0.0,0.21609382503387017,0.0,0.0,0.0
67.40625,0.3389615538378411,0.5344069305051105,1.0,0.0,0.19832641700165293,0.0,0.0,0.0
67.41666666666667,0.33878698606913493,0.5346153546515447,1.0,0.0,0.26272311726002795,0.0,0.0,0.0
67.42708333333333,0.3386097921896004,0.5348327473374122,1.0,0.0,0.269394900112532,0.0,0.0,0.0
67.4375,0.3384309170610177,0.5350575364658683,1.0,0.0,0.274856867520986,0.0,0.0,0.0
67.44791666666667,0.338274835881228,0.5352508796645548,1.0,0.0,0.25084952078307526,0.0,0.0,0.0
67.45833333333333,0.33810052264712104,0.5354769641813535,1.0,0.0,0.27553892486449444,0.0,0.0,0.0
67.46875,0.33791081623345853,0.5357316525567493,1.0,0.0,0.2970308888205798,0.0,0.0,0.0
67.47916666666667,0.3377483593283913,0.5359475176472496,1.0,0.0,0.26747547204670774,0.0,0.0,0.0
67.48958333333333,0.33759628172366735,0.5361504947670598,1.0,0.0,0.2575943482957514,0.0,0.0,0.0
67.5,0.33743149710952425,0.5363768977969336,1.0,0.0,0.27515338938598094,0.0,0.0,0.0
67.51041666666667,0.3372711109959401,0.536599683979031,1.0,0.0,0.27227087128649136,0.0,0.0,0.0
67.52083333333333,0.3371029193870921,0.5368380485982305,1.0,0.0,0.2838613137038808,0.0,0.0,0.0
67.53125,0.33690721455507194,0.5371234428808506,1.0,0.0,0.31909493352526574,0.0,0.0,0.0
67.54166666666667,0.33671942501551283,0.5373997564113727,1.0,0.0,0.31202979613068393,0.0,0.0,0.0
67.55208333333333,0.3365909995212623,0.537584445415461,1.0,0.0,0.24297876491200274,0.0,0.0,0.0
67.5625,0.3364546639036419,0.5377837899965395,1.0,0.0,0.25388174402752944,0.0,0.0,0.0
67.57291666666667,0.3363009593046479,0.5380129709920775,1.0,0.0,0.27614757814993024,0.0,0.0,0.0
67.58333333333333,0.33618228625622915,0.5381882840952598,1.0,0.0,0.2356218464103908,0.0,0.0,0.0
67.59375,0.33604522812381027,0.5383946391183629,1.0,0.0,0.2587845716545972,0.0,0.0,0.0
67.60416666666667,0.33592734240053557,0.5385720187435532,1.0,0.0,0.23697630871744538,0.0,0.0,0.0
67.61458333333333,0.3357938526282648,0.5387758491636685,1.0,0.0,0.2566699524029189,0.0,0.0,0.0
67.625,0.33570576193423846,0.5389083233622085,1.0,0.0,0.20321866053735438,0.0,0.0,0.0
67.63541666666667,0.335619787328077,0.5390383196093553,1.0,0.0,0.20131709674059173,0.0,0.0,0.0
67.64583333333333,0.3355682599347213,0.5391138248258491,1.0,0.0,0.16057190509169617,0.0,0.0,0.0
67.65625,0.33550747291048827,0.5392046882840842,1.0,0.0,0.1720232888087758,0.0,0.0,0.0
67.66666666666667,0.3354536860387281,0.5392848477340277,1.0,0.0,0.1640098769472773,0.0,0.0,0.0
67.67708333333333,0.33540673651434627,0.5393544783374109,1.0,0.0,0.15613454273155847,0.0,0.0,0.0
67.6875,0.3353876445784468,0.5393796949525926,1.0,0.0,0.12298325169874305,0.0,0.0,0.0
67.69791666666667,0.3353837052068628,0.5393806918946447,1.0,0.0,0.10491053920562801,0.0,0.0,0.0
67.70833333333333,0.3353881481859585,0.5393682383599249,1.0,0.0,0.09487430301159146,0.0,0.0,0.0
67.71875,0.3354130256967971,0.5393228917015405,1.0,0.0,0.07032738846181101,0.0,0.0,0.0
67.72916666666667,0.335455532310657,0.5392490185715736,1.0,0.0,0.04902830591594188,0.0,0.0,0.0
67.73958333333333,0.33550550679024577,0.5391628258123559,1.0,0.0,0.039814626624868,0.0,0.0,0.0
67.75,0.3355716278525988,0.5390503112368742,1.0,0.0,0.02013261065851761,0.0,0.0,0.0
67.76041666666667,0.335654175338946,0.538910904176938,1.0,0.0,0.0,0.0,0.0,0.0
67.77083333333333,0.3357362637805666,0.5387715672464997,1.0,0.0,0.0,0.0,0.0,0.0
67.78125,0.33581787243213007,0.5386323001941726,1.0,0.0,0.0,0.0,0.0,0.0
67.79166666666667,0.3358989810680955,0.5384931027607364,1.0,0.0,0.0,0.0,0.0,0.0
67.80208333333333,0.335979570000343,0.5383539746793833,1.0,0.0,0.0,0.0,0.0,0.0
67.8125,0.3360596200946121,0.5382149156759707,1.0,0.0,0.0,0.0,0.0,0.0
67.82291666666667,0.33613911278572606,0.5380759254692781,1.0,0.0,0.0,0.0,0.0,0.0
67.83333333333333,0.3362180300915854,0.5379370037712694,1.0,0.0,0.0,0.0,0.0,0.0
67.84375,0.33629635462591845,0.5377981502873588,1.0,0.0,0.0,0.0,0.0,0.0
67.85416666666667,0.33637406960978095,0.5376593647166797,1.0,0.0,0.0,0.0,0.0,0.0
67.86458333333333,0.33645115888180094,0.5375206467523577,1.0,0.0,0.0,0.0,0.0,0.0
67.875,0.3365276069071694,0.537381996081785,1.0,0.0,0.0,0.0,0.0,0.0
67.88541666666667,0.33660339878538126,0.5372434123868973,1.0,0.0,0.0,0.0,0.0,0.0
67.89583333333333,0.33667852025673517,0.5371048953444522,1.0,0.0,0.0,0.0,0.0,0.0
67.90625,0.336752957707604,0.5369664446263074,1.0,0.0,0.0,0.0,0.0,0.0
67.91666666666667,0.3368266981744923,0.5368280598997014,1.0,0.0,0.0,0.0,0.0,0.0
67.92708333333333,0.3368997293468997,0.536689740827532,1.0,0.0,0.0,0.0,0.0,0.0
67.9375,0.3369720395690132,0.5365514870686353,1.0,0.0,0.0,0.0,0.0,0.0
67.94791666666667,0.33704361784025333,0.5364132982780639,1.0,0.0,0.0,0.0,0.0,0.0
67.95833333333333,0.3371144538147031,0.5362751741073631,1.0,0.0,0.0,0.0,0.0,0.0
67.96875,0.3371845377994515,0.5361371142048454,1.0,0.0,0.0,0.0,0.0,0.0
67.97916666666667,0.3372538607518837,0.5359991182158632,1.0,0.0,0.0,0.0,0.0,0.0
67.98958333333333,0.33732241427595516,0.5358611857830781,1.0,0.0,0.0,0.0,0.0,0.0
68.0,0.3373901906174871,0.5357233165467277,1.0,0.0,0.0,0.0,0.0,0.0
68.01041666666667,0.33745718265852237,0.5355855101448886,1.0,0.0,0.0,0.0,0.0,0.0
68.02083333333333,0.3375233839107838,0.5354477662137366,1.0,0.0,0.0,0.0,0.0,0.0
68.03125,0.33758878850827684,0.5353100843878011,1.0,0.0,0.0,0.0,0.0,0.0
68.04166666666667,0.3376533911990807,0.5351724643002174,1.0,0.0,0.0,0.0,0.0,0.0
68.05208333333333,0.337717187336372,0.5350349055829724,1.0,0.0,0.0,0.0,0.0,0.0
68.0625,0.3377801728687266,0.5348974078671465,1.0,0.0,0.0,0.0,0.0,0.0
68.07291666666667,0.33784234432974486,0.5347599707831502,1.0,0.0,0.0,0.0,0.0,0.0
68.08333333333333,0.3379036988270471,0.5346225939609556,1.0,0.0,0.0,0.0,0.0,0.0
68.09375,0.33796423403068454,0.534485277030321,1.0,0.0,0.0,0.0,0.0,0.0
68.10416666666667,0.3380239481610119,0.5343480196210123,1.0,0.0,0.0,0.0,0.0,0.0
68.11458333333333,0.33808283997606825,0.5342108213630159,1.0,0.0,0.0,0.0,0.0,0.0
68.125,0.33814090875851066,0.5340736818867472,1.0,0.0,0.0,0.0,0.0,0.0
68.13541666666667,0.3381981543021455,0.5339366008232522,1.0,0.0,0.0,0.0,0.0,0.0
68.14583333333333,0.3382545768981021,0.5337995778044037,1.0,0.0,0.0,0.0,0.0,0.0
68.15625,0.33831017732069135,0.53366261246309,1.0,0.0,0.0,0.0,0.0,0.0
68.16666666666667,0.3383649568129922,0.5335257044333981,1.0,0.0,0.0,0.0,0.0,0.0
68.17708333333333,0.33841891707220706,0.5333888533507897,1.0,0.0,0.0,0.0,0.0,0.0
68.1875,0.3384720602348258,0.5332520588522714,1.0,0.0,0.0,0.0,0.0,0.0
68.19791666666667,0.3385243888616381,0.5331153205765583,1.0,0.0,0.0,0.0,0.0,0.0
68.20833333333333,0.33857590592263115,0.5329786381642299,1.0,0.0,0.0,0.0,0.0,0.0
68.21875,0.33862661478180855,0.5328420112578809,1.0,0.0,0.0,0.0,0.0,0.0
68.22916666666667,0.33867651918196584,0.5327054395022649,1.0,0.0,0.0,0.0,0.0,0.0
68.23958333333333,0.33872562322945543,0.5325689225444317,1.0,0.0,0.0,0.0,0.0,0.0
68.25,0.33877393137897244,0.5324324600338574,1.0,0.0,0.0,0.0,0.0,0.0
68.26041666666667,0.33882144841839196,0.5322960516225693,1.0,0.0,0.0,0.0,0.0,0.0
68.27083333333333,0.338853744060939,0.5321823673189624,1.0,0.0,0.017322471296607397,0.0,0.0,0.0
68.28125,0.3388658268555657,0.532099609283696,1.0,0.0,0.04093149367713901,0.0,0.0,0.0
68.29166666666667,0.3388600073398455,0.5320446561398224,1.0,0.0,0.0621713205063438,0.0,0.0,0.0
68.30208333333333,0.33883672607214416,0.532017276714356,1.0,0.0,0.08324250976422562,0.0,0.0,0.0
68.3125,0.33881117610771944,0.5319940701493097,1.0,0.0,0.08643195629334925,0.0,0.0,0.0
68.32291666666667,0.33875665049181153,0.5320170324861374,1.0,0.0,0.12171267647627662,0.0,0.0,0.0
68.33333333333333,0.3386876239358412,0.5320641915607744,1.0,0.0,0.14019302062271363,0.0,0.0,0.0
68.34375,0.33860792363826486,0.5321299037638808,1.0,0.0,0.15435009867616803,0.0,0.0,0.0
68.35416666666667,0.3385126253382015,0.5322221697577828,1.0,0.0,0.17460030387661382,0.0,0.0,0.0
68.36458333333333,0.3384205475392515,0.532311768524315,1.0,0.0,0.172533747975968,0.0,0.0,0.0
68.375,0.33831808541794395,0.5324199793501665,1.0,0.0,0.18669652586935473,0.0,0.0,0.0
68.38541666666667,0.33820898082089257,0.5325411338034687,1.0,0.0,0.196519754294795,0.0,0.0,0.0
68.39583333333333,0.33809839556411997,0.5326672138496708,1.0,0.0,0.2002211314832514,0.0,0.0,0.0
68.40625,0.337983936206261,0.5328019680292678,1.0,0.0,0.20677049928026459,0.0,0.0,0.0
68.41666666666667,0.33786584495709165,0.5329450456808724,1.0,0.0,0.2130425069703284,0.0,0.0,0.0
68.42708333333333,0.337713711617724,0.5331444698183597,1.0,0.0,0.2558106671942146,0.0,0.0,0.0
68.4375,0.33758624035357326,0.5333082348576167,1.0,0.0,0.22860158523112778,0.0,0.0,0.0
68.44791666666667,0.33744477570545833,0.5334967697075194,1.0,0.0,0.2473186286573949,0.0,0.0,0.0
68.45833333333333,0.3372641586793048,0.5337501171930418,1.0,0.0,0.29635908036405034,0.0,0.0,0.0
68.46875,0.3370901370861481,0.5339965802345634,1.0,0.0,0.2909512861588227,0.0,0.0,0.0
68.47916666666667,0.3368986276318364,0.5342740376478519,1.0,0.0,0.31422424056819037,0.0,0.0,0.0
68.48958333333333,0.33671922457270687,0.5345357150150075,1.0,0.0,0.3020691525402909,0.0,0.0,0.0
68.5,0.33654352530089765,0.5347945340799448,1.0,0.0,0.29970955313584613,0.0,0.0,0.0
68.51041666666667,0.3363569532346966,0.5350734438611837,1.0,0.0,0.3146697401274834,0.0,0.0,0.0
68.52083333333333,0.33623145088933887,0.5352579261338211,1.0,0.0,0.24327745881046273,0.0,0.0,0.0
68.53125,0.33606964349810275,0.5355019649955238,1.0,0.0,0.28803477790302284,0.0,0.0,0.0
68.54166666666667,0.3358829173547233,0.5357878918758838,1.0,0.0,0.3193769799873719,0.0,0.0,0.0
68.55208333333333,0.33574462423307033,0.5359988292857736,1.0,0.0,0.26278414009751566,0.0,0.0,0.0
68.5625,0.3356166815221013,0.5361947811620628,1.0,0.0,0.2514014325615928,0.0,0.0,0.0
68.57291666666667,0.33546473484419576,0.5364304455252482,1.0,0.0,0.28109584065875687,0.0,0.0,0.0
68.58333333333333,0.33535778540696115,0.5365956032245762,1.0,0.0,0.22806773324839008,0.0,0.0,0.0
68.59375,0.3352218043517482,0.536808183222457,1.0,0.0,0.26353014269322866,0.0,0.0,0.0
68.60416666666667,0.33511103296121714,0.5369815034995106,1.0,0.0,0.23400418902605563,0.0,0.0,0.0
68.61458333333333,0.3349893416289638,0.5371731612678593,1.0,0.0,0.2476426915623482,0.0,0.0,0.0
68.625,0.3348781608773099,0.5373487980282409,1.0,0.0,0.2355587455118522,0.0,0.0,0.0
68.63541666666667,0.3348000472333442,0.5374720355009934,1.0,0.0,0.19630773820127925,0.0,0.0,0.0
68.64583333333333,0.33472114249337054,0.5375969634588321,1.0,0.0,0.19752823939623723,0.0,0.0,0.0
68.65625,0.3346582328222127,0.5376965817664365,1.0,0.0,0.17858245926742028,0.0,0.0,0.0
68.66666666666667,0.3346113347075425,0.537770743453898,1.0,0.0,0.1595481038574093,0.0,0.0,0.0
68.67708333333333,0.3345913626917601,0.537801807894294,1.0,0.0,0.1273599554126324,0.0,0.0,0.0
68.6875,0.33458060465067374,0.5378181312292245,1.0,0.0,0.11635287621260025,0.0,0.0,0.0
68.69791666666667,0.33456925690906064,0.5378354384924988,1.0,0.0,0.11708659898557586,0.0,0.0,0.0
68.70833333333333,0.3345706470913032,0.5378323056886991,1.0,0.0,0.10182808325732533,0.0,0.0,0.0
68.71875,0.33459517649940973,0.5377919744720514,1.0,0.0,0.07405773402733948,0.0,0.0,0.0
68.72916666666667,0.3346348541729098,0.5377272270430166,1.0,0.0,0.05582065742528863,0.0,0.0,0.0
68.73958333333333,0.33469003559045696,0.5376374539349041,1.0,0.0,0.03711520286541153,0.0,0.0,0.0
68.75,0.33476004943554977,0.5375236907259294,1.0,0.0,0.019165049651519855,0.0,0.0,0.0
68.76041666666667,0.33484585913414316,0.5373843428996836,1.0,0.0,0.0,0.0,0.0,0.0
68.77083333333333,0.3349314312742912,0.5372450667909745,1.0,0.0,0.0,0.0,0.0,0.0
68.78125,0.33501674123171415,0.5371058622356414,1.0,0.0,0.0,0.0,0.0,0.0
68.79166666666667,0.3351017646787196,0.5369667290597591,1.0,0.0,0.0,0.0,0.0,0.0
68.80208333333333,0.33518647761137865,0.5368276670798037,1.0,0.0,0.0,0.0,0.0,0.0
68.8125,0.3352708563759243,0.5366886761028301,1.0,0.0,0.0,0.0,0.0,0.0
68.82291666666667,0.33535487769431316,0.5365497559266579,1.0,0.0,0.0,0.0,0.0,0.0
68.83333333333333,0.3354385186888934,0.5364109063400676,1.0,0.0,0.0,0.0,0.0,0.0
68.84375,0.33552175690612646,0.536272127123005,1.0,0.0,0.0,0.0,0.0,0.0
68.85416666666667,0.33560457033931357,0.5361334180467943,1.0,0.0,0.0,0.0,0.0,0.0
68.86458333333333,0.33568693745028205,0.535994778874359,1.0,0.0,0.0,0.0,0.0,0.0
68.875,0.33576883718999057,0.5358562093604504,1.0,0.0,0.0,0.0,0.0,0.0
68.88541666666667,0.3358502490180164,0.5357177092518829,1.0,0.0,0.0,0.0,0.0,0.0
68.89583333333333,0.33593115292089276,0.5355792782877754,1.0,0.0,0.0,0.0,0.0,0.0
68.90625,0.3360115294292675,0.5354409161997995,1.0,0.0,0.0,0.0,0.0,0.0
68.91666666666667,0.33609135963386016,0.5353026227124319,1.0,0.0,0.0,0.0,0.0,0.0
68.92708333333333,0.33617062520019775,0.5351643975432123,1.0,0.0,0.0,0.0,0.0,0.0
68.9375,0.336249308382114,0.5350262404030063,1.0,0.0,0.0,0.0,0.0,0.0
68.94791666666667,0.33632739203400236,0.5348881509962705,1.0,0.0,0.0,0.0,0.0,0.0
68.95833333333333,0.336404859621816,0.5347501290213219,1.0,0.0,0.0,0.0,0.0,0.0
68.96875,0.33648169523281257,0.53461217417061,1.0,0.0,0.0,0.0,0.0,0.0
68.97916666666667,0.3365578835840463,0.5344742861309912,1.0,0.0,0.0,0.0,0.0,0.0
68.98958333333333,0.33663341002961317,0.5343364645840043,1.0,0.0,0.0,0.0,0.0,0.0
69.0,0.33670826056665915,0.5341987092061476,1.0,0.0,0.0,0.0,0.0,0.0
69.01041666666667,0.33678242184016555,0.5340610196691571,1.0,0.0,0.0,0.0,0.0,0.0
69.02083333333333,0.33685588114652804,0.5339233956402841,1.0,0.0,0.0,0.0,0.0,0.0
69.03125,0.3369286264359506,0.5337858367825731,1.0,0.0,0.0,0.0,0.0,0.0
69.04166666666667,0.337000646313678,0.5336483427551388,1.0,0.0,0.0,0.0,0.0,0.0
69.05208333333333,0.33707193004009317,0.5335109132134424,1.0,0.0,0.0,0.0,0.0,0.0
69.0625,0.33714246752970994,0.533373547809565,1.0,0.0,0.0,0.0,0.0,0.0
69.07291666666667,0.3372122493490926,0.5332362461924808,1.0,0.0,0.0,0.0,0.0,0.0
69.08333333333333,0.3372812667137369,0.5330990080083264,1.0,0.0,0.0,0.0,0.0,0.0
69.09375,0.3373495114839497,0.5329618329006681,1.0,0.0,0.0,0.0,0.0,0.0
69.10416666666667,0.33741697615976496,0.5328247205107659,1.0,0.0,0.0,0.0,0.0,0.0
69.11458333333333,0.33748365387493734,0.5326876704778336,1.0,0.0,0.0,0.0,0.0,0.0
69.125,0.3375495383900542,0.5325506824392957,1.0,0.0,0.0,0.0,0.0,0.0
69.13541666666667,0.3376146240848098,0.5324137560310397,1.0,0.0,0.0,0.0,0.0,0.0
69.14583333333333,0.3376789059494852,0.5322768908876641,1.0,0.0,0.0,0.0,0.0,0.0
69.15625,0.3377423795756788,0.5321400866427217,1.0,0.0,0.0,0.0,0.0,0.0
69.16666666666667,0.33780504114633336,0.5320033429289582,1.0,0.0,0.0,0.0,0.0,0.0
69.17708333333333,0.3378668874251045,0.5318666593785449,1.0,0.0,0.0,0.0,0.0,0.0
69.1875,0.3379279157451179,0.531730035623307,1.0,0.0,0.0,0.0,0.0,0.0
69.19791666666667,0.3379881239971601,0.5315934712949455,1.0,0.0,0.0,0.0,0.0,0.0
69.20833333333333,0.33804751061735017,0.5314569660252536,1.0,0.0,0.0,0.0,0.0,0.0
69.21875,0.3381060745743364,0.5313205194463279,1.0,0.0,0.0,0.0,0.0,0.0
69.22916666666667,0.33816381535606455,0.5311841311907718,1.0,0.0,0.0,0.0,0.0,0.0
69.23958333333333,0.33822073295616145,0.5310478008918947,1.0,0.0,0.0,0.0,0.0,0.0
69.25,0.3382768278599779,0.530911528183904,1.0,0.0,0.0,0.0,0.0,0.0
69.26041666666667,0.3383321010303341,0.5307753127020903,1.0,0.0,0.0,0.0,0.0,0.0
69.27083333333333,0.3383726711551554,0.530660925120975,1.0,0.0,0.01665928542409357,0.0,0.0,0.0
69.28125,0.3383978314652436,0.5305697810040665,1.0,0.0,0.034420499079958033,0.0,0.0,0.0
69.29166666666667,0.338404681219708,0.5305067662686076,1.0,0.0,0.05593667190573733,0.0,0.0,0.0
69.30208333333333,0.3383936360726932,0.530471648217789,1.0,0.0,0.07728582216733813,0.0,0.0,0.0
69.3125,0.33836434479102895,0.5304653975211349,1.0,0.0,0.09938221595756203,0.0,0.0,0.0
69.32291666666667,0.33831839143819153,0.5304859647033054,1.0,0.0,0.11990738646677787,0.0,0.0,0.0
69.33333333333333,0.33826810957712444,0.5305144025830542,1.0,0.0,0.12592700370792204,0.0,0.0,0.0
69.34375,0.33819254601181525,0.5305836746807285,1.0,0.0,0.15715819405829942,0.0,0.0,0.0
69.35416666666667,0.3381008354387055,0.5306800437797065,1.0,0.0,0.17785715002626082,0.0,0.0,0.0
69.36458333333333,0.3379948850784671,0.5308008769157299,1.0,0.0,0.1965183178793888,0.0,0.0,0.0
69.375,0.33790374519446154,0.5309008277069978,1.0,0.0,0.1805201502573717,0.0,0.0,0.0
69.38541666666667,0.33777294971013144,0.531065116019726,1.0,0.0,0.22959607667402532,0.0,0.0,0.0
69.39583333333333,0.33765734829169475,0.5312083367145476,1.0,0.0,0.21344031746808326,0.0,0.0,0.0
69.40625,0.33752353515832256,0.5313826456412398,1.0,0.0,0.2370712792201462,0.0,0.0,0.0
69.41666666666667,0.3374047731352755,0.5315359778050296,1.0,0.0,0.22099773978249831,0.0,0.0,0.0
69.42708333333333,0.3372962024802811,0.5316755785990341,1.0,0.0,0.2104702539618405,0.0,0.0,0.0
69.4375,0.3371730050868336,0.5318403091262998,1.0,0.0,0.22952736964428924,0.0,0.0,0.0
69.44791666666667,0.3370244054062958,0.5320474174794735,1.0,0.0,0.2616588350156002,0.0,0.0,0.0
69.45833333333333,0.33684227066771555,0.5323101952810169,1.0,0.0,0.3038060261183479,0.0,0.0,0.0
69.46875,0.3366545032358474,0.5325850683706194,1.0,0.0,0.3127757015940974,0.0,0.0,0.0
69.47916666666667,0.3364787377338079,0.5328440464304646,1.0,0.0,0.3005085076666334,0.0,0.0,0.0
69.48958333333333,0.3363072647869707,0.5330989457728322,1.0,0.0,0.2972239062892223,0.0,0.0,0.0
69.5,0.3361823480460602,0.5332824790563675,1.0,0.0,0.2430541674416941,0.0,0.0,0.0
69.51041666666667,0.33603038188733936,0.5335106205037528,1.0,0.0,0.2766736453130347,0.0,0.0,0.0
69.52083333333333,0.33589319545430774,0.5337172305613046,1.0,0.0,0.2602623313682945,0.0,0.0,0.0
69.53125,0.33574678749509107,0.5339401447362286,1.0,0.0,0.27244165686519034,0.0,0.0,0.0
69.54166666666667,0.3356128032064954,0.5341449373273293,1.0,0.0,0.25863570126417557,0.0,0.0,0.0
69.55208333333333,0.335481569839621,0.5343467441661071,1.0,0.0,0.25626577763006136,0.0,0.0,0.0
69.5625,0.33533534641375823,0.5345737169991652,1.0,0.0,0.27509391066547606,0.0,0.0,0.0
69.57291666666667,0.3351718833024708,0.5348295254898076,1.0,0.0,0.29663362307742464,0.0,0.0,0.0
69.58333333333333,0.3350292296032989,0.5350534737843183,1.0,0.0,0.27251015782790594,0.0,0.0,0.0
69.59375,0.33490020315954583,0.5352566953867778,1.0,0.0,0.25680701224264746,0.0,0.0,0.0
69.60416666666667,0.3347730810296589,0.5354577128069563,1.0,0.0,0.25503683047509085,0.0,0.0,0.0
69.61458333333333,0.3346866700056811,0.5355943115178249,1.0,0.0,0.20662353653526672,0.0,0.0,0.0
69.625,0.3345950337891129,0.5357396946662573,1.0,0.0,0.21315470873354397,0.0,0.0,0.0
69.63541666666667,0.33453814337218934,0.535829823260629,1.0,0.0,0.17170271731080874,0.0,0.0,0.0
69.64583333333333,0.3344492683208456,0.535971412433996,1.0,0.0,0.2102176404178584,0.0,0.0,0.0
69.65625,0.33439567741044945,0.5360567505623375,1.0,0.0,0.1680582114177291,0.0,0.0,0.0
69.66666666666667,0.3343634389178021,0.5361080031224607,1.0,0.0,0.14252898312993068,0.0,0.0,0.0
69.67708333333333,0.3343301326198049,0.536161045596657,1.0,0.0,0.14386097601314493,0.0,0.0,0.0
69.6875,0.33429817945944196,0.5362119920413315,1.0,0.0,0.1422849981146503,0.0,0.0,0.0
69.69791666666667,0.3342984641803541,0.536211289500954,1.0,0.0,0.10364107267172015,0.0,0.0,0.0
69.70833333333333,0.3343115553056103,0.5361900459831443,1.0,0.0,0.08827303603680044,0.0,0.0,0.0
69.71875,0.33433938350564124,0.5361451487102102,1.0,0.0,0.07057202611045235,0.0,0.0,0.0
69.72916666666667,0.3343813418301916,0.53607755459822,1.0,0.0,0.053578403570850565,0.0,0.0,0.0
69.73958333333333,0.3344399926545208,0.5359831407061749,1.0,0.0,0.03348484589385757,0.0,0.0,0.0
69.75,0.33451155504781754,0.5358679425521868,1.0,0.0,0.017891310516197464,0.0,0.0,0.0
69.76041666666667,0.3345979094771929,0.5357289210187578,1.0,0.0,0.0,0.0,0.0,0.0
69.77083333333333,0.3346840987441165,0.5355899713441521,1.0,0.0,0.0,0.0,0.0,0.0
69.78125,0.3347700975275764,0.5354510933937142,1.0,0.0,0.0,0.0,0.0,0.0
69.79166666666667,0.33485588072103417,0.5353122870226427,1.0,0.0,0.0,0.0,0.0,0.0
69.80208333333333,0.3349414234614788,0.5351735520761243,1.0,0.0,0.0,0.0,0.0,0.0
69.8125,0.33502670115789346,0.5350348883894807,1.0,0.0,0.0,0.0,0.0,0.0
69.82291666666667,0.3351116895190653,0.5348962957883246,1.0,0.0,0.0,0.0,0.0,0.0
69.83333333333333,0.33519636458067387,0.5347577740887275,1.0,0.0,0.0,0.0,0.0,0.0
69.84375,0.335280702731595,0.5346193230973963,1.0,0.0,0.0,0.0,0.0,0.0
69.85416666666667,0.33536468073936043,0.5344809426118607,1.0,0.0,0.0,0.0,0.0,0.0
69.86458333333333,0.3354482757747179,0.5343426324206692,1.0,0.0,0.0,0.0,0.0,0.0
69.875,0.33553146543523893,0.5342043923035936,1.0,0.0,0.0,0.0,0.0,0.0
69.88541666666667,0.3356142277679258,0.5340662220318428,1.0,0.0,0.0,0.0,0.0,0.0
69.89583333333333,0.3356965412907737,0.5339281213682833,1.0,0.0,0.0,0.0,0.0,0.0
69.90625,0.33577838501324664,0.5337900900676673,1.0,0.0,0.0,0.0,0.0,0.0
69.91666666666667,0.33585973845563216,0.5336521278768688,1.0,0.0,0.0,0.0,0.0,0.0
69.92708333333333,0.33594058166724194,0.533514234535124,1.0,0.0,0.0,0.0,0.0,0.0
69.9375,0.3360208952434313,0.5333764097742797,1.0,0.0,0.0,0.0,0.0,0.0
69.94791666666667,0.33610066034141417,0.533238653319045,1.0,0.0,0.0,0.0,0.0,0.0
69.95833333333333,0.3361798586948547,0.5331009648872492,1.0,0.0,0.0,0.0,0.0,0.0
69.96875,0.33625847262722186,0.5329633441901032,1.0,0.0,0.0,0.0,0.0,0.0
69.97916666666667,0.33633648506389546,0.5328257909324647,1.0,0.0,0.0,0.0,0.0,0.0
69.98958333333333,0.3364138795430197,0.5326883048131077,1.0,0.0,0.0,0.0,0.0,0.0
70.0,0.3364906402251011,0.5325508855249922,1.0,0.0,0.0,0.0,0.0,0.0
70.01041666666667,0.3365667519013545,0.5324135327555387,1.0,0.0,0.0,0.0,0.0,0.0
70.02083333333333,0.33664220000080275,0.5322762461869028,1.0,0.0,0.0,0.0,0.0,0.0
70.03125,0.3367169705961414,0.5321390254962514,1.0,0.0,0.0,0.0,0.0,0.0
70.04166666666667,0.3367910504083818,0.5320018703560392,1.0,0.0,0.0,0.0,0.0,0.0
70.05208333333333,0.3368644268102905,0.5318647804342861,1.0,0.0,0.0,0.0,0.0,0.0
70.0625,0.33693708782864595,0.5317277553948535,1.0,0.0,0.0,0.0,0.0,0.0
70.07291666666667,0.33700902214533685,0.5315907948977204,1.0,0.0,0.0,0.0,0.0,0.0
70.08333333333333,0.3370802190973287,0.5314538985992581,1.0,0.0,0.0,0.0,0.0,0.0
70.09375,0.33715066867552945,0.5313170661525027,1.0,0.0,0.0,0.0,0.0,0.0
70.10416666666667,0.33722036152258544,0.531180297207427,1.0,0.0,0.0,0.0,0.0,0.0
70.11458333333333,0.3372892889296437,0.531043591411208,1.0,0.0,0.0,0.0,0.0,0.0
70.125,0.33735744283211666,0.5309069484084935,1.0,0.0,0.0,0.0,0.0,0.0
70.13541666666667,0.33742481580448813,0.5307703678416641,1.0,0.0,0.0,0.0,0.0,0.0
70.14583333333333,0.3374914010542017,0.5306338493510921,1.0,0.0,0.0,0.0,0.0,0.0
70.15625,0.3375571924146726,0.5304973925753973,1.0,0.0,0.0,0.0,0.0,0.0
70.16666666666667,0.3376221843374663,0.530360997151697,1.0,0.0,0.0,0.0,0.0,0.0
70.17708333333333,0.337686371883689,0.5302246627158537,1.0,0.0,0.0,0.0,0.0,0.0
70.1875,0.33774975071463303,0.5300883889027156,1.0,0.0,0.0,0.0,0.0,0.0
70.19791666666667,0.33781231708172466,0.5299521753463546,1.0,0.0,0.0,0.0,0.0,0.0
70.20833333333333,0.33787406781581886,0.5298160216802975,1.0,0.0,0.0,0.0,0.0,0.0
70.21875,0.3379350003158877,0.5296799275377517,1.0,0.0,0.0,0.0,0.0,0.0
70.22916666666667,0.3379951125371481,0.5295438925518273,1.0,0.0,0.0,0.0,0.0,0.0
70.23958333333333,0.3380544029786755,0.5294079163557507,1.0,0.0,0.0,0.0,0.0,0.0
70.25,0.3381128706705484,0.5292719985830743,1.0,0.0,0.0,0.0,0.0,0.0
70.26041666666667,0.338170515160569,0.5291361388678795,1.0,0.0,0.0,0.0,0.0,0.0
70.27083333333333,0.33821127605250045,0.5290254571855969,1.0,0.0,0.019272537725429004,0.0,0.0,0.0
70.28125,0.33823412880247694,0.5289418947121699,1.0,0.0,0.04005554305337151,0.0,0.0,0.0
70.29166666666667,0.33824055596987196,0.5288835131144731,1.0,0.0,0.059366984295290436,0.0,0.0,0.0
70.30208333333333,0.33823427224378316,0.5288448655713726,1.0,0.0,0.07450737884879907,0.0,0.0,0.0
70.3125,0.3382076122186293,0.5288382231507901,1.0,0.0,0.09906910248304711,0.0,0.0,0.0
70.32291666666667,0.3381605575758148,0.528864081118786,1.0,0.0,0.12400822385940848,0.0,0.0,0.0
70.33333333333333,0.3381022467899428,0.5289086136201572,1.0,0.0,0.13833016380619398,0.0,0.0,0.0
70.34375,0.3380474510422233,0.5289489570150883,1.0,0.0,0.13510883279136482,0.0,0.0,0.0
70.35416666666667,0.3379840122146636,0.5290040423938114,1.0,0.0,0.1464043390960488,0.0,0.0,0.0
70.36458333333333,0.3378993694946219,0.5290937185213053,1.0,0.0,0.17290301915686593,0.0,0.0,0.0
70.375,0.3377879280017907,0.5292272174559735,1.0,0.0,0.20644192026390581,0.0,0.0,0.0
70.38541666666667,0.33768467295335436,0.5293502754607591,1.0,0.0,0.1983903968068484,0.0,0.0,0.0
70.39583333333333,0.33757835667005,0.5294802868717933,1.0,0.0,0.2036600430259361,0.0,0.0,0.0
70.40625,0.33745059048406856,0.5296461243131064,1.0,0.0,0.23099732053543662,0.0,0.0,0.0
70.41666666666667,0.3372969444769841,0.5298551585251084,1.0,0.0,0.26391091346742057,0.0,0.0,0.0
70.42708333333333,0.3371569342870314,0.5300457415578508,1.0,0.0,0.24969260524673265,0.0,0.0,0.0
70.4375,0.337003472420409,0.5302600870595987,1.0,0.0,0.26770389990488447,0.0,0.0,0.0
70.44791666666667,0.3368885835384019,0.5304164440086577,1.0,0.0,0.22337202806649614,0.0,0.0,0.0
70.45833333333333,0.33675901361793886,0.5305978688343349,1.0,0.0,0.24238963323795026,0.0,0.0,0.0
70.46875,0.33659337219117286,0.530838295871284,1.0,0.0,0.28718921964540506,0.0,0.0,0.0
70.47916666666667,0.3364244179411187,0.5310865914921282,1.0,0.0,0.29299865645230794,0.0,0.0,0.0
70.48958333333333,0.3362704142374698,0.5313138131553845,1.0,0.0,0.2768117849226142,0.0,0.0,0.0
70.5,0.33609465206117606,0.5315776180992521,1.0,0.0,0.30441765647923397,0.0,0.0,0.0
70.51041666666667,0.33590426074239876,0.5318669476963667,1.0,0.0,0.3235597512224279,0.0,0.0,0.0
70.52083333333333,0.33571760866948214,0.5321527511167494,1.0,0.0,0.320647667238821,0.0,0.0,0.0
70.53125,0.33553848171206424,0.5324287744955754,1.0,0.0,0.31301602111376187,0.0,0.0,0.0
70.54166666666667,0.33537251112617744,0.5326857872629547,1.0,0.0,0.29843494362635614,0.0,0.0,0.0
70.55208333333333,0.3352176298595,0.5329267446638613,1.0,0.0,0.2861272237388646,0.0,0.0,0.0
70.5625,0.3351007551488374,0.5331085513314773,1.0,0.0,0.2413492394368987,0.0,0.0,0.0
70.57291666666667,0.33497178569880554,0.5333104822637764,1.0,0.0,0.25642345897175756,0.0,0.0,0.0
70.58333333333333,0.3348135709465504,0.5335599027288657,1.0,0.0,0.29207076987317615,0.0,0.0,0.0
70.59375,0.33469462618721013,0.53374770178963,1.0,0.0,0.2455311195486805,0.0,0.0,0.0
70.60416666666667,0.33460040654392836,0.5338966721708839,1.0,0.0,0.21623208625738818,0.0,0.0,0.0
70.61458333333333,0.3344786849373311,0.5340899728955765,1.0,0.0,0.24948685814810218,0.0,0.0,0.0
70.625,0.3343729576531096,0.5342582188852882,1.0,0.0,0.23056539058552225,0.0,0.0,0.0
70.63541666666667,0.334282139463839,0.5344029835860568,1.0,0.0,0.21286074495573193,0.0,0.0,0.0
70.64583333333333,0.33418997392232774,0.5345501460069932,1.0,0.0,0.2146006435544095,0.0,0.0,0.0
70.65625,0.334151938779389,0.5346108921267875,1.0,0.0,0.149734179134959,0.0,0.0,0.0
70.66666666666667,0.3340976802117194,0.534697651021159,1.0,0.0,0.16922919144673468,0.0,0.0,0.0
70.67708333333333,0.3340824585711187,0.5347219868708498,1.0,0.0,0.12241289717990239,0.0,0.0,0.0
70.6875,0.33407038897948554,0.5347412870197501,1.0,0.0,0.11863611077135794,0.0,0.0,0.0
70.69791666666667,0.33407400118683866,0.5347354914062824,1.0,0.0,0.09982176831490656,0.0,0.0,0.0
70.70833333333333,0.33409390097102515,0.5347036256075809,1.0,0.0,0.08027559715617856,0.0,0.0,0.0
70.71875,0.33412864337733955,0.5346480032637123,1.0,0.0,0.06245753867522493,0.0,0.0,0.0
70.72916666666667,0.3341755262317678,0.5345729496599392,1.0,0.0,0.0478730064266476,0.0,0.0,0.0
70.73958333333333,0.33422696081403824,0.534490598646614,1.0,0.0,0.04238143285452987,0.0,0.0,0.0
70.75,0.33429706236706547,0.5343783748544869,1.0,0.0,0.019938242524276263,0.0,0.0,0.0
70.76041666666667,0.3343837157948308,0.5342396509588095,1.0,0.0,0.0,0.0,0.0,0.0
70.77083333333333,0.3344702675264149,0.5341009989642862,1.0,0.0,0.0,0.0,0.0,0.0
70.78125,0.3345566918377551,0.5339624187622786,1.0,0.0,0.0,0.0,0.0,0.0
70.79166666666667,0.33464296314520653,0.5338239102337536,1.0,0.0,0.0,0.0,0.0,0.0
70.80208333333333,0.3347290560357435,0.5336854732493894,1.0,0.0,0.0,0.0,0.0,0.0
70.8125,0.3348149452967525,0.5335471076696919,1.0,0.0,0.0,0.0,0.0,0.0
70.82291666666667,0.3349006059453424,0.5334088133451248,1.0,0.0,0.0,0.0,0.0,0.0
70.83333333333333,0.3349860132571003,0.5332705901162489,1.0,0.0,0.0,0.0,0.0,0.0
70.84375,0.33507114279422356,0.5331324378138736,1.0,0.0,0.0,0.0,0.0,0.0
70.85416666666667,0.33515597043296036,0.5329943562592192,1.0,0.0,0.0,0.0,0.0,0.0
70.86458333333333,0.3352404723902961,0.5328563452640873,1.0,0.0,0.0,0.0,0.0,0.0
70.875,0.3353246252498232,0.532718404631044,1.0,0.0,0.0,0.0,0.0,0.0
70.88541666666667,0.33540840598673777,0.5325805341536103,1.0,0.0,0.0,0.0,0.0,0.0
70.89583333333333,0.3354917919919081,0.5324427336164621,1.0,0.0,0.0,0.0,0.0,0.0
70.90625,0.3355747610949656,0.5323050027956391,1.0,0.0,0.0,0.0,0.0,0.0
70.91666666666667,0.33565729158637103,0.532167341458761,1.0,0.0,0.0,0.0,0.0,0.0
70.92708333333333,0.33573936223841405,0.5320297493652516,1.0,0.0,0.0,0.0,0.0,0.0
70.9375,0.33582095232510745,0.5318922262665707,1.0,0.0,0.0,0.0,0.0,0.0
70.94791666666667,0.3359020416409427,0.5317547719064507,1.0,0.0,0.0,0.0,0.0,0.0
70.95833333333333,0.3359826105184764,0.5316173860211413,1.0,0.0,0.0,0.0,0.0,0.0
70.96875,0.3360626398447233,0.5314800683396582,1.0,0.0,0.0,0.0,0.0,0.0
70.97916666666667,0.3361421110763341,0.5313428185840379,1.0,0.0,0.0,0.0,0.0,0.0
70.98958333333333,0.33622100625354223,0.531205636469596,1.0,0.0,0.0,0.0,0.0,0.0
71.0,0.336299308012867,0.5310685217051903,1.0,0.0,0.0,0.0,0.0,0.0
71.01041666666667,0.3363769995985659,0.5309314739934868,1.0,0.0,0.0,0.0,0.0,0.0
71.02083333333333,0.33645406487283186,0.5307944930312287,1.0,0.0,0.0,0.0,0.0,0.0
71.03125,0.3365304883247367,0.5306575785095081,1.0,0.0,0.0,0.0,0.0,0.0
71.04166666666667,0.33660625507792463,0.530520730114039,1.0,0.0,0.0,0.0,0.0,0.0
71.05208333333333,0.3366813508970655,0.5303839475254323,1.0,0.0,0.0,0.0,0.0,0.0
71.0625,0.336755762193079,0.5302472304194713,1.0,0.0,0.0,0.0,0.0,0.0
71.07291666666667,0.3368294760271464,0.5301105784673878,1.0,0.0,0.0,0.0,0.0,0.0
71.08333333333333,0.3369024801135295,0.5299739913361378,1.0,0.0,0.0,0.0,0.0,0.0
71.09375,0.33697476282121863,0.5298374686886768,1.0,0.0,0.0,0.0,0.0,0.0
71.10416666666667,0.3370463131744362,0.5297010101842341,1.0,0.0,0.0,0.0,0.0,0.0
71.11458333333333,0.3371171208520241,0.5295646154785865,1.0,0.0,0.0,0.0,0.0,0.0
71.125,0.3371871761857465,0.5294282842243283,1.0,0.0,0.0,0.0,0.0,0.0
71.13541666666667,0.33725647015754096,0.5292920160711407,1.0,0.0,0.0,0.0,0.0,0.0
71.14583333333333,0.33732499439575486,0.5291558106660581,1.0,0.0,0.0,0.0,0.0,0.0
71.15625,0.33739274117040446,0.5290196676537308,1.0,0.0,0.0,0.0,0.0,0.0
71.16666666666667,0.3374597033874961,0.5288835866766851,1.0,0.0,0.0,0.0,0.0,0.0
71.17708333333333,0.33752587458245126,0.5287475673755797,1.0,0.0,0.0,0.0,0.0,0.0
71.1875,0.33759124891267794,0.5286116093894574,1.0,0.0,0.0,0.0,0.0,0.0
71.19791666666667,0.3376558211493316,0.528475712355993,1.0,0.0,0.0,0.0,0.0,0.0
71.20833333333333,0.337719586668311,0.5283398759117368,1.0,0.0,0.0,0.0,0.0,0.0
71.21875,0.3377825414405331,0.5282040996923529,1.0,0.0,0.0,0.0,0.0,0.0
71.22916666666667,0.3378446820215343,0.5280683833328524,1.0,0.0,0.0,0.0,0.0,0.0
71.23958333333333,0.33790600554044226,0.5279327264678221,1.0,0.0,0.0,0.0,0.0,0.0
71.25,0.337966509688366,0.5277971287316462,1.0,0.0,0.0,0.0,0.0,0.0
71.26041666666667,0.33802619270624906,0.5276615897587241,1.0,0.0,0.0,0.0,0.0,0.0
71.27083333333333,0.33806819984335706,0.5275524076539833,1.0,0.0,0.020224234650573724,0.0,0.0,0.0
71.28125,0.33809130629922524,0.5274718332855168,1.0,0.0,0.04220165293041449,0.0,0.0,0.0
71.29166666666667,0.33809757333669327,0.5274170371128989,1.0,0.0,0.06201893064477563,0.0,0.0,0.0
71.30208333333333,0.3381016710876516,0.5273654932365345,1.0,0.0,0.06451590947037607,0.0,0.0,0.0
71.3125,0.33807374746571517,0.527363810332145,1.0,0.0,0.10287205228426714,0.0,0.0,0.0
71.32291666666667,0.33803088976547313,0.5273860399282554,1.0,0.0,0.12126520093485146,0.0,0.0,0.0
71.33333333333333,0.3379745599446532,0.5274302308566202,1.0,0.0,0.1381502955917336,0.0,0.0,0.0
71.34375,0.33792116887390544,0.5274710589970075,1.0,0.0,0.13555666014554635,0.0,0.0,0.0
71.35416666666667,0.33785033499829825,0.5275402661672111,1.0,0.0,0.1573601040817729,0.0,0.0,0.0
71.36458333333333,0.3377685096942658,0.5276281481972872,1.0,0.0,0.17168860020941246,0.0,0.0,0.0
71.375,0.33768448608202845,0.5277211807868296,1.0,0.0,0.17561621831589505,0.0,0.0,0.0
71.38541666666667,0.3375799849849014,0.5278479575830807,1.0,0.0,0.20148466836835177,0.0,0.0,0.0
71.39583333333333,0.33747495050953136,0.5279776855062874,1.0,0.0,0.20369515512996153,0.0,0.0,0.0
71.40625,0.33733708050370814,0.5281608896997169,1.0,0.0,0.24463071151711382,0.0,0.0,0.0
71.41666666666667,0.3372228005104762,0.5283098084800343,1.0,0.0,0.21826555386542634,0.0,0.0,0.0
71.42708333333333,0.33710894436614786,0.5284601806523029,1.0,0.0,0.2193077526927548,0.0,0.0,0.0
71.4375,0.33699598414624543,0.5286111899601345,1.0,0.0,0.2197239756282029,0.0,0.0,0.0
71.44791666666667,0.336838274150708,0.5288344060801602,1.0,0.0,0.2748503012021362,0.0,0.0,0.0
71.45833333333333,0.3366790247730799,0.5290627315539089,1.0,0.0,0.27860100062554194,0.0,0.0,0.0
71.46875,0.33650539963699627,0.5293162568178482,1.0,0.0,0.29766951274937975,0.0,0.0,0.0
71.47916666666667,0.33637486267245026,0.5295046407148397,1.0,0.0,0.24782582694528058,0.0,0.0,0.0
71.48958333333333,0.3362425656413886,0.5296976669508447,1.0,0.0,0.2512557726117268,0.0,0.0,0.0
71.5,0.3361077384366874,0.5298964881415672,1.0,0.0,0.2555556833146449,0.0,0.0,0.0
71.51041666666667,0.33592792431749735,0.5301680482692606,1.0,0.0,0.31075334628782936,0.0,0.0,0.0
71.52083333333333,0.3357833439885763,0.5303862091284239,1.0,0.0,0.2699739794003427,0.0,0.0,0.0
71.53125,0.33562131681851387,0.5306335983651517,1.0,0.0,0.29202019672072327,0.0,0.0,0.0
71.54166666666667,0.3354996866731907,0.5308188040116393,1.0,0.0,0.24468495248528477,0.0,0.0,0.0
71.55208333333333,0.3353704387347015,0.5310172388050992,1.0,0.0,0.25461159417848833,0.0,0.0,0.0
71.5625,0.33520679427334005,0.5312713469350093,1.0,0.0,0.2966548167334853,0.0,0.0,0.0
71.57291666666667,0.3350839351456786,0.5314621579850465,1.0,0.0,0.2485848843279765,0.0,0.0,0.0
71.58333333333333,0.3349489166383234,0.5316731775699237,1.0,0.0,0.26375834471676435,0.0,0.0,0.0
71.59375,0.33483449802167947,0.5318523944828943,1.0,0.0,0.23960627345476332,0.0,0.0,0.0
71.60416666666667,0.3347434103381921,0.5319952104719037,1.0,0.0,0.21203128107712152,0.0,0.0,0.0
71.61458333333333,0.3346276894983412,0.5321776702202498,1.0,0.0,0.24188839681828944,0.0,0.0,0.0
71.625,0.3345347046504487,0.5323245099935955,1.0,0.0,0.21493343413400762,0.0,0.0,0.0
71.63541666666667,0.3344682047210077,0.5324295638365271,1.0,0.0,0.18337512598355418,0.0,0.0,0.0
71.64583333333333,0.3343832117319854,0.5325642941987889,1.0,0.0,0.20570476517409447,0.0,0.0,0.0
71.65625,0.33433200425681814,0.5326454603744928,1.0,0.0,0.16531184781349212,0.0,0.0,0.0
71.66666666666667,0.33429808881245865,0.5326991959311377,1.0,0.0,0.14463717522981026,0.0,0.0,0.0
71.67708333333333,0.3342648351864364,0.53275194626154,1.0,0.0,0.14388720080524575,0.0,0.0,0.0
71.6875,0.33424199622501727,0.5327881568092411,1.0,0.0,0.13142832755698222,0.0,0.0,0.0
71.69791666666667,0.3342370878883818,0.5327958199793904,1.0,0.0,0.10993552389510462,0.0,0.0,0.0
71.70833333333333,0.334249561738208,0.5327757821253197,1.0,0.0,0.08908176466828806,0.0,0.0,0.0
71.71875,0.33426703687648107,0.5327477580255334,1.0,0.0,0.08306766079365749,0.0,0.0,0.0
71.72916666666667,0.3343036278574856,0.5326892505735457,1.0,0.0,0.06010997418148979,0.0,0.0,0.0
71.73958333333333,0.33436274337936583,0.5325948176196693,1.0,0.0,0.03303732852551102,0.0,0.0,0.0
71.75,0.33443225625802075,0.53248375473625,1.0,0.0,0.020479008898263238,0.0,0.0,0.0
71.76041666666667,0.33451873970976675,0.5323455784768443,1.0,0.0,0.0,0.0,0.0,0.0
71.77083333333333,0.33460508137824785,0.5322074737191493,1.0,0.0,0.0,0.0,0.0,0.0
71.78125,0.33469125577178377,0.5320694403387418,1.0,0.0,0.0,0.0,0.0,0.0
71.79166666666667,0.3347772375860723,0.5319314782010058,1.0,0.0,0.0,0.0,0.0,0.0
71.80208333333333,0.3348630017337207,0.5317935871612564,1.0,0.0,0.0,0.0,0.0,0.0
71.8125,0.33494852337325365,0.531655767064874,1.0,0.0,0.0,0.0,0.0,0.0
71.82291666666667,0.33503377793752775,0.5315180177474516,1.0,0.0,0.0,0.0,0.0,0.0
71.83333333333333,0.33511874116148416,0.5313803390349496,1.0,0.0,0.0,0.0,0.0,0.0
71.84375,0.33520338910917374,0.5312427307438646,1.0,0.0,0.0,0.0,0.0,0.0
71.85416666666667,0.3352876981999932,0.5311051926814047,1.0,0.0,0.0,0.0,0.0,0.0
71.86458333333333,0.33537164523407204,0.5309677246456768,1.0,0.0,0.0,0.0,0.0,0.0
71.875,0.3354552074167552,0.530830326425882,1.0,0.0,0.0,0.0,0.0,0.0
71.88541666666667,0.33553836238212975,0.53069299780252,1.0,0.0,0.0,0.0,0.0,0.0
71.89583333333333,0.3356210882155464,0.5305557385476006,1.0,0.0,0.0,0.0,0.0,0.0
71.90625,0.33570336347509294,0.5304185484248654,1.0,0.0,0.0,0.0,0.0,0.0
71.91666666666667,0.3357851672119782,0.5302814271900137,1.0,0.0,0.0,0.0,0.0,0.0
71.92708333333333,0.33586647898979205,0.5301443745909378,1.0,0.0,0.0,0.0,0.0,0.0
71.9375,0.3359472789026088,0.5300073903679627,1.0,0.0,0.0,0.0,0.0,0.0
71.94791666666667,0.33602754759190717,0.529870474254093,1.0,0.0,0.0,0.0,0.0,0.0
71.95833333333333,0.3361072662622846,0.5297336259752633,1.0,0.0,0.0,0.0,0.0,0.0
71.96875,0.3361864166959463,0.5295968452505952,1.0,0.0,0.0,0.0,0.0,0.0
71.97916666666667,0.33626498126595616,0.5294601317926568,1.0,0.0,0.0,0.0,0.0,0.0
71.98958333333333,0.3363429429482393,0.5293234853077271,1.0,0.0,0.0,0.0,0.0,0.0
72.0,0.33642028533233076,0.5291869054960627,1.0,0.0,0.0,0.0,0.0,0.0
72.01041666666667,0.3364969926308695,0.5290503920521679,1.0,0.0,0.0,0.0,0.0,0.0
72.02083333333333,0.3365730496878404,0.5289139446650655,1.0,0.0,0.0,0.0,0.0,0.0
72.03125,0.33664844198557076,0.5287775630185712,1.0,0.0,0.0,0.0,0.0,0.0
72.04166666666667,0.33672315565049293,0.5286412467915672,1.0,0.0,0.0,0.0,0.0,0.0
72.05208333333333,0.3367971774576866,0.5285049956582777,1.0,0.0,0.0,0.0,0.0,0.0
72.0625,0.33687049483421905,0.5283688092885437,1.0,0.0,0.0,0.0,0.0,0.0
72.07291666666667,0.33694309586130455,0.5282326873480978,1.0,0.0,0.0,0.0,0.0,0.0
72.08333333333333,0.33701496927530755,0.5280966294988383,1.0,0.0,0.0,0.0,0.0,0.0
72.09375,0.33708610446761667,0.5279606353991021,1.0,0.0,0.0,0.0,0.0,0.0
72.10416666666667,0.33715649148341975,0.5278247047039355,1.0,0.0,0.0,0.0,0.0,0.0
72.11458333333333,0.33722612101941307,0.5276888370653632,1.0,0.0,0.0,0.0,0.0,0.0
72.125,0.3372949844204788,0.5275530321326554,1.0,0.0,0.0,0.0,0.0,0.0
72.13541666666667,0.3373630736753687,0.5274172895525906,1.0,0.0,0.0,0.0,0.0,0.0
72.14583333333333,0.3374303814114325,0.527281608969717,1.0,0.0,0.0,0.0,0.0,0.0
72.15625,0.3374969008884313,0.5271459900266086,1.0,0.0,0.0,0.0,0.0,0.0
72.16666666666667,0.3375626259914788,0.5270104323641193,1.0,0.0,0.0,0.0,0.0,0.0
72.17708333333333,0.33762755122315274,0.5268749356216313,1.0,0.0,0.0,0.0,0.0,0.0
72.1875,0.3376916716948215,0.5267394994372997,1.0,0.0,0.0,0.0,0.0,0.0
72.19791666666667,0.3377549831172301,0.5266041234482922,1.0,0.0,0.0,0.0,0.0,0.0
72.20833333333333,0.33781748179039167,0.5264688072910244,1.0,0.0,0.0,0.0,0.0,0.0
72.21875,0.3378791645928301,0.5263335506013891,1.0,0.0,0.0,0.0,0.0,0.0
72.22916666666667,0.33794002897022,0.5261983530149809,1.0,0.0,0.0,0.0,0.0,0.0
72.23958333333333,0.33800007292347045,0.5260632141673148,1.0,0.0,0.0,0.0,0.0,0.0
72.25,0.3380592949962973,0.5259281336940398,1.0,0.0,0.0,0.0,0.0,0.0
72.26041666666667,0.33811769426233096,0.525793111231145,1.0,0.0,0.0,0.0,0.0,0.0
72.27083333333333,0.3381584224838665,0.525684335909245,1.0,0.0,0.020217393525176076,0.0,0.0,0.0
72.28125,0.33818159867385095,0.5256019709376372,1.0,0.0,0.04058253633529532,0.0,0.0,0.0
72.29166666666667,0.3381990608368885,0.525527985553825,1.0,0.0,0.04703951257404146,0.0,0.0,0.0
72.30208333333333,0.33819478468789743,0.5254873972398963,1.0,0.0,0.07282274634127245,0.0,0.0,0.0
72.3125,0.3381641767953508,0.5254878225329678,1.0,0.0,0.10449509063759513,0.0,0.0,0.0
72.32291666666667,0.3381282475048022,0.5254972033559412,1.0,0.0,0.11141004189899122,0.0,0.0,0.0
72.33333333333333,0.33806807230966746,0.5255450725309642,1.0,0.0,0.1411214735498725,0.0,0.0,0.0
72.34375,0.3379968692703537,0.5256114251895986,1.0,0.0,0.15537519371807768,0.0,0.0,0.0
72.35416666666667,0.3379374654548517,0.525660985673533,1.0,0.0,0.14240406454250784,0.0,0.0,0.0
72.36458333333333,0.337859861219295,0.5257401436068675,1.0,0.0,0.1652196017705157,0.0,0.0,0.0
72.375,0.3377734364977494,0.5258346863350358,1.0,0.0,0.17705595825518183,0.0,0.0,0.0
72.38541666666667,0.33766091419985095,0.5259716900260405,1.0,0.0,0.20973777353110898,0.0,0.0,0.0
72.39583333333333,0.3375641205005377,0.5260865083601599,1.0,0.0,0.1925939734042613,0.0,0.0,0.0
72.40625,0.33742788375492727,0.5262647737433302,1.0,0.0,0.24137233919555628,0.0,0.0,0.0
72.41666666666667,0.3373074029745533,0.5264211429249787,1.0,0.0,0.22443574458775875,0.0,0.0,0.0
72.42708333333333,0.33716117002728485,0.5266200182907592,1.0,0.0,0.2570170266889782,0.0,0.0,0.0
72.4375,0.3370444370773591,0.5267754928608775,1.0,0.0,0.22357383801303027,0.0,0.0,0.0
72.44791666666667,0.3368671900259342,0.5270276767843122,1.0,0.0,0.2976893133542153,0.0,0.0,0.0
72.45833333333333,0.33673798291973395,0.5272077181584203,1.0,0.0,0.24220898625596407,0.0,0.0,0.0
72.46875,0.3365603884479196,0.5274656685736416,1.0,0.0,0.3017720255193876,0.0,0.0,0.0
72.47916666666667,0.3363818163995225,0.5277279586843059,1.0,0.0,0.30489167101613696,0.0,0.0,0.0
72.48958333333333,0.33624825428291905,0.527922230000099,1.0,0.0,0.2527054500705768,0.0,0.0,0.0
72.5,0.33606113584571295,0.5282024879662188,1.0,0.0,0.31825231429857326,0.0,0.0,0.0
72.51041666666667,0.33590657074274716,0.5284340205352693,1.0,0.0,0.28085643180086917,0.0,0.0,0.0
72.52083333333333,0.33577732596666293,0.5286275593627329,1.0,0.0,0.2517407003533925,0.0,0.0,0.0
72.53125,0.33561146032326117,0.5288802397823948,1.0,0.0,0.29667069291940973,0.0,0.0,0.0
72.54166666666667,0.3354464007669065,0.5291334221961284,1.0,0.0,0.2968661620215946,0.0,0.0,0.0
72.55208333333333,0.33530798704823045,0.5293461549294785,1.0,0.0,0.265935282913615,0.0,0.0,0.0
72.5625,0.33517619911238833,0.5295496306902548,1.0,0.0,0.2587730197460614,0.0,0.0,0.0
72.57291666666667,0.3350587595679085,0.5297314708266054,1.0,0.0,0.24223220838949,0.0,0.0,0.0
72.58333333333333,0.3349031993043252,0.5299744708591404,1.0,0.0,0.28852004450169855,0.0,0.0,0.0
72.59375,0.3347559207913499,0.5302054108957536,1.0,0.0,0.2792133125446329,0.0,0.0,0.0
72.60416666666667,0.33465998106769906,0.5303558485802157,1.0,0.0,0.21811225439397194,0.0,0.0,0.0
72.61458333333333,0.3345496453472543,0.5305295715436885,1.0,0.0,0.23566846337339054,0.0,0.0,0.0
72.625,0.3344602879250371,0.5306704864806898,1.0,0.0,0.21077060265138262,0.0,0.0,0.0
72.63541666666667,0.33437908372439973,0.5307987805495589,1.0,0.0,0.20117342537350877,0.0,0.0,0.0
72.64583333333333,0.3342942867312815,0.5309330294614903,1.0,0.0,0.2056257790153191,0.0,0.0,0.0
72.65625,0.33424422016618077,0.5310123209619135,1.0,0.0,0.1640673869174272,0.0,0.0,0.0
72.66666666666667,0.334217263641676,0.5310549867654694,1.0,0.0,0.13639111243389507,0.0,0.0,0.0
72.67708333333333,0.33417356662492403,0.5311242989634583,1.0,0.0,0.15650543758066898,0.0,0.0,0.0
72.6875,0.3341573154404635,0.5311500467640645,1.0,0.0,0.12360576808808811,0.0,0.0,0.0
72.69791666666667,0.3341663351033326,0.5311356423955117,1.0,0.0,0.09329187508243005,0.0,0.0,0.0
72.70833333333333,0.3341677542266616,0.5311333109916971,1.0,0.0,0.10240648358410945,0.0,0.0,0.0
72.71875,0.3342002025319033,0.5310816648746008,1.0,0.0,0.06517048449609106,0.0,0.0,0.0
72.72916666666667,0.3342369920342315,0.5310230988684737,1.0,0.0,0.059936348766930186,0.0,0.0,0.0
72.73958333333333,0.33429657779339483,0.5309282943383051,1.0,0.0,0.032547567470068754,0.0,0.0,0.0
72.75,0.33436599149839624,0.53081783392487,1.0,0.0,0.020688262399765397,0.0,0.0,0.0
72.76041666666667,0.33445256613728663,0.5306800627081476,1.0,0.0,0.0,0.0,0.0,0.0
72.77083333333333,0.3345390186093667,0.5305423628432495,1.0,0.0,0.0,0.0,0.0,0.0
72.78125,0.3346253232997883,0.5304047342140167,1.0,0.0,0.0,0.0,0.0,0.0
72.79166666666667,0.3347114547581733,0.5302671766940448,1.0,0.0,0.0,0.0,0.0,0.0
72.80208333333333,0.3347973877284963,0.5301296901467987,1.0,0.0,0.0,0.0,0.0,0.0
72.8125,0.3348830971784993,0.5299922744257384,1.0,0.0,0.0,0.0,0.0,0.0
72.82291666666667,0.33496855832856676,0.5298549293744558,1.0,0.0,0.0,0.0,0.0,0.0
72.83333333333333,0.33505374667999077,0.5297176548268229,1.0,0.0,0.0,0.0,0.0,0.0
72.84375,0.3351386380425587,0.5295804506071502,1.0,0.0,0.0,0.0,0.0,0.0
72.85416666666667,0.3352232085613988,0.5294433165303551,1.0,0.0,0.0,0.0,0.0,0.0
72.86458333333333,0.3353074347430219,0.5293062524021415,1.0,0.0,0.0,0.0,0.0,0.0
72.875,0.3353912934805011,0.5291692580191866,1.0,0.0,0.0,0.0,0.0,0.0
72.88541666666667,0.33547476207773486,0.5290323331693385,1.0,0.0,0.0,0.0,0.0,0.0
72.89583333333333,0.3355578182727414,0.5288954776318219,1.0,0.0,0.0,0.0,0.0,0.0
72.90625,0.33564044025993856,0.5287586911774509,1.0,0.0,0.0,0.0,0.0,0.0
72.91666666666667,0.3357226067113646,0.528621973568851,1.0,0.0,0.0,0.0,0.0,0.0
72.92708333333333,0.33580429679680174,0.5284853245606869,1.0,0.0,0.0,0.0,0.0,0.0
72.9375,0.33588549020276703,0.5283487438998975,1.0,0.0,0.0,0.0,0.0,0.0
72.94791666666667,0.33596616715034056,0.5282122313259371,1.0,0.0,0.0,0.0,0.0,0.0
72.95833333333333,0.33604630841180416,0.5280757865710216,1.0,0.0,0.0,0.0,0.0,0.0
72.96875,0.33612589532606957,0.5279394093603808,1.0,0.0,0.0,0.0,0.0,0.0
72.97916666666667,0.33620490981287826,0.5278030994125138,1.0,0.0,0.0,0.0,0.0,0.0
72.98958333333333,0.33628333438575975,0.5276668564394503,1.0,0.0,0.0,0.0,0.0,0.0
73.0,0.33636115216374035,0.5275306801470133,1.0,0.0,0.0,0.0,0.0,0.0
73.01041666666667,0.33643834688179736,0.5273945702350868,1.0,0.0,0.0,0.0,0.0,0.0
73.02083333333333,0.3365149029000586,0.5272585263978847,1.0,0.0,0.0,0.0,0.0,0.0
73.03125,0.3365908052117515,0.5271225483242217,1.0,0.0,0.0,0.0,0.0,0.0
73.04166666666667,0.3366660394499089,0.5269866356977865,1.0,0.0,0.0,0.0,0.0,0.0
73.05208333333333,0.3367405918928437,0.5268507881974155,1.0,0.0,0.0,0.0,0.0,0.0
73.0625,0.33681444946840744,0.5267150054973664,1.0,0.0,0.0,0.0,0.0,0.0
73.07291666666667,0.3368875997570511,0.526579287267593,1.0,0.0,0.0,0.0,0.0,0.0
73.08333333333333,0.33696003099371125,0.5264436331740183,1.0,0.0,0.0,0.0,0.0,0.0
73.09375,0.33703173206854514,0.5263080428788082,1.0,0.0,0.0,0.0,0.0,0.0
73.10416666666667,0.33710269252654435,0.526172516040642,1.0,0.0,0.0,0.0,0.0,0.0
73.11458333333333,0.3371729025660565,0.5260370523149827,1.0,0.0,0.0,0.0,0.0,0.0
73.125,0.33724235303624905,0.5259016513543444,1.0,0.0,0.0,0.0,0.0,0.0
73.13541666666667,0.3373110354335503,0.5257663128085577,1.0,0.0,0.0,0.0,0.0,0.0
73.14583333333333,0.337378941897105,0.5256310363250313,1.0,0.0,0.0,0.0,0.0,0.0
73.15625,0.33744606520328435,0.5254958215490109,1.0,0.0,0.0,0.0,0.0,0.0
73.16666666666667,0.3375123987592912,0.525360668123835,1.0,0.0,0.0,0.0,0.0,0.0
73.17708333333333,0.33757793659590213,0.5252255756911854,1.0,0.0,0.0,0.0,0.0,0.0
73.1875,0.3376426733593911,0.5250905438913355,1.0,0.0,0.0,0.0,0.0,0.0
73.19791666666667,0.3377066043026777,0.5249555723633916,1.0,0.0,0.0,0.0,0.0,0.0
73.20833333333333,0.3377697252757465,0.5248206607455318,1.0,0.0,0.0,0.0,0.0,0.0
73.21875,0.3378320327153818,0.5246858086752385,1.0,0.0,0.0,0.0,0.0,0.0
73.22916666666667,0.33789352363426484,0.5245510157895262,1.0,0.0,0.0,0.0,0.0,0.0
73.23958333333333,0.337954195609479,0.5244162817251637,1.0,0.0,0.0,0.0,0.0,0.0
73.25,0.33801404677046926,0.524281606118891,1.0,0.0,0.0,0.0,0.0,0.0
73.26041666666667,0.3380730757865017,0.5241469886076301,1.0,0.0,0.0,0.0,0.0,0.0
73.27083333333333,0.3381166861480426,0.5240350492182447,1.0,0.0,0.017514846751154715,0.0,0.0,0.0
73.28125,0.33814370914841724,0.5239478946002429,1.0,0.0,0.036680831485503725,0.0,0.0,0.0
73.29166666666667,0.33815388004570357,0.5238862721180354,1.0,0.0,0.056441581776475354,0.0,0.0,0.0
73.30208333333333,0.33814217674886704,0.5238583192035418,1.0,0.0,0.08251603020669905,0.0,0.0,0.0
73.3125,0.3381220095547727,0.5238437386954008,1.0,0.0,0.09287355813202529,0.0,0.0,0.0
73.32291666666667,0.3380759226551501,0.5238697640042765,1.0,0.0,0.12432198321008225,0.0,0.0,0.0
73.33333333333333,0.3380164140766457,0.5239176060199334,1.0,0.0,0.1412095830990036,0.0,0.0,0.0
73.34375,0.3379588934029531,0.5239636657799701,1.0,0.0,0.13982030079586544,0.0,0.0,0.0
73.35416666666667,0.33788391983158444,0.5240380307451601,1.0,0.0,0.16171277738582446,0.0,0.0,0.0
73.36458333333333,0.33780322562193055,0.5241228710297746,1.0,0.0,0.16979393825537267,0.0,0.0,0.0
73.375,0.33768955321942196,0.5242605982951677,1.0,0.0,0.2106509922798738,0.0,0.0,0.0
73.38541666666667,0.3375670724175342,0.5244143720092028,1.0,0.0,0.22298301707800744,0.0,0.0,0.0
73.39583333333333,0.3374312961612543,0.5245912969267899,1.0,0.0,0.24077620473682093,0.0,0.0,0.0
73.40625,0.3373037885727377,0.5247580362180516,1.0,0.0,0.23281949406053132,0.0,0.0,0.0
73.41666666666667,0.3371984758011508,0.5248926442936613,1.0,0.0,0.2079622481576858,0.0,0.0,0.0
73.42708333333333,0.33704386220068183,0.5251059653395187,1.0,0.0,0.2685398198425908,0.0,0.0,0.0
73.4375,0.33692886564531055,0.5252602955666056,1.0,0.0,0.2229959585340442,0.0,0.0,0.0
73.44791666666667,0.3367920940821518,0.5254505407491815,1.0,0.0,0.2505468304892025,0.0,0.0,0.0
73.45833333333333,0.33666006062861487,0.5256356396740751,1.0,0.0,0.2464797723411362,0.0,0.0,0.0
73.46875,0.3365035999565374,0.5258609849241618,1.0,0.0,0.2772816128320322,0.0,0.0,0.0
73.47916666666667,0.3363570741012433,0.5260731703296112,1.0,0.0,0.2670311442150279,0.0,0.0,0.0
73.48958333333333,0.33621070412020054,0.5262872110046973,1.0,0.0,0.26831744296118193,0.0,0.0,0.0
73.5,0.3360229389971123,0.5265680976798011,1.0,0.0,0.3193747069606856,0.0,0.0,0.0
73.51041666666667,0.33589948723080076,0.5267505658927703,1.0,0.0,0.24384314029045479,0.0,0.0,0.0
73.52083333333333,0.3357587983374746,0.5269615256614774,1.0,0.0,0.265529413344214,0.0,0.0,0.0
73.53125,0.33560067433905905,0.5272014392056897,1.0,0.0,0.2875162509529462,0.0,0.0,0.0
73.54166666666667,0.33545170296186294,0.5274286233837286,1.0,0.0,0.2776320187884952,0.0,0.0,0.0
73.55208333333333,0.3353248236464108,0.5276224760748085,1.0,0.0,0.2520622109759711,0.0,0.0,0.0
73.5625,0.33517023578512045,0.5278610640554758,1.0,0.0,0.28604123045852853,0.0,0.0,0.0
73.57291666666667,0.3350572263488321,0.5280353838429607,1.0,0.0,0.23694502476789356,0.0,0.0,0.0
73.58333333333333,0.3349037033202854,0.5282744022306785,1.0,0.0,0.2860820738330021,0.0,0.0,0.0
73.59375,0.3348023910820716,0.5284320382498685,1.0,0.0,0.22405189886261048,0.0,0.0,0.0
73.60416666666667,0.3346751813612776,0.5286311422971717,1.0,0.0,0.2554864466595349,0.0,0.0,0.0
73.61458333333333,0.33459067126465686,0.5287634210306992,1.0,0.0,0.20463573109449584,0.0,0.0,0.0
73.625,0.3344921172588066,0.5289182639159987,1.0,0.0,0.2217097246460897,0.0,0.0,0.0
73.63541666666667,0.3344332510335156,0.5290107026949384,1.0,0.0,0.174305143943263,0.0,0.0,0.0
73.64583333333333,0.33436862130140305,0.5291124426199261,1.0,0.0,0.18133403952191293,0.0,0.0,0.0
73.65625,0.3342906184738151,0.5292355340898366,1.0,0.0,0.1974889633069727,0.0,0.0,0.0
73.66666666666667,0.33426345890136483,0.5292783050061629,1.0,0.0,0.13658343427368752,0.0,0.0,0.0
73.67708333333333,0.33424290750440233,0.5293106589509078,1.0,0.0,0.12868475431582294,0.0,0.0,0.0
73.6875,0.33422942104678016,0.5293318560246352,1.0,0.0,0.12022835496255369,0.0,0.0,0.0
73.69791666666667,0.33423907479227016,0.5293164237640753,1.0,0.0,0.09247328883699145,0.0,0.0,0.0
73.70833333333333,0.33424060943880474,0.5293138373977745,1.0,0.0,0.10220685145641917,0.0,0.0,0.0
73.71875,0.3342638712828746,0.5292768437424218,1.0,0.0,0.07613269155986248,0.0,0.0,0.0
73.72916666666667,0.33430152710736954,0.5292170358009476,1.0,0.0,0.058835638707982134,0.0,0.0,0.0
73.73958333333333,0.33435561921501,0.5291311709012685,1.0,0.0,0.039068055490770706,0.0,0.0,0.0
73.75,0.3344275948697268,0.5290169461157852,1.0,0.0,0.01753426460589952,0.0,0.0,0.0
73.76041666666667,0.33451408523105564,0.5288796675618068,1.0,0.0,0.0,0.0,0.0,0.0
73.77083333333333,0.33460043518679833,0.5287424600493924,1.0,0.0,0.0,0.0,0.0,0.0
73.78125,0.3346866192360298,0.5286053234554791,1.0,0.0,0.0,0.0,0.0,0.0
73.79166666666667,0.3347726120635993,0.5284682576468714,1.0,0.0,0.0,0.0,0.0,0.0
73.80208333333333,0.3348583885696875,0.528331262480364,1.0,0.0,0.0,0.0,0.0,0.0
73.8125,0.33494392389884486,0.5281943378028743,1.0,0.0,0.0,0.0,0.0,0.0
73.82291666666667,0.3350291934684395,0.5280574834515873,1.0,0.0,0.0,0.0,0.0,0.0
73.83333333333333,0.3351141729964474,0.5279206992541109,1.0,0.0,0.0,0.0,0.0,0.0
73.84375,0.33519883852851845,0.5277839850286404,1.0,0.0,0.0,0.0,0.0,0.0
73.85416666666667,0.3352831664642562,0.5276473405841344,1.0,0.0,0.0,0.0,0.0,0.0
73.86458333333333,0.33536713358265235,0.5275107657204992,1.0,0.0,0.0,0.0,0.0,0.0
73.875,0.33545071706661944,0.5273742602287824,1.0,0.0,0.0,0.0,0.0,0.0
73.88541666666667,0.33553389452657006,0.5272378238913762,1.0,0.0,0.0,0.0,0.0,0.0
73.89583333333333,0.33561664402299396,0.527101456482227,1.0,0.0,0.0,0.0,0.0,0.0
73.90625,0.3356989440879887,0.526965157767054,1.0,0.0,0.0,0.0,0.0,0.0
73.91666666666667,0.3357807737457036,0.5268289275035755,1.0,0.0,0.0,0.0,0.0,0.0
73.92708333333333,0.3358621125316606,0.5266927654417402,1.0,0.0,0.0,0.0,0.0,0.0
73.9375,0.3359429405109212,0.5265566713239661,1.0,0.0,0.0,0.0,0.0,0.0
73.94791666666667,0.3360232382950707,0.5264206448853849,1.0,0.0,0.0,0.0,0.0,0.0
73.95833333333333,0.33610298705799746,0.5262846858540916,1.0,0.0,0.0,0.0,0.0,0.0
73.96875,0.3361821685504489,0.526148793951398,1.0,0.0,0.0,0.0,0.0,0.0
73.97916666666667,0.3362607651133493,0.5260129688920919,1.0,0.0,0.0,0.0,0.0,0.0
73.98958333333333,0.3363387596898694,0.5258772103846984,1.0,0.0,0.0,0.0,0.0,0.0
74.0,0.3364161358362432,0.5257415181317451,1.0,0.0,0.0,0.0,0.0,0.0
74.01041666666667,0.33649287773132897,0.5256058918300304,1.0,0.0,0.0,0.0,0.0,0.0
74.02083333333333,0.3365689701849189,0.5254703311708926,1.0,0.0,0.0,0.0,0.0,0.0
74.03125,0.3366443986448024,0.525334835840482,1.0,0.0,0.0,0.0,0.0,0.0
74.04166666666667,0.3367191492025948,0.5251994055200331,1.0,0.0,0.0,0.0,0.0,0.0
74.05208333333333,0.33679320859834494,0.5250640398861375,1.0,0.0,0.0,0.0,0.0,0.0
74.0625,0.33686656422393946,0.5249287386110181,1.0,0.0,0.0,0.0,0.0,0.0
74.07291666666667,0.3369392041253256,0.5247935013628015,1.0,0.0,0.0,0.0,0.0,0.0
74.08333333333333,0.3370111170035756,0.52465832780579,1.0,0.0,0.0,0.0,0.0,0.0
74.09375,0.33708229221482106,0.5245232176007336,1.0,0.0,0.0,0.0,0.0,0.0
74.10416666666667,0.33715271976908623,0.5243881704050983,1.0,0.0,0.0,0.0,0.0,0.0
74.11458333333333,0.3372223903280537,0.5242531858733344,1.0,0.0,0.0,0.0,0.0,0.0
74.125,0.3372912952017967,0.5241182636571406,1.0,0.0,0.0,0.0,0.0,0.0
74.13541666666667,0.3373594263445151,0.523983403405727,1.0,0.0,0.0,0.0,0.0,0.0
74.14583333333333,0.33742677634931434,0.5238486047660736,1.0,0.0,0.0,0.0,0.0,0.0
74.15625,0.3374933384420671,0.5237138673831859,1.0,0.0,0.0,0.0,0.0,0.0
74.16666666666667,0.33755910647440024,0.5235791909003465,1.0,0.0,0.0,0.0,0.0,0.0
74.17708333333333,0.3376240749158501,0.5234445749593631,1.0,0.0,0.0,0.0,0.0,0.0
74.1875,0.33768823884523,0.5233100192008112,1.0,0.0,0.0,0.0,0.0,0.0
74.19791666666667,0.337751593941255,0.5231755232642726,1.0,0.0,0.0,0.0,0.0,0.0
74.20833333333333,0.33781413647246955,0.5230410867885696,1.0,0.0,0.0,0.0,0.0,0.0
74.21875,0.33787586328652425,0.5229067094119928,1.0,0.0,0.0,0.0,0.0,0.0
74.22916666666667,0.33793677179884674,0.5227723907725248,1.0,0.0,0.0,0.0,0.0,0.0
74.23958333333333,0.3379968599807542,0.5226381305080575,1.0,0.0,0.0,0.0,0.0,0.0
74.25,0.33805612634705223,0.5225039282566045,1.0,0.0,0.0,0.0,0.0,0.0
74.26041666666667,0.3381145699431667,0.5223697836565068,1.0,0.0,0.0,0.0,0.0,0.0
74.27083333333333,0.338157637513621,0.5222581710753387,1.0,0.0,0.01746338187770934,0.0,0.0,0.0
74.28125,0.33818601894514966,0.5221683229521492,1.0,0.0,0.034349750572612046,0.0,0.0,0.0
74.29166666666667,0.3382019422434567,0.5220970990162701,1.0,0.0,0.04880963548031336,0.0,0.0,0.0
74.30208333333333,0.338201143549964,0.5220513437063743,1.0,0.0,0.06859972367595467,0.0,0.0,0.0
74.3125,0.3381896562695876,0.5220221083038815,1.0,0.0,0.08143991190021853,0.0,0.0,0.0
74.32291666666667,0.33816100070044264,0.5220196314065944,1.0,0.0,0.10224125381087723,0.0,0.0,0.0
74.33333333333333,0.33809997187208846,0.5220677746619262,1.0,0.0,0.14158418653197974,0.0,0.0,0.0
74.34375,0.3380278353273594,0.522134430280606,1.0,0.0,0.15595638958378624,0.0,0.0,0.0
74.35416666666667,0.3379452041789236,0.522218886784389,1.0,0.0,0.16976280917684836,0.0,0.0,0.0
74.36458333333333,0.33786313935167245,0.5223042575982492,1.0,0.0,0.17044611823705386,0.0,0.0,0.0
74.375,0.3377536251248628,0.5224338262273036,1.0,0.0,0.20471099161652687,0.0,0.0,0.0
74.38541666666667,0.337667166000492,0.5225300144866586,1.0,0.0,0.17877045066775768,0.0,0.0,0.0
74.39583333333333,0.33756211258618074,0.5226567455790504,1.0,0.0,0.2024108572596101,0.0,0.0,0.0
74.40625,0.33744093766491823,0.5228105511228196,1.0,0.0,0.22332775052503745,0.0,0.0,0.0
74.41666666666667,0.33731234323169923,0.522978227691293,1.0,0.0,0.23398663934014974,0.0,0.0,0.0
74.42708333333333,0.337198312760871,0.5231257486859807,1.0,0.0,0.21830640221572853,0.0,0.0,0.0
74.4375,0.33706986792270655,0.5232977246372522,1.0,0.0,0.23713946258025312,0.0,0.0,0.0
74.44791666666667,0.33693987984708457,0.5234743758776162,1.0,0.0,0.24065687841601952,0.0,0.0,0.0
74.45833333333333,0.33675865160559976,0.523732925495432,1.0,0.0,0.3037611255690393,0.0,0.0,0.0
74.46875,0.3365953222680669,0.5239666482931978,1.0,0.0,0.28441884468872497,0.0,0.0,0.0
74.47916666666667,0.3364466858854989,0.5241800442510397,1.0,0.0,0.2685962837756292,0.0,0.0,0.0
74.48958333333333,0.33628700489263025,0.524412857815177,1.0,0.0,0.28340014273843706,0.0,0.0,0.0
74.5,0.33610875237836035,0.5246769075848339,1.0,0.0,0.30724964754158224,0.0,0.0,0.0
74.51041666666667,0.3359311546952726,0.5249423169377121,1.0,0.0,0.3080847787629054,0.0,0.0,0.0
74.52083333333333,0.3358015330214038,0.5251348980021866,1.0,0.0,0.2519978045151198,0.0,0.0,0.0
74.53125,0.3356623603950895,0.5253438767182302,1.0,0.0,0.26445985464506344,0.0,0.0,0.0
74.54166666666667,0.33548418709976574,0.525615423222256,1.0,0.0,0.3122579277247131,0.0,0.0,0.0
74.55208333333333,0.3353169062511364,0.5258716864793334,1.0,0.0,0.3003467605206601,0.0,0.0,0.0
74.5625,0.3351656485273264,0.5261043176357958,1.0,0.0,0.28208833332733296,0.0,0.0,0.0
74.57291666666667,0.3350042202239312,0.5263541527458537,1.0,0.0,0.2950698318920686,0.0,0.0,0.0
74.58333333333333,0.33488441111548084,0.5265397300983891,1.0,0.0,0.2458514135526729,0.0,0.0,0.0
74.59375,0.33476012717431863,0.5267330937538249,1.0,0.0,0.25168930517106775,0.0,0.0,0.0
74.60416666666667,0.33465595221563,0.5268954925989506,1.0,0.0,0.22798134426805963,0.0,0.0,0.0
74.61458333333333,0.3345724627174039,0.5270258064182303,1.0,0.0,0.20346396426347632,0.0,0.0,0.0
74.625,0.33448629803320035,0.5271606797173767,1.0,0.0,0.20688635132489525,0.0,0.0,0.0
74.63541666666667,0.33442857889833594,0.5272510199213889,1.0,0.0,0.17294041374061211,0.0,0.0,0.0
74.64583333333333,0.334346813342795,0.5273794614634901,1.0,0.0,0.20190535737702595,0.0,0.0,0.0
74.65625,0.33426860169177985,0.5275025297560013,1.0,0.0,0.19777182740490523,0.0,0.0,0.0
74.66666666666667,0.3342349133844336,0.5275555016594838,1.0,0.0,0.1444433862808002,0.0,0.0,0.0
74.67708333333333,0.3342060216160596,0.5276009581226054,1.0,0.0,0.13872262974278207,0.0,0.0,0.0
74.6875,0.33419904956167834,0.5276118494087961,1.0,0.0,0.1124453267503276,0.0,0.0,0.0
74.69791666666667,0.3341933326418936,0.5276207672332798,1.0,0.0,0.11094500757189886,0.0,0.0,0.0
74.70833333333333,0.3342006102591056,0.5276091759337885,1.0,0.0,0.09535620368813011,0.0,0.0,0.0
74.71875,0.33422105500745475,0.5275767918546016,1.0,0.0,0.07954971547248818,0.0,0.0,0.0
74.72916666666667,0.3342641541025532,0.5275086346063089,1.0,0.0,0.05234666556370406,0.0,0.0,0.0
74.73958333333333,0.33432203256475107,0.5274171215160002,1.0,0.0,0.03456816453530501,0.0,0.0,0.0
74.75,0.334394185719713,0.527303037296708,1.0,0.0,0.017368347710290943,0.0,0.0,0.0
74.76041666666667,0.33448072341083296,0.5271661898496207,1.0,0.0,0.0,0.0,0.0,0.0
74.77083333333333,0.3345671305806096,0.5270294132514516,1.0,0.0,0.0,0.0,0.0,0.0
74.78125,0.3346533816644281,0.5268927073834759,1.0,0.0,0.0,0.0,0.0,0.0
74.79166666666667,0.3347394512719181,0.5267560721168266,1.0,0.0,0.0,0.0,0.0,0.0
74.80208333333333,0.33482531421669215,0.5266195073126112,1.0,0.0,0.0,0.0,0.0,0.0
74.8125,0.3349109455455924,0.526483012822041,1.0,0.0,0.0,0.0,0.0,0.0
74.82291666666667,0.33499632056737505,0.5263465884865701,1.0,0.0,0.0,0.0,0.0,0.0
74.83333333333333,0.3350814148807618,0.5262102341380467,1.0,0.0,0.0,0.0,0.0,0.0
74.84375,0.3351662044017933,0.5260739495988733,1.0,0.0,0.0,0.0,0.0,0.0
74.85416666666667,0.33525066539041926,0.5259377346821779,1.0,0.0,0.0,0.0,0.0,0.0
74.86458333333333,0.33533477447626625,0.5258015891919942,1.0,0.0,0.0,0.0,0.0,0.0
74.875,0.3354185086835245,0.5256655129234515,1.0,0.0,0.0,0.0,0.0,0.0
74.88541666666667,0.33550184545490125,0.5255295056629733,1.0,0.0,0.0,0.0,0.0,0.0
74.89583333333333,0.33558476267458975,0.5253935671884837,1.0,0.0,0.0,0.0,0.0,0.0
74.90625,0.3356672386902091,0.5252576972696228,1.0,0.0,0.0,0.0,0.0,0.0
74.91666666666667,0.33574925233367175,0.5251218956679679,1.0,0.0,0.0,0.0,0.0,0.0
74.92708333333333,0.3358307829409421,0.5249861621372632,1.0,0.0,0.0,0.0,0.0,0.0
74.9375,0.33591181037065193,0.5248504964236552,1.0,0.0,0.0,0.0,0.0,0.0
74.94791666666667,0.33599231502154414,0.5247148982659332,1.0,0.0,0.0,0.0,0.0,0.0
74.95833333333333,0.3360722778487195,0.5245793673957768,1.0,0.0,0.0,0.0,0.0,0.0
74.96875,0.3361516803786667,0.5244439035380074,1.0,0.0,0.0,0.0,0.0,0.0
74.97916666666667,0.33623050472305915,0.5243085064108436,1.0,0.0,0.0,0.0,0.0,0.0
74.98958333333333,0.3363087335913074,0.5241731757261614,1.0,0.0,0.0,0.0,0.0,0.0
75.0,0.3363863503018597,0.5240379111897573,1.0,0.0,0.0,0.0,0.0,0.0
75.01041666666667,0.3364633387922475,0.5239027125016141,1.0,0.0,0.0,0.0,0.0,0.0
75.02083333333333,0.33653968362787756,0.523767579356169,1.0,0.0,0.0,0.0,0.0,0.0
75.03125,0.3366153700095751,0.5236325114425836,1.0,0.0,0.0,0.0,0.0,0.0
75.04166666666667,0.3366903837798874,0.5234975084450152,1.0,0.0,0.0,0.0,0.0,0.0
75.05208333333333,0.3367647114281608,0.5233625700428892,1.0,0.0,0.0,0.0,0.0,0.0
75.0625,0.3368383400944069,0.5232276959111712,1.0,0.0,0.0,0.0,0.0,0.0
75.07291666666667,0.3369112575719788,0.5230928857206394,1.0,0.0,0.0,0.0,0.0,0.0
75.08333333333333,0.33698345230907945,0.5229581391381558,1.0,0.0,0.0,0.0,0.0,0.0
75.09375,0.33705491340912835,0.5228234558269379,1.0,0.0,0.0,0.0,0.0,0.0
75.10416666666667,0.3371256306300165,0.5226888354468271,1.0,0.0,0.0,0.0,0.0,0.0
75.11458333333333,0.3371955943822797,0.522554277654556,1.0,0.0,0.0,0.0,0.0,0.0
75.125,0.33726479572622564,0.5224197821040136,1.0,0.0,0.0,0.0,0.0,0.0
75.13541666666667,0.3373332263680497,0.5222853484465082,1.0,0.0,0.0,0.0,0.0,0.0
75.14583333333333,0.3374008786549785,0.522150976331026,1.0,0.0,0.0,0.0,0.0,0.0
75.15625,0.3374677455694807,0.5220166654044875,1.0,0.0,0.0,0.0,0.0,0.0
75.16666666666667,0.33753382072258675,0.521882415312,1.0,0.0,0.0,0.0,0.0,0.0
75.17708333333333,0.3375990983463593,0.5217482256971054,1.0,0.0,0.0,0.0,0.0,0.0
75.1875,0.3376635732855599,0.5216140962020254,1.0,0.0,0.0,0.0,0.0,0.0
75.19791666666667,0.3377272409885549,0.5214800264678994,1.0,0.0,0.0,0.0,0.0,0.0
75.20833333333333,0.3377900974975067,0.521346016135021,1.0,0.0,0.0,0.0,0.0,0.0
75.21875,0.33785213943789627,0.5212120648430666,1.0,0.0,0.0,0.0,0.0,0.0
75.22916666666667,0.3379133640074223,0.5210781722313201,1.0,0.0,0.0,0.0,0.0,0.0
75.23958333333333,0.3379737689643237,0.5209443379388927,1.0,0.0,0.0,0.0,0.0,0.0
75.25,0.33803335261517153,0.5208105616049349,1.0,0.0,0.0,0.0,0.0,0.0
75.26041666666667,0.33809211380217535,0.5206768428688459,1.0,0.0,0.0,0.0,0.0,0.0
75.27083333333333,0.33813534293310993,0.5205658251058903,1.0,0.0,0.017650748328268084,0.0,0.0,0.0
75.28125,0.3381574543356301,0.520486403422626,1.0,0.0,0.04225626163481953,0.0,0.0,0.0
75.29166666666667,0.33817266681246744,0.5204171291433495,1.0,0.0,0.050155647104002235,0.0,0.0,0.0
75.30208333333333,0.3381594137838439,0.5203913327254838,1.0,0.0,0.0840521061235387,0.0,0.0,0.0
75.3125,0.33813416900770116,0.5203842840306736,1.0,0.0,0.09867063839952021,0.0,0.0,0.0
75.32291666666667,0.33810446502840785,0.5203846535939484,1.0,0.0,0.104454802178456,0.0,0.0,0.0
75.33333333333333,0.33805771005404744,0.5204119198384685,1.0,0.0,0.12542224548649888,0.0,0.0,0.0
75.34375,0.3380120602327436,0.5204385025620941,1.0,0.0,0.12488551841495954,0.0,0.0,0.0
75.35416666666667,0.3379384417953938,0.5205091432190753,1.0,0.0,0.15920992752477367,0.0,0.0,0.0
75.36458333333333,0.33785224383338114,0.520600746544589,1.0,0.0,0.1755161662186171,0.0,0.0,0.0
75.375,0.33777913946018223,0.5206739896378235,1.0,0.0,0.1611930674200687,0.0,0.0,0.0
75.38541666666667,0.33768971340460857,0.5207739112503992,1.0,0.0,0.1819331801897717,0.0,0.0,0.0
75.39583333333333,0.3375645674463722,0.5209307718949602,1.0,0.0,0.2261787594079517,0.0,0.0,0.0
75.40625,0.33744499563912433,0.5210815463153012,1.0,0.0,0.22136782204341074,0.0,0.0,0.0
75.41666666666667,0.3373117176608353,0.5212558294237124,1.0,0.0,0.23954908826228685,0.0,0.0,0.0
75.42708333333333,0.33720272734169515,0.5213950825004654,1.0,0.0,0.21226679245042285,0.0,0.0,0.0
75.4375,0.3370536474875264,0.5215983431151606,1.0,0.0,0.26184302505121765,0.0,0.0,0.0
75.44791666666667,0.3368836676073921,0.5218366346567866,1.0,0.0,0.2888525182896708,0.0,0.0,0.0
75.45833333333333,0.336759875214255,0.5220062474248822,1.0,0.0,0.2355153014503764,0.0,0.0,0.0
75.46875,0.3365956285095316,0.5222406040952396,1.0,0.0,0.2855057164811021,0.0,0.0,0.0
75.47916666666667,0.33643282759466153,0.5224752890260492,1.0,0.0,0.28559043398074135,0.0,0.0,0.0
75.48958333333333,0.33630528374376395,0.5226575864771779,1.0,0.0,0.24497546045715457,0.0,0.0,0.0
75.5,0.3361608422871193,0.5228679177730018,1.0,0.0,0.26650272926564617,0.0,0.0,0.0
75.51041666666667,0.336019324475016,0.5230756034185714,1.0,0.0,0.26432885207975465,0.0,0.0,0.0
75.52083333333333,0.33583587164238077,0.5233503886334586,1.0,0.0,0.3158746451378091,0.0,0.0,0.0
75.53125,0.33570900593026637,0.5235391068399662,1.0,0.0,0.24943317159394626,0.0,0.0,0.0
75.54166666666667,0.3355716636496674,0.523745524834301,1.0,0.0,0.2629353902125917,0.0,0.0,0.0
75.55208333333333,0.3354192259719678,0.5239769018670296,1.0,0.0,0.28198196408629855,0.0,0.0,0.0
75.5625,0.3353033969038845,0.524152481224056,1.0,0.0,0.23899479659535086,0.0,0.0,0.0
75.57291666666667,0.3351650811032226,0.5243642082739364,1.0,0.0,0.26663125409934846,0.0,0.0,0.0
75.58333333333333,0.33503302440195953,0.5245672293580693,1.0,0.0,0.25982664519564863,0.0,0.0,0.0
75.59375,0.33490528116205476,0.5247644340685641,1.0,0.0,0.2552509784234163,0.0,0.0,0.0
75.60416666666667,0.3347777027937073,0.5249621987442491,1.0,0.0,0.2555653503912801,0.0,0.0,0.0
75.61458333333333,0.334650721431997,0.5251597571422597,1.0,0.0,0.2552931148049117,0.0,0.0,0.0
75.625,0.3345719367037311,0.5252822755448187,1.0,0.0,0.19783237962771702,0.0,0.0,0.0
75.63541666666667,0.33450203137489953,0.5253911652233587,1.0,0.0,0.18737637016476927,0.0,0.0,0.0
75.64583333333333,0.3344467735059172,0.5254772887077553,1.0,0.0,0.16995472718863847,0.0,0.0,0.0
75.65625,0.33439100970840024,0.525564377744595,1.0,0.0,0.17067030042402345,0.0,0.0,0.0
75.66666666666667,0.33436185552823394,0.5256097892582945,1.0,0.0,0.13883540441049788,0.0,0.0,0.0
75.67708333333333,0.3343193293308187,0.5256762931643991,1.0,0.0,0.154927231042434,0.0,0.0,0.0
75.6875,0.33429998344333084,0.5257064375466312,1.0,0.0,0.12717078523660347,0.0,0.0,0.0
75.69791666666667,0.3342966448726502,0.5257114437380485,1.0,0.0,0.10798679031332346,0.0,0.0,0.0
75.70833333333333,0.334298468952456,0.5257083366633631,1.0,0.0,0.10179573031541922,0.0,0.0,0.0
75.71875,0.33432929756077545,0.5256596194539537,1.0,0.0,0.06698805046801151,0.0,0.0,0.0
75.72916666666667,0.3343690967963202,0.5255967574391244,1.0,0.0,0.05618326217441132,0.0,0.0,0.0
75.73958333333333,0.3344250276142083,0.5255084850569371,1.0,0.0,0.03676786307965586,0.0,0.0,0.0
75.75,0.33449376802887865,0.525400000747506,1.0,0.0,0.021304464136002593,0.0,0.0,0.0
75.76041666666667,0.3345801532846038,0.5252636877041111,1.0,0.0,0.0,0.0,0.0,0.0
75.77083333333333,0.3346663786120118,0.5251274451379668,1.0,0.0,0.0,0.0,0.0,0.0
75.78125,0.33475241864961236,0.5249912729191176,1.0,0.0,0.0,0.0,0.0,0.0
75.79166666666667,0.3348382482443432,0.5248551709076344,1.0,0.0,0.0,0.0,0.0,0.0
75.80208333333333,0.3349238424807372,0.5247191389537449,1.0,0.0,0.0,0.0,0.0,0.0
75.8125,0.33500917670951513,0.524583176897974,1.0,0.0,0.0,0.0,0.0,0.0
75.82291666666667,0.3350942265755364,0.524447284571296,1.0,0.0,0.0,0.0,0.0,0.0
75.83333333333333,0.33517896804504105,0.5243114617952956,1.0,0.0,0.0,0.0,0.0,0.0
75.84375,0.33526337743212,0.5241757083823405,1.0,0.0,0.0,0.0,0.0,0.0
75.85416666666667,0.33534743142435297,0.5240400241357619,1.0,0.0,0.0,0.0,0.0,0.0
75.86458333333333,0.33543110710755825,0.5239044088500459,1.0,0.0,0.0,0.0,0.0,0.0
75.875,0.3355143819896005,0.5237688623110315,1.0,0.0,0.0,0.0,0.0,0.0
75.88541666666667,0.3355972340232073,0.5236333842961189,1.0,0.0,0.0,0.0,0.0,0.0
75.89583333333333,0.3356796416277498,0.5234979745744842,1.0,0.0,0.0,0.0,0.0,0.0
75.90625,0.3357615837099454,0.5233626329073018,1.0,0.0,0.0,0.0,0.0,0.0
75.91666666666667,0.33584303968344564,0.5232273590479735,1.0,0.0,0.0,0.0,0.0,0.0
75.92708333333333,0.33592398948727686,0.5230921527423644,1.0,0.0,0.0,0.0,0.0,0.0
75.9375,0.3360044136031047,0.5229570137290442,1.0,0.0,0.0,0.0,0.0,0.0
75.94791666666667,0.33608429307129856,0.5228219417395334,1.0,0.0,0.0,0.0,0.0,0.0
75.95833333333333,0.3361636095057765,0.5226869364985555,1.0,0.0,0.0,0.0,0.0,0.0
75.96875,0.3362423451076149,0.5225519977242917,1.0,0.0,0.0,0.0,0.0,0.0
75.97916666666667,0.3363204826774125,0.5224171251286412,1.0,0.0,0.0,0.0,0.0,0.0
75.98958333333333,0.3363980056264015,0.5222823184174835,1.0,0.0,0.0,0.0,0.0,0.0
76.0,0.3364748979863041,0.5221475772909436,1.0,0.0,0.0,0.0,0.0,0.0
76.01041666666667,0.33655114441793543,0.5220129014436601,1.0,0.0,0.0,0.0,0.0,0.0
76.02083333333333,0.33662673021855927,0.5218782905650542,1.0,0.0,0.0,0.0,0.0,0.0
76.03125,0.33670164132800556,0.5217437443396001,1.0,0.0,0.0,0.0,0.0,0.0
76.04166666666667,0.33677586433356366,0.5216092624470968,1.0,0.0,0.0,0.0,0.0,0.0
76.05208333333333,0.33684938647366774,0.521474844562939,1.0,0.0,0.0,0.0,0.0,0.0
76.0625,0.33692219564039516,0.5213404903583889,1.0,0.0,0.0,0.0,0.0,0.0
76.07291666666667,0.3369942803808007,0.5212061995008467,1.0,0.0,0.0,0.0,0.0,0.0
76.08333333333333,0.3370656298971141,0.5210719716541199,1.0,0.0,0.0,0.0,0.0,0.0
76.09375,0.3371362340458291,0.520937806478692,1.0,0.0,0.0,0.0,0.0,0.0
76.10416666666667,0.3372060833357174,0.5208037036319878,1.0,0.0,0.0,0.0,0.0,0.0
76.11458333333333,0.3372751689248001,0.5206696627686379,1.0,0.0,0.0,0.0,0.0,0.0
76.125,0.3373434826163148,0.5205356835407392,1.0,0.0,0.0,0.0,0.0,0.0
76.13541666666667,0.3374110168537158,0.5204017655981137,1.0,0.0,0.0,0.0,0.0,0.0
76.14583333333333,0.3374777647147475,0.5202679085885622,1.0,0.0,0.0,0.0,0.0,0.0
76.15625,0.3375437199046335,0.5201341121581161,1.0,0.0,0.0,0.0,0.0,0.0
76.16666666666667,0.337608876748423,0.5200003759512837,1.0,0.0,0.0,0.0,0.0,0.0
76.17708333333333,0.3376732301825396,0.5198666996112933,1.0,0.0,0.0,0.0,0.0,0.0
76.1875,0.33773677574557653,0.5197330827803309,1.0,0.0,0.0,0.0,0.0,0.0
76.19791666666667,0.33779950956838434,0.5195995250997737,1.0,0.0,0.0,0.0,0.0,0.0
76.20833333333333,0.337861428363496,0.5194660262104179,1.0,0.0,0.0,0.0,0.0,0.0
76.21875,0.33792252941393636,0.5193325857527024,1.0,0.0,0.0,0.0,0.0,0.0
76.22916666666667,0.3379828105614618,0.5191992033669252,1.0,0.0,0.0,0.0,0.0,0.0
76.23958333333333,0.3380422701942756,0.5190658786934563,1.0,0.0,0.0,0.0,0.0,0.0
76.25,0.3381009072342653,0.518932611372944,1.0,0.0,0.0,0.0,0.0,0.0
76.26041666666667,0.33815872112380724,0.5187994010465139,1.0,0.0,0.0,0.0,0.0,0.0
76.27083333333333,0.3382010250068986,0.5186887710907223,1.0,0.0,0.01762416634056398,0.0,0.0,0.0
76.28125,0.3382236223494543,0.5186074584743403,1.0,0.0,0.040540424831662016,0.0,0.0,0.0
76.29166666666667,0.3382284943111821,0.518552834980049,1.0,0.0,0.06141705651061276,0.0,0.0,0.0
76.30208333333333,0.338229983086177,0.5185032955338637,1.0,0.0,0.06539169544271889,0.0,0.0,0.0
76.3125,0.3382030258816682,0.518497334477685,1.0,0.0,0.09950082036382946,0.0,0.0,0.0
76.32291666666667,0.3381802331816779,0.5184855889313974,1.0,0.0,0.09497368999762636,0.0,0.0,0.0
76.33333333333333,0.338117012093631,0.518536341490065,1.0,0.0,0.1438830341625753,0.0,0.0,0.0
76.34375,0.33803892404361696,0.5186113031300007,1.0,0.0,0.16280854014206586,0.0,0.0,0.0
76.35416666666667,0.3379746374003519,0.5186667967758057,1.0,0.0,0.14756435901735115,0.0,0.0,0.0
76.36458333333333,0.33787334585350287,0.5187804822517055,1.0,0.0,0.19303595775519383,0.0,0.0,0.0
76.375,0.33777116887563124,0.5188976917461289,1.0,0.0,0.19574294439292475,0.0,0.0,0.0
76.38541666666667,0.3376561373144031,0.5190367914180118,1.0,0.0,0.2127842812525973,0.0,0.0,0.0
76.39583333333333,0.33754906037139093,0.5191660057541813,1.0,0.0,0.2050061720312447,0.0,0.0,0.0
76.40625,0.3374144720238522,0.5193396809318634,1.0,0.0,0.23961587034740459,0.0,0.0,0.0
76.41666666666667,0.3372752401649997,0.5195231238628369,1.0,0.0,0.24712687757826568,0.0,0.0,0.0
76.42708333333333,0.33711807460324056,0.5197368287339957,1.0,0.0,0.27057413857133733,0.0,0.0,0.0
76.4375,0.3369667710044805,0.5199443477632264,1.0,0.0,0.26561841686609117,0.0,0.0,0.0
76.44791666666667,0.3368229207057065,0.5201429828639434,1.0,0.0,0.25857901114014264,0.0,0.0,0.0
76.45833333333333,0.3366478187473607,0.5203923014031507,1.0,0.0,0.2978039052627489,0.0,0.0,0.0
76.46875,0.3365194086169347,0.5205721842751327,1.0,0.0,0.2437553828021848,0.0,0.0,0.0
76.47916666666667,0.336374454306621,0.5207795808217569,1.0,0.0,0.26498102203123175,0.0,0.0,0.0
76.48958333333333,0.3361832719185788,0.521060684046485,1.0,0.0,0.32192221311915364,0.0,0.0,0.0
76.5,0.33599574130608856,0.5213387623307484,1.0,0.0,0.319342646255002,0.0,0.0,0.0
76.51041666666667,0.3358488531318955,0.5215561185555917,1.0,0.0,0.2721929346733676,0.0,0.0,0.0
76.52083333333333,0.3356642118654793,0.5218338585662052,1.0,0.0,0.31866488486246863,0.0,0.0,0.0
76.53125,0.3355409461603057,0.5220181362483179,1.0,0.0,0.24635607840525717,0.0,0.0,0.0
76.54166666666667,0.3353686646019847,0.5222799294878138,1.0,0.0,0.3059924111036055,0.0,0.0,0.0
76.55208333333333,0.33522701561270624,0.5224955858228579,1.0,0.0,0.27027030308035455,0.0,0.0,0.0
76.5625,0.3350895000439231,0.5227059629430524,1.0,0.0,0.2660708035193389,0.0,0.0,0.0
76.57291666666667,0.33497191686817834,0.5228862521392165,1.0,0.0,0.24281092614214553,0.0,0.0,0.0
76.58333333333333,0.33481415112866464,0.5231300950220734,1.0,0.0,0.2915314271632209,0.0,0.0,0.0
76.59375,0.3346925057157052,0.5233184428542956,1.0,0.0,0.2487699502760338,0.0,0.0,0.0
76.60416666666667,0.3345860776184303,0.5234836115521551,1.0,0.0,0.23088831582702393,0.0,0.0,0.0
76.61458333333333,0.33450420254187013,0.5236108155916473,1.0,0.0,0.20170619191977285,0.0,0.0,0.0
76.625,0.3343985328629197,0.5237755899796122,1.0,0.0,0.230444379688755,0.0,0.0,0.0
76.63541666666667,0.3343315259061006,0.5238801364946595,1.0,0.0,0.184246448709101,0.0,0.0,0.0
76.64583333333333,0.334276922785349,0.5239654137814368,1.0,0.0,0.16946304350154445,0.0,0.0,0.0
76.65625,0.3342318637033963,0.5240358443267399,1.0,0.0,0.15807892529865,0.0,0.0,0.0
76.66666666666667,0.3341690166042206,0.5241342543055525,1.0,0.0,0.17947197152290506,0.0,0.0,0.0
76.67708333333333,0.334122679654425,0.5242068652730995,1.0,0.0,0.15971191107642915,0.0,0.0,0.0
76.6875,0.33410881443049667,0.5242285786926929,1.0,0.0,0.12077380104408243,0.0,0.0,0.0
76.69791666666667,0.33411276320301586,0.5242223509749709,1.0,0.0,0.09940364520359338,0.0,0.0,0.0
76.70833333333333,0.334127560022705,0.5241991014269323,1.0,0.0,0.08638417858306392,0.0,0.0,0.0
76.71875,0.33415372333956483,0.5241580140759949,1.0,0.0,0.07273702569142144,0.0,0.0,0.0
76.72916666666667,0.3341954949287154,0.524092434897456,1.0,0.0,0.053991874851418716,0.0,0.0,0.0
76.73958333333333,0.33425384636736205,0.5240008396097969,1.0,0.0,0.03406587870506349,0.0,0.0,0.0
76.75,0.33432688998382804,0.5238861819914389,1.0,0.0,0.016381024978507543,0.0,0.0,0.0
76.76041666666667,0.33441351132798086,0.5237501939720103,1.0,0.0,0.0,0.0,0.0,0.0
76.77083333333333,0.3345000221102625,0.5236142764128028,1.0,0.0,0.0,0.0,0.0,0.0
76.78125,0.33458639665149786,0.5234784292037837,1.0,0.0,0.0,0.0,0.0,0.0
76.79166666666667,0.3346726094233637,0.5233426522247634,1.0,0.0,0.0,0.0,0.0,0.0
76.80208333333333,0.33475863507845766,0.523206945345502,1.0,0.0,0.0,0.0,0.0,0.0
76.8125,0.33484444847993344,0.5230713084258296,1.0,0.0,0.0,0.0,0.0,0.0
76.82291666666667,0.33493002473062833,0.5229357413157755,1.0,0.0,0.0,0.0,0.0,0.0
76.83333333333333,0.33501533920161186,0.52280024385571,1.0,0.0,0.0,0.0,0.0,0.0
76.84375,0.33510036756008754,0.5226648158764962,1.0,0.0,0.0,0.0,0.0,0.0
76.85416666666667,0.335185085796581,0.5225294571996515,1.0,0.0,0.0,0.0,0.0,0.0
76.86458333333333,0.33526947025135206,0.52239416763752,1.0,0.0,0.0,0.0,0.0,0.0
76.875,0.33535349763997035,0.5222589469934537,1.0,0.0,0.0,0.0,0.0,0.0
76.88541666666667,0.3354371450779985,0.5221237950620029,1.0,0.0,0.0,0.0,0.0,0.0
76.89583333333333,0.33552039010472984,0.5219887116291152,1.0,0.0,0.0,0.0,0.0,0.0
76.90625,0.33560321070593174,0.521853696472343,1.0,0.0,0.0,0.0,0.0,0.0
76.91666666666667,0.3356855853355494,0.5217187493610581,1.0,0.0,0.0,0.0,0.0,0.0
76.92708333333333,0.3357674929363289,0.5215838700566741,1.0,0.0,0.0,0.0,0.0,0.0
76.9375,0.3358489129593237,0.5214490583128749,1.0,0.0,0.0,0.0,0.0,0.0
76.94791666666667,0.33592982538225047,0.5213143138758507,1.0,0.0,0.0,0.0,0.0,0.0
76.95833333333333,0.3360102107266681,0.5211796364845381,1.0,0.0,0.0,0.0,0.0,0.0
76.96875,0.3360900500739541,0.5210450258708668,1.0,0.0,0.0,0.0,0.0,0.0
76.97916666666667,0.33616932508006087,0.5209104817600101,1.0,0.0,0.0,0.0,0.0,0.0
76.98958333333333,0.3362480179890354,0.5207760038706405,1.0,0.0,0.0,0.0,0.0,0.0
77.0,0.336326111645293,0.5206415919151879,1.0,0.0,0.0,0.0,0.0,0.0
77.01041666666667,0.3364035895046376,0.5205072456001023,1.0,0.0,0.0,0.0,0.0,0.0
77.02083333333333,0.3364804356440274,0.5203729646261178,1.0,0.0,0.0,0.0,0.0,0.0
77.03125,0.33655663477008757,0.5202387486885199,1.0,0.0,0.0,0.0,0.0,0.0
77.04166666666667,0.33663217222637565,0.5201045974774138,1.0,0.0,0.0,0.0,0.0,0.0
77.05208333333333,0.33670703399941043,0.5199705106779943,1.0,0.0,0.0,0.0,0.0,0.0
77.0625,0.33678120672347694,0.5198364879708157,1.0,0.0,0.0,0.0,0.0,0.0
77.07291666666667,0.33685467768422533,0.5197025290320635,1.0,0.0,0.0,0.0,0.0,0.0
77.08333333333333,0.3369274348210842,0.5195686335338231,1.0,0.0,0.0,0.0,0.0,0.0
77.09375,0.33699946672851183,0.5194348011443509,1.0,0.0,0.0,0.0,0.0,0.0
77.10416666666667,0.33707076265611213,0.5193010315283424,1.0,0.0,0.0,0.0,0.0,0.0
77.11458333333333,0.3371413125076453,0.519167324347199,1.0,0.0,0.0,0.0,0.0,0.0
77.125,0.3372111068389646,0.5190336792592934,1.0,0.0,0.0,0.0,0.0,0.0
77.13541666666667,0.33728013685491454,0.5189000959202321,1.0,0.0,0.0,0.0,0.0,0.0
77.14583333333333,0.3373483944052262,0.5187665739831154,1.0,0.0,0.0,0.0,0.0,0.0
77.15625,0.3374158719794492,0.5186331130987947,1.0,0.0,0.0,0.0,0.0,0.0
77.16666666666667,0.33748256270096005,0.5184997129161253,1.0,0.0,0.0,0.0,0.0,0.0
77.17708333333333,0.33754846032008806,0.518366373082217,1.0,0.0,0.0,0.0,0.0,0.0
77.1875,0.3376135592064033,0.5182330932426795,1.0,0.0,0.0,0.0,0.0,0.0
77.19791666666667,0.337677854340209,0.5180998730418638,1.0,0.0,0.0,0.0,0.0,0.0
77.20833333333333,0.33774134130328426,0.5179667121230994,1.0,0.0,0.0,0.0,0.0,0.0
77.21875,0.3378040162689219,0.5178336101289261,1.0,0.0,0.0,0.0,0.0,0.0
77.22916666666667,0.337865875991308,0.5177005667013215,1.0,0.0,0.0,0.0,0.0,0.0
77.23958333333333,0.33792691779428824,0.5175675814819218,1.0,0.0,0.0,0.0,0.0,0.0
77.25,0.33798713955956805,0.5174346541122395,1.0,0.0,0.0,0.0,0.0,0.0
77.26041666666667,0.3380465397143921,0.5173017842338735,1.0,0.0,0.0,0.0,0.0,0.0
77.27083333333333,0.33809047371658774,0.5171913713063379,1.0,0.0,0.017572202593190582,0.0,0.0,0.0
77.28125,0.33812195167412323,0.5170991023252302,1.0,0.0,0.03177991846789725,0.0,0.0,0.0
77.29166666666667,0.33813105705621216,0.517040384834449,1.0,0.0,0.058092232262391595,0.0,0.0,0.0
77.30208333333333,0.3381313227179825,0.5169949928822833,1.0,0.0,0.06854444153281225,0.0,0.0,0.0
77.3125,0.3381131877939021,0.5169777322751542,1.0,0.0,0.09062060379169078,0.0,0.0,0.0
77.32291666666667,0.33807193354685144,0.5169962182245373,1.0,0.0,0.1186730879561504,0.0,0.0,0.0
77.33333333333333,0.33802260118992783,0.5170279531038031,1.0,0.0,0.12906535503548675,0.0,0.0,0.0
77.34375,0.33797739498481444,0.51705443519438,1.0,0.0,0.12494004559095474,0.0,0.0,0.0
77.35416666666667,0.33792028739952584,0.5171000874550059,1.0,0.0,0.13996984091160458,0.0,0.0,0.0
77.36458333333333,0.337856615442435,0.5171569893318904,1.0,0.0,0.14878010070679154,0.0,0.0,0.0
77.375,0.33777552996813454,0.5172418793543972,1.0,0.0,0.17070067378506873,0.0,0.0,0.0
77.38541666666667,0.33768717161738976,0.5173395796437076,1.0,0.0,0.18070834439298084,0.0,0.0,0.0
77.39583333333333,0.33758360565635437,0.5174623757128873,1.0,0.0,0.20032155160163223,0.0,0.0,0.0
77.40625,0.3374329159834293,0.5176595119336146,1.0,0.0,0.25842773667624497,0.0,0.0,0.0
77.41666666666667,0.3372944980335668,0.5178407676715867,1.0,0.0,0.2458889263658728,0.0,0.0,0.0
77.42708333333333,0.33712951706772204,0.5180654429486795,1.0,0.0,0.27969089509826106,0.0,0.0,0.0
77.4375,0.3369624962402124,0.5182962723501789,1.0,0.0,0.2843312054758847,0.0,0.0,0.0
77.44791666666667,0.3368283573678065,0.518479398368819,1.0,0.0,0.24697773286270078,0.0,0.0,0.0
77.45833333333333,0.3367025915789227,0.5186518260591929,1.0,0.0,0.23853694342180992,0.0,0.0,0.0
77.46875,0.3365428430999783,0.5188786122998552,1.0,0.0,0.2807551579210854,0.0,0.0,0.0
77.47916666666667,0.3364182248064976,0.5190536263074703,1.0,0.0,0.24033239104797413,0.0,0.0,0.0
77.48958333333333,0.33623896063251524,0.5193147950415105,1.0,0.0,0.3071863915642038,0.0,0.0,0.0
77.5,0.33607346252520287,0.5195571759184372,1.0,0.0,0.2923941880153708,0.0,0.0,0.0
77.51041666666667,0.3359154249325531,0.5197901478676079,1.0,0.0,0.2849179870535071,0.0,0.0,0.0
77.52083333333333,0.33578578435557127,0.519981038469539,1.0,0.0,0.2521456557071855,0.0,0.0,0.0
77.53125,0.33566115823960213,0.5201655834487653,1.0,0.0,0.2471209135908178,0.0,0.0,0.0
77.54166666666667,0.3354888143372411,0.5204254219975492,1.0,0.0,0.305270921367935,0.0,0.0,0.0
77.55208333333333,0.33534558973168743,0.5206417632977496,1.0,0.0,0.2714508103671928,0.0,0.0,0.0
77.5625,0.33517527245932854,0.5209014757569413,1.0,0.0,0.30480180677370167,0.0,0.0,0.0
77.57291666666667,0.33503646249099905,0.5211135898709142,1.0,0.0,0.26788122467191267,0.0,0.0,0.0
77.58333333333333,0.33489425718560734,0.5213319873466952,1.0,0.0,0.27259073814252205,0.0,0.0,0.0
77.59375,0.33480133955897057,0.5214745262712087,1.0,0.0,0.21401349906824882,0.0,0.0,0.0
77.60416666666667,0.3346890589574514,0.521647744370797,1.0,0.0,0.23757499207839242,0.0,0.0,0.0
77.61458333333333,0.33456066901526366,0.5218466540275102,1.0,0.0,0.2572523806374167,0.0,0.0,0.0
77.625,0.3344791789439604,0.5219729474720265,1.0,0.0,0.20130446138502023,0.0,0.0,0.0
77.63541666666667,0.3343742571402747,0.5221361171221826,1.0,0.0,0.22959783505879455,0.0,0.0,0.0
77.64583333333333,0.33429684376373797,0.5222566514413084,1.0,0.0,0.1967729609893782,0.0,0.0,0.0
77.65625,0.33423504174722785,0.5223529823980052,1.0,0.0,0.17814680170771505,0.0,0.0,0.0
77.66666666666667,0.3341816299603137,0.5224363204891451,1.0,0.0,0.16814652719793388,0.0,0.0,0.0
77.67708333333333,0.3341532051971194,0.5224806726520627,1.0,0.0,0.13820813770939094,0.0,0.0,0.0
77.6875,0.3341278688899616,0.5225202281360386,1.0,0.0,0.13452167941014978,0.0,0.0,0.0
77.69791666666667,0.3341158228303408,0.5225390227614666,1.0,0.0,0.1185881142620323,0.0,0.0,0.0
77.70833333333333,0.3341160442061706,0.522538640374029,1.0,0.0,0.10387326440014316,0.0,0.0,0.0
77.71875,0.33414082784568955,0.522499846731603,1.0,0.0,0.07439844178793881,0.0,0.0,0.0
77.72916666666667,0.33417947753813176,0.5224393632978621,1.0,0.0,0.05774600856236831,0.0,0.0,0.0
77.73958333333333,0.33423827150015567,0.5223473771485982,1.0,0.0,0.03354727534553648,0.0,0.0,0.0
77.75,0.3343115852488851,0.5222326746700825,1.0,0.0,0.01607272205707245,0.0,0.0,0.0
77.76041666666667,0.3343982234385086,0.5220971096632238,1.0,0.0,0.0,0.0,0.0,0.0
77.77083333333333,0.3344847556139514,0.5219616149092847,1.0,0.0,0.0,0.0,0.0,0.0
77.78125,0.3345711560725536,0.5218261903003831,1.0,0.0,0.0,0.0,0.0,0.0
77.79166666666667,0.334657399257158,0.5216908357184943,1.0,0.0,0.0,0.0,0.0,0.0
77.80208333333333,0.33474345978624825,0.5215555510355562,1.0,0.0,0.0,0.0,0.0,0.0
77.8125,0.3348293124836662,0.5214203361135863,1.0,0.0,0.0,0.0,0.0,0.0
77.82291666666667,0.33491493240783404,0.5212851908048093,1.0,0.0,0.0,0.0,0.0,0.0
77.83333333333333,0.33500029488041044,0.5211501149517959,1.0,0.0,0.0,0.0,0.0,0.0
77.84375,0.33508537551431117,0.5210151083876126,1.0,0.0,0.0,0.0,0.0,0.0
77.85416666666667,0.33517015024102814,0.5208801709359812,1.0,0.0,0.0,0.0,0.0,0.0
77.86458333333333,0.3352545953371828,0.5207453024114483,1.0,0.0,0.0,0.0,0.0,0.0
77.875,0.3353386874502538,0.5206105026195649,1.0,0.0,0.0,0.0,0.0,0.0
77.88541666666667,0.33542240362342146,0.5204757713570739,1.0,0.0,0.0,0.0,0.0,0.0
77.89583333333333,0.3355057213194765,0.5203411084121078,1.0,0.0,0.0,0.0,0.0,0.0
77.90625,0.3355886184437419,0.5202065135643934,1.0,0.0,0.0,0.0,0.0,0.0
77.91666666666667,0.3356710733659636,0.5200719865854649,1.0,0.0,0.0,0.0,0.0,0.0
77.92708333333333,0.33575306494112717,0.5199375272388843,1.0,0.0,0.0,0.0,0.0,0.0
77.9375,0.3358345725291639,0.5198031352804678,1.0,0.0,0.0,0.0,0.0,0.0
77.94791666666667,0.3359155760135119,0.51966881045852,1.0,0.0,0.0,0.0,0.0,0.0
77.95833333333333,0.335996055818505,0.5195345525140722,1.0,0.0,0.0,0.0,0.0,0.0
77.96875,0.3360759929255627,0.5194003611811279,1.0,0.0,0.0,0.0,0.0,0.0
77.97916666666667,0.33615536888816344,0.519266236186911,1.0,0.0,0.0,0.0,0.0,0.0
77.98958333333333,0.3362341658455833,0.5191321772521205,1.0,0.0,0.0,0.0,0.0,0.0
78.0,0.3363123665353903,0.5189981840911868,1.0,0.0,0.0,0.0,0.0,0.0
78.01041666666667,0.3363899543046866,0.5188642564125334,1.0,0.0,0.0,0.0,0.0,0.0
78.02083333333333,0.33646691312009536,0.5187303939188392,1.0,0.0,0.0,0.0,0.0,0.0
78.03125,0.33654322757649435,0.5185965963073053,1.0,0.0,0.0,0.0,0.0,0.0
78.04166666666667,0.3366188829045013,0.5184628632699211,1.0,0.0,0.0,0.0,0.0,0.0
78.05208333333333,0.3366938649767199,0.5183291944937342,1.0,0.0,0.0,0.0,0.0,0.0
78.0625,0.33676816031275975,0.518195589661119,1.0,0.0,0.0,0.0,0.0,0.0
78.07291666666667,0.3368417560830471,0.518062048450047,1.0,0.0,0.0,0.0,0.0,0.0
78.08333333333333,0.3369146401114457,0.5179285705343558,1.0,0.0,0.0,0.0,0.0,0.0
78.09375,0.3369868008767112,0.5177951555840183,1.0,0.0,0.0,0.0,0.0,0.0
78.10416666666667,0.3370582275128058,0.5176618032654112,1.0,0.0,0.0,0.0,0.0,0.0
78.11458333333333,0.3371289098081016,0.5175285132415804,1.0,0.0,0.0,0.0,0.0,0.0
78.125,0.33719883820350477,0.5173952851725067,1.0,0.0,0.0,0.0,0.0,0.0
78.13541666666667,0.33726800378953414,0.517262118715367,1.0,0.0,0.0,0.0,0.0,0.0
78.14583333333333,0.3373363983023913,0.5171290135247949,1.0,0.0,0.0,0.0,0.0,0.0
78.15625,0.33740401411905957,0.516995969253137,1.0,0.0,0.0,0.0,0.0,0.0
78.16666666666667,0.33747084425147217,0.5168629855507062,1.0,0.0,0.0,0.0,0.0,0.0
78.17708333333333,0.3375368823397915,0.5167300620660314,1.0,0.0,0.0,0.0,0.0,0.0
78.1875,0.3376021226448413,0.5165971984461037,1.0,0.0,0.0,0.0,0.0,0.0
78.19791666666667,0.3376665600397366,0.516464394336617,1.0,0.0,0.0,0.0,0.0,0.0
78.20833333333333,0.33773019000075544,0.5163316493822053,1.0,0.0,0.0,0.0,0.0,0.0
78.21875,0.33779300859749783,0.5161989632266759,1.0,0.0,0.0,0.0,0.0,0.0
78.22916666666667,0.3378550124823782,0.5160663355132349,1.0,0.0,0.0,0.0,0.0,0.0
78.23958333333333,0.33791619887949664,0.5159337658847107,1.0,0.0,0.0,0.0,0.0,0.0
78.25,0.33797656557293576,0.51580125398377,1.0,0.0,0.0,0.0,0.0,0.0
78.26041666666667,0.33803611089452873,0.5156687994531288,1.0,0.0,0.0,0.0,0.0,0.0
78.27083333333333,0.3380814206921996,0.5155568552913781,1.0,0.0,0.016095622733714354,0.0,0.0,0.0
78.28125,0.3381125548642144,0.5154655940317707,1.0,0.0,0.03234550320986472,0.0,0.0,0.0
78.29166666666667,0.3381195810333166,0.5154104331740589,1.0,0.0,0.06074735880607311,0.0,0.0,0.0
78.30208333333333,0.3381213322141495,0.5153631673645288,1.0,0.0,0.06695769116017664,0.0,0.0,0.0
78.3125,0.3381106780728491,0.5153347752174119,1.0,0.0,0.08181422383436236,0.0,0.0,0.0
78.32291666666667,0.3380894442310975,0.5153227394804533,1.0,0.0,0.09469129846349102,0.0,0.0,0.0
78.33333333333333,0.33804999834625066,0.5153389225953598,1.0,0.0,0.11690594995058241,0.0,0.0,0.0
78.34375,0.33799672458150126,0.5153770358444448,1.0,0.0,0.13416359363431626,0.0,0.0,0.0
78.35416666666667,0.33790872770936636,0.5154692485055692,1.0,0.0,0.17671812511070423,0.0,0.0,0.0
78.36458333333333,0.33781511806034026,0.5155718976267096,1.0,0.0,0.18489254913760658,0.0,0.0,0.0
78.375,0.33770781354668067,0.5156974103915254,1.0,0.0,0.2028221013167773,0.0,0.0,0.0
78.38541666666667,0.33761641840346673,0.5158008123239238,1.0,0.0,0.18540079203295298,0.0,0.0,0.0
78.39583333333333,0.33752540221476635,0.515905447260154,1.0,0.0,0.1863308232782132,0.0,0.0,0.0
78.40625,0.337426967391523,0.5160231898882714,1.0,0.0,0.1965778745328488,0.0,0.0,0.0
78.41666666666667,0.33728399968161765,0.5162109467719586,1.0,0.0,0.25143305454698844,0.0,0.0,0.0
78.42708333333333,0.3371217626955083,0.51643090071348,1.0,0.0,0.27654098985648046,0.0,0.0,0.0
78.4375,0.337001447061639,0.5165895308829184,1.0,0.0,0.22838525213352007,0.0,0.0,0.0
78.44791666666667,0.33687268963892847,0.5167631633673127,1.0,0.0,0.24003943650764545,0.0,0.0,0.0
78.45833333333333,0.33670097540602867,0.5170048733406902,1.0,0.0,0.2931522358499746,0.0,0.0,0.0
78.46875,0.33651733074016627,0.5172676923577153,1.0,0.0,0.30944864825933116,0.0,0.0,0.0
78.47916666666667,0.3363521310631627,0.5175049486673516,1.0,0.0,0.28929711235279965,0.0,0.0,0.0
78.48958333333333,0.3362151887782786,0.5177010510112966,1.0,0.0,0.25705236198406706,0.0,0.0,0.0
78.5,0.33606395528877164,0.5179209923152265,1.0,0.0,0.275495686112885,0.0,0.0,0.0
78.51041666666667,0.3359079431017487,0.5181502174387133,1.0,0.0,0.2825688729031797,0.0,0.0,0.0
78.52083333333333,0.3357229630602252,0.5184260276715013,1.0,0.0,0.31861218955375925,0.0,0.0,0.0
78.53125,0.3355444769388483,0.5186938871264939,1.0,0.0,0.3122089081929417,0.0,0.0,0.0
78.54166666666667,0.33541700251783124,0.518884656288714,1.0,0.0,0.25220131018841535,0.0,0.0,0.0
78.55208333333333,0.3352428323988264,0.5191488770717033,1.0,0.0,0.30901710329698645,0.0,0.0,0.0
78.5625,0.335103908004294,0.5193599759354448,1.0,0.0,0.2676805810891829,0.0,0.0,0.0
78.57291666666667,0.33496220338075494,0.5195764321562535,1.0,0.0,0.2716912877781005,0.0,0.0,0.0
78.58333333333333,0.33480576571616943,0.5198167268609745,1.0,0.0,0.289976601758141,0.0,0.0,0.0
78.59375,0.33468652607122024,0.5200001849546599,1.0,0.0,0.24591112901065076,0.0,0.0,0.0
78.60416666666667,0.33458078532948554,0.5201632627631534,1.0,0.0,0.23008054780955725,0.0,0.0,0.0
78.61458333333333,0.3344794815775144,0.5203199002303184,1.0,0.0,0.22503337732518267,0.0,0.0,0.0
78.625,0.3344088011760024,0.520429258000987,1.0,0.0,0.18850755227732444,0.0,0.0,0.0
78.63541666666667,0.33433631141645387,0.520541647402889,1.0,0.0,0.19080866266483534,0.0,0.0,0.0
78.64583333333333,0.3342742024527493,0.520638061679953,1.0,0.0,0.17846344364440905,0.0,0.0,0.0
78.65625,0.33423006268455346,0.5207066173345912,1.0,0.0,0.15697885025507166,0.0,0.0,0.0
78.66666666666667,0.33419413174145907,0.5207624590342604,1.0,0.0,0.14717430524394148,0.0,0.0,0.0
78.67708333333333,0.3341730834276256,0.5207951586704087,1.0,0.0,0.12934668043079114,0.0,0.0,0.0
78.6875,0.3341586826521111,0.5208175221711654,1.0,0.0,0.12138562385840801,0.0,0.0,0.0
78.69791666666667,0.33414991458650317,0.5208311207214974,1.0,0.0,0.11463625550757106,0.0,0.0,0.0
78.70833333333333,0.33417029903903167,0.5207992895377875,1.0,0.0,0.07965883119550705,0.0,0.0,0.0
78.71875,0.33418686993606905,0.520773387414727,1.0,0.0,0.0842215946878198,0.0,0.0,0.0
78.72916666666667,0.33423157289668753,0.5207036409743422,1.0,0.0,0.050450874645538435,0.0,0.0,0.0
78.73958333333333,0.33428963829189323,0.520613051867573,1.0,0.0,0.03437725706297292,0.0,0.0,0.0
78.75,0.3343605771995429,0.520502371918291,1.0,0.0,0.018866434733696584,0.0,0.0,0.0
78.76041666666667,0.3344471586200336,0.5203672758458687,1.0,0.0,0.0,0.0,0.0,0.0
78.77083333333333,0.33453361947938837,0.5202322497443276,1.0,0.0,0.0,0.0,0.0,0.0
78.78125,0.3346199341534814,0.520097293500399,1.0,0.0,0.0,0.0,0.0,0.0
78.79166666666667,0.3347060771807755,0.5199624069907619,1.0,0.0,0.0,0.0,0.0,0.0
78.80208333333333,0.33479202329223134,0.5198275900821541,1.0,0.0,0.0,0.0,0.0,0.0
78.8125,0.3348777474407538,0.5196928426314947,1.0,0.0,0.0,0.0,0.0,0.0
78.82291666666667,0.33496322483010277,0.5195581644860184,1.0,0.0,0.0,0.0,0.0,0.0
78.83333333333333,0.3350484309431982,0.5194235554834195,1.0,0.0,0.0,0.0,0.0,0.0
78.84375,0.33513334156975244,0.5192890154520063,1.0,0.0,0.0,0.0,0.0,0.0
78.85416666666667,0.3352179328331636,0.519154544210867,1.0,0.0,0.0,0.0,0.0,0.0
78.86458333333333,0.33530218121660954,0.5190201415700434,1.0,0.0,0.0,0.0,0.0,0.0
78.875,0.3353860635882831,0.5188858073307149,1.0,0.0,0.0,0.0,0.0,0.0
78.88541666666667,0.3354695572257137,0.518751541285391,1.0,0.0,0.0,0.0,0.0,0.0
78.89583333333333,0.3355526398391241,0.5186173432181126,1.0,0.0,0.0,0.0,0.0,0.0
78.90625,0.3356352895937747,0.5184832129046605,1.0,0.0,0.0,0.0,0.0,0.0
78.91666666666667,0.3357174851312519,0.5183491501127722,1.0,0.0,0.0,0.0,0.0,0.0
78.92708333333333,0.33579920558966103,0.518215154602365,1.0,0.0,0.0,0.0,0.0,0.0
78.9375,0.3358804306226893,0.5180812261257666,1.0,0.0,0.0,0.0,0.0,0.0
78.94791666666667,0.33596114041750713,0.5179473644279499,1.0,0.0,0.0,0.0,0.0,0.0
78.95833333333333,0.3360413157114822,0.5178135692467756,1.0,0.0,0.0,0.0,0.0,0.0
78.96875,0.3361209378076837,0.517679840313238,1.0,0.0,0.0,0.0,0.0,0.0
78.97916666666667,0.3361999885891591,0.5175461773517166,1.0,0.0,0.0,0.0,0.0,0.0
78.98958333333333,0.3362784505319708,0.5174125800802304,1.0,0.0,0.0,0.0,0.0,0.0
79.0,0.33635630671698286,0.5172790482106969,1.0,0.0,0.0,0.0,0.0,0.0
79.01041666666667,0.3364335408403937,0.5171455814491932,1.0,0.0,0.0,0.0,0.0,0.0
79.02083333333333,0.33651013722301404,0.5170121794962201,1.0,0.0,0.0,0.0,0.0,0.0
79.03125,0.3365860808182939,0.5168788420469678,1.0,0.0,0.0,0.0,0.0,0.0
79.04166666666667,0.3366613572191058,0.5167455687915832,1.0,0.0,0.0,0.0,0.0,0.0
79.05208333333333,0.336735952663296,0.5166123594154384,1.0,0.0,0.0,0.0,0.0,0.0
79.0625,0.33680985403801844,0.5164792135993992,1.0,0.0,0.0,0.0,0.0,0.0
79.07291666666667,0.33688304888287013,0.5163461310200944,1.0,0.0,0.0,0.0,0.0,0.0
79.08333333333333,0.3369555253918494,0.5162131113501839,1.0,0.0,0.0,0.0,0.0,0.0
79.09375,0.33702727241416286,0.5160801542586263,1.0,0.0,0.0,0.0,0.0,0.0
79.10416666666667,0.3370982794539076,0.5159472594109452,1.0,0.0,0.0,0.0,0.0,0.0
79.11458333333333,0.3371685366686607,0.5158144264694939,1.0,0.0,0.0,0.0,0.0,0.0
79.125,0.3372380348670079,0.5156816550937181,1.0,0.0,0.0,0.0,0.0,0.0
79.13541666666667,0.3373067655050473,0.5155489449404154,1.0,0.0,0.0,0.0,0.0,0.0
79.14583333333333,0.33737472068190577,0.5154162956639932,1.0,0.0,0.0,0.0,0.0,0.0
79.15625,0.3374418931343067,0.515283706916722,1.0,0.0,0.0,0.0,0.0,0.0
79.16666666666667,0.3375082762302305,0.5151511783489865,1.0,0.0,0.0,0.0,0.0,0.0
79.17708333333333,0.33757386396170924,0.5150187096095323,1.0,0.0,0.0,0.0,0.0,0.0
79.1875,0.33763865093680046,0.5148863003457081,1.0,0.0,0.0,0.0,0.0,0.0
79.19791666666667,0.3377026323707824,0.5147539502037038,1.0,0.0,0.0,0.0,0.0,0.0
79.20833333333333,0.33776580407661744,0.5146216588287851,1.0,0.0,0.0,0.0,0.0,0.0
79.21875,0.3378281624547285,0.5144894258655206,1.0,0.0,0.0,0.0,0.0,0.0
79.22916666666667,0.33788970448213473,0.5143572509580071,1.0,0.0,0.0,0.0,0.0,0.0
79.23958333333333,0.3379504277009922,0.5142251337500865,1.0,0.0,0.0,0.0,0.0,0.0
79.25,0.33801033020658633,0.5140930738855595,1.0,0.0,0.0,0.0,0.0,0.0
79.26041666666667,0.3380694106348211,0.5139610710083925,1.0,0.0,0.0,0.0,0.0,0.0
79.27083333333333,0.33811048961165197,0.5138552311193045,1.0,0.0,0.020614245119095865,0.0,0.0,0.0
79.28125,0.3381387914872724,0.5137679584115218,1.0,0.0,0.03525164277904971,0.0,0.0,0.0
79.29166666666667,0.33814739985611864,0.5137100127799776,1.0,0.0,0.058400874575839874,0.0,0.0,0.0
79.30208333333333,0.33814580724472965,0.5136673838957503,1.0,0.0,0.07049449027826714,0.0,0.0,0.0
79.3125,0.33811663977105977,0.5136666812412163,1.0,0.0,0.10361164791934803,0.0,0.0,0.0
79.32291666666667,0.3380961144218833,0.5136534798281678,1.0,0.0,0.0937396408472023,0.0,0.0,0.0
79.33333333333333,0.3380378041791414,0.5136981327540207,1.0,0.0,0.139430230757843,0.0,0.0,0.0
79.34375,0.33798362644833146,0.5137377584653908,1.0,0.0,0.13545237500517812,0.0,0.0,0.0
79.35416666666667,0.3379018939610548,0.5138204294296032,1.0,0.0,0.1694170982480817,0.0,0.0,0.0
79.36458333333333,0.3378102907116217,0.5139198398302254,1.0,0.0,0.18259528743112136,0.0,0.0,0.0
79.375,0.3376951167839079,0.5140570277222434,1.0,0.0,0.21234154755463702,0.0,0.0,0.0
79.38541666666667,0.3375697346016779,0.5142121177985508,1.0,0.0,0.2263796813520185,0.0,0.0,0.0
79.39583333333333,0.33745450555580053,0.5143542291025911,1.0,0.0,0.21608024826977373,0.0,0.0,0.0
79.40625,0.3373525982407678,0.5144782386847856,1.0,0.0,0.20176855826508816,0.0,0.0,0.0
79.41666666666667,0.33723173159196707,0.5146330712397413,1.0,0.0,0.2259547930170304,0.0,0.0,0.0
79.42708333333333,0.33709701930402003,0.514811244360533,1.0,0.0,0.24421587367382858,0.0,0.0,0.0
79.4375,0.3369632468801594,0.5149903594575991,1.0,0.0,0.24485171657674082,0.0,0.0,0.0
79.44791666666667,0.33681283862934314,0.5151971901302378,1.0,0.0,0.2664917852349283,0.0,0.0,0.0
79.45833333333333,0.3366801915045395,0.5153792986212135,1.0,0.0,0.24697564806064343,0.0,0.0,0.0
79.46875,0.3365304171644079,0.5155897056714597,1.0,0.0,0.26903562259829805,0.0,0.0,0.0
79.47916666666667,0.33639480347920847,0.5157806415795283,1.0,0.0,0.25365727107244485,0.0,0.0,0.0
79.48958333333333,0.336244498529388,0.5159960354238626,1.0,0.0,0.27266852036801376,0.0,0.0,0.0
79.5,0.3360974376525425,0.5162084785443793,1.0,0.0,0.27021814819155904,0.0,0.0,0.0
79.51041666666667,0.3359376734646638,0.5164423218190446,1.0,0.0,0.2867830371716675,0.0,0.0,0.0
79.52083333333333,0.33579225730880063,0.5166560145536099,1.0,0.0,0.27089901065602984,0.0,0.0,0.0
79.53125,0.3356413732740644,0.5168797478761712,1.0,0.0,0.27858250432196946,0.0,0.0,0.0
79.54166666666667,0.33546369701556406,0.5171463539892609,1.0,0.0,0.31180491764051865,0.0,0.0,0.0
79.55208333333333,0.33531998428604554,0.5173622985680121,1.0,0.0,0.2721899711604839,0.0,0.0,0.0
79.5625,0.33517677041764854,0.5175787201162263,1.0,0.0,0.2724189164653993,0.0,0.0,0.0
79.57291666666667,0.33505795127759036,0.5177585775756202,1.0,0.0,0.24388494222398122,0.0,0.0,0.0
79.58333333333333,0.33495423241277633,0.5179159194212223,1.0,0.0,0.22631390532800089,0.0,0.0,0.0
79.59375,0.334855654001634,0.5180659612256584,1.0,0.0,0.22057709855655733,0.0,0.0,0.0
79.60416666666667,0.33472002809698276,0.5182739239522606,1.0,0.0,0.26540317684402887,0.0,0.0,0.0
79.61458333333333,0.33461223492316383,0.5184394982565208,1.0,0.0,0.23244598484313697,0.0,0.0,0.0
79.625,0.33452447837053045,0.5185745002187415,1.0,0.0,0.20869912102497618,0.0,0.0,0.0
79.63541666666667,0.33443758338414387,0.5187085031371625,1.0,0.0,0.2078716012924858,0.0,0.0,0.0
79.64583333333333,0.3343751445951235,0.5188048509363699,1.0,0.0,0.17869710315625684,0.0,0.0,0.0
79.65625,0.334314416327076,0.5188987154265118,1.0,0.0,0.17674945500176376,0.0,0.0,0.0
79.66666666666667,0.3342658366791815,0.5189738636553227,1.0,0.0,0.16225773877370372,0.0,0.0,0.0
79.67708333333333,0.33424714139045325,0.5190027020209154,1.0,0.0,0.12645482089586074,0.0,0.0,0.0
79.6875,0.3342402504248083,0.5190132386987543,1.0,0.0,0.11230947245744388,0.0,0.0,0.0
79.69791666666667,0.33423202885544373,0.5190258510726695,1.0,0.0,0.11391314480964762,0.0,0.0,0.0
79.70833333333333,0.33424616323962686,0.5190037587267902,1.0,0.0,0.08709403300446811,0.0,0.0,0.0
79.71875,0.3342661268280187,0.5189725997402359,1.0,0.0,0.0800850058087121,0.0,0.0,0.0
79.72916666666667,0.3343065038927457,0.5189097294313915,1.0,0.0,0.05556767745083216,0.0,0.0,0.0
79.73958333333333,0.3343654128050166,0.5188180559364062,1.0,0.0,0.033281630008799086,0.0,0.0,0.0
79.75,0.33443664671891404,0.5187071922907371,1.0,0.0,0.018409745581055462,0.0,0.0,0.0
79.76041666666667,0.3345231235941622,0.5185725927284897,1.0,0.0,0.0,0.0,0.0,0.0
79.77083333333333,0.33460945738886616,0.5184380628130504,1.0,0.0,0.0,0.0,0.0,0.0
79.78125,0.3346956226201332,0.5183036024227072,1.0,0.0,0.0,0.0,0.0,0.0
79.79166666666667,0.33478159399395835,0.5181692114258247,1.0,0.0,0.0,0.0,0.0,0.0
79.80208333333333,0.3348673464347309,0.5180348896809651,1.0,0.0,0.0,0.0,0.0,0.0
79.8125,0.3349528551142139,0.5179006370370205,1.0,0.0,0.0,0.0,0.0,0.0
79.82291666666667,0.3350380954799269,0.5177664533333548,1.0,0.0,0.0,0.0,0.0,0.0
79.83333333333333,0.3351230432828629,0.5176323383999579,1.0,0.0,0.0,0.0,0.0,0.0
79.84375,0.3352076746044753,0.5174982920576081,1.0,0.0,0.0,0.0,0.0,0.0
79.85416666666667,0.3352919658828721,0.5173643141180448,1.0,0.0,0.0,0.0,0.0,0.0
79.86458333333333,0.3353758939381583,0.517230404384151,1.0,0.0,0.0,0.0,0.0,0.0
79.875,0.33545943599687156,0.5170965626501441,1.0,0.0,0.0,0.0,0.0,0.0
79.88541666666667,0.3355425697154586,0.5169627887017751,1.0,0.0,0.0,0.0,0.0,0.0
79.89583333333333,0.3356252732027448,0.5168290823165361,1.0,0.0,0.0,0.0,0.0,0.0
79.90625,0.3357075250413533,0.516695443263875,1.0,0.0,0.0,0.0,0.0,0.0
79.91666666666667,0.33578930430803283,0.5165618713054173,1.0,0.0,0.0,0.0,0.0,0.0
79.92708333333333,0.3358705905928595,0.5164283661951952,1.0,0.0,0.0,0.0,0.0,0.0
79.9375,0.335951364017281,0.516294927679881,1.0,0.0,0.0,0.0,0.0,0.0
79.94791666666667,0.3360316052509759,0.5161615554990283,1.0,0.0,0.0,0.0,0.0,0.0
79.95833333333333,0.3361112955275061,0.5160282493853162,1.0,0.0,0.0,0.0,0.0,0.0
79.96875,0.33619041665874355,0.5158950090647996,1.0,0.0,0.0,0.0,0.0,0.0
79.97916666666667,0.33626895104805776,0.5157618342571623,1.0,0.0,0.0,0.0,0.0,0.0
79.98958333333333,0.3363468817022551,0.515628724675975,1.0,0.0,0.0,0.0,0.0,0.0
80.0,0.3364241922422636,0.5154956800289549,1.0,0.0,0.0,0.0,0.0,0.0
80.01041666666667,0.33650086691256365,0.5153627000182287,1.0,0.0,0.0,0.0,0.0,0.0
80.02083333333333,0.3365768905893661,0.5152297843405975,1.0,0.0,0.0,0.0,0.0,0.0
80.03125,0.33665224878754646,0.5150969326878028,1.0,0.0,0.0,0.0,0.0,0.0
80.04166666666667,0.3367269276663449,0.5149641447467943,1.0,0.0,0.0,0.0,0.0,0.0
80.05208333333333,0.33680091403384704,0.5148314201999974,1.0,0.0,0.0,0.0,0.0,0.0
80.0625,0.336874195350264,0.5146987587255812,1.0,0.0,0.0,0.0,0.0,0.0
80.07291666666667,0.33694675973003246,0.5145661599977267,1.0,0.0,0.0,0.0,0.0,0.0
80.08333333333333,0.3370185959427597,0.5144336236868927,1.0,0.0,0.0,0.0,0.0,0.0
80.09375,0.3370896934130412,0.5143011494600825,1.0,0.0,0.0,0.0,0.0,0.0
80.10416666666667,0.33716004221918094,0.5141687369811071,1.0,0.0,0.0,0.0,0.0,0.0
80.11458333333333,0.3372296330908473,0.5140363859108473,1.0,0.0,0.0,0.0,0.0,0.0
80.125,0.33729845740569925,0.5139040959075133,1.0,0.0,0.0,0.0,0.0,0.0
80.13541666666667,0.3373665071850204,0.5137718666269016,1.0,0.0,0.0,0.0,0.0,0.0
80.14583333333333,0.3374337750884003,0.5136396977226487,1.0,0.0,0.0,0.0,0.0,0.0
80.15625,0.3375002544075022,0.5135075888464807,1.0,0.0,0.0,0.0,0.0,0.0
80.16666666666667,0.33756593905896165,0.5133755396484602,1.0,0.0,0.0,0.0,0.0,0.0
80.17708333333333,0.33763082357645663,0.5132435497772282,1.0,0.0,0.0,0.0,0.0,0.0
80.1875,0.33769490310199557,0.5131116188802426,1.0,0.0,0.0,0.0,0.0,0.0
80.19791666666667,0.3377581733764671,0.5129797466040112,1.0,0.0,0.0,0.0,0.0,0.0
80.20833333333333,0.33782063072949736,0.5128479325943206,1.0,0.0,0.0,0.0,0.0,0.0
80.21875,0.3378822720686613,0.512716176496459,1.0,0.0,0.0,0.0,0.0,0.0
80.22916666666667,0.33794309486809293,0.5125844779554354,1.0,0.0,0.0,0.0,0.0,0.0
80.23958333333333,0.33800309715654203,0.512452836616192,1.0,0.0,0.0,0.0,0.0,0.0
80.25,0.33806227750492207,0.5123212521238114,1.0,0.0,0.0,0.0,0.0,0.0
80.26041666666667,0.3381206350133955,0.5121897241237183,1.0,0.0,0.0,0.0,0.0,0.0
80.27083333333333,0.3381627772243267,0.5120815594940596,1.0,0.0,0.018470488457547805,0.0,0.0,0.0
80.28125,0.3381870304199132,0.5119996017259331,1.0,0.0,0.039215167339186806,0.0,0.0,0.0
80.29166666666667,0.3381981163916097,0.5119370651639114,1.0,0.0,0.05459690744805428,0.0,0.0,0.0
80.30208333333333,0.3381955256602918,0.5118949960358914,1.0,0.0,0.07081665120676066,0.0,0.0,0.0
80.3125,0.33818317336010695,0.5118677612870479,1.0,0.0,0.08257551880814072,0.0,0.0,0.0
80.32291666666667,0.33814522559236987,0.511879540182119,1.0,0.0,0.11350418099891349,0.0,0.0,0.0
80.33333333333333,0.3380925256048172,0.511914481255145,1.0,0.0,0.1318606408134819,0.0,0.0,0.0
80.34375,0.3380247999154162,0.5119733204646331,1.0,0.0,0.15078956031630986,0.0,0.0,0.0
80.35416666666667,0.33793553328132864,0.51206625237291,1.0,0.0,0.17777595698020798,0.0,0.0,0.0
80.36458333333333,0.33783729085067676,0.5121746897056687,1.0,0.0,0.19001690473214675,0.0,0.0,0.0
80.375,0.337743342251079,0.5122786650280965,1.0,0.0,0.18644399964910208,0.0,0.0,0.0
80.38541666666667,0.33761870986923626,0.5124311201388129,1.0,0.0,0.22473783538453673,0.0,0.0,0.0
80.39583333333333,0.33752957299806985,0.5125321736818845,1.0,0.0,0.18404134539505446,0.0,0.0,0.0
80.40625,0.3373958704157338,0.5127026548056458,1.0,0.0,0.238838314835077,0.0,0.0,0.0
80.41666666666667,0.33726100909187434,0.5128774489532985,1.0,0.0,0.24214430357128683,0.0,0.0,0.0
80.42708333333333,0.33711357901030153,0.5130738555578154,1.0,0.0,0.25908398703262103,0.0,0.0,0.0
80.4375,0.33699315684998493,0.5132317545512532,1.0,0.0,0.22861864492042758,0.0,0.0,0.0
80.44791666666667,0.33685795978785216,0.5134142078534384,1.0,0.0,0.24786981032987776,0.0,0.0,0.0
80.45833333333333,0.33670574160920375,0.5136248419899065,1.0,0.0,0.2699315918506594,0.0,0.0,0.0
80.46875,0.33654805547402783,0.5138462343676066,1.0,0.0,0.2782451024130006,0.0,0.0,0.0
80.47916666666667,0.3363629134151233,0.5141119689956305,1.0,0.0,0.3129060155983726,0.0,0.0,0.0
80.48958333333333,0.3361718649399701,0.5143894219796097,1.0,0.0,0.32187461983421545,0.0,0.0,0.0
80.5,0.33600399952152743,0.5146339588264436,1.0,0.0,0.29584718354133593,0.0,0.0,0.0
80.51041666666667,0.3358172896254607,0.5149094786659973,1.0,0.0,0.3199106707381181,0.0,0.0,0.0
80.52083333333333,0.3356331127498956,0.5151832981974293,1.0,0.0,0.31834699654748366,0.0,0.0,0.0
80.53125,0.3354715232374843,0.5154243902928372,1.0,0.0,0.2925567781551083,0.0,0.0,0.0
80.54166666666667,0.3352905134636251,0.5156969086485442,1.0,0.0,0.31689890317111585,0.0,0.0,0.0
80.55208333333333,0.3351290869065085,0.5159408940148569,1.0,0.0,0.29443329419837216,0.0,0.0,0.0
80.5625,0.33496986828196573,0.5161827471630365,1.0,0.0,0.29259177844767553,0.0,0.0,0.0
80.57291666666667,0.3348306931542024,0.5163948028939354,1.0,0.0,0.26923092211755056,0.0,0.0,0.0
80.58333333333333,0.33469392123393604,0.5166039910810378,1.0,0.0,0.2668654720569348,0.0,0.0,0.0
80.59375,0.3345695107860196,0.5167948097172631,1.0,0.0,0.2524630767749518,0.0,0.0,0.0
80.60416666666667,0.3344607402866164,0.5169620134108508,1.0,0.0,0.23402030316101075,0.0,0.0,0.0
80.61458333333333,0.33437695145055707,0.5170909889914126,1.0,0.0,0.20427412598714764,0.0,0.0,0.0
80.625,0.33426592307507147,0.5172623648486165,1.0,0.0,0.23710677273070926,0.0,0.0,0.0
80.63541666666667,0.3341761169262659,0.5174011847137635,1.0,0.0,0.21178775794931512,0.0,0.0,0.0
80.64583333333333,0.3341244173591737,0.5174811601663072,1.0,0.0,0.16614198239538833,0.0,0.0,0.0
80.65625,0.33404641766911924,0.5176019504479195,1.0,0.0,0.19773427213967154,0.0,0.0,0.0
80.66666666666667,0.33402102284596386,0.5176412967361935,1.0,0.0,0.13463599726272954,0.0,0.0,0.0
80.67708333333333,0.3340009739211735,0.5176723677744467,1.0,0.0,0.12822446213859748,0.0,0.0,0.0
80.6875,0.33398960839038844,0.5176899839524302,1.0,0.0,0.11780530164656923,0.0,0.0,0.0
80.69791666666667,0.33398408041158095,0.5176985525622172,1.0,0.0,0.11080024123565917,0.0,0.0,0.0
80.70833333333333,0.3339930158561705,0.5176847023722105,1.0,0.0,0.0934441331591892,0.0,0.0,0.0
80.71875,0.33402361375509865,0.5176372803830233,1.0,0.0,0.06744918795292196,0.0,0.0,0.0
80.72916666666667,0.3340643418167971,0.5175741702032145,1.0,0.0,0.055291839109829,0.0,0.0,0.0
80.73958333333333,0.3341210107727917,0.5174863754201208,1.0,0.0,0.03615535538421179,0.0,0.0,0.0
80.75,0.33419281008386437,0.5173751575014678,1.0,0.0,0.017977200357679708,0.0,0.0,0.0
80.76041666666667,0.33427955155200273,0.5172408057657153,1.0,0.0,0.0,0.0,0.0,0.0
80.77083333333333,0.33436622238599994,0.5171065237345338,1.0,0.0,0.0,0.0,0.0,0.0
80.78125,0.3344527967334485,0.5169723113149858,1.0,0.0,0.0,0.0,0.0,0.0
80.79166666666667,0.3345392488456234,0.5168381684039659,1.0,0.0,0.0,0.0,0.0,0.0
80.80208333333333,0.33462555310807485,0.5167040948882886,1.0,0.0,0.0,0.0,0.0,0.0
80.8125,0.3347116840709032,0.5165700906447884,1.0,0.0,0.0,0.0,0.0,0.0
80.82291666666667,0.3347976164786405,0.5164361555404305,1.0,0.0,0.0,0.0,0.0,0.0
80.83333333333333,0.33488332529966397,0.5163022894324344,1.0,0.0,0.0,0.0,0.0,0.0
80.84375,0.33496878575506955,0.5161684921684065,1.0,0.0,0.0,0.0,0.0,0.0
80.85416666666667,0.33505397334693526,0.5160347635864847,1.0,0.0,0.0,0.0,0.0,0.0
80.86458333333333,0.3351388638859069,0.5159011035154929,1.0,0.0,0.0,0.0,0.0,0.0
80.875,0.3352234335180416,0.5157675117751053,1.0,0.0,0.0,0.0,0.0,0.0
80.88541666666667,0.3353076587508475,0.5156339881760204,1.0,0.0,0.0,0.0,0.0,0.0
80.89583333333333,0.3353915164784609,0.5155005325201442,1.0,0.0,0.0,0.0,0.0,0.0
80.90625,0.3354749840059066,0.515367144600782,1.0,0.0,0.0,0.0,0.0,0.0
80.91666666666667,0.3355580390723903,0.5152338242028389,1.0,0.0,0.0,0.0,0.0,0.0
80.92708333333333,0.33564065987357505,0.5151005711030274,1.0,0.0,0.0,0.0,0.0,0.0
80.9375,0.33572282508279955,0.5149673850700832,1.0,0.0,0.0,0.0,0.0,0.0
80.94791666666667,0.3358045138711985,0.5148342658649877,1.0,0.0,0.0,0.0,0.0,0.0
80.95833333333333,0.33588570592669054,0.5147012132411966,1.0,0.0,0.0,0.0,0.0,0.0
80.96875,0.3359663814718033,0.5145682269448749,1.0,0.0,0.0,0.0,0.0,0.0
80.97916666666667,0.33604652128030893,0.514435306715137,1.0,0.0,0.0,0.0,0.0,0.0
80.98958333333333,0.3361261066926489,0.514302452284292,1.0,0.0,0.0,0.0,0.0,0.0
81.0,0.33620511963013067,0.5141696633780932,1.0,0.0,0.0,0.0,0.0,0.0
81.01041666666667,0.33628354260788257,0.5140369397159918,1.0,0.0,0.0,0.0,0.0,0.0
81.02083333333333,0.3363613587465593,0.513904281011394,1.0,0.0,0.0,0.0,0.0,0.0
81.03125,0.3364385517827927,0.5137716869719202,1.0,0.0,0.0,0.0,0.0,0.0
81.04166666666667,0.33651510607838797,0.5136391572996686,1.0,0.0,0.0,0.0,0.0,0.0
81.05208333333333,0.3365910066282694,0.5135066916914781,1.0,0.0,0.0,0.0,0.0,0.0
81.0625,0.33666623906718307,0.5133742898391948,1.0,0.0,0.0,0.0,0.0,0.0
81.07291666666667,0.3367407896751679,0.5132419514299381,1.0,0.0,0.0,0.0,0.0,0.0
81.08333333333333,0.3368146453818113,0.5131096761463685,1.0,0.0,0.0,0.0,0.0,0.0
81.09375,0.3368877937693066,0.5129774636669537,1.0,0.0,0.0,0.0,0.0,0.0
81.10416666666667,0.3369602230743363,0.5128453136662361,1.0,0.0,0.0,0.0,0.0,0.0
81.11458333333333,0.33703192218880407,0.512713225815098,1.0,0.0,0.0,0.0,0.0,0.0
81.125,0.3371028806594452,0.5125811997810266,1.0,0.0,0.0,0.0,0.0,0.0
81.13541666666667,0.33717308868634593,0.5124492352283759,1.0,0.0,0.0,0.0,0.0,0.0
81.14583333333333,0.337242537120404,0.5123173318186286,1.0,0.0,0.0,0.0,0.0,0.0
81.15625,0.3373112174597671,0.5121854892106531,1.0,0.0,0.0,0.0,0.0,0.0
81.16666666666667,0.3373791218452862,0.5120537070609598,1.0,0.0,0.0,0.0,0.0,0.0
81.17708333333333,0.33744624305502274,0.5119219850239524,1.0,0.0,0.0,0.0,0.0,0.0
81.1875,0.33751257449785155,0.5117903227521772,1.0,0.0,0.0,0.0,0.0,0.0
81.19791666666667,0.3375781102062008,0.5116587198965675,1.0,0.0,0.0,0.0,0.0,0.0
81.20833333333333,0.33764284482797347,0.5115271761066847,1.0,0.0,0.0,0.0,0.0,0.0
81.21875,0.3377067736176936,0.5113956910309546,1.0,0.0,0.0,0.0,0.0,0.0
81.22916666666667,0.3377698924269236,0.5112642643168988,1.0,0.0,0.0,0.0,0.0,0.0
81.23958333333333,0.3378321976939976,0.5111328956113619,1.0,0.0,0.0,0.0,0.0,0.0
81.25,0.33789368643311657,0.5110015845607334,1.0,0.0,0.0,0.0,0.0,0.0
81.26041666666667,0.33795435622285236,0.5108703308111641,1.0,0.0,0.0,0.0,0.0,0.0
81.27083333333333,0.33799875219245845,0.5107624845466944,1.0,0.0,0.018543601976632674,0.0,0.0,0.0
81.28125,0.3380230101358709,0.5106841781802659,1.0,0.0,0.041978809506930274,0.0,0.0,0.0
81.29166666666667,0.3380336339546476,0.5106259772364762,1.0,0.0,0.05793721049131288,0.0,0.0,0.0
81.30208333333333,0.3380322409846938,0.5105857121592676,1.0,0.0,0.07218029333899595,0.0,0.0,0.0
81.3125,0.3380133237866901,0.5105719484680203,1.0,0.0,0.09323260976234514,0.0,0.0,0.0
81.32291666666667,0.33799552314175774,0.5105568941156959,1.0,0.0,0.09220759910399186,0.0,0.0,0.0
81.33333333333333,0.33793997816679444,0.510599232850075,1.0,0.0,0.13779571244770733,0.0,0.0,0.0
81.34375,0.33787129440492353,0.5106625876696458,1.0,0.0,0.15447408630538637,0.0,0.0,0.0
81.35416666666667,0.3378071287822329,0.5107205304728034,1.0,0.0,0.1501621848993841,0.0,0.0,0.0
81.36458333333333,0.33773617339683215,0.5107900438015043,1.0,0.0,0.15932912261201512,0.0,0.0,0.0
81.375,0.3376213895327827,0.5109272946351647,1.0,0.0,0.21303053604857222,0.0,0.0,0.0
81.38541666666667,0.33753623959302875,0.5110219639986219,1.0,0.0,0.1792168930644039,0.0,0.0,0.0
81.39583333333333,0.3374051259994161,0.5111878939449856,1.0,0.0,0.23563408310848719,0.0,0.0,0.0
81.40625,0.33727688448133786,0.5113519658034025,1.0,0.0,0.23407031867419067,0.0,0.0,0.0
81.41666666666667,0.33715406548714966,0.5115101664003114,1.0,0.0,0.22933596995055378,0.0,0.0,0.0
81.42708333333333,0.3370290476261006,0.5116738783960919,1.0,0.0,0.2336085467633561,0.0,0.0,0.0
81.4375,0.33687915683357483,0.5118775182784225,1.0,0.0,0.2650551577632442,0.0,0.0,0.0
81.44791666666667,0.33671063485966907,0.5121119857256399,1.0,0.0,0.289244573440854,0.0,0.0,0.0
81.45833333333333,0.3365460307935566,0.5123431846140143,1.0,0.0,0.28649179173721206,0.0,0.0,0.0
81.46875,0.3364009494614375,0.512547126036627,1.0,0.0,0.26485447966788017,0.0,0.0,0.0
81.47916666666667,0.33626345491224224,0.5127415538653907,1.0,0.0,0.2572350659064131,0.0,0.0,0.0
81.48958333333333,0.33609561022020973,0.5129841408972715,1.0,0.0,0.2949819479252943,0.0,0.0,0.0
81.5,0.3359341527698261,0.5132191318243371,1.0,0.0,0.28883080350558554,0.0,0.0,0.0
81.51041666666667,0.33579848086245206,0.5134166301854572,1.0,0.0,0.25923411179772793,0.0,0.0,0.0
81.52083333333333,0.3356793155434423,0.5135903633541667,1.0,0.0,0.2404738162154112,0.0,0.0,0.0
81.53125,0.33553276216038747,0.5138072469201584,1.0,0.0,0.2741968241387196,0.0,0.0,0.0
81.54166666666667,0.3353684898852248,0.5140527181889468,1.0,0.0,0.29643330957731395,0.0,0.0,0.0
81.55208333333333,0.33521640240391554,0.5142809927600809,1.0,0.0,0.28279748281817146,0.0,0.0,0.0
81.5625,0.33509140888838224,0.5144689115952602,1.0,0.0,0.2510979858249953,0.0,0.0,0.0
81.57291666666667,0.3349428391729863,0.5146939591100763,1.0,0.0,0.279986161751754,0.0,0.0,0.0
81.58333333333333,0.3348429068731402,0.5148452115429288,1.0,0.0,0.22224647714400428,0.0,0.0,0.0
81.59375,0.33470904177987615,0.5150492371315103,1.0,0.0,0.2633349938957816,0.0,0.0,0.0
81.60416666666667,0.33459534121295287,0.5152229245745642,1.0,0.0,0.23956733537941255,0.0,0.0,0.0
81.61458333333333,0.3345195876368424,0.5153386582307635,1.0,0.0,0.19433775130022787,0.0,0.0,0.0
81.625,0.334411178682448,0.5155050028015662,1.0,0.0,0.23369892612610477,0.0,0.0,0.0
81.63541666666667,0.3343334420276919,0.5156244146876564,1.0,0.0,0.19710090399568084,0.0,0.0,0.0
81.64583333333333,0.3342517840806392,0.5157500864221528,1.0,0.0,0.201926199227329,0.0,0.0,0.0
81.65625,0.33419552445762973,0.515836740905411,1.0,0.0,0.17154706948140694,0.0,0.0,0.0
81.66666666666667,0.33416923178947,0.5158772255669926,1.0,0.0,0.13563878298687226,0.0,0.0,0.0
81.67708333333333,0.334144019321735,0.515916074289315,1.0,0.0,0.13436238203226247,0.0,0.0,0.0
81.6875,0.33411696133993435,0.5159577997986938,1.0,0.0,0.13659333704685248,0.0,0.0,0.0
81.69791666666667,0.33411773940084194,0.5159565618686255,1.0,0.0,0.10320469404917298,0.0,0.0,0.0
81.70833333333333,0.33413935741524475,0.5159231438161384,1.0,0.0,0.07819637208910905,0.0,0.0,0.0
81.71875,0.33415828214846555,0.5158938733146688,1.0,0.0,0.08141681191199845,0.0,0.0,0.0
81.72916666666667,0.3341930788884398,0.5158400909138786,1.0,0.0,0.06235875141937866,0.0,0.0,0.0
81.73958333333333,0.3342536242748786,0.5157465544898124,1.0,0.0,0.031435083457369645,0.0,0.0,0.0
81.75,0.3343254961567078,0.5156355104105717,1.0,0.0,0.017787339694713907,0.0,0.0,0.0
81.76041666666667,0.33441211906843055,0.5155016635061291,1.0,0.0,0.0,0.0,0.0,0.0
81.77083333333333,0.3344986318323266,0.5153678859536012,1.0,0.0,0.0,0.0,0.0,0.0
81.78125,0.33458500876704267,0.5152341776448501,1.0,0.0,0.0,0.0,0.0,0.0
81.79166666666667,0.33467122434159047,0.5151005384617394,1.0,0.0,0.0,0.0,0.0,0.0
81.80208333333333,0.3347572532054223,0.5149669682762392,1.0,0.0,0.0,0.0,0.0,0.0
81.8125,0.33484307021807386,0.514833466950544,1.0,0.0,0.0,0.0,0.0,0.0
81.82291666666667,0.33492865047830006,0.5147000343371997,1.0,0.0,0.0,0.0,0.0,0.0
81.83333333333333,0.3350139693526342,0.5145666702792429,1.0,0.0,0.0,0.0,0.0,0.0
81.84375,0.3350990025033002,0.5144333746103502,1.0,0.0,0.0,0.0,0.0,0.0
81.85416666666667,0.33518372591541284,0.5143001471549975,1.0,0.0,0.0,0.0,0.0,0.0
81.86458333333333,0.3352681159234027,0.5141669877286287,1.0,0.0,0.0,0.0,0.0,0.0
81.875,0.33535214923660583,0.5140338961378347,1.0,0.0,0.0,0.0,0.0,0.0
81.88541666666667,0.33543580296396164,0.5139008721805399,1.0,0.0,0.0,0.0,0.0,0.0
81.89583333333333,0.3355190546377663,0.5137679156461986,1.0,0.0,0.0,0.0,0.0,0.0
81.90625,0.3356018822364324,0.5136350263159986,1.0,0.0,0.0,0.0,0.0,0.0
81.91666666666667,0.3356842642062095,0.5135022039630724,1.0,0.0,0.0,0.0,0.0,0.0
81.92708333333333,0.33576617948182547,0.5133694483527166,1.0,0.0,0.0,0.0,0.0,0.0
81.9375,0.33584760750601056,0.5132367592426157,1.0,0.0,0.0,0.0,0.0,0.0
81.94791666666667,0.33592852824787256,0.5131041363830748,1.0,0.0,0.0,0.0,0.0,0.0
81.95833333333333,0.3360089222200944,0.5129715795172562,1.0,0.0,0.0,0.0,0.0,0.0
81.96875,0.3360887704949304,0.5128390883814214,1.0,0.0,0.0,0.0,0.0,0.0
81.97916666666667,0.33616805471898226,0.5127066627051782,1.0,0.0,0.0,0.0,0.0,0.0
81.98958333333333,0.3362467571267387,0.5125743022117315,1.0,0.0,0.0,0.0,0.0,0.0
82.0,0.3363248605528691,0.5124420066181383,1.0,0.0,0.0,0.0,0.0,0.0
82.01041666666667,0.3364023484432643,0.5123097756355655,1.0,0.0,0.0,0.0,0.0,0.0
82.02083333333333,0.3364792048648222,0.5121776089695499,1.0,0.0,0.0,0.0,0.0,0.0
82.03125,0.33655541451398074,0.5120455063202612,1.0,0.0,0.0,0.0,0.0,0.0
82.04166666666667,0.33663096272400317,0.5119134673827667,1.0,0.0,0.0,0.0,0.0,0.0
82.05208333333333,0.3367058354710268,0.5117814918472955,1.0,0.0,0.0,0.0,0.0,0.0
82.0625,0.3367800193788873,0.5116495793995061,1.0,0.0,0.0,0.0,0.0,0.0
82.07291666666667,0.3368535017227373,0.5115177297207514,1.0,0.0,0.0,0.0,0.0,0.0
82.08333333333333,0.3369262704314782,0.5113859424883457,1.0,0.0,0.0,0.0,0.0,0.0
82.09375,0.3369983140890299,0.51125421737583,1.0,0.0,0.0,0.0,0.0,0.0
82.10416666666667,0.3370696219344651,0.5111225540532359,1.0,0.0,0.0,0.0,0.0,0.0
82.11458333333333,0.33714018386103717,0.5109909521873489,1.0,0.0,0.0,0.0,0.0,0.0
82.125,0.3372099904141341,0.5108594114419693,1.0,0.0,0.0,0.0,0.0,0.0
82.13541666666667,0.3372790327881929,0.5107279314781707,1.0,0.0,0.0,0.0,0.0,0.0
82.14583333333333,0.33734730282261105,0.5105965119545559,1.0,0.0,0.0,0.0,0.0,0.0
82.15625,0.3374147929966935,0.5104651525275098,1.0,0.0,0.0,0.0,0.0,0.0
82.16666666666667,0.3374814964236754,0.510333852851449,1.0,0.0,0.0,0.0,0.0,0.0
82.17708333333333,0.33754740684386214,0.5102026125790683,1.0,0.0,0.0,0.0,0.0,0.0
82.1875,0.3376125186169302,0.5100714313615818,1.0,0.0,0.0,0.0,0.0,0.0
82.19791666666667,0.3376768267134322,0.5099403088489615,1.0,0.0,0.0,0.0,0.0,0.0
82.20833333333333,0.33774032670555104,0.5098092446901695,1.0,0.0,0.0,0.0,0.0,0.0
82.21875,0.33780301475714913,0.5096782385333877,1.0,0.0,0.0,0.0,0.0,0.0
82.22916666666667,0.3378648876131577,0.5095472900262403,1.0,0.0,0.0,0.0,0.0,0.0
82.23958333333333,0.33792594258835296,0.5094163988160131,1.0,0.0,0.0,0.0,0.0,0.0
82.25,0.3379861775555648,0.5092855645498661,1.0,0.0,0.0,0.0,0.0,0.0
82.26041666666667,0.3380455909333645,0.5091547868750409,1.0,0.0,0.0,0.0,0.0,0.0
82.27083333333333,0.338087263564507,0.509049537337692,1.0,0.0,0.020301730523092695,0.0,0.0,0.0
82.28125,0.3381176556924116,0.5089604226316297,1.0,0.0,0.03313722070956966,0.0,0.0,0.0
82.29166666666667,0.33812423711990347,0.5089065191630474,1.0,0.0,0.061194203468311746,0.0,0.0,0.0
82.30208333333333,0.33811489511843856,0.5088764459828028,1.0,0.0,0.08019010562517198,0.0,0.0,0.0
82.3125,0.33810627540160504,0.508845486425304,1.0,0.0,0.07948259078156353,0.0,0.0,0.0
82.32291666666667,0.33806594012617647,0.5088624461259209,1.0,0.0,0.11768785677944697,0.0,0.0,0.0
82.33333333333333,0.33801008507043573,0.5089036291628217,1.0,0.0,0.13699349107614164,0.0,0.0,0.0
82.34375,0.337938193697242,0.5089701445437028,1.0,0.0,0.15717022894433372,0.0,0.0,0.0
82.35416666666667,0.3378509051367754,0.5090613655541014,1.0,0.0,0.1768289269450323,0.0,0.0,0.0
82.36458333333333,0.33777877508914456,0.5091315436542994,1.0,0.0,0.16004520939716135,0.0,0.0,0.0
82.375,0.3376903259940751,0.5092277842058351,1.0,0.0,0.18076652450782002,0.0,0.0,0.0
82.38541666666667,0.3376021079493442,0.5093254374311349,1.0,0.0,0.18185591080873975,0.0,0.0,0.0
82.39583333333333,0.3374814684889509,0.5094737482877406,1.0,0.0,0.22209244535757694,0.0,0.0,0.0
82.40625,0.33733418131123777,0.5096646379217241,1.0,0.0,0.2558375198568009,0.0,0.0,0.0
82.41666666666667,0.33718873778312863,0.5098555105044449,1.0,0.0,0.25570180673238696,0.0,0.0,0.0
82.42708333333333,0.3370794804925086,0.509994256128628,1.0,0.0,0.2142409177987591,0.0,0.0,0.0
82.4375,0.3369128926246989,0.5102216781205042,1.0,0.0,0.28445434687178955,0.0,0.0,0.0
82.44791666666667,0.3367718421332894,0.5104132139855879,1.0,0.0,0.255874574546495,0.0,0.0,0.0
82.45833333333333,0.33661636467191747,0.5106288819143295,1.0,0.0,0.27484568239769014,0.0,0.0,0.0
82.46875,0.3364563895844165,0.5108537612612704,1.0,0.0,0.2819758643292848,0.0,0.0,0.0
82.47916666666667,0.33632175693811794,0.5110424609294492,1.0,0.0,0.2532437029883382,0.0,0.0,0.0
82.48958333333333,0.3361810303137089,0.5112422588266403,1.0,0.0,0.26188725092518256,0.0,0.0,0.0
82.5,0.33603964901141686,0.5114448768498504,1.0,0.0,0.263983712055204,0.0,0.0,0.0
82.51041666666667,0.3358828837088622,0.511672661199881,1.0,0.0,0.2836789491787416,0.0,0.0,0.0
82.52083333333333,0.3357093201304377,0.5119278836668238,1.0,0.0,0.3051089503332893,0.0,0.0,0.0
82.53125,0.33554369046769345,0.5121728947777093,1.0,0.0,0.2968780269384995,0.0,0.0,0.0
82.54166666666667,0.33537763606003945,0.5124202116394777,1.0,0.0,0.2985023184827672,0.0,0.0,0.0
82.55208333333333,0.33523832710927615,0.5126281478960798,1.0,0.0,0.2674112879175204,0.0,0.0,0.0
82.5625,0.335132218371387,0.5127864113384122,1.0,0.0,0.22832491759433385,0.0,0.0,0.0
82.57291666666667,0.33498748930415645,0.5130045743799909,1.0,0.0,0.2751896608993594,0.0,0.0,0.0
82.58333333333333,0.33484000436617256,0.5132279588788038,1.0,0.0,0.2791313440827429,0.0,0.0,0.0
82.59375,0.33469679653170453,0.5134456901953454,1.0,0.0,0.274556388170518,0.0,0.0,0.0
82.60416666666667,0.3346009268314988,0.5135915180357616,1.0,0.0,0.21820590741103912,0.0,0.0,0.0
82.61458333333333,0.33450130800037037,0.5137435164350691,1.0,0.0,0.2229622345765346,0.0,0.0,0.0
82.625,0.3343996624397331,0.5138990105411431,1.0,0.0,0.2256214586063481,0.0,0.0,0.0
82.63541666666667,0.334309336336774,0.514037436193581,1.0,0.0,0.21222755890261433,0.0,0.0,0.0
82.64583333333333,0.33424080221830865,0.514142582864425,1.0,0.0,0.1862096584154929,0.0,0.0,0.0
82.65625,0.3341625341170301,0.5142628523889962,1.0,0.0,0.1979684339908546,0.0,0.0,0.0
82.66666666666667,0.3341246723930826,0.5143210565855943,1.0,0.0,0.1495460862298947,0.0,0.0,0.0
82.67708333333333,0.3340869809116576,0.5143790407107514,1.0,0.0,0.14936429036827373,0.0,0.0,0.0
82.6875,0.33406925940812915,0.5144063070961921,1.0,0.0,0.1254168198882919,0.0,0.0,0.0
82.69791666666667,0.3340631384960437,0.5144157196341799,1.0,0.0,0.1115018379615399,0.0,0.0,0.0
82.70833333333333,0.3340689961072649,0.5144066892166821,1.0,0.0,0.09712928644806106,0.0,0.0,0.0
82.71875,0.33408897050223557,0.5143759214128465,1.0,0.0,0.08018754480014283,0.0,0.0,0.0
82.72916666666667,0.33413623981450125,0.5143031330938107,1.0,0.0,0.047427116747862486,0.0,0.0,0.0
82.73958333333333,0.3341920722462494,0.5142171608234353,1.0,0.0,0.03712935109835058,0.0,0.0,0.0
82.75,0.33426332876273845,0.5141074448493657,1.0,0.0,0.018582529445950232,0.0,0.0,0.0
82.76041666666667,0.33435001477922216,0.5139739698070664,1.0,0.0,0.0,0.0,0.0,0.0
82.77083333333333,0.3344366091386031,0.5138405639693948,1.0,0.0,0.0,0.0,0.0,0.0
82.78125,0.3345230860704251,0.5137072272357592,1.0,0.0,0.0,0.0,0.0,0.0
82.79166666666667,0.3346094199328056,0.5135739594955322,1.0,0.0,0.0,0.0,0.0,0.0
82.80208333333333,0.33469558524277637,0.5134407606281478,1.0,0.0,0.0,0.0,0.0,0.0
82.8125,0.33478155670624404,0.5133076305032099,1.0,0.0,0.0,0.0,0.0,0.0
82.82291666666667,0.33486730924749664,0.5131745689806121,1.0,0.0,0.0,0.0,0.0,0.0
82.83333333333333,0.33495281803818366,0.5130415759106679,1.0,0.0,0.0,0.0,0.0,0.0
82.84375,0.3350380585256988,0.512908651134253,1.0,0.0,0.0,0.0,0.0,0.0
82.85416666666667,0.3351230064608973,0.5127757944829561,1.0,0.0,0.0,0.0,0.0,0.0
82.86458333333333,0.3352076379250835,0.5126430057792407,1.0,0.0,0.0,0.0,0.0,0.0
82.875,0.33529192935620483,0.5125102848366169,1.0,0.0,0.0,0.0,0.0,0.0
82.88541666666667,0.3353758575741951,0.5123776314598205,1.0,0.0,0.0,0.0,0.0,0.0
82.89583333333333,0.3354593998054102,0.5122450454450036,1.0,0.0,0.0,0.0,0.0,0.0
82.90625,0.3355425337061052,0.5121125265799307,1.0,0.0,0.0,0.0,0.0,0.0
82.91666666666667,0.33562523738490446,0.511980074644185,1.0,0.0,0.0,0.0,0.0,0.0
82.92708333333333,0.3357074894242208,0.5118476894093811,1.0,0.0,0.0,0.0,0.0,0.0
82.9375,0.335789268900584,0.5117153706393844,1.0,0.0,0.0,0.0,0.0,0.0
82.94791666666667,0.3358705554038435,0.5115831180905378,1.0,0.0,0.0,0.0,0.0,0.0
82.95833333333333,0.33595132905521224,0.5114509315118938,1.0,0.0,0.0,0.0,0.0,0.0
82.96875,0.33603157052412747,0.5113188106454525,1.0,0.0,0.0,0.0,0.0,0.0
82.97916666666667,0.3361112610439029,0.5111867552264039,1.0,0.0,0.0,0.0,0.0,0.0
82.98958333333333,0.3361903824261563,0.5110547649833759,1.0,0.0,0.0,0.0,0.0,0.0
83.0,0.33626891707399775,0.5109228396386853,1.0,0.0,0.0,0.0,0.0,0.0
83.01041666666667,0.33634684799396913,0.5107909789085926,1.0,0.0,0.0,0.0,0.0,0.0
83.02083333333333,0.3364241588067297,0.5106591825035598,1.0,0.0,0.0,0.0,0.0,0.0
83.03125,0.3365008337564871,0.5105274501285106,1.0,0.0,0.0,0.0,0.0,0.0
83.04166666666667,0.33657685771917634,0.5103957814830932,1.0,0.0,0.0,0.0,0.0,0.0
83.05208333333333,0.33665221620939423,0.5102641762619433,1.0,0.0,0.0,0.0,0.0,0.0
83.0625,0.33672689538610007,0.5101326341549498,1.0,0.0,0.0,0.0,0.0,0.0
83.07291666666667,0.33680088205709696,0.5100011548475194,1.0,0.0,0.0,0.0,0.0,0.0
83.08333333333333,0.33687416368231227,0.5098697380208427,1.0,0.0,0.0,0.0,0.0,0.0
83.09375,0.33694672837589823,0.5097383833521589,1.0,0.0,0.0,0.0,0.0,0.0
83.10416666666667,0.3370185649071776,0.5096070905150208,1.0,0.0,0.0,0.0,0.0,0.0
83.11458333333333,0.3370896627004616,0.5094758591795571,1.0,0.0,0.0,0.0,0.0,0.0
83.125,0.33716001183377087,0.5093446890127342,1.0,0.0,0.0,0.0,0.0,0.0
83.13541666666667,0.3372296030364915,0.5092135796786161,1.0,0.0,0.0,0.0,0.0,0.0
83.14583333333333,0.33729842768600193,0.509082530838621,1.0,0.0,0.0,0.0,0.0,0.0
83.15625,0.3373664778033075,0.5089515421517757,1.0,0.0,0.0,0.0,0.0,0.0
83.16666666666667,0.3374337460477216,0.5088206132749671,1.0,0.0,0.0,0.0,0.0,0.0
83.17708333333333,0.33750022571063476,0.5086897438631897,1.0,0.0,0.0,0.0,0.0,0.0
83.1875,0.33756591070841263,0.5085589335697901,1.0,0.0,0.0,0.0,0.0,0.0
83.19791666666667,0.3376307955744671,0.5084281820467066,1.0,0.0,0.0,0.0,0.0,0.0
83.20833333333333,0.3376948754505445,0.5082974889447051,1.0,0.0,0.0,0.0,0.0,0.0
83.21875,0.33775814607727545,0.5081668539136102,1.0,0.0,0.0,0.0,0.0,0.0
83.22916666666667,0.33782060378403284,0.5080362766025321,1.0,0.0,0.0,0.0,0.0,0.0
83.23958333333333,0.33788224547814294,0.5079057566600874,1.0,0.0,0.0,0.0,0.0,0.0
83.25,0.3379430686334963,0.5077752937346158,1.0,0.0,0.0,0.0,0.0,0.0
83.26041666666667,0.3380030712786046,0.5076448874743907,1.0,0.0,0.0,0.0,0.0,0.0
83.27083333333333,0.33804614083075474,0.5075387254820005,1.0,0.0,0.01933338407267644,0.0,0.0,0.0
83.28125,0.33807348677703963,0.50745530240214,1.0,0.0,0.03748454748214683,0.0,0.0,0.0
83.29166666666667,0.338091700873169,0.507385029364935,1.0,0.0,0.0479834389537376,0.0,0.0,0.0
83.30208333333333,0.3380795241244324,0.5073599889100436,1.0,0.0,0.08414479471480997,0.0,0.0,0.0
83.3125,0.33806935865947196,0.5073321879095907,1.0,0.0,0.08193708625357349,0.0,0.0,0.0
83.32291666666667,0.3380480658219658,0.507321300616534,1.0,0.0,0.09546129740949123,0.0,0.0,0.0
83.33333333333333,0.33799728618568475,0.5073551177391118,1.0,0.0,0.13120301379581112,0.0,0.0,0.0
83.34375,0.3379386313484387,0.507401823566109,1.0,0.0,0.14149839594151983,0.0,0.0,0.0
83.35416666666667,0.33787276626783047,0.5074605758834844,1.0,0.0,0.15111361973064508,0.0,0.0,0.0
83.36458333333333,0.3377751321483851,0.5075684131042099,1.0,0.0,0.19030080171979757,0.0,0.0,0.0
83.375,0.33766447876730177,0.5076978137345965,1.0,0.0,0.20746859472275267,0.0,0.0,0.0
83.38541666666667,0.33757720068390534,0.5077942599621081,1.0,0.0,0.18112121707623488,0.0,0.0,0.0
83.39583333333333,0.3374576353846427,0.5079409829013288,1.0,0.0,0.22117336807310942,0.0,0.0,0.0
83.40625,0.33734995502176274,0.5080720834318652,1.0,0.0,0.2086514621100187,0.0,0.0,0.0
83.41666666666667,0.3372342546792227,0.5082172494395629,1.0,0.0,0.21979187499546107,0.0,0.0,0.0
83.42708333333333,0.33709925880038044,0.5083935852911966,1.0,0.0,0.24452243369625015,0.0,0.0,0.0
83.4375,0.33696207389616,0.5085755806558598,1.0,0.0,0.2489179868029286,0.0,0.0,0.0
83.44791666666667,0.33679750828157234,0.5088012405080677,1.0,0.0,0.283494999760749,0.0,0.0,0.0
83.45833333333333,0.3366178249390855,0.5090524413525878,1.0,0.0,0.30359703398436716,0.0,0.0,0.0
83.46875,0.3364396209129407,0.5093041991068485,1.0,0.0,0.3038347790843013,0.0,0.0,0.0
83.47916666666667,0.3362942216965154,0.509508861685648,1.0,0.0,0.2663334253978178,0.0,0.0,0.0
83.48958333333333,0.33611560919616124,0.5097658611309066,1.0,0.0,0.30761323633862825,0.0,0.0,0.0
83.5,0.3359734099614428,0.5099699101204329,1.0,0.0,0.26554671983439043,0.0,0.0,0.0
83.51041666666667,0.3358187705642085,0.5101945484421513,1.0,0.0,0.28167776335844713,0.0,0.0,0.0
83.52083333333333,0.3356414170319761,0.5104554679557517,1.0,0.0,0.3101478451254177,0.0,0.0,0.0
83.53125,0.3355037339968526,0.5106578805499986,1.0,0.0,0.2638127524255911,0.0,0.0,0.0
83.54166666666667,0.33535340904146205,0.5108808513469949,1.0,0.0,0.27987886789748745,0.0,0.0,0.0
83.55208333333333,0.335196195192938,0.5111156521453153,1.0,0.0,0.28903403999118826,0.0,0.0,0.0
83.5625,0.33507711225759235,0.5112935347220087,1.0,0.0,0.24410614189702307,0.0,0.0,0.0
83.57291666666667,0.3349624286450905,0.5114655372671184,1.0,0.0,0.23938697280509896,0.0,0.0,0.0
83.58333333333333,0.33483953686742696,0.5116508146743228,1.0,0.0,0.24972064057109344,0.0,0.0,0.0
83.59375,0.3347350063817665,0.5118087349028898,1.0,0.0,0.22814519389917148,0.0,0.0,0.0
83.60416666666667,0.3346032816902631,0.5120087962813269,1.0,0.0,0.26111872129055574,0.0,0.0,0.0
83.61458333333333,0.334480899090366,0.5121951738198067,1.0,0.0,0.2502728908419301,0.0,0.0,0.0
83.625,0.3344063572596823,0.5123087355528856,1.0,0.0,0.19313845107398384,0.0,0.0,0.0
83.63541666666667,0.33430258835135634,0.5124673220708746,1.0,0.0,0.22834776239009738,0.0,0.0,0.0
83.64583333333333,0.33424008600042693,0.5125629106187014,1.0,0.0,0.17898007951144954,0.0,0.0,0.0
83.65625,0.33417185940483896,0.5126674062218899,1.0,0.0,0.18591933966042942,0.0,0.0,0.0
83.66666666666667,0.3341340829684563,0.5127252891058323,1.0,0.0,0.1494372903363683,0.0,0.0,0.0
83.67708333333333,0.33410229023315424,0.512774031808573,1.0,0.0,0.14228075769472737,0.0,0.0,0.0
83.6875,0.33408709495454714,0.51279732661738,1.0,0.0,0.12237935573230908,0.0,0.0,0.0
83.69791666666667,0.33408045788637863,0.5128074941234976,1.0,0.0,0.11211545638856452,0.0,0.0,0.0
83.70833333333333,0.3341018047679386,0.5127747120090784,1.0,0.0,0.0785370172163228,0.0,0.0,0.0
83.71875,0.3341280927872911,0.5127343412843622,1.0,0.0,0.0725996031482739,0.0,0.0,0.0
83.72916666666667,0.33417179360346266,0.5126672458187101,1.0,0.0,0.05169174475662499,0.0,0.0,0.0
83.73958333333333,0.33422775831789764,0.5125813242918008,1.0,0.0,0.036947956134133875,0.0,0.0,0.0
83.75,0.33429903144527884,0.5124719039571244,1.0,0.0,0.018531603110727667,0.0,0.0,0.0
83.76041666666667,0.3343856828496017,0.5123388677339509,1.0,0.0,0.0,0.0,0.0,0.0
83.77083333333333,0.3344722319721433,0.512205900462545,1.0,0.0,0.0,0.0,0.0,0.0
83.78125,0.3345586530916925,0.512073002038494,1.0,0.0,0.0,0.0,0.0,0.0
83.79166666666667,0.3346449206281459,0.5119401723474187,1.0,0.0,0.0,0.0,0.0,0.0
83.80208333333333,0.33473100917270066,0.5118074112650749,1.0,0.0,0.0,0.0,0.0,0.0
83.8125,0.33481689351763766,0.511674718657466,1.0,0.0,0.0,0.0,0.0,0.0
83.82291666666667,0.33490254868561964,0.511542094380968,1.0,0.0,0.0,0.0,0.0,0.0
83.83333333333333,0.3349879499584337,0.5114095382824626,1.0,0.0,0.0,0.0,0.0,0.0
83.84375,0.3350730729051081,0.5112770501994837,1.0,0.0,0.0,0.0,0.0,0.0
83.85416666666667,0.33515789340933716,0.5111446299603721,1.0,0.0,0.0,0.0,0.0,0.0
83.86458333333333,0.3352423876961489,0.5110122773844409,1.0,0.0,0.0,0.0,0.0,0.0
83.875,0.3353265323577562,0.5108799922821492,1.0,0.0,0.0,0.0,0.0,0.0
83.88541666666667,0.3354103043785327,0.5107477744552864,1.0,0.0,0.0,0.0,0.0,0.0
83.89583333333333,0.3354936811590597,0.5106156236971643,1.0,0.0,0.0,0.0,0.0,0.0
83.90625,0.3355766405391944,0.5104835397928164,1.0,0.0,0.0,0.0,0.0,0.0
83.91666666666667,0.33565916082011227,0.5103515225192063,1.0,0.0,0.0,0.0,0.0,0.0
83.92708333333333,0.3357412207852819,0.5102195716454433,1.0,0.0,0.0,0.0,0.0,0.0
83.9375,0.33582279972033385,0.5100876869330031,1.0,0.0,0.0,0.0,0.0,0.0
83.94791666666667,0.3359038774317898,0.5099558681359568,1.0,0.0,0.0,0.0,0.0,0.0
83.95833333333333,0.33598443426462227,0.5098241150012045,1.0,0.0,0.0,0.0,0.0,0.0
83.96875,0.3360644511186202,0.5096924272687144,1.0,0.0,0.0,0.0,0.0,0.0
83.97916666666667,0.33614390946353895,0.5095608046717673,1.0,0.0,0.0,0.0,0.0,0.0
83.98958333333333,0.3362227913530189,0.5094292469372043,1.0,0.0,0.0,0.0,0.0,0.0
84.0,0.3363010794372605,0.5092977537856788,1.0,0.0,0.0,0.0,0.0,0.0
84.01041666666667,0.33637875697444786,0.5091663249319122,1.0,0.0,0.0,0.0,0.0,0.0
84.02083333333333,0.3364558078409175,0.5090349600849521,1.0,0.0,0.0,0.0,0.0,0.0
84.03125,0.3365322165400734,0.5089036589484318,1.0,0.0,0.0,0.0,0.0,0.0
84.04166666666667,0.3366079682100524,0.5087724212208339,1.0,0.0,0.0,0.0,0.0,0.0
84.05208333333333,0.33668304863014903,0.5086412465957522,1.0,0.0,0.0,0.0,0.0,0.0
84.0625,0.3367574442260122,0.5085101347621572,1.0,0.0,0.0,0.0,0.0,0.0
84.07291666666667,0.3368311420736298,0.5083790854046604,1.0,0.0,0.0,0.0,0.0,0.0
84.08333333333333,0.3369041299021202,0.5082480982037786,1.0,0.0,0.0,0.0,0.0,0.0
84.09375,0.3369763960953546,0.5081171728361984,1.0,0.0,0.0,0.0,0.0,0.0
84.10416666666667,0.3370479296924347,0.5079863089750389,1.0,0.0,0.0,0.0,0.0,0.0
84.11458333333333,0.3371187203870549,0.5078555062901136,1.0,0.0,0.0,0.0,0.0,0.0
84.125,0.33718875852578095,0.5077247644481904,1.0,0.0,0.0,0.0,0.0,0.0
84.13541666666667,0.33725803510527774,0.507594083113249,1.0,0.0,0.0,0.0,0.0,0.0
84.14583333333333,0.337326541768523,0.5074634619467367,1.0,0.0,0.0,0.0,0.0,0.0
84.15625,0.33739427080004447,0.5073329006078202,1.0,0.0,0.0,0.0,0.0,0.0
84.16666666666667,0.3374612151202206,0.5072023987536347,1.0,0.0,0.0,0.0,0.0,0.0
84.17708333333333,0.33752736827868546,0.50707195603953,1.0,0.0,0.0,0.0,0.0,0.0
84.1875,0.3375927244468814,0.5069415721193116,1.0,0.0,0.0,0.0,0.0,0.0
84.19791666666667,0.337657278409802,0.5068112466454783,1.0,0.0,0.0,0.0,0.0,0.0
84.20833333333333,0.337721025556971,0.5066809792694561,1.0,0.0,0.0,0.0,0.0,0.0
84.21875,0.3377839618727017,0.5065507696418259,1.0,0.0,0.0,0.0,0.0,0.0
84.22916666666667,0.337846083925683,0.5064206174125476,1.0,0.0,0.0,0.0,0.0,0.0
84.23958333333333,0.3379073888579377,0.5062905222311789,1.0,0.0,0.0,0.0,0.0,0.0
84.25,0.3379678743731997,0.5061604837470884,1.0,0.0,0.0,0.0,0.0,0.0
84.26041666666667,0.33802753872475594,0.5060305016096635,1.0,0.0,0.0,0.0,0.0,0.0
84.27083333333333,0.3380692484590543,0.5059262128549616,1.0,0.0,0.02055869249282057,0.0,0.0,0.0
84.28125,0.33809656746046535,0.5058426170636863,1.0,0.0,0.037128946067324954,0.0,0.0,0.0
84.29166666666667,0.33810882094300027,0.5057810021925025,1.0,0.0,0.05474608228948657,0.0,0.0,0.0
84.30208333333333,0.3381075934729844,0.5057393017067519,1.0,0.0,0.07071523020066756,0.0,0.0,0.0
84.3125,0.3380935859793501,0.5057167460132794,1.0,0.0,0.08607212207123735,0.0,0.0,0.0
84.32291666666667,0.3380529578639388,0.5057343084998208,1.0,0.0,0.118254514623989,0.0,0.0,0.0
84.33333333333333,0.3379917616317775,0.5057835044290071,1.0,0.0,0.14362094570139108,0.0,0.0,0.0
84.34375,0.33794995546041506,0.5058049617969834,1.0,0.0,0.1213713002421673,0.0,0.0,0.0
84.35416666666667,0.337895462193953,0.505846271974665,1.0,0.0,0.13728264448893504,0.0,0.0,0.0
84.36458333333333,0.3378006754017591,0.5059490390993282,1.0,0.0,0.18651928494679737,0.0,0.0,0.0
84.375,0.3377050935061756,0.5060549315129715,1.0,0.0,0.18898249914188936,0.0,0.0,0.0
84.38541666666667,0.3376135112506793,0.5061567334840745,1.0,0.0,0.1856670385260027,0.0,0.0,0.0
84.39583333333333,0.33751657133787544,0.5062683525679342,1.0,0.0,0.19348277289534116,0.0,0.0,0.0
84.40625,0.3373797700075071,0.5064416451576139,1.0,0.0,0.24274632803465573,0.0,0.0,0.0
84.41666666666667,0.33726761628906604,0.5065804859896296,1.0,0.0,0.2151208511937421,0.0,0.0,0.0
84.42708333333333,0.33713004823884074,0.5067595410064388,1.0,0.0,0.2471603147611924,0.0,0.0,0.0
84.4375,0.3369999980507544,0.5069297050635418,1.0,0.0,0.23995955999393737,0.0,0.0,0.0
84.44791666666667,0.3368567102421085,0.5071219879179418,1.0,0.0,0.25749388925116534,0.0,0.0,0.0
84.45833333333333,0.3367012387458466,0.5073349618998674,1.0,0.0,0.27385034493746396,0.0,0.0,0.0
84.46875,0.3365401224004419,0.5075588825701142,1.0,0.0,0.2824117207602712,0.0,0.0,0.0
84.47916666666667,0.3363856034883669,0.5077752469445208,1.0,0.0,0.2762417416757083,0.0,0.0,0.0
84.48958333333333,0.3362562635362114,0.5079557458365752,1.0,0.0,0.2476015033505133,0.0,0.0,0.0
84.5,0.3360726166922307,0.5082200538562383,1.0,0.0,0.314011768746387,0.0,0.0,0.0
84.51041666666667,0.3359220666754615,0.5084366187928264,1.0,0.0,0.27594015065133676,0.0,0.0,0.0
84.52083333333333,0.33576592909580844,0.5086634076976294,1.0,0.0,0.2838893330094841,0.0,0.0,0.0
84.53125,0.33563879996551255,0.5088479255743448,1.0,0.0,0.25027041490343077,0.0,0.0,0.0
84.54166666666667,0.33545478387481326,0.5091200347536343,1.0,0.0,0.31943017784455996,0.0,0.0,0.0
84.55208333333333,0.3352998546792576,0.5093497397460097,1.0,0.0,0.285703542778431,0.0,0.0,0.0
84.5625,0.3351346545646935,0.5095963899413524,1.0,0.0,0.29891150675800554,0.0,0.0,0.0
84.57291666666667,0.3350259451257081,0.5097583682213105,1.0,0.0,0.23195468260378588,0.0,0.0,0.0
84.58333333333333,0.3349218922471586,0.5099139772169665,1.0,0.0,0.22685269799001961,0.0,0.0,0.0
84.59375,0.3348109552190796,0.5100807019147854,1.0,0.0,0.23553295469828678,0.0,0.0,0.0
84.60416666666667,0.3347119203980961,0.5102298972605124,1.0,0.0,0.22164798402366997,0.0,0.0,0.0
84.61458333333333,0.33460436305063285,0.5103925764670909,1.0,0.0,0.23218701025935795,0.0,0.0,0.0
84.625,0.33450030757068305,0.5105503872891217,1.0,0.0,0.22827764541013612,0.0,0.0,0.0
84.63541666666667,0.3344075165606525,0.5106913954241568,1.0,0.0,0.21499807079650912,0.0,0.0,0.0
84.64583333333333,0.33432585904825,0.5108156920730393,1.0,0.0,0.20181213542573503,0.0,0.0,0.0
84.65625,0.3342632612223949,0.5109110733187556,1.0,0.0,0.179064396115487,0.0,0.0,0.0
84.66666666666667,0.3342248047803731,0.5109696769271025,1.0,0.0,0.15017102378164843,0.0,0.0,0.0
84.67708333333333,0.33420419361222914,0.5110010564423317,1.0,0.0,0.12879552287479168,0.0,0.0,0.0
84.6875,0.33418359846654855,0.5110324386267929,1.0,0.0,0.12879458756524834,0.0,0.0,0.0
84.69791666666667,0.3341856678759081,0.5110291852513623,1.0,0.0,0.10161364335395402,0.0,0.0,0.0
84.70833333333333,0.3341905703391044,0.5110215977514742,1.0,0.0,0.09821239793630454,0.0,0.0,0.0
84.71875,0.33421707846840804,0.5109809708025003,1.0,0.0,0.07228178292893736,0.0,0.0,0.0
84.72916666666667,0.3342568775434047,0.5109200054754398,1.0,0.0,0.05631029386369536,0.0,0.0,0.0
84.73958333333333,0.3343171835764039,0.5108276689780309,1.0,0.0,0.03166292261843322,0.0,0.0,0.0
84.75,0.3343868908256911,0.5107209154311176,1.0,0.0,0.020309846518293317,0.0,0.0,0.0
84.76041666666667,0.3344734383393977,0.5105883685448299,1.0,0.0,0.0,0.0,0.0,0.0
84.77083333333333,0.334559857492272,0.5104558902872052,1.0,0.0,0.0,0.0,0.0,0.0
84.78125,0.3346461227063932,0.5103234805440873,1.0,0.0,0.0,0.0,0.0,0.0
84.79166666666667,0.3347322085755596,0.5101911391914873,1.0,0.0,0.0,0.0,0.0,0.0
84.80208333333333,0.3348180898950651,0.5100588660956968,1.0,0.0,0.0,0.0,0.0,0.0
84.8125,0.3349037416909906,0.5099266611134118,1.0,0.0,0.0,0.0,0.0,0.0
84.82291666666667,0.33498913924893775,0.509794524091866,1.0,0.0,0.0,0.0,0.0,0.0
84.83333333333333,0.3350742581421372,0.5096624548689769,1.0,0.0,0.0,0.0,0.0,0.0
84.84375,0.33515907425886254,0.5095304532735,1.0,0.0,0.0,0.0,0.0,0.0
84.85416666666667,0.33524356382908765,0.509398519125194,1.0,0.0,0.0,0.0,0.0,0.0
84.86458333333333,0.33532770345032575,0.5092666522349941,1.0,0.0,0.0,0.0,0.0,0.0
84.875,0.33541147011259265,0.509134852405196,1.0,0.0,0.0,0.0,0.0,0.0
84.88541666666667,0.33549484122244055,0.5090031194296465,1.0,0.0,0.0,0.0,0.0,0.0
84.89583333333333,0.33557779462601206,0.5088714530939438,1.0,0.0,0.0,0.0,0.0,0.0
84.90625,0.33566030863106816,0.5087398531756444,1.0,0.0,0.0,0.0,0.0,0.0
84.91666666666667,0.3357423620279477,0.508608319444478,1.0,0.0,0.0,0.0,0.0,0.0
84.92708333333333,0.33582393410942074,0.5084768516625683,1.0,0.0,0.0,0.0,0.0,0.0
84.9375,0.33590500468940127,0.5083454495846609,1.0,0.0,0.0,0.0,0.0,0.0
84.94791666666667,0.3359855541204909,0.5082141129583562,1.0,0.0,0.0,0.0,0.0,0.0
84.95833333333333,0.33606556331032733,0.5080828415243479,1.0,0.0,0.0,0.0,0.0,0.0
84.96875,0.3361450137367172,0.507951635016667,1.0,0.0,0.0,0.0,0.0,0.0
84.97916666666667,0.3362238874615377,0.5078204931629281,1.0,0.0,0.0,0.0,0.0,0.0
84.98958333333333,0.33630216714339395,0.5076894156845819,1.0,0.0,0.0,0.0,0.0,0.0
85.0,0.33637983604902516,0.507558402297169,1.0,0.0,0.0,0.0,0.0,0.0
85.01041666666667,0.33645687806345603,0.5074274527105774,1.0,0.0,0.0,0.0,0.0,0.0
85.02083333333333,0.3365332776988942,0.5072965666293023,1.0,0.0,0.0,0.0,0.0,0.0
85.03125,0.33660902010237814,0.5071657437527072,1.0,0.0,0.0,0.0,0.0,0.0
85.04166666666667,0.33668409106218516,0.5070349837752866,1.0,0.0,0.0,0.0,0.0,0.0
85.05208333333333,0.33675847701301065,0.5069042863869294,1.0,0.0,0.0,0.0,0.0,0.0
85.0625,0.33683216503993596,0.5067736512731834,1.0,0.0,0.0,0.0,0.0,0.0
85.07291666666667,0.3369051428812039,0.5066430781155181,1.0,0.0,0.0,0.0,0.0,0.0
85.08333333333333,0.33697739892982426,0.5065125665915885,1.0,0.0,0.0,0.0,0.0,0.0
85.09375,0.3370489222340361,0.5063821163754969,1.0,0.0,0.0,0.0,0.0,0.0
85.10416666666667,0.3371197024966546,0.5062517271380544,1.0,0.0,0.0,0.0,0.0,0.0
85.11458333333333,0.3371897300733348,0.5061213985470395,1.0,0.0,0.0,0.0,0.0,0.0
85.125,0.33725899596978487,0.5059911302674548,1.0,0.0,0.0,0.0,0.0,0.0
85.13541666666667,0.337327491837966,0.5058609219617821,1.0,0.0,0.0,0.0,0.0,0.0
85.14583333333333,0.3373952099713164,0.5057307732902332,1.0,0.0,0.0,0.0,0.0,0.0
85.15625,0.3374621432990388,0.5056006839109984,1.0,0.0,0.0,0.0,0.0,0.0
85.16666666666667,0.3375282853794937,0.5054706534804916,1.0,0.0,0.0,0.0,0.0,0.0
85.17708333333333,0.33759363039274,0.5053406816535903,1.0,0.0,0.0,0.0,0.0,0.0
85.1875,0.33765817313226726,0.5052107680838731,1.0,0.0,0.0,0.0,0.0,0.0
85.19791666666667,0.3377219089959641,0.5050809124238523,1.0,0.0,0.0,0.0,0.0,0.0
85.20833333333333,0.337784833976368,0.5049511143252008,1.0,0.0,0.0,0.0,0.0,0.0
85.21875,0.3378469446502422,0.5048213734389756,1.0,0.0,0.0,0.0,0.0,0.0
85.22916666666667,0.3379082381675256,0.5046916894158356,1.0,0.0,0.0,0.0,0.0,0.0
85.23958333333333,0.3379687122397023,0.5045620619062544,1.0,0.0,0.0,0.0,0.0,0.0
85.25,0.3380283651276362,0.504432490560727,1.0,0.0,0.0,0.0,0.0,0.0
85.26041666666667,0.3380871956289165,0.5043029750299719,1.0,0.0,0.0,0.0,0.0,0.0
85.27083333333333,0.33813050867732475,0.5041954252062124,1.0,0.0,0.01763326492228707,0.0,0.0,0.0
85.28125,0.3381568538036504,0.5041122911683248,1.0,0.0,0.037258456181608945,0.0,0.0,0.0
85.29166666666667,0.33817021640646305,0.5040479661688715,1.0,0.0,0.05238582489810025,0.0,0.0,0.0
85.30208333333333,0.33815754004715226,0.5040221739759964,1.0,0.0,0.08340239402484362,0.0,0.0,0.0
85.3125,0.3381388100636269,0.5040056763345899,1.0,0.0,0.09088512520591571,0.0,0.0,0.0
85.32291666666667,0.33809342265625736,0.5040293153479808,1.0,0.0,0.12319548793784793,0.0,0.0,0.0
85.33333333333333,0.338042652106634,0.5040619458052082,1.0,0.0,0.13042820177523937,0.0,0.0,0.0
85.34375,0.33799065395161837,0.5040974761702912,1.0,0.0,0.1327558464596352,0.0,0.0,0.0
85.35416666666667,0.33793263912651844,0.5041430644535827,1.0,0.0,0.14083997597103365,0.0,0.0,0.0
85.36458333333333,0.3378383721996269,0.5042439496875054,1.0,0.0,0.18529340773028358,0.0,0.0,0.0
85.375,0.33775964715687345,0.5043235613431074,1.0,0.0,0.16815856119879188,0.0,0.0,0.0
85.38541666666667,0.3376595225969208,0.5044367113276436,1.0,0.0,0.1950753753343069,0.0,0.0,0.0
85.39583333333333,0.3375310610496697,0.504594192933886,1.0,0.0,0.23061646492401414,0.0,0.0,0.0
85.40625,0.3374350201962294,0.5047056684625375,1.0,0.0,0.193622505331467,0.0,0.0,0.0
85.41666666666667,0.3373297883327385,0.5048326804004097,1.0,0.0,0.20603572690221342,0.0,0.0,0.0
85.42708333333333,0.33719850549517383,0.5050006129567282,1.0,0.0,0.23876953818360652,0.0,0.0,0.0
85.4375,0.3370347725520719,0.5052195188388021,1.0,0.0,0.27948263805086737,0.0,0.0,0.0
85.44791666666667,0.3369081785204651,0.5053855476323019,1.0,0.0,0.2370272303959287,0.0,0.0,0.0
85.45833333333333,0.33678907744005726,0.505542392028139,1.0,0.0,0.2295920484325236,0.0,0.0,0.0
85.46875,0.33664449037159044,0.5057393816794491,1.0,0.0,0.2615789394718446,0.0,0.0,0.0
85.47916666666667,0.33648853057084027,0.5059556681097728,1.0,0.0,0.2768514266638109,0.0,0.0,0.0
85.48958333333333,0.33632436806952715,0.5061865686588729,1.0,0.0,0.28835074323557375,0.0,0.0,0.0
85.5,0.3361722415949294,0.5064016069347411,1.0,0.0,0.2755419745943914,0.0,0.0,0.0
85.51041666666667,0.33599718629121705,0.5066531833743576,1.0,0.0,0.3044716610207333,0.0,0.0,0.0
85.52083333333333,0.33586053494742196,0.5068489520561841,1.0,0.0,0.259896802456021,0.0,0.0,0.0
85.53125,0.335736770776899,0.5070267852530594,1.0,0.0,0.2455227286974049,0.0,0.0,0.0
85.54166666666667,0.3355609611689499,0.5072845734994641,1.0,0.0,0.30889826884055,0.0,0.0,0.0
85.55208333333333,0.33540430263491233,0.507515159766176,1.0,0.0,0.2871163482235149,0.0,0.0,0.0
85.5625,0.3352431074934553,0.5077540419394334,1.0,0.0,0.29352125175804716,0.0,0.0,0.0
85.57291666666667,0.3350786388789304,0.5079992290346828,1.0,0.0,0.2983322303706824,0.0,0.0,0.0
85.58333333333333,0.33494523914629204,0.5081985095760188,1.0,0.0,0.2618395088915918,0.0,0.0,0.0
85.59375,0.33482045458344767,0.5083855727180605,1.0,0.0,0.25205981882835843,0.0,0.0,0.0
85.60416666666667,0.3346919856111047,0.5085789499853398,1.0,0.0,0.2569369064948005,0.0,0.0,0.0
85.61458333333333,0.3345693375519632,0.5087641325218248,1.0,0.0,0.25035375968681634,0.0,0.0,0.0
85.625,0.33449690961143985,0.5088734442737277,1.0,0.0,0.19040964063060467,0.0,0.0,0.0
85.63541666666667,0.3344289825997725,0.50897615559509,1.0,0.0,0.18516828250933212,0.0,0.0,0.0
85.64583333333333,0.3343384213458596,0.5091135375009339,1.0,0.0,0.21245947924680542,0.0,0.0,0.0
85.65625,0.33428393318755245,0.5091962221243321,1.0,0.0,0.16931553210684566,0.0,0.0,0.0
85.66666666666667,0.33423226486680463,0.509274726055546,1.0,0.0,0.16600187814040648,0.0,0.0,0.0
85.67708333333333,0.33419576615244,0.509330204048907,1.0,0.0,0.14785352457810064,0.0,0.0,0.0
85.6875,0.33419066973460043,0.5093378706582679,1.0,0.0,0.11020308696108136,0.0,0.0,0.0
85.69791666666667,0.33419821133938415,0.5093262812892869,1.0,0.0,0.09504153396299417,0.0,0.0,0.0
85.70833333333333,0.33421959433777504,0.5092935919465631,1.0,0.0,0.07842579461890373,0.0,0.0,0.0
85.71875,0.3342502886273369,0.5092466967220078,1.0,0.0,0.06723376370301394,0.0,0.0,0.0
85.72916666666667,0.33429716892153516,0.5091751178028502,1.0,0.0,0.04778072205580428,0.0,0.0,0.0
85.73958333333333,0.3343511819585887,0.5090926308512349,1.0,0.0,0.039168337869064755,0.0,0.0,0.0
85.75,0.33442287864424136,0.5089831631881475,1.0,0.0,0.017875515415255457,0.0,0.0,0.0
85.76041666666667,0.33450937592019525,0.5088510814905047,1.0,0.0,0.0,0.0,0.0,0.0
85.77083333333333,0.3345957341848087,0.5087190681492962,1.0,0.0,0.0,0.0,0.0,0.0
85.78125,0.3346819279278924,0.5085871230466557,1.0,0.0,0.0,0.0,0.0,0.0
85.79166666666667,0.33476793182340736,0.5084552460549617,1.0,0.0,0.0,0.0,0.0,0.0
85.80208333333333,0.33485372075904823,0.5083234370369556,1.0,0.0,0.0,0.0,0.0,0.0
85.8125,0.33493926986531175,0.5081916958458685,1.0,0.0,0.0,0.0,0.0,0.0
85.82291666666667,0.33502455454397867,0.5080600223255598,1.0,0.0,0.0,0.0,0.0,0.0
85.83333333333333,0.3351095504959413,0.5079284163106662,1.0,0.0,0.0,0.0,0.0,0.0
85.84375,0.33519423374831087,0.5077968776267597,1.0,0.0,0.0,0.0,0.0,0.0
85.85416666666667,0.33527858068074157,0.5076654060905158,1.0,0.0,0.0,0.0,0.0,0.0
85.86458333333333,0.33536256805091263,0.5075340015098908,1.0,0.0,0.0,0.0,0.0,0.0
85.875,0.33544617301911145,0.507402663684308,1.0,0.0,0.0,0.0,0.0,0.0
85.88541666666667,0.3355293731718661,0.5072713924048516,1.0,0.0,0.0,0.0,0.0,0.0
85.89583333333333,0.3356121465445782,0.5071401874544691,1.0,0.0,0.0,0.0,0.0,0.0
85.90625,0.3356944716431117,0.5070090486081811,1.0,0.0,0.0,0.0,0.0,0.0
85.91666666666667,0.33577632746429686,0.5068779756332977,1.0,0.0,0.0,0.0,0.0,0.0
85.92708333333333,0.3358576935153134,0.5067469682896423,1.0,0.0,0.0,0.0,0.0,0.0
85.9375,0.33593854983192095,0.5066160263297794,1.0,0.0,0.0,0.0,0.0,0.0
85.94791666666667,0.33601887699550814,0.5064851494992509,1.0,0.0,0.0,0.0,0.0,0.0
85.95833333333333,0.33609865614893847,0.506354337536815,1.0,0.0,0.0,0.0,0.0,0.0
85.96875,0.33617786901117314,0.5062235901746905,1.0,0.0,0.0,0.0,0.0,0.0
85.97916666666667,0.3362564978906564,0.5060929071388055,1.0,0.0,0.0,0.0,0.0,0.0
85.98958333333333,0.336334525697454,0.5059622881490488,1.0,0.0,0.0,0.0,0.0,0.0
86.0,0.3364119359541373,0.5058317329195252,1.0,0.0,0.0,0.0,0.0,0.0
86.01041666666667,0.33648871280541387,0.5057012411588132,1.0,0.0,0.0,0.0,0.0,0.0
86.02083333333333,0.3365648410265042,0.5055708125702237,1.0,0.0,0.0,0.0,0.0,0.0
86.03125,0.3366403060302732,0.505440446852062,1.0,0.0,0.0,0.0,0.0,0.0
86.04166666666667,0.33671509387312565,0.5053101436978893,1.0,0.0,0.0,0.0,0.0,0.0
86.05208333333333,0.33678919125967993,0.5051799027967858,1.0,0.0,0.0,0.0,0.0,0.0
86.0625,0.3368625855462375,0.505049723833614,1.0,0.0,0.0,0.0,0.0,0.0
86.07291666666667,0.33693526474306923,0.5049196064892808,1.0,0.0,0.0,0.0,0.0,0.0
86.08333333333333,0.33700721751554247,0.5047895504409999,1.0,0.0,0.0,0.0,0.0,0.0
86.09375,0.337078433184116,0.5046595553625526,1.0,0.0,0.0,0.0,0.0,0.0
86.10416666666667,0.33714890172323286,0.5045296209245468,1.0,0.0,0.0,0.0,0.0,0.0
86.11458333333333,0.33721861375914297,0.5043997467946748,1.0,0.0,0.0,0.0,0.0,0.0
86.125,0.3372875605666909,0.5042699326379682,1.0,0.0,0.0,0.0,0.0,0.0
86.13541666666667,0.33735573406510533,0.50414017811705,1.0,0.0,0.0,0.0,0.0,0.0
86.14583333333333,0.33742312681282893,0.5040104828923846,1.0,0.0,0.0,0.0,0.0,0.0
86.15625,0.33748973200142895,0.5038808466225229,1.0,0.0,0.0,0.0,0.0,0.0
86.16666666666667,0.337555543448631,0.5037512689643454,1.0,0.0,0.0,0.0,0.0,0.0
86.17708333333333,0.337620555590518,0.5036217495733007,1.0,0.0,0.0,0.0,0.0,0.0
86.1875,0.3376847634729399,0.503492288103639,1.0,0.0,0.0,0.0,0.0,0.0
86.19791666666667,0.3377481627421776,0.5033628842086425,1.0,0.0,0.0,0.0,0.0,0.0
86.20833333333333,0.33781074963490754,0.5032335375408499,1.0,0.0,0.0,0.0,0.0,0.0
86.21875,0.33787252096751225,0.5031042477522771,1.0,0.0,0.0,0.0,0.0,0.0
86.22916666666667,0.33793347412478375,0.5029750144946321,1.0,0.0,0.0,0.0,0.0,0.0
86.23958333333333,0.33799360704806486,0.5028458374195238,1.0,0.0,0.0,0.0,0.0,0.0
86.25,0.33805291822287503,0.5027167161786675,1.0,0.0,0.0,0.0,0.0,0.0
86.26041666666667,0.33811140666606626,0.5025876504240832,1.0,0.0,0.0,0.0,0.0,0.0
86.27083333333333,0.33815177423611836,0.5024843423703793,1.0,0.0,0.020757211722734186,0.0,0.0,0.0
86.28125,0.33817825027133525,0.5024008500479333,1.0,0.0,0.03673701331826269,0.0,0.0,0.0
86.29166666666667,0.3381887031772021,0.5023406127456562,1.0,0.0,0.05550852811917519,0.0,0.0,0.0
86.30208333333333,0.3381788068325277,0.5023103843109039,1.0,0.0,0.0797467036274106,0.0,0.0,0.0
86.3125,0.33816414477870044,0.5022874474336252,1.0,0.0,0.08563685785260293,0.0,0.0,0.0
86.32291666666667,0.33812939406013637,0.5022946639885775,1.0,0.0,0.10999630712217918,0.0,0.0,0.0
86.33333333333333,0.3380782885709216,0.502326918762457,1.0,0.0,0.1302182404537452,0.0,0.0,0.0
86.34375,0.33802530356934446,0.5023630483173799,1.0,0.0,0.1333413813342768,0.0,0.0,0.0
86.35416666666667,0.3379362967672005,0.5024538389445132,1.0,0.0,0.17745577123129389,0.0,0.0,0.0
86.36458333333333,0.33784518586422296,0.5025496165872149,1.0,0.0,0.18144663865720734,0.0,0.0,0.0
86.375,0.3377300359568024,0.5026830343843599,1.0,0.0,0.21176009650488983,0.0,0.0,0.0
86.38541666666667,0.3376325656003879,0.5027924428269102,1.0,0.0,0.1923491211275675,0.0,0.0,0.0
86.39583333333333,0.33751882058581645,0.502927998794771,1.0,0.0,0.2133632730559904,0.0,0.0,0.0
86.40625,0.33737009893862746,0.5031178822532821,1.0,0.0,0.2570179726306343,0.0,0.0,0.0
86.41666666666667,0.3372431358301448,0.5032780832367447,1.0,0.0,0.23302715983948813,0.0,0.0,0.0
86.42708333333333,0.33710616321600384,0.5034555048570775,1.0,0.0,0.24677551142445905,0.0,0.0,0.0
86.4375,0.33693995312016445,0.5036790033781641,1.0,0.0,0.2836595842909722,0.0,0.0,0.0
86.44791666666667,0.336818366430927,0.5038385425109799,1.0,0.0,0.2321903716131529,0.0,0.0,0.0
86.45833333333333,0.3366789363743909,0.5040267070087617,1.0,0.0,0.2550507717075997,0.0,0.0,0.0
86.46875,0.3365050339738277,0.5042686518652904,1.0,0.0,0.2980032099303935,0.0,0.0,0.0
86.47916666666667,0.33634407027457985,0.5044937601906837,1.0,0.0,0.28434169869088555,0.0,0.0,0.0
86.48958333333333,0.33621981238876836,0.5046659946029529,1.0,0.0,0.24190939337517353,0.0,0.0,0.0
86.5,0.3360467760350898,0.5049130988906934,1.0,0.0,0.3016167032317762,0.0,0.0,0.0
86.51041666666667,0.33587841239562655,0.5051553370083839,1.0,0.0,0.2975367049651532,0.0,0.0,0.0
86.52083333333333,0.33573864909489637,0.5053564740468427,1.0,0.0,0.2645834081190227,0.0,0.0,0.0
86.53125,0.3355607857162128,0.5056164892318559,1.0,0.0,0.31134928945767854,0.0,0.0,0.0
86.54166666666667,0.3354084639691903,0.505839778288365,1.0,0.0,0.28191333686400716,0.0,0.0,0.0
86.55208333333333,0.33529523789760685,0.5060054363640946,1.0,0.0,0.23593415422803768,0.0,0.0,0.0
86.5625,0.3351333145742719,0.506245551754649,1.0,0.0,0.29500414215714843,0.0,0.0,0.0
86.57291666666667,0.33500581891003123,0.5064348714236299,1.0,0.0,0.25450443976402015,0.0,0.0,0.0
86.58333333333333,0.33489186392986964,0.5066045606470083,1.0,0.0,0.2388198120465574,0.0,0.0,0.0
86.59375,0.33479470310228576,0.5067495075242071,1.0,0.0,0.21911418310130673,0.0,0.0,0.0
86.60416666666667,0.3347005624366992,0.5068903917178096,1.0,0.0,0.21582898061956438,0.0,0.0,0.0
86.61458333333333,0.3345814822720996,0.5070695161733735,1.0,0.0,0.24604757859477808,0.0,0.0,0.0
86.625,0.33447608649893085,0.507228413686083,1.0,0.0,0.2299421270569029,0.0,0.0,0.0
86.63541666666667,0.3343904588511467,0.5073577073955262,1.0,0.0,0.206450959093716,0.0,0.0,0.0
86.64583333333333,0.33430281600069367,0.5074903204880223,1.0,0.0,0.20902269927753023,0.0,0.0,0.0
86.65625,0.33424473183769815,0.5075782707972818,1.0,0.0,0.17367796888473477,0.0,0.0,0.0
86.66666666666667,0.33420485041410497,0.5076386844508847,1.0,0.0,0.15190047379037702,0.0,0.0,0.0
86.67708333333333,0.3341835870158755,0.5076708745422699,1.0,0.0,0.12959593484891088,0.0,0.0,0.0
86.6875,0.33416086490265845,0.5077053066352756,1.0,0.0,0.1313634791437671,0.0,0.0,0.0
86.69791666666667,0.33415868962665085,0.507708543870402,1.0,0.0,0.10672346542465282,0.0,0.0,0.0
86.70833333333333,0.3341627750728412,0.5077022707102395,1.0,0.0,0.09921203677050884,0.0,0.0,0.0
86.71875,0.33419345680172613,0.5076555900437879,1.0,0.0,0.06729378067668955,0.0,0.0,0.0
86.72916666666667,0.3342281656686361,0.5076027731208674,1.0,0.0,0.062438604704577,0.0,0.0,0.0
86.73958333333333,0.3342818012294062,0.5075211919086245,1.0,0.0,0.03969629884575365,0.0,0.0,0.0
86.75,0.3343527958757815,0.5074132198296104,1.0,0.0,0.018808812680301188,0.0,0.0,0.0
86.76041666666667,0.33443938686564517,0.5072815179781738,1.0,0.0,0.0,0.0,0.0,0.0
86.77083333333333,0.3345258596027278,0.5071498843458936,1.0,0.0,0.0,0.0,0.0,0.0
86.78125,0.33461218844977836,0.5070183188232373,1.0,0.0,0.0,0.0,0.0,0.0
86.79166666666667,0.33469834792942804,0.5068868212908636,1.0,0.0,0.0,0.0,0.0,0.0
86.80208333333333,0.3347843127541373,0.5067553916197302,1.0,0.0,0.0,0.0,0.0,0.0
86.8125,0.3348700578556869,0.506624029671212,1.0,0.0,0.0,0.0,0.0,0.0
86.82291666666667,0.3349555584141398,0.506492735297231,1.0,0.0,0.0,0.0,0.0,0.0
86.83333333333333,0.33504078988620345,0.5063615083403962,1.0,0.0,0.0,0.0,0.0,0.0
86.84375,0.3351257280329249,0.5062303486341526,1.0,0.0,0.0,0.0,0.0,0.0
86.85416666666667,0.33521034894665347,0.5060992560029426,1.0,0.0,0.0,0.0,0.0,0.0
86.86458333333333,0.3352946290772088,0.5059682302623738,1.0,0.0,0.0,0.0,0.0,0.0
86.875,0.3353785452571956,0.5058372712193983,1.0,0.0,0.0,0.0,0.0,0.0
86.88541666666667,0.3354620747264095,0.5057063786724995,1.0,0.0,0.0,0.0,0.0,0.0
86.89583333333333,0.3355451951552822,0.505575552411887,1.0,0.0,0.0,0.0,0.0,0.0
86.90625,0.33562788466731885,0.5054447922197001,1.0,0.0,0.0,0.0,0.0,0.0
86.91666666666667,0.33571012186048277,0.5053140978702174,1.0,0.0,0.0,0.0,0.0,0.0
86.92708333333333,0.3357918858274883,0.5051834691300751,1.0,0.0,0.0,0.0,0.0,0.0
86.9375,0.33587315617496666,0.5050529057584894,1.0,0.0,0.0,0.0,0.0,0.0
86.94791666666667,0.3359539130414725,0.5049224075074871,1.0,0.0,0.0,0.0,0.0,0.0
86.95833333333333,0.3360341371143058,0.5047919741221395,1.0,0.0,0.0,0.0,0.0,0.0
86.96875,0.3361138096451254,0.5046616053408034,1.0,0.0,0.0,0.0,0.0,0.0
86.97916666666667,0.33619291246433675,0.5045313008953645,1.0,0.0,0.0,0.0,0.0,0.0
86.98958333333333,0.3362714279942403,0.5044010605114858,1.0,0.0,0.0,0.0,0.0,0.0
87.0,0.3363493392609308,0.5042708839088598,1.0,0.0,0.0,0.0,0.0,0.0
87.01041666666667,0.3364266299049426,0.5041407708014622,1.0,0.0,0.0,0.0,0.0,0.0
87.02083333333333,0.33650328419064035,0.5040107208978102,1.0,0.0,0.0,0.0,0.0,0.0
87.03125,0.3365792870143579,0.5038807339012199,1.0,0.0,0.0,0.0,0.0,0.0
87.04166666666667,0.33665462391129314,0.5037508095100683,1.0,0.0,0.0,0.0,0.0,0.0
87.05208333333333,0.3367292810611689,0.503620947418054,1.0,0.0,0.0,0.0,0.0,0.0
87.0625,0.33680324529267586,0.5034911473144592,1.0,0.0,0.0,0.0,0.0,0.0
87.07291666666667,0.3368765040867145,0.5033614088844122,1.0,0.0,0.0,0.0,0.0,0.0
87.08333333333333,0.33694904557845834,0.5032317318091487,1.0,0.0,0.0,0.0,0.0,0.0
87.09375,0.33702085855826297,0.5031021157662731,1.0,0.0,0.0,0.0,0.0,0.0
87.10416666666667,0.3370919324714483,0.5029725604300178,1.0,0.0,0.0,0.0,0.0,0.0
87.11458333333333,0.3371622574169847,0.5028430654715019,1.0,0.0,0.0,0.0,0.0,0.0
87.125,0.33723182414511543,0.502713630558987,1.0,0.0,0.0,0.0,0.0,0.0
87.13541666666667,0.3373006240539514,0.5025842553581303,1.0,0.0,0.0,0.0,0.0,0.0
87.14583333333333,0.3373686491850741,0.5024549395322372,1.0,0.0,0.0,0.0,0.0,0.0
87.15625,0.3374358922181872,0.5023256827425074,1.0,0.0,0.0,0.0,0.0,0.0
87.16666666666667,0.3375023464648567,0.5021964846482808,1.0,0.0,0.0,0.0,0.0,0.0
87.17708333333333,0.3375680058613819,0.5020673449072774,1.0,0.0,0.0,0.0,0.0,0.0
87.1875,0.3376328649608406,0.5019382631758352,1.0,0.0,0.0,0.0,0.0,0.0
87.19791666666667,0.3376969189243529,0.5018092391091414,1.0,0.0,0.0,0.0,0.0,0.0
87.20833333333333,0.33776016351160815,0.5016802723614621,1.0,0.0,0.0,0.0,0.0,0.0
87.21875,0.33782259507070156,0.5015513625863641,1.0,0.0,0.0,0.0,0.0,0.0
87.22916666666667,0.3378842105273252,0.5014225094369346,1.0,0.0,0.0,0.0,0.0,0.0
87.23958333333333,0.3379450073733604,0.5012937125659938,1.0,0.0,0.0,0.0,0.0,0.0
87.25,0.33800498365491755,0.5011649716263032,1.0,0.0,0.0,0.0,0.0,0.0
87.26041666666667,0.33806413795986856,0.5010362862707683,1.0,0.0,0.0,0.0,0.0,0.0
87.27083333333333,0.33810553036110097,0.5009327515621271,1.0,0.0,0.020326852580988708,0.0,0.0,0.0
87.28125,0.3381311466205466,0.5008517544058596,1.0,0.0,0.03855867141457544,0.0,0.0,0.0
87.29166666666667,0.3381418018117456,0.5007923943055714,1.0,0.0,0.05607547539352691,0.0,0.0,0.0
87.30208333333333,0.33812892569370046,0.500767665415476,1.0,0.0,0.08413069215113991,0.0,0.0,0.0
87.3125,0.33811300955434975,0.500747710958972,1.0,0.0,0.08799902212753004,0.0,0.0,0.0
87.32291666666667,0.3380827292374061,0.5007493658094855,1.0,0.0,0.10550740500458675,0.0,0.0,0.0
87.33333333333333,0.338027988447249,0.5007878900621272,1.0,0.0,0.13537335771653686,0.0,0.0,0.0
87.34375,0.3379556820372694,0.5008535886940194,1.0,0.0,0.15737057129136867,0.0,0.0,0.0
87.35416666666667,0.3378982278493039,0.5008987673248819,1.0,0.0,0.1407420962526288,0.0,0.0,0.0
87.36458333333333,0.3378212072642648,0.5009741254922182,1.0,0.0,0.16515524654138822,0.0,0.0,0.0
87.375,0.33772901994639404,0.5010735336943346,1.0,0.0,0.18458527425626783,0.0,0.0,0.0
87.38541666666667,0.3376208886800511,0.5011984371760975,1.0,0.0,0.2051578905322232,0.0,0.0,0.0
87.39583333333333,0.33748686340850237,0.5013639110365166,1.0,0.0,0.23787479499266323,0.0,0.0,0.0
87.40625,0.33735235348291115,0.501532666436699,1.0,0.0,0.2404270479856606,0.0,0.0,0.0
87.41666666666667,0.33722269678182204,0.5016966842234356,1.0,0.0,0.23650625066180225,0.0,0.0,0.0
87.42708333333333,0.33708255001817383,0.501878624064805,1.0,0.0,0.250857878964232,0.0,0.0,0.0
87.4375,0.33694365535241944,0.5020611089371174,1.0,0.0,0.25118337622602827,0.0,0.0,0.0
87.44791666666667,0.33682440904608607,0.5022165882706369,1.0,0.0,0.2293368510112099,0.0,0.0,0.0
87.45833333333333,0.3367051363002191,0.5023739788828432,1.0,0.0,0.23079146267619446,0.0,0.0,0.0
87.46875,0.33657526484370814,0.502548996287705,1.0,0.0,0.24487426348438737,0.0,0.0,0.0
87.47916666666667,0.3363886663777232,0.5028106854563072,1.0,0.0,0.3143653245055822,0.0,0.0,0.0
87.48958333333333,0.3362611636577366,0.5029866320864415,1.0,0.0,0.24536657423082492,0.0,0.0,0.0
87.5,0.33608897103407226,0.5032311424023957,1.0,0.0,0.3002209120579276,0.0,0.0,0.0
87.51041666666667,0.3359274888537231,0.503461778982043,1.0,0.0,0.2889179521348718,0.0,0.0,0.0
87.52083333333333,0.3357432710206434,0.5037284176226184,1.0,0.0,0.3175424574922687,0.0,0.0,0.0
87.53125,0.3356237862954766,0.5038998859537744,1.0,0.0,0.24126161351269382,0.0,0.0,0.0
87.54166666666667,0.3354496344639021,0.5041546624044031,1.0,0.0,0.30769439814444977,0.0,0.0,0.0
87.55208333333333,0.335308828918045,0.5043609241372133,1.0,0.0,0.26878610249458085,0.0,0.0,0.0
87.5625,0.33519243064948284,0.5045316240151391,1.0,0.0,0.24030086165731018,0.0,0.0,0.0
87.57291666666667,0.3350599308460721,0.5047274505666761,1.0,0.0,0.26022498537510963,0.0,0.0,0.0
87.58333333333333,0.3349160624632965,0.5049413453628472,1.0,0.0,0.2744846539319037,0.0,0.0,0.0
87.59375,0.33478999779925533,0.5051292983725032,1.0,0.0,0.2537082835700411,0.0,0.0,0.0
87.60416666666667,0.33469461175565046,0.5052716335747521,1.0,0.0,0.2173388593927957,0.0,0.0,0.0
87.61458333333333,0.33458278250808443,0.5054392569112535,1.0,0.0,0.23736365287334601,0.0,0.0,0.0
87.625,0.33450048130946325,0.5055627315389634,1.0,0.0,0.20222550598403857,0.0,0.0,0.0
87.63541666666667,0.33439839713411357,0.5057164154375323,1.0,0.0,0.22614950948502144,0.0,0.0,0.0
87.64583333333333,0.33433617633430357,0.5058101166539154,1.0,0.0,0.1785032840603351,0.0,0.0,0.0
87.65625,0.33428375174540614,0.5058891463470433,1.0,0.0,0.1668423817975123,0.0,0.0,0.0
87.66666666666667,0.3342354007340209,0.5059621189713142,1.0,0.0,0.16202131998398164,0.0,0.0,0.0
87.67708333333333,0.3342113283293228,0.5059984175360545,1.0,0.0,0.13293891917359865,0.0,0.0,0.0
87.6875,0.3341821885998873,0.5060424225763211,1.0,0.0,0.13904195518011775,0.0,0.0,0.0
87.69791666666667,0.3341660598944212,0.5060667603349807,1.0,0.0,0.12345244798872325,0.0,0.0,0.0
87.70833333333333,0.3341819639076924,0.5060426041839889,1.0,0.0,0.08502480489285051,0.0,0.0,0.0
87.71875,0.3341997688728335,0.5060155576188214,1.0,0.0,0.08273221252456994,0.0,0.0,0.0
87.72916666666667,0.33423844443371786,0.5059569011472531,1.0,0.0,0.05767343731566059,0.0,0.0,0.0
87.73958333333333,0.33429740595616236,0.5058675149316904,1.0,0.0,0.03329522305616243,0.0,0.0,0.0
87.75,0.334370066193625,0.5057573567802495,1.0,0.0,0.016791405828290192,0.0,0.0,0.0
87.76041666666667,0.33445663566216155,0.5056260914870832,1.0,0.0,0.0,0.0,0.0,0.0
87.77083333333333,0.3345430817557604,0.5054948941729897,1.0,0.0,0.0,0.0,0.0,0.0
87.78125,0.3346293788666342,0.5053637647268311,1.0,0.0,0.0,0.0,0.0,0.0
87.79166666666667,0.33471550155288043,0.5052327030277127,1.0,0.0,0.0,0.0,0.0,0.0
87.80208333333333,0.334801424568344,0.5051017089450929,1.0,0.0,0.0,0.0,0.0,0.0
87.8125,0.3348871228920081,0.5049707823389028,1.0,0.0,0.0,0.0,0.0,0.0
87.82291666666667,0.33497257175684225,0.5048399230596778,1.0,0.0,0.0,0.0,0.0,0.0
87.83333333333333,0.3350577466780369,0.5047091309486991,1.0,0.0,0.0,0.0,0.0,0.0
87.84375,0.33514262348055773,0.5045784058381447,1.0,0.0,0.0,0.0,0.0,0.0
87.85416666666667,0.3352271783259546,0.5044477475512514,1.0,0.0,0.0,0.0,0.0,0.0
87.86458333333333,0.3353113877383643,0.5043171559024849,1.0,0.0,0.0,0.0,0.0,0.0
87.875,0.33539522862964805,0.5041866306977192,1.0,0.0,0.0,0.0,0.0,0.0
87.88541666666667,0.3354786783236102,0.504056171734425,1.0,0.0,0.0,0.0,0.0,0.0
87.89583333333333,0.3355617145792462,0.5039257788018657,1.0,0.0,0.0,0.0,0.0,0.0
87.90625,0.33564431561297314,0.5037954516813011,1.0,0.0,0.0,0.0,0.0,0.0
87.91666666666667,0.33572646011980006,0.5036651901461991,1.0,0.0,0.0,0.0,0.0,0.0
87.92708333333333,0.3358081272933989,0.5035349939624527,1.0,0.0,0.0,0.0,0.0,0.0
87.9375,0.3358892968450413,0.5034048628886044,1.0,0.0,0.0,0.0,0.0,0.0
87.94791666666667,0.3359699490213715,0.5032747966760764,1.0,0.0,0.0,0.0,0.0,0.0
87.95833333333333,0.33605006462098846,0.5031447950694056,1.0,0.0,0.0,0.0,0.0,0.0
87.96875,0.3361296250098167,0.5030148578064831,1.0,0.0,0.0,0.0,0.0,0.0
87.97916666666667,0.3362086121352477,0.5028849846187998,1.0,0.0,0.0,0.0,0.0,0.0
87.98958333333333,0.3362870085390401,0.5027551752316932,1.0,0.0,0.0,0.0,0.0,0.0
88.0,0.33636479736896896,0.5026254293645995,1.0,0.0,0.0,0.0,0.0,0.0
88.01041666666667,0.3364419623892213,0.5024957467313083,1.0,0.0,0.0,0.0,0.0,0.0
88.02083333333333,0.33651848798953654,0.5023661270402182,1.0,0.0,0.0,0.0,0.0,0.0
88.03125,0.33659435919309694,0.5022365699945964,1.0,0.0,0.0,0.0,0.0,0.0
88.04166666666667,0.3366695616631751,0.5021070752928379,1.0,0.0,0.0,0.0,0.0,0.0
88.05208333333333,0.3367440817085512,0.5019776426287269,1.0,0.0,0.0,0.0,0.0,0.0
88.0625,0.3368179062877147,0.5018482716916971,1.0,0.0,0.0,0.0,0.0,0.0
88.07291666666667,0.33689102301186935,0.5017189621670938,1.0,0.0,0.0,0.0,0.0,0.0
88.08333333333333,0.33696342014676467,0.5015897137364342,1.0,0.0,0.0,0.0,0.0,0.0
88.09375,0.3370350866133776,0.5014605260776674,1.0,0.0,0.0,0.0,0.0,0.0
88.10416666666667,0.3371060119874741,0.5013313988654331,1.0,0.0,0.0,0.0,0.0,0.0
88.11458333333333,0.33717618649808023,0.5012023317713186,1.0,0.0,0.0,0.0,0.0,0.0
88.125,0.33724560102489726,0.501073324464113,1.0,0.0,0.0,0.0,0.0,0.0
88.13541666666667,0.3373142470946952,0.5009443766100605,1.0,0.0,0.0,0.0,0.0,0.0
88.14583333333333,0.3373821168767232,0.5008154878731096,1.0,0.0,0.0,0.0,0.0,0.0
88.15625,0.337449203177176,0.5006866579151593,1.0,0.0,0.0,0.0,0.0,0.0
88.16666666666667,0.3375154994327576,0.5005578863963027,1.0,0.0,0.0,0.0,0.0,0.0
88.17708333333333,0.3375809997033839,0.500429172975066,1.0,0.0,0.0,0.0,0.0,0.0
88.1875,0.3376456986640687,0.5003005173086434,1.0,0.0,0.0,0.0,0.0,0.0
88.19791666666667,0.33770959159603686,0.5001719190531291,1.0,0.0,0.0,0.0,0.0,0.0
88.20833333333333,0.3377726743771103,0.5000433778637425,1.0,0.0,0.0,0.0,0.0,0.0
88.21875,0.33783494347141174,0.49991489339505113,1.0,0.0,0.0,0.0,0.0,0.0
88.22916666666667,0.3378963959184331,0.49978646530118614,1.0,0.0,0.0,0.0,0.0,0.0
88.23958333333333,0.33795702932151395,0.4996580932360548,1.0,0.0,0.0,0.0,0.0,0.0
88.25,0.33801684183577635,0.49952977685354666,1.0,0.0,0.0,0.0,0.0,0.0
88.26041666666667,0.33807583215556203,0.49940151580773384,1.0,0.0,0.0,0.0,0.0,0.0
88.27083333333333,0.33811895905505945,0.4992955187810789,1.0,0.0,0.01804853562932183,0.0,0.0,0.0
88.28125,0.3381493785678201,0.4992074173189121,1.0,0.0,0.032566293191600384,0.0,0.0,0.0
88.29166666666667,0.3381612850053382,0.499146024167319,1.0,0.0,0.054261670114938966,0.0,0.0,0.0
88.30208333333333,0.3381656125975958,0.4990955742469516,1.0,0.0,0.06315158714964042,0.0,0.0,0.0
88.3125,0.33813789834793617,0.4990923277400347,1.0,0.0,0.10152725149449612,0.0,0.0,0.0
88.32291666666667,0.33809141328730147,0.4991173760102122,1.0,0.0,0.12452828216911523,0.0,0.0,0.0
88.33333333333333,0.33803018583610195,0.4991651716311815,1.0,0.0,0.14301050600782533,0.0,0.0,0.0
88.34375,0.3379793559721741,0.49919888877720586,1.0,0.0,0.13156208592944008,0.0,0.0,0.0
88.35416666666667,0.3379271056300751,0.499235748588539,1.0,0.0,0.13410887119773443,0.0,0.0,0.0
88.36458333333333,0.33782208600711916,0.49935165783071167,1.0,0.0,0.19828661401970452,0.0,0.0,0.0
88.375,0.33771444766391034,0.4994735774518558,1.0,0.0,0.20311261035592626,0.0,0.0,0.0
88.38541666666667,0.3376175433832747,0.4995817507009002,1.0,0.0,0.19190989453905602,0.0,0.0,0.0
88.39583333333333,0.3374822844818392,0.4997485810010081,1.0,0.0,0.23940524346943579,0.0,0.0,0.0
88.40625,0.3373426497394102,0.4999244710708923,1.0,0.0,0.2466428424718727,0.0,0.0,0.0
88.41666666666667,0.33719791291680984,0.5001104985425813,1.0,0.0,0.2547367919442101,0.0,0.0,0.0
88.42708333333333,0.33707185036208825,0.5002713793042148,1.0,0.0,0.2342860130978929,0.0,0.0,0.0
88.4375,0.33692907205707645,0.5004592226196827,1.0,0.0,0.25597996622596875,0.0,0.0,0.0
88.44791666666667,0.33675793386655595,0.5006915729136318,1.0,0.0,0.29178428197758005,0.0,0.0,0.0
88.45833333333333,0.33663303270393835,0.5008578421274634,1.0,0.0,0.23831322568717472,0.0,0.0,0.0
88.46875,0.33647344682283953,0.5010776032757669,1.0,0.0,0.2813278125917852,0.0,0.0,0.0
88.47916666666667,0.3363356580227261,0.501267170282971,1.0,0.0,0.2568571330309086,0.0,0.0,0.0
88.48958333333333,0.33617866047449063,0.5014872425268816,1.0,0.0,0.28127842634654915,0.0,0.0,0.0
88.5,0.33604898826082075,0.5016685419307679,1.0,0.0,0.2499541788864473,0.0,0.0,0.0
88.51041666666667,0.33592544800821916,0.5018422274975638,1.0,0.0,0.24372989687583962,0.0,0.0,0.0
88.52083333333333,0.3358048165417091,0.5020129535498965,1.0,0.0,0.24125508419981245,0.0,0.0,0.0
88.53125,0.3356446342526655,0.5022441343314242,1.0,0.0,0.2896469535320482,0.0,0.0,0.0
88.54166666666667,0.3354622214291578,0.5025102563361544,1.0,0.0,0.3174666284395667,0.0,0.0,0.0
88.55208333333333,0.33532907719124355,0.5027042572861431,1.0,0.0,0.259516712673424,0.0,0.0,0.0
88.5625,0.33520674725374333,0.502883146742772,1.0,0.0,0.24730836957955052,0.0,0.0,0.0
88.57291666666667,0.33505178201060104,0.5031119679777803,1.0,0.0,0.28711245766716104,0.0,0.0,0.0
88.58333333333333,0.3349344851041228,0.5032852974330608,1.0,0.0,0.24263448032120216,0.0,0.0,0.0
88.59375,0.3348140183674986,0.5034641175472011,1.0,0.0,0.24692024508976013,0.0,0.0,0.0
88.60416666666667,0.33471159965194963,0.5036164547808984,1.0,0.0,0.22569836054578896,0.0,0.0,0.0
88.61458333333333,0.334585934462303,0.5038042912185119,1.0,0.0,0.25391736541765675,0.0,0.0,0.0
88.625,0.3344981863089162,0.503935561645815,1.0,0.0,0.20875423119732753,0.0,0.0,0.0
88.63541666666667,0.3344248447833373,0.5040454332417368,1.0,0.0,0.19166307106939126,0.0,0.0,0.0
88.64583333333333,0.3343636574076604,0.5041372027310357,1.0,0.0,0.1772181339911509,0.0,0.0,0.0
88.65625,0.3343233495470438,0.5041976405034918,1.0,0.0,0.15226252251833747,0.0,0.0,0.0
88.66666666666667,0.33428942205454526,0.5042485403602505,1.0,0.0,0.14466336636926783,0.0,0.0,0.0
88.67708333333333,0.3342716384792569,0.5042751490395508,1.0,0.0,0.12533367328870995,0.0,0.0,0.0
88.6875,0.33426927041056753,0.504278529586911,1.0,0.0,0.10685570601789696,0.0,0.0,0.0
88.69791666666667,0.3342586657615847,0.5042943396925155,1.0,0.0,0.11674225216909598,0.0,0.0,0.0
88.70833333333333,0.3342661012797918,0.5042829480002589,1.0,0.0,0.09510563323946547,0.0,0.0,0.0
88.71875,0.33429368090657646,0.5042411599143002,1.0,0.0,0.07092463111049542,0.0,0.0,0.0
88.72916666666667,0.334327616645213,0.5041897529469103,1.0,0.0,0.06326535930965205,0.0,0.0,0.0
88.73958333333333,0.33438691546150257,0.5041000629948406,1.0,0.0,0.03278604955922104,0.0,0.0,0.0
88.75,0.33445798052839465,0.5039925636906858,1.0,0.0,0.018578896741290925,0.0,0.0,0.0
88.76041666666667,0.3345444245015278,0.5038617907610451,1.0,0.0,0.0,0.0,0.0,0.0
88.77083333333333,0.33463071909507924,0.5037310854785519,1.0,0.0,0.0,0.0,0.0,0.0
88.78125,0.33471683886996206,0.5036004477225514,1.0,0.0,0.0,0.0,0.0,0.0
88.79166666666667,0.3348027585832975,0.5034698773627743,1.0,0.0,0.0,0.0,0.0,0.0
88.80208333333333,0.33488845321779787,0.5033393742594573,1.0,0.0,0.0,0.0,0.0,0.0
88.8125,0.3349738980106056,0.5032089382634736,1.0,0.0,0.0,0.0,0.0,0.0
88.82291666666667,0.33505906848151784,0.5030785692164741,1.0,0.0,0.0,0.0,0.0,0.0
88.83333333333333,0.3351439404605295,0.5029482669510388,1.0,0.0,0.0,0.0,0.0,0.0
88.84375,0.33522849011463024,0.5028180312908374,1.0,0.0,0.0,0.0,0.0,0.0
88.85416666666667,0.3353126939737942,0.5026878620507997,1.0,0.0,0.0,0.0,0.0,0.0
88.86458333333333,0.3353965289561037,0.5025577590372946,1.0,0.0,0.0,0.0,0.0,0.0
88.875,0.3354799723919531,0.5024277220483175,1.0,0.0,0.0,0.0,0.0,0.0
88.88541666666667,0.33556300204728123,0.5022977508736862,1.0,0.0,0.0,0.0,0.0,0.0
88.89583333333333,0.33564559614578604,0.502167845295244,1.0,0.0,0.0,0.0,0.0,0.0
88.90625,0.3357277333900779,0.5020380050870705,1.0,0.0,0.0,0.0,0.0,0.0
88.91666666666667,0.3358093929817331,0.5019082300156986,1.0,0.0,0.0,0.0,0.0,0.0
88.92708333333333,0.3358905546402132,0.5017785198403378,1.0,0.0,0.0,0.0,0.0,0.0
88.9375,0.3359711986206191,0.5016488743131039,1.0,0.0,0.0,0.0,0.0,0.0
88.94791666666667,0.3360513057302546,0.5015192931792531,1.0,0.0,0.0,0.0,0.0,0.0
88.95833333333333,0.3361308573439785,0.5013897761774215,1.0,0.0,0.0,0.0,0.0,0.0
88.96875,0.33620983541832666,0.5012603230398689,1.0,0.0,0.0,0.0,0.0,0.0
88.97916666666667,0.3362882225043926,0.5011309334927257,1.0,0.0,0.0,0.0,0.0,0.0
88.98958333333333,0.3363660017594577,0.5010016072562442,1.0,0.0,0.0,0.0,0.0,0.0
89.0,0.33644315695736676,0.5008723440450515,1.0,0.0,0.0,0.0,0.0,0.0
89.01041666666667,0.33651967249764936,0.5007431435684062,1.0,0.0,0.0,0.0,0.0,0.0
89.02083333333333,0.3365955334133906,0.5006140055304552,1.0,0.0,0.0,0.0,0.0,0.0
89.03125,0.3366707253778597,0.5004849296304934,1.0,0.0,0.0,0.0,0.0,0.0
89.04166666666667,0.3367452347099079,0.5003559155632233,1.0,0.0,0.0,0.0,0.0,0.0
89.05208333333333,0.3368190483781515,0.5002269630190157,1.0,0.0,0.0,0.0,0.0,0.0
89.0625,0.33689215400395867,0.5000980716841698,1.0,0.0,0.0,0.0,0.0,0.0
89.07291666666667,0.3369645398632624,0.49996924124117287,1.0,0.0,0.0,0.0,0.0,0.0
89.08333333333333,0.3370361948872251,0.49984047136896026,1.0,0.0,0.0,0.0,0.0,0.0
89.09375,0.33710710866178234,0.49971176174317233,1.0,0.0,0.0,0.0,0.0,0.0
89.10416666666667,0.33717727142609794,0.49958311203641037,1.0,0.0,0.0,0.0,0.0,0.0
89.11458333333333,0.3372466740699624,0.49945452191849116,1.0,0.0,0.0,0.0,0.0,0.0
89.125,0.33731530813017097,0.49932599105669845,1.0,0.0,0.0,0.0,0.0,0.0
89.13541666666667,0.3373831657859193,0.49919751911603105,1.0,0.0,0.0,0.0,0.0,0.0
89.14583333333333,0.33745023985325534,0.4990691057594495,1.0,0.0,0.0,0.0,0.0,0.0
89.15625,0.33751652377862923,0.4989407506481173,1.0,0.0,0.0,0.0,0.0,0.0
89.16666666666667,0.3375820116315831,0.49881245344164,1.0,0.0,0.0,0.0,0.0,0.0
89.17708333333333,0.33764669809662456,0.49868421379829936,1.0,0.0,0.0,0.0,0.0,0.0
89.1875,0.33771057846432845,0.49855603137528376,1.0,0.0,0.0,0.0,0.0,0.0
89.19791666666667,0.33777364862171144,0.49842790582891355,1.0,0.0,0.0,0.0,0.0,0.0
89.20833333333333,0.337835905041926,0.4982998368148622,1.0,0.0,0.0,0.0,0.0,0.0
89.21875,0.337897344773319,0.498171823988372,1.0,0.0,0.0,0.0,0.0,0.0
89.22916666666667,0.33795796542790146,0.49804386700446523,1.0,0.0,0.0,0.0,0.0,0.0
89.23958333333333,0.3380177651692753,0.49791596551814926,1.0,0.0,0.0,0.0,0.0,0.0
89.25,0.33807674270006316,0.49778811918461685,1.0,0.0,0.0,0.0,0.0,0.0
89.26041666666667,0.3381348972488864,0.4976603276594405,1.0,0.0,0.0,0.0,0.0,0.0
89.27083333333333,0.3381782948673655,0.49755309003581577,1.0,0.0,0.016720427485172953,0.0,0.0,0.0
89.28125,0.3382078362445916,0.4974653544768752,1.0,0.0,0.0326015915535769,0.0,0.0,0.0
89.29166666666667,0.3382152268144129,0.4974095887507263,1.0,0.0,0.058670068646690304,0.0,0.0,0.0
89.30208333333333,0.3382116058187535,0.4973698656171938,1.0,0.0,0.07175516897781702,0.0,0.0,0.0
89.3125,0.3382028087924327,0.49733783398686887,1.0,0.0,0.07802952866534417,0.0,0.0,0.0
89.32291666666667,0.33817689767229253,0.4973311583690199,1.0,0.0,0.09871956914884829,0.0,0.0,0.0
89.33333333333333,0.33812340249064116,0.4973656045458307,1.0,0.0,0.1322696117005901,0.0,0.0,0.0
89.34375,0.3380723696669944,0.49739756186269984,1.0,0.0,0.13023333249987487,0.0,0.0,0.0
89.35416666666667,0.33799362942165156,0.4974713645025692,1.0,0.0,0.16434747338454678,0.0,0.0,0.0
89.36458333333333,0.33790208241047165,0.4975656645908679,1.0,0.0,0.18102945350748076,0.0,0.0,0.0
89.375,0.33778782319135126,0.4976953053263329,1.0,0.0,0.2097794087332344,0.0,0.0,0.0
89.38541666666667,0.3376671628356741,0.4978366935027915,1.0,0.0,0.21927840806918805,0.0,0.0,0.0
89.39583333333333,0.33755362785986076,0.4979699476523833,1.0,0.0,0.2125887790800604,0.0,0.0,0.0
89.40625,0.3374184082256759,0.49813737935835806,1.0,0.0,0.24030630316362667,0.0,0.0,0.0
89.41666666666667,0.33729493897273316,0.49828997522774215,1.0,0.0,0.22815611195032245,0.0,0.0,0.0
89.42708333333333,0.33714706435172487,0.4984808668602621,1.0,0.0,0.2591572706434392,0.0,0.0,0.0
89.4375,0.3369853510947636,0.4986948230829389,1.0,0.0,0.2777342820620775,0.0,0.0,0.0
89.44791666666667,0.33686935155817543,0.498843801979955,1.0,0.0,0.2249293185587827,0.0,0.0,0.0
89.45833333333333,0.3367222582349928,0.49904068945389796,1.0,0.0,0.2636467955113157,0.0,0.0,0.0
89.46875,0.33656648682850643,0.4992527155063808,1.0,0.0,0.2757619656672711,0.0,0.0,0.0
89.47916666666667,0.3364094032171161,0.49946898576856724,1.0,0.0,0.2790408678302235,0.0,0.0,0.0
89.48958333333333,0.33624789280771467,0.4996940308306178,1.0,0.0,0.2859699739167055,0.0,0.0,0.0
89.5,0.33611251427716443,0.49988234587890384,1.0,0.0,0.25616778843417215,0.0,0.0,0.0
89.51041666666667,0.33594472580236845,0.5001205658779247,1.0,0.0,0.29628087812822834,0.0,0.0,0.0
89.52083333333333,0.33577027864718073,0.5003706891350039,1.0,0.0,0.30567956924811523,0.0,0.0,0.0
89.53125,0.3356033610022266,0.5006115014830558,1.0,0.0,0.2979848142086561,0.0,0.0,0.0
89.54166666666667,0.3354263795386179,0.5008690255571911,1.0,0.0,0.311226314897706,0.0,0.0,0.0
89.55208333333333,0.3353109628213433,0.5010361895459958,1.0,0.0,0.2384578649842118,0.0,0.0,0.0
89.5625,0.33519399763927676,0.5012065963787328,1.0,0.0,0.2409695931184046,0.0,0.0,0.0
89.57291666666667,0.3350334658942231,0.5014430735868309,1.0,0.0,0.29385557947798613,0.0,0.0,0.0
89.58333333333333,0.33489631352452837,0.5016456761126687,1.0,0.0,0.26654004682768373,0.0,0.0,0.0
89.59375,0.3347556919414543,0.5018543281478107,1.0,0.0,0.27125062985012244,0.0,0.0,0.0
89.60416666666667,0.33463249293711855,0.5020376154671342,1.0,0.0,0.250824106841335,0.0,0.0,0.0
89.61458333333333,0.3345521358976364,0.5021571664286179,1.0,0.0,0.19976754185392323,0.0,0.0,0.0
89.625,0.3344614032325706,0.5022926025482916,1.0,0.0,0.2124152175096946,0.0,0.0,0.0
89.63541666666667,0.3343749531459271,0.5024219151466717,1.0,0.0,0.2074663620358556,0.0,0.0,0.0
89.64583333333333,0.3343274447723517,0.5024929457475245,1.0,0.0,0.1608858787100875,0.0,0.0,0.0
89.65625,0.33427091037696266,0.5025776532545251,1.0,0.0,0.17178613648133703,0.0,0.0,0.0
89.66666666666667,0.33423726952039456,0.5026280472631263,1.0,0.0,0.14438386866753855,0.0,0.0,0.0
89.67708333333333,0.33420959095713754,0.5026695279457248,1.0,0.0,0.1372644821333321,0.0,0.0,0.0
89.6875,0.3341904509862224,0.5026982032528557,1.0,0.0,0.1270437577720588,0.0,0.0,0.0
89.69791666666667,0.33417624556847475,0.5027194782686091,1.0,0.0,0.12113813346602731,0.0,0.0,0.0
89.70833333333333,0.3341926516547377,0.5026947183610907,1.0,0.0,0.08441510459835126,0.0,0.0,0.0
89.71875,0.3342095546190664,0.502669197862771,1.0,0.0,0.08380633090288467,0.0,0.0,0.0
89.72916666666667,0.3342548525501526,0.5026009627194095,1.0,0.0,0.04971830687845345,0.0,0.0,0.0
89.73958333333333,0.33431296985002973,0.5025134217371959,1.0,0.0,0.03429154604046858,0.0,0.0,0.0
89.75,0.3343825799823189,0.5024085571879665,1.0,0.0,0.020431879885097388,0.0,0.0,0.0
89.76041666666667,0.3344691332143352,0.5022781659213541,1.0,0.0,0.0,0.0,0.0,0.0
89.77083333333333,0.3345555593626229,0.5021478421708856,1.0,0.0,0.0,0.0,0.0,0.0
89.78125,0.3346418328414993,0.5020175858247481,1.0,0.0,0.0,0.0,0.0,0.0
89.79166666666667,0.33472792823550745,0.5018873967614516,1.0,0.0,0.0,0.0,0.0,0.0
89.80208333333333,0.33481382032921475,0.5017572748499386,1.0,0.0,0.0,0.0,0.0,0.0
89.8125,0.33489948413653003,0.5016272199497057,1.0,0.0,0.0,0.0,0.0,0.0
89.82291666666667,0.3349848949294671,0.5014972319109355,1.0,0.0,0.0,0.0,0.0,0.0
89.83333333333333,0.3350700282662853,0.501367310574638,1.0,0.0,0.0,0.0,0.0,0.0
89.84375,0.33515486001893985,0.501237455772803,1.0,0.0,0.0,0.0,0.0,0.0
89.85416666666667,0.3352393663997783,0.5011076673285613,1.0,0.0,0.0,0.0,0.0,0.0
89.86458333333333,0.33532352398742155,0.5009779450563558,1.0,0.0,0.0,0.0,0.0,0.0
89.875,0.3354073097517721,0.500848288762121,1.0,0.0,0.0,0.0,0.0,0.0
89.88541666666667,0.3354907010780953,0.5007186982434706,1.0,0.0,0.0,0.0,0.0,0.0
89.89583333333333,0.3355736757901234,0.5005891732898945,1.0,0.0,0.0,0.0,0.0,0.0
89.90625,0.33565621217213537,0.5004597136829613,1.0,0.0,0.0,0.0,0.0,0.0
89.91666666666667,0.3357382889899707,0.5003303191965291,1.0,0.0,0.0,0.0,0.0,0.0
89.92708333333333,0.3358198855109385,0.500200989596964,1.0,0.0,0.0,0.0,0.0,0.0
89.9375,0.3359009815225879,0.500071724643362,1.0,0.0,0.0,0.0,0.0,0.0
89.94791666666667,0.3359815573503105,0.49994252408777906,1.0,0.0,0.0,0.0,0.0,0.0
89.95833333333333,0.3360615938737487,0.4998133876754653,1.0,0.0,0.0,0.0,0.0,0.0
89.96875,0.33614107254198966,0.49968431514510425,1.0,0.0,0.0,0.0,0.0,0.0
89.97916666666667,0.33621997538752857,0.49955530622905586,1.0,0.0,0.0,0.0,0.0,0.0
89.98958333333333,0.3362982850389879,0.49942636065360363,1.0,0.0,0.0,0.0,0.0,0.0
90.0,0.33637598473258623,0.49929747813920505,1.0,0.0,0.0,0.0,0.0,0.0
