time_day,theta,ec_soil,target_ec,irrigation_mm_h,etc_mm_h,q_f,q_a,event_marker
0.010416666666666666,0.33413020833333335,0.09996103066107588,0.8,0.0,0.0,0.0,0.0,0.0
0.020833333333333332,0.33426037282550014,0.09992209167740086,0.8,0.0,0.0,0.0,0.0,0.0
0.03125,0.33439040585320773,0.099883182998226,0.8,0.0,0.0,0.0,0.0,0.0
0.041666666666666664,0.33452022005863874,0.09984430456276419,0.8,0.0,0.0,0.0,0.0,0.0
0.052083333333333336,0.3346497285842527,0.09980545630029901,0.8,0.0,0.0,0.0,0.0,0.0
0.0625,0.3347788453051151,0.09976663813031998,0.8,0.0,0.0,0.0,0.0,0.0
0.07291666666666667,0.3349074850574347,0.0997278499626832,0.8,0.0,0.0,0.0,0.0,0.0
0.08333333333333333,0.3350355638620226,0.0996890916977967,0.8,0.0,0.0,0.0,0.0,0.0
0.09375,0.33516299914143516,0.09965036322682962,0.8,0.0,0.0,0.0,0.0,0.0
0.10416666666666667,0.33528970992961815,0.099611664431944,0.8,0.0,0.0,0.0,0.0,0.0
0.11458333333333333,0.3354156170729418,0.09957299518654801,0.8,0.0,0.0,0.0,0.0,0.0
0.125,0.335540643421593,0.09953435535556945,0.8,0.0,0.0,0.0,0.0,0.0
0.13541666666666666,0.3356647140103798,0.09949574479574796,0.8,0.0,0.0,0.0,0.0,0.0
0.14583333333333334,0.3357877562280989,0.09945716335594461,0.8,0.0,0.0,0.0,0.0,0.0
0.15625,0.33590969997471887,0.09941861087746717,0.8,0.0,0.0,0.0,0.0,0.0
0.16666666666666666,0.3360304778057368,0.0993800871944096,0.8,0.0,0.0,0.0,0.0,0.0
0.17708333333333334,0.3361500250631795,0.09934159213400413,0.8,0.0,0.0,0.0,0.0,0.0
0.1875,0.33626827999282904,0.09930312551698416,0.8,0.0,0.0,0.0,0.0,0.0
0.19791666666666666,0.3363851838473688,0.09926468715795635,0.8,0.0,0.0,0.0,0.0,0.0
0.20833333333333334,0.3365006809752563,0.09922627686578031,0.8,0.0,0.0,0.0,0.0,0.0
0.21875,0.33661471889524086,0.09918789444395405,0.8,0.0,0.0,0.0,0.0,0.0
0.22916666666666666,0.33672724835655093,0.09914953969100364,0.8,0.0,0.0,0.0,0.0,0.0
0.23958333333333334,0.3368382233848792,0.09911121240087548,0.8,0.0,0.0,0.0,0.0,0.0
0.25,0.3369476013143909,0.0990729123633295,0.8,0.0,0.0,0.0,0.0,0.0
0.2604166666666667,0.3370553428060731,0.09903463936433202,0.8,0.0,0.0,0.0,0.0,0.0
0.2708333333333333,0.3371439708695097,0.09900151442422946,0.8,0.0,0.013952786653169189,0.0,0.0,0.0
0.28125,0.33721173539205446,0.09897411539779359,0.8,0.0,0.02950701479183774,0.0,0.0,0.0
0.2916666666666667,0.33726851081750797,0.09894962657676785,0.8,0.0,0.03740732729126245,0.0,0.0,0.0
0.3020833333333333,0.3372993664798089,0.0989324707397301,0.8,0.0,0.0573820295582566,0.0,0.0,0.0
0.3125,0.3373235444680685,0.09891712388492792,0.8,0.0,0.062304936784804185,0.0,0.0,0.0
0.3229166666666667,0.3373181945543255,0.09891031667471163,0.8,0.0,0.08559600249912519,0.0,0.0,0.0
0.3333333333333333,0.3373243872409088,0.09890015247641666,0.8,0.0,0.0764354282930187,0.0,0.0,0.0
0.34375,0.337293952752651,0.09890069690806953,0.8,0.0,0.10565207189283206,0.0,0.0,0.0
0.3541666666666667,0.3372766310849356,0.09889754898964064,0.8,0.0,0.09557850212731181,0.0,0.0,0.0
0.3645833333333333,0.33723907879089154,0.09890041989034959,0.8,0.0,0.11199844749661109,0.0,0.0,0.0
0.375,0.33715857305439423,0.09891607690439654,0.8,0.0,0.1468673671911498,0.0,0.0,0.0
0.3854166666666667,0.33710787135339587,0.09892338428142848,0.8,0.0,0.1240896105885089,0.0,0.0,0.0
0.3958333333333333,0.33700379310854023,0.098946603657566,0.8,0.0,0.16744810725861725,0.0,0.0,0.0
0.40625,0.33689679995211563,0.09897117505921849,0.8,0.0,0.17109590955979898,0.0,0.0,0.0
0.4166666666666667,0.3367664409972444,0.0990031087469412,0.8,0.0,0.19109455738524275,0.0,0.0,0.0
0.4270833333333333,0.33662994285285347,0.09903743267524319,0.8,0.0,0.19753312490443176,0.0,0.0,0.0
0.4375,0.33652105979935687,0.09906421310935885,0.8,0.0,0.17696483864703186,0.0,0.0,0.0
0.4479166666666667,0.33642690365963274,0.09908709885136857,0.8,0.0,0.1663435443149963,0.0,0.0,0.0
0.4583333333333333,0.33628958146241367,0.09912307298954257,0.8,0.0,0.20184015199611582,0.0,0.0,0.0
0.46875,0.33614786506004934,0.09916086498552466,0.8,0.0,0.206695358585527,0.0,0.0,0.0
0.4791666666666667,0.3359967553779731,0.0992019404933617,0.8,0.0,0.21551089393427406,0.0,0.0,0.0
0.4895833333333333,0.33587215807069365,0.09923569599449959,0.8,0.0,0.19559659602135124,0.0,0.0,0.0
0.5,0.3357319474098125,0.0992744605299509,0.8,0.0,0.20908450170239778,0.0,0.0,0.0
0.5104166666666666,0.33561218614579036,0.09930759162155355,0.8,0.0,0.19377036149655533,0.0,0.0,0.0
0.5208333333333334,0.33546638502313836,0.09934876328905597,0.8,0.0,0.21543075221650212,0.0,0.0,0.0
0.53125,0.3353276274728943,0.09938822612483832,0.8,0.0,0.21072444279320873,0.0,0.0,0.0
0.5416666666666666,0.3352136913977491,0.09942065591875349,0.8,0.0,0.1916692721838978,0.0,0.0,0.0
0.5520833333333334,0.33511496998914075,0.09944881415083044,0.8,0.0,0.18009652257210612,0.0,0.0,0.0
0.5625,0.3350026866872696,0.09948119224981414,0.8,0.0,0.1914216047328774,0.0,0.0,0.0
0.5729166666666666,0.33489235508838433,0.09951319444559965,0.8,0.0,0.19035212924296685,0.0,0.0,0.0
0.5833333333333334,0.3347784735725174,0.09954643375310285,0.8,0.0,0.19362458983377337,0.0,0.0,0.0
0.59375,0.33467812722559465,0.09957581458963899,0.8,0.0,0.18319007696883294,0.0,0.0,0.0
0.6041666666666666,0.3346219089514349,0.09959219000431621,0.8,0.0,0.14818998732335711,0.0,0.0,0.0
0.6145833333333334,0.3345802431406129,0.09960429467547852,0.8,0.0,0.1366992081877774,0.0,0.0,0.0
0.625,0.33453937209800516,0.09961620422940594,0.8,0.0,0.13616701127691236,0.0,0.0,0.0
0.6354166666666666,0.33449526498831705,0.09962911575216644,0.8,0.0,0.1388505276757222,0.0,0.0,0.0
0.6458333333333334,0.3344488276715628,0.09964276004047216,0.8,0.0,0.14080909749674345,0.0,0.0,0.0
0.65625,0.33443292745857633,0.09964734223301447,0.8,0.0,0.11647010800432926,0.0,0.0,0.0
0.6666666666666666,0.3344211966507881,0.0996506932436936,0.8,0.0,0.11316358701550763,0.0,0.0,0.0
0.6770833333333334,0.3344208395847592,0.0996506629444532,0.8,0.0,0.10408532094124696,0.0,0.0,0.0
0.6875,0.3344539299153595,0.09964066721658836,0.8,0.0,0.07732802561418867,0.0,0.0,0.0
0.6979166666666666,0.33449231600708895,0.09962907380667686,0.8,0.0,0.07303153568017576,0.0,0.0,0.0
0.7083333333333334,0.33455082486340965,0.09961146325253263,0.8,0.0,0.05685818378996279,0.0,0.0,0.0
0.71875,0.33462127254163315,0.09959025853829849,0.8,0.0,0.047180868211533084,0.0,0.0,0.0
0.7291666666666666,0.334701226935476,0.09956617114944759,0.8,0.0,0.03940468114403837,0.0,0.0,0.0
0.7395833333333334,0.33480059227472214,0.09953624280836047,0.8,0.0,0.02365718272378564,0.0,0.0,0.0
0.75,0.3349111175453764,0.09950290189801436,0.8,0.0,0.014420530152411746,0.0,0.0,0.0
0.7604166666666666,0.335039179267657,0.0994642314743156,0.8,0.0,0.0,0.0,0.0,0.0
0.7708333333333334,0.3351665951504562,0.09942559077445487,0.8,0.0,0.0,0.0,0.0,0.0
0.78125,0.33529328427628724,0.09938697968060797,0.8,0.0,0.0,0.0,0.0,0.0
0.7916666666666666,0.3354191675456409,0.09934839806622396,0.8,0.0,0.0,0.0,0.0,0.0
0.8020833333333334,0.33554416786809066,0.09930984579629859,0.8,0.0,0.0,0.0,0.0,0.0
0.8125,0.33566821034278516,0.09927132272766626,0.8,0.0,0.0,0.0,0.0,0.0
0.8229166666666666,0.33579122242748055,0.0992328287093095,0.8,0.0,0.0,0.0,0.0,0.0
0.8333333333333334,0.3359131340953687,0.09919436358268385,0.8,0.0,0.0,0.0,0.0,0.0
0.84375,0.3360338779790632,0.09915592718205711,0.8,0.0,0.0,0.0,0.0,0.0
0.8541666666666666,0.3361533895012155,0.09911751933486077,0.8,0.0,0.0,0.0,0.0,0.0
0.8645833333333334,0.336271606991346,0.09907913986205248,0.8,0.0,0.0,0.0,0.0,0.0
0.875,0.3363884717885882,0.09904078857848755,0.8,0.0,0.0,0.0,0.0,0.0
0.8854166666666666,0.33650392833015597,0.09900246529329794,0.8,0.0,0.0,0.0,0.0,0.0
0.8958333333333334,0.3366179242254547,0.09896416981027696,0.8,0.0,0.0,0.0,0.0,0.0
0.90625,0.33673041031586476,0.09892590192826824,0.8,0.0,0.0,0.0,0.0,0.0
0.9166666666666666,0.33684134072032734,0.09888766144155708,0.8,0.0,0.0,0.0,0.0,0.0
0.9270833333333334,0.3369506728669615,0.09884944814026292,0.8,0.0,0.0,0.0,0.0,0.0
0.9375,0.33705836751103246,0.09881126181073101,0.8,0.0,0.0,0.0,0.0,0.0
0.9479166666666666,0.3371643887396744,0.09877310223592232,0.8,0.0,0.0,0.0,0.0,0.0
0.9583333333333334,0.33726870396384984,0.09873496919579987,0.8,0.0,0.0,0.0,0.0,0.0
0.96875,0.33737128389809407,0.09869686246771041,0.8,0.0,0.0,0.0,0.0,0.0
0.9791666666666666,0.33747210252865567,0.09865878182676009,0.8,0.0,0.0,0.0,0.0,0.0
0.9895833333333334,0.33757113707069414,0.09862072704618308,0.8,0.0,0.0,0.0,0.0,0.0
1.0,0.33766836791523985,0.098582697897702,0.8,0.0,0.0,0.0,0.0,0.0
1.0104166666666667,0.3377637785666553,0.0985446941518793,0.8,0.0,0.0,0.0,0.0,0.0
1.0208333333333333,0.33785735557136304,0.09850671557845839,0.8,0.0,0.0,0.0,0.0,0.0
1.03125,0.3379490884386235,0.0984687619466943,0.8,0.0,0.0,0.0,0.0,0.0
1.0416666666666667,0.33803896955415497,0.09843083302567261,0.8,0.0,0.0,0.0,0.0,0.0
1.0520833333333333,0.33812699408739216,0.09839292858461646,0.8,0.0,0.0,0.0,0.0,0.0
1.0625,0.33821315989317347,0.09835504839318086,0.8,0.0,0.0,0.0,0.0,0.0
1.0729166666666667,0.3382974674086378,0.09831719222173418,0.8,0.0,0.0,0.0,0.0,0.0
1.0833333333333333,0.3383799195460945,0.09827935984162611,0.8,0.0,0.0,0.0,0.0,0.0
1.09375,0.3384605215826081,0.09824155102544214,0.8,0.0,0.0,0.0,0.0,0.0
1.1041666666666667,0.3385392810470139,0.09820376554724435,0.8,0.0,0.0,0.0,0.0,0.0
1.1145833333333333,0.3386162076050491,0.09816600318279817,0.8,0.0,0.0,0.0,0.0,0.0
1.125,0.3386913129432517,0.09812826370978557,0.8,0.0,0.0,0.0,0.0,0.0
1.1354166666666667,0.3387646106522421,0.09809054690800412,0.8,0.0,0.0,0.0,0.0,0.0
1.1458333333333333,0.33883611610996495,0.09805285255955248,0.8,0.0,0.0,0.0,0.0,0.0
1.15625,0.3389058463654277,0.09801518044900237,0.8,0.0,0.0,0.0,0.0,0.0
1.1666666666666667,0.3389738200234321,0.097977530363557,0.8,0.0,0.0,0.0,0.0,0.0
1.1770833333333333,0.3390400571307531,0.0979399020931965,0.8,0.0,0.0,0.0,0.0,0.0
1.1875,0.3391045790641771,0.09790229543081058,0.8,0.0,0.0,0.0,0.0,0.0
1.1979166666666667,0.3391674084207725,0.0978647101723186,0.8,0.0,0.0,0.0,0.0,0.0
1.2083333333333333,0.3392285689107205,0.0978271461167775,0.8,0.0,0.0,0.0,0.0,0.0
1.21875,0.3392880852529998,0.09778960306647815,0.8,0.0,0.0,0.0,0.0,0.0
1.2291666666666667,0.3393459830741749,0.09775208082703019,0.8,0.0,0.0,0.0,0.0,0.0
1.2395833333333333,0.33940228881050494,0.09771457920743605,0.8,0.0,0.0,0.0,0.0,0.0
1.25,0.3394570296135518,0.09767709802015453,0.8,0.0,0.0,0.0,0.0,0.0
1.2604166666666667,0.33951023325943436,0.09763963708115443,0.8,0.0,0.0,0.0,0.0,0.0
1.2708333333333333,0.3395442899156093,0.09760726630496717,0.8,0.0,0.014110516987284837,0.0,0.0,0.0
1.28125,0.3395618237523267,0.09757937758685191,0.8,0.0,0.026549953535950983,0.0,0.0,0.0
1.2916666666666667,0.33956376199866406,0.09755583394851489,0.8,0.0,0.03862358490032344,0.0,0.0,0.0
1.3020833333333333,0.33955555711113594,0.09753519356918437,0.8,0.0,0.04669348259234526,0.0,0.0,0.0
1.3125,0.33951720292194276,0.09752328417356841,0.8,0.0,0.07100165584286332,0.0,0.0,0.0
1.3229166666666667,0.3394758291867924,0.09751255770478957,0.8,0.0,0.07429583601289667,0.0,0.0,0.0
1.3333333333333333,0.33940361379158646,0.09751102901737645,0.8,0.0,0.09991004951225106,0.0,0.0,0.0
1.34375,0.3393435730103449,0.09750658547261844,0.8,0.0,0.09179564878108315,0.0,0.0,0.0
1.3541666666666667,0.3392692494443583,0.09750672560603571,0.8,0.0,0.10455673639637399,0.0,0.0,0.0
1.3645833333333333,0.33918124866550076,0.09751138401733506,0.8,0.0,0.11713025047270126,0.0,0.0,0.0
1.375,0.33907565481615093,0.09752178740835143,0.8,0.0,0.13310717782225487,0.0,0.0,0.0
1.3854166666666667,0.3389387760698521,0.0975420034393612,0.8,0.0,0.1603756184468687,0.0,0.0,0.0
1.3958333333333333,0.33879717762056544,0.09756461145993599,0.8,0.0,0.16698705822925652,0.0,0.0,0.0
1.40625,0.33865065936906996,0.09758967891706827,0.8,0.0,0.17377478181843853,0.0,0.0,0.0
1.4166666666666667,0.338536189183383,0.09760655468709735,0.8,0.0,0.15099997066825085,0.0,0.0,0.0
1.4270833333333333,0.33840770528412817,0.09762826607956329,0.8,0.0,0.16438641339559265,0.0,0.0,0.0
1.4375,0.33828139523402445,0.09765022062092442,0.8,0.0,0.16502455696090074,0.0,0.0,0.0
1.4479166666666667,0.33815795140081467,0.09767217997664523,0.8,0.0,0.1650020089519426,0.0,0.0,0.0
1.4583333333333333,0.33798684864251183,0.09770870646178821,0.8,0.0,0.20528427545488642,0.0,0.0,0.0
1.46875,0.3378212746424185,0.0977447077116119,0.8,0.0,0.20374418473701758,0.0,0.0,0.0
1.4791666666666667,0.33770111221795707,0.09776855866611021,0.8,0.0,0.1700893671390434,0.0,0.0,0.0
1.4895833333333333,0.33753497565860263,0.09780642083486675,0.8,0.0,0.2087385771783948,0.0,0.0,0.0
1.5,0.3374162273574474,0.09783147572526632,0.8,0.0,0.17331490068497746,0.0,0.0,0.0
1.5104166666666667,0.3372929969520334,0.0978584653231079,0.8,0.0,0.17860816742108118,0.0,0.0,0.0
1.5208333333333333,0.3371119823465647,0.09790287134498454,0.8,0.0,0.2265458763837937,0.0,0.0,0.0
1.53125,0.33696622974386825,0.09793794269147155,0.8,0.0,0.20073469769921526,0.0,0.0,0.0
1.5416666666666667,0.3368280709973104,0.0979714990614792,0.8,0.0,0.19649229302746607,0.0,0.0,0.0
1.5520833333333333,0.3367080426366468,0.09800040584439874,0.8,0.0,0.18364403622011127,0.0,0.0,0.0
1.5625,0.3365769899752662,0.098033042644583,0.8,0.0,0.19383809913713018,0.0,0.0,0.0
1.5729166666666667,0.3364919554777467,0.09805281349394337,0.8,0.0,0.1584563762034986,0.0,0.0,0.0
1.5833333333333333,0.3363521918949307,0.09808887600154993,0.8,0.0,0.20313132088902472,0.0,0.0,0.0
1.59375,0.33625636081059335,0.09811265726491253,0.8,0.0,0.1693858955925002,0.0,0.0,0.0
1.6041666666666667,0.3361546303386043,0.0981385066529982,0.8,0.0,0.17501902548477635,0.0,0.0,0.0
1.6145833333333333,0.33608012895393047,0.09815675627298255,0.8,0.0,0.1541640415759506,0.0,0.0,0.0
1.625,0.3360111558289522,0.09817363642082452,0.8,0.0,0.15039409473013537,0.0,0.0,0.0
1.6354166666666667,0.33593628578508566,0.0981924597897301,0.8,0.0,0.15569538958367235,0.0,0.0,0.0
1.6458333333333333,0.3359043852431347,0.09819895100101836,0.8,0.0,0.12193117805119792,0.0,0.0,0.0
1.65625,0.3358767247401193,0.0982042961593945,0.8,0.0,0.11879260122333157,0.0,0.0,0.0
1.6666666666666667,0.3358538773022371,0.09820831370271661,0.8,0.0,0.11515850759199643,0.0,0.0,0.0
1.6770833333333333,0.335866391405364,0.09820205588983574,0.8,0.0,0.08704559859296386,0.0,0.0,0.0
1.6875,0.33586191197865384,0.09820073189998901,0.8,0.0,0.1005441130870256,0.0,0.0,0.0
1.6979166666666667,0.3358910048517708,0.09818960550697357,0.8,0.0,0.07372082164674948,0.0,0.0,0.0
1.7083333333333333,0.3359240273986753,0.0981772503113422,0.8,0.0,0.0703512170222192,0.0,0.0,0.0
1.71875,0.33598792178798154,0.09815578293013959,0.8,0.0,0.04539312576086011,0.0,0.0,0.0
1.7291666666666667,0.3360631334531731,0.09813083076841533,0.8,0.0,0.03582223372411684,0.0,0.0,0.0
1.7395833333333333,0.33615018952952497,0.09810220372276994,0.8,0.0,0.025716403938656655,0.0,0.0,0.0
1.75,0.3362537932556752,0.09806848934175309,0.8,0.0,0.011719499740916928,0.0,0.0,0.0
1.7604166666666667,0.33637086650994524,0.09803052727124978,0.8,0.0,0.0,0.0,0.0,0.0
1.7708333333333333,0.3364865397191368,0.09799259294085301,0.8,0.0,0.0,0.0,0.0,0.0
1.78125,0.3366007600081632,0.09795468615714424,0.8,0.0,0.0,0.0,0.0,0.0
1.7916666666666667,0.3367134777257774,0.09791680672174755,0.8,0.0,0.0,0.0,0.0,0.0
1.8020833333333333,0.3368246464922951,0.09787895443171672,0.8,0.0,0.0,0.0,0.0,0.0
1.8125,0.3369342232333085,0.09784112907992355,0.8,0.0,0.0,0.0,0.0,0.0
1.8229166666666667,0.3370421681996972,0.0978033304554458,0.8,0.0,0.0,0.0,0.0,0.0
1.8333333333333333,0.3371484449743273,0.09776555834395342,0.8,0.0,0.0,0.0,0.0,0.0
1.84375,0.3372530204659096,0.09772781252809153,0.8,0.0,0.0,0.0,0.0,0.0
1.8541666666666667,0.3373558648905558,0.09769009278785902,0.8,0.0,0.0,0.0,0.0,0.0
1.8645833333333333,0.33745695174163454,0.0976523989009812,0.8,0.0,0.0,0.0,0.0,0.0
1.875,0.33755625774858145,0.09761473064327593,0.8,0.0,0.0,0.0,0.0,0.0
1.8854166666666667,0.3376537628253627,0.0975770877890116,0.8,0.0,0.0,0.0,0.0,0.0
1.8958333333333333,0.33774945000932555,0.09753947011125616,0.8,0.0,0.0,0.0,0.0,0.0
1.90625,0.33784330539119894,0.09750187738221659,0.8,0.0,0.0,0.0,0.0,0.0
1.9166666666666667,0.3379353180370239,0.09746430937356762,0.8,0.0,0.0,0.0,0.0,0.0
1.9270833333333333,0.3380254799028066,0.09742676585676921,0.8,0.0,0.0,0.0,0.0,0.0
1.9375,0.33811378574268863,0.0973892466033723,0.8,0.0,0.0,0.0,0.0,0.0
1.9479166666666667,0.33820023301142754,0.09735175138531199,0.8,0.0,0.0,0.0,0.0,0.0
1.9583333333333333,0.3382848217619696,0.09731427997518799,0.8,0.0,0.0,0.0,0.0,0.0
1.96875,0.338367554538881,0.09727683214653204,0.8,0.0,0.0,0.0,0.0,0.0
1.9791666666666667,0.33844843626838345,0.09723940767406174,0.8,0.0,0.0,0.0,0.0,0.0
1.9895833333333333,0.3385274741457138,0.09720200633392084,0.8,0.0,0.0,0.0,0.0,0.0
2.0,0.338604677520498,0.097164627903906,0.8,0.0,0.0,0.0,0.0,0.0
2.0104166666666665,0.33868005778079574,0.0971272721636796,0.8,0.0,0.0,0.0,0.0,0.0
2.0208333333333335,0.3387536282364379,0.09708993889496899,0.8,0.0,0.0,0.0,0.0,0.0
2.03125,0.3388254040022386,0.09705262788175209,0.8,0.0,0.0,0.0,0.0,0.0
2.0416666666666665,0.3388954018816259,0.09701533891042957,0.8,0.0,0.0,0.0,0.0,0.0
2.0520833333333335,0.3389636402511927,0.09697807176998367,0.8,0.0,0.0,0.0,0.0,0.0
2.0625,0.33903013894662853,0.09694082625212415,0.8,0.0,0.0,0.0,0.0,0.0
2.0729166666666665,0.33909491915045226,0.09690360215142142,0.8,0.0,0.0,0.0,0.0,0.0
2.0833333333333335,0.33915800328192147,0.09686639926542717,0.8,0.0,0.0,0.0,0.0,0.0
2.09375,0.3392194148894568,0.09682921739478319,0.8,0.0,0.0,0.0,0.0,0.0
2.1041666666666665,0.3392791785458768,0.09679205634331817,0.8,0.0,0.0,0.0,0.0,0.0
2.1145833333333335,0.33933731974670195,0.09675491591813364,0.8,0.0,0.0,0.0,0.0,0.0
2.125,0.3393938648117481,0.09671779592967866,0.8,0.0,0.0,0.0,0.0,0.0
2.1354166666666665,0.3394488407901948,0.09668069619181431,0.8,0.0,0.0,0.0,0.0,0.0
2.1458333333333335,0.3395022753692791,0.09664361652186819,0.8,0.0,0.0,0.0,0.0,0.0
2.15625,0.3395541967867352,0.09660655674067949,0.8,0.0,0.0,0.0,0.0,0.0
2.1666666666666665,0.33960463374706784,0.09656951667263482,0.8,0.0,0.0,0.0,0.0,0.0
2.1770833333333335,0.3396536153417226,0.09653249614569562,0.8,0.0,0.0,0.0,0.0,0.0
2.1875,0.339701170973188,0.0964954949914175,0.8,0.0,0.0,0.0,0.0,0.0
2.1979166666666665,0.33974733028304205,0.09645851304496174,0.8,0.0,0.0,0.0,0.0,0.0
2.2083333333333335,0.3397921230839338,0.0964215501450999,0.8,0.0,0.0,0.0,0.0,0.0
2.21875,0.33983557929547203,0.09638460613421133,0.8,0.0,0.0,0.0,0.0,0.0
2.2291666666666665,0.33987772888397366,0.0963476808582748,0.8,0.0,0.0,0.0,0.0,0.0
2.2395833333333335,0.33991860180601163,0.09631077416685388,0.8,0.0,0.0,0.0,0.0,0.0
2.25,0.33995822795568603,0.09627388591307717,0.8,0.0,0.0,0.0,0.0,0.0
2.2604166666666665,0.33999663711553196,0.0962370159536134,0.8,0.0,0.0,0.0,0.0,0.0
2.2708333333333335,0.3400193979097705,0.09620425553489036,0.8,0.0,0.011568800956883066,0.0,0.0,0.0
2.28125,0.34002311322737333,0.09617669515146937,0.8,0.0,0.026239408081790736,0.0,0.0,0.0
2.2916666666666665,0.3400046653113262,0.09615537772805527,0.8,0.0,0.04387743837247685,0.0,0.0,0.0
2.3020833333333335,0.33996786169506565,0.0961394166704869,0.8,0.0,0.059021013952308306,0.0,0.0,0.0
2.3125,0.33993752648543135,0.09612194971891308,0.8,0.0,0.05475781840130933,0.0,0.0,0.0
2.3229166666666665,0.33987994065527816,0.09611245388472128,0.8,0.0,0.07730542574494315,0.0,0.0,0.0
2.3333333333333335,0.3398037760627936,0.09610870953878799,0.8,0.0,0.09357621487324741,0.0,0.0,0.0
2.34375,0.3397312131556315,0.09610459661298834,0.8,0.0,0.092535760138134,0.0,0.0,0.0
2.3541666666666665,0.33964870926376245,0.09610390811663982,0.8,0.0,0.10222006345016967,0.0,0.0,0.0
2.3645833333333335,0.3395368458441383,0.09611221662313975,0.8,0.0,0.12764994967511062,0.0,0.0,0.0
2.375,0.3394050504573775,0.09612708962185512,0.8,0.0,0.14618397565656904,0.0,0.0,0.0
2.3854166666666665,0.3392827712056558,0.09614033065871724,0.8,0.0,0.14155430170601485,0.0,0.0,0.0
2.3958333333333335,0.33916320328854094,0.09615376757536684,0.8,0.0,0.14208879705234034,0.0,0.0,0.0
2.40625,0.33900176675421134,0.0961800043767664,0.8,0.0,0.17816748641783273,0.0,0.0,0.0
2.4166666666666665,0.33886156780017657,0.09620143568648966,0.8,0.0,0.16457213044181201,0.0,0.0,0.0
2.4270833333333335,0.33872767208049104,0.09622210563107468,0.8,0.0,0.16239018203401687,0.0,0.0,0.0
2.4375,0.33855116937876506,0.0962558440767183,0.8,0.0,0.19913187368021765,0.0,0.0,0.0
2.4479166666666665,0.33838572749749496,0.09628766919723464,0.8,0.0,0.19367118797164057,0.0,0.0,0.0
2.4583333333333335,0.3382002352628384,0.09632631927156898,0.8,0.0,0.2127700992082128,0.0,0.0,0.0
2.46875,0.33803126537873474,0.09636146949881855,0.8,0.0,0.20284686859172527,0.0,0.0,0.0
2.4791666666666665,0.3378928673111818,0.09638895407027362,0.8,0.0,0.1812667001475336,0.0,0.0,0.0
2.4895833333333335,0.33772501464141624,0.09642567605940827,0.8,0.0,0.20709907785665324,0.0,0.0,0.0
2.5,0.3375981308483042,0.0964516686142905,0.8,0.0,0.17696916743466115,0.0,0.0,0.0
2.5104166666666665,0.3374491332649706,0.09648468711497812,0.8,0.0,0.19658239859810964,0.0,0.0,0.0
2.5208333333333335,0.33730090606714097,0.09651828775120676,0.8,0.0,0.1981382626431013,0.0,0.0,0.0
2.53125,0.33716376543338866,0.09654948070241466,0.8,0.0,0.1913388130383861,0.0,0.0,0.0
2.5416666666666665,0.3369957659355992,0.09659019718665528,0.8,0.0,0.21785993725112804,0.0,0.0,0.0
2.5520833333333335,0.3368663441101376,0.09662065230462309,0.8,0.0,0.18913847165796502,0.0,0.0,0.0
2.5625,0.336711036672806,0.09665912202391634,0.8,0.0,0.2114164419871783,0.0,0.0,0.0
2.5729166666666665,0.3366224659057321,0.0966790973230336,0.8,0.0,0.15981901943182192,0.0,0.0,0.0
2.5833333333333335,0.33648715625184744,0.09671286471811104,0.8,0.0,0.19818736034914716,0.0,0.0,0.0
2.59375,0.33639926747679466,0.09673353348717131,0.8,0.0,0.1616809077496174,0.0,0.0,0.0
2.6041666666666665,0.3363149726868983,0.09675349754336482,0.8,0.0,0.15969414113302205,0.0,0.0,0.0
2.6145833333333335,0.33624679669163615,0.09676912734048006,0.8,0.0,0.14762117195174984,0.0,0.0,0.0
2.625,0.33619639002305185,0.09677987884985004,0.8,0.0,0.13404907843849403,0.0,0.0,0.0
2.6354166666666665,0.33614873629057723,0.0967900072263804,0.8,0.0,0.13231004532612578,0.0,0.0,0.0
2.6458333333333335,0.33610742662269183,0.09679846517586385,0.8,0.0,0.1276631388075285,0.0,0.0,0.0
2.65625,0.33609002686778133,0.09680016886914226,0.8,0.0,0.10889892616005752,0.0,0.0,0.0
2.6666666666666665,0.336064847123868,0.09680416806771365,0.8,0.0,0.1152740031286766,0.0,0.0,0.0
2.6770833333333335,0.3360655711203215,0.09680078373970102,0.8,0.0,0.09476743397557033,0.0,0.0,0.0
2.6875,0.3360694549022273,0.09679648720340757,0.8,0.0,0.09223341939885984,0.0,0.0,0.0
2.6979166666666665,0.33609847924991687,0.0967849387765402,0.8,0.0,0.0720877446313992,0.0,0.0,0.0
2.7083333333333335,0.33612523560052837,0.09677395562775258,0.8,0.0,0.07365189012775264,0.0,0.0,0.0
2.71875,0.33618627722230476,0.09675302230400426,0.8,0.0,0.045989888543328736,0.0,0.0,0.0
2.7291666666666665,0.3362550865075868,0.09672966692758994,0.8,0.0,0.039231317427065995,0.0,0.0,0.0
2.7395833333333335,0.3363403760543024,0.09670135620286233,0.8,0.0,0.02541490329396791,0.0,0.0,0.0
2.75,0.33644107181451105,0.09666834280553781,0.8,0.0,0.012279121620895601,0.0,0.0,0.0
2.7604166666666665,0.3365558714601187,0.0966309432981449,0.8,0.0,0.0,0.0,0.0,0.0
2.7708333333333335,0.33666918773566984,0.09659357084312487,0.8,0.0,0.0,0.0,0.0,0.0
2.78125,0.3367809729658944,0.0965562252420375,0.8,0.0,0.0,0.0,0.0,0.0
2.7916666666666665,0.3368911827691529,0.09651890629216656,0.8,0.0,0.0,0.0,0.0,0.0
2.8020833333333335,0.33699977608281156,0.09648161378690277,0.8,0.0,0.0,0.0,0.0,0.0
2.8125,0.33710671517514146,0.09644434751612564,0.8,0.0,0.0,0.0,0.0,0.0
2.8229166666666665,0.3372119656441823,0.0964071072665826,0.8,0.0,0.0,0.0,0.0,0.0
2.8333333333333335,0.3373154964040839,0.09636989282226417,0.8,0.0,0.0,0.0,0.0,0.0
2.84375,0.33741727965950286,0.09633270396477425,0.8,0.0,0.0,0.0,0.0,0.0
2.8541666666666665,0.33751729086868965,0.09629554047369368,0.8,0.0,0.0,0.0,0.0,0.0
2.8645833333333335,0.3376155086959486,0.09625840212693662,0.8,0.0,0.0,0.0,0.0,0.0
2.875,0.3377119149541913,0.09622128870109857,0.8,0.0,0.0,0.0,0.0,0.0
2.8854166666666665,0.33780649453833667,0.09618419997179488,0.8,0.0,0.0,0.0,0.0,0.0
2.8958333333333335,0.3378992353503313,0.09614713571398932,0.8,0.0,0.0,0.0,0.0,0.0
2.90625,0.33799012821657864,0.09611009570231162,0.8,0.0,0.0,0.0,0.0,0.0
2.9166666666666665,0.3380791667985723,0.09607307971136368,0.8,0.0,0.0,0.0,0.0,0.0
2.9270833333333335,0.3381663474975273,0.09603608751601368,0.8,0.0,0.0,0.0,0.0,0.0
2.9375,0.3382516693537964,0.09599911889167782,0.8,0.0,0.0,0.0,0.0,0.0
2.9479166666666665,0.3383351339418454,0.09596217361458906,0.8,0.0,0.0,0.0,0.0,0.0
2.9583333333333335,0.3384167452615406,0.0959252514620527,0.8,0.0,0.0,0.0,0.0,0.0
2.96875,0.33849650962648026,0.09588835221268897,0.8,0.0,0.0,0.0,0.0,0.0
2.9791666666666665,0.33857443555007155,0.09585147564666173,0.8,0.0,0.0,0.0,0.0,0.0
2.9895833333333335,0.3386505336300235,0.09581462154589386,0.8,0.0,0.0,0.0,0.0,0.0
3.0,0.33872481643189173,0.09577778969426905,0.8,0.0,0.0,0.0,0.0,0.0
3.0104166666666665,0.3387972983722727,0.09574097987782022,0.8,0.0,0.0,0.0,0.0,0.0
3.0208333333333335,0.33886799560220704,0.09570419188490448,0.8,0.0,0.0,0.0,0.0,0.0
3.03125,0.33893692589131014,0.09566742550636494,0.8,0.0,0.0,0.0,0.0,0.0
3.0416666666666665,0.33900410851310664,0.09563068053567973,0.8,0.0,0.0,0.0,0.0,0.0
3.0520833333333335,0.33906956413200523,0.0955939567690982,0.8,0.0,0.0,0.0,0.0,0.0
3.0625,0.3391333146923068,0.09555725400576474,0.8,0.0,0.0,0.0,0.0,0.0
3.0729166666666665,0.33919538330959886,0.09552057204783065,0.8,0.0,0.0,0.0,0.0,0.0
3.0833333333333335,0.33925579416484863,0.0954839107005543,0.8,0.0,0.0,0.0,0.0,0.0
3.09375,0.33931457240146756,0.09544726977238997,0.8,0.0,0.0,0.0,0.0,0.0
3.1041666666666665,0.3393717440255831,0.09541064907506597,0.8,0.0,0.0,0.0,0.0,0.0
3.1145833333333335,0.33942733580971607,0.09537404842365209,0.8,0.0,0.0,0.0,0.0,0.0
3.125,0.339481375200028,0.09533746763661723,0.8,0.0,0.0,0.0,0.0,0.0
3.1354166666666665,0.3395338902272707,0.09530090653587739,0.8,0.0,0.0,0.0,0.0,0.0
3.1458333333333335,0.3395849094215379,0.09526436494683467,0.8,0.0,0.0,0.0,0.0,0.0
3.15625,0.3396344617308928,0.09522784269840744,0.8,0.0,0.0,0.0,0.0,0.0
3.1666666666666665,0.33968257644391575,0.0951913396230525,0.8,0.0,0.0,0.0,0.0,0.0
3.1770833333333335,0.3397292831161947,0.09515485555677952,0.8,0.0,0.0,0.0,0.0,0.0
3.1875,0.3397746115007567,0.09511839033915807,0.8,0.0,0.0,0.0,0.0,0.0
3.1979166666666665,0.33981859148241933,0.09508194381331797,0.8,0.0,0.0,0.0,0.0,0.0
3.2083333333333335,0.3398612530160229,0.09504551582594326,0.8,0.0,0.0,0.0,0.0,0.0
3.21875,0.3399026260684877,0.09500910622726008,0.8,0.0,0.0,0.0,0.0,0.0
3.2291666666666665,0.33994274056462576,0.09497271487101934,0.8,0.0,0.0,0.0,0.0,0.0
3.2395833333333335,0.3399816263366249,0.09493634161447383,0.8,0.0,0.0,0.0,0.0,0.0
3.25,0.3400193130771117,0.09489998631835105,0.8,0.0,0.0,0.0,0.0,0.0
3.2604166666666665,0.34005583029569036,0.09486364884682136,0.8,0.0,0.0,0.0,0.0,0.0
3.2708333333333335,0.3400755929601658,0.09483168299396123,0.8,0.0,0.012491454945118894,0.0,0.0,0.0
3.28125,0.34007957255299626,0.09480395654291611,0.8,0.0,0.02462194640317366,0.0,0.0,0.0
3.2916666666666665,0.3400642413765766,0.09478158558172631,0.8,0.0,0.0399704940740087,0.0,0.0,0.0
3.3020833333333335,0.34003348737801453,0.09476365105890329,0.8,0.0,0.05269389754136991,0.0,0.0,0.0
3.3125,0.33998252057557826,0.09475161933634152,0.8,0.0,0.06963380249182263,0.0,0.0,0.0
3.3229166666666665,0.3399279473465927,0.094741033886354,0.8,0.0,0.07378584310965601,0.0,0.0,0.0
3.3333333333333335,0.33985790018176154,0.09473522960171003,0.8,0.0,0.08750962242523029,0.0,0.0,0.0
3.34375,0.33975790826252,0.09473836875519456,0.8,0.0,0.1131732609493072,0.0,0.0,0.0
3.3541666666666665,0.33965987618658566,0.09474179999993368,0.8,0.0,0.11400813789794355,0.0,0.0,0.0
3.3645833333333335,0.3395658824923553,0.09474491313065903,0.8,0.0,0.1130929313740578,0.0,0.0,0.0
3.375,0.3394664541684508,0.09475030559207452,0.8,0.0,0.1196234100039089,0.0,0.0,0.0
3.3854166666666665,0.3393276386083473,0.09476749068047599,0.8,0.0,0.15340239571357886,0.0,0.0,0.0
3.3958333333333335,0.339215667515563,0.09477826741763792,0.8,0.0,0.13502651587256284,0.0,0.0,0.0
3.40625,0.3390604899359904,0.0948019812436728,0.8,0.0,0.1720338830040864,0.0,0.0,0.0
3.4166666666666665,0.33888753982601466,0.09483183840136222,0.8,0.0,0.18955069415489734,0.0,0.0,0.0
3.4270833333333335,0.338756181885148,0.09485131863748987,0.8,0.0,0.1598361593101612,0.0,0.0,0.0
3.4375,0.33863596329886153,0.0948686071999198,0.8,0.0,0.15354524422658103,0.0,0.0,0.0
3.4479166666666665,0.3384890212742739,0.09489421453290658,0.8,0.0,0.17725976952521877,0.0,0.0,0.0
3.4583333333333335,0.3383301206705345,0.09492416741084894,0.8,0.0,0.1896004171523097,0.0,0.0,0.0
3.46875,0.33817595003740436,0.09495383288835954,0.8,0.0,0.18871542860246018,0.0,0.0,0.0
3.4791666666666665,0.3379836151900295,0.09499519914988488,0.8,0.0,0.22195964619743244,0.0,0.0,0.0
3.4895833333333335,0.33783331963929286,0.0950259219457829,0.8,0.0,0.19157473966157612,0.0,0.0,0.0
3.5,0.33766833295271104,0.09506165898949212,0.8,0.0,0.205758044908349,0.0,0.0,0.0
3.5104166666666665,0.3374816585128001,0.09510443974295446,0.8,0.0,0.22566860369886174,0.0,0.0,0.0
3.5208333333333335,0.33733780344152564,0.09513615912948424,0.8,0.0,0.19417422641794602,0.0,0.0,0.0
3.53125,0.33717526736458436,0.09517389111969878,0.8,0.0,0.21114844104306454,0.0,0.0,0.0
3.5416666666666665,0.33706835776609767,0.09519671640490236,0.8,0.0,0.16883718761395924,0.0,0.0,0.0
3.5520833333333335,0.3369121704571974,0.0952339691964094,0.8,0.0,0.20964021084938259,0.0,0.0,0.0
3.5625,0.33680928915145797,0.09525685845998448,0.8,0.0,0.16892773172763076,0.0,0.0,0.0
3.5729166666666665,0.33671170431394104,0.09527869208356236,0.8,0.0,0.165908250213421,0.0,0.0,0.0
3.5833333333333335,0.33660044480903406,0.0953048030576717,0.8,0.0,0.17796252013531264,0.0,0.0,0.0
3.59375,0.33650899171470944,0.09532575163157542,0.8,0.0,0.1633400409860216,0.0,0.0,0.0
3.6041666666666665,0.33639350123938855,0.09535386601777367,0.8,0.0,0.18353658840600096,0.0,0.0,0.0
3.6145833333333335,0.3363304061048484,0.09536755432644253,0.8,0.0,0.14279158754932555,0.0,0.0,0.0
3.625,0.3362367465927313,0.09539013605753074,0.8,0.0,0.167859672927822,0.0,0.0,0.0
3.6354166666666665,0.3362010419733011,0.09539659586331914,0.8,0.0,0.12238065420685036,0.0,0.0,0.0
3.6458333333333335,0.3361509539126835,0.09540725523656643,0.8,0.0,0.1342151894909011,0.0,0.0,0.0
3.65625,0.33610655714533255,0.09541646168201376,0.8,0.0,0.1301130932789717,0.0,0.0,0.0
3.6666666666666665,0.3360924215951268,0.09541721702329281,0.8,0.0,0.10629514198536286,0.0,0.0,0.0
3.6770833333333335,0.3360807979540717,0.09541730281234023,0.8,0.0,0.10440840125011915,0.0,0.0,0.0
3.6875,0.3360803720140749,0.09541424505058843,0.8,0.0,0.09555058822561893,0.0,0.0,0.0
3.6979166666666665,0.33610630578351464,0.09540370589917359,0.8,0.0,0.07446648723316114,0.0,0.0,0.0
3.7083333333333335,0.33613476748594967,0.09539237162391892,0.8,0.0,0.07221953051352731,0.0,0.0,0.0
3.71875,0.336187417474197,0.09537408853479891,0.8,0.0,0.052619194598855536,0.0,0.0,0.0
3.7291666666666665,0.33625553202286423,0.09535125944643423,0.8,0.0,0.039776789947807964,0.0,0.0,0.0
3.7395833333333335,0.3363370294648449,0.0953244254599639,0.8,0.0,0.028444429955515813,0.0,0.0,0.0
3.75,0.336434861483244,0.0952927044123032,0.8,0.0,0.014602496943479402,0.0,0.0,0.0
3.7604166666666665,0.3365497394316105,0.09525583644669045,0.8,0.0,0.0,0.0,0.0,0.0
3.7708333333333335,0.33666313666453695,0.09521899515831275,0.8,0.0,0.0,0.0,0.0,0.0
3.78125,0.33677500533073973,0.09518218035179508,0.8,0.0,0.0,0.0,0.0,0.0
3.7916666666666665,0.33688530087081314,0.09514539182752704,0.8,0.0,0.0,0.0,0.0,0.0
3.8020833333333335,0.33699398204333975,0.09510862938204037,0.8,0.0,0.0,0.0,0.0,0.0
3.8125,0.3371010109375032,0.09507189280838545,0.8,0.0,0.0,0.0,0.0,0.0
3.8229166666666665,0.33720635297264023,0.09503518189650523,0.8,0.0,0.0,0.0,0.0,0.0
3.8333333333333335,0.33730997688524056,0.09499849643360539,0.8,0.0,0.0,0.0,0.0,0.0
3.84375,0.3374118547039703,0.09496183620451935,0.8,0.0,0.0,0.0,0.0,0.0
3.8541666666666665,0.3375119617133496,0.09492520099206732,0.8,0.0,0.0,0.0,0.0,0.0
3.8645833333333335,0.3376102764067655,0.09488859057740798,0.8,0.0,0.0,0.0,0.0,0.0
3.875,0.3377067804295393,0.09485200474038179,0.8,0.0,0.0,0.0,0.0,0.0
3.8854166666666665,0.3378014585127986,0.09481544325984544,0.8,0.0,0.0,0.0,0.0,0.0
3.8958333333333335,0.33789429839892815,0.09477890591399607,0.8,0.0,0.0,0.0,0.0,0.0
3.90625,0.3379852907593869,0.09474239248068514,0.8,0.0,0.0,0.0,0.0,0.0
3.9166666666666665,0.338074429105686,0.09470590273772068,0.8,0.0,0.0,0.0,0.0,0.0
3.9270833333333335,0.3381617096943229,0.09466943646315798,0.8,0.0,0.0,0.0,0.0,0.0
3.9375,0.33824713142645774,0.09463299343557785,0.8,0.0,0.0,0.0,0.0,0.0
3.9479166666666665,0.33833069574310803,0.09459657343435235,0.8,0.0,0.0,0.0,0.0,0.0
3.9583333333333335,0.3384124065166157,0.09456017623989746,0.8,0.0,0.0,0.0,0.0,0.0
3.96875,0.33849226993911913,0.09452380163391275,0.8,0.0,0.0,0.0,0.0,0.0
3.9791666666666665,0.3385702944087338,0.09448744939960767,0.8,0.0,0.0,0.0,0.0,0.0
3.9895833333333335,0.33864649041411415,0.09445111932191458,0.8,0.0,0.0,0.0,0.0,0.0
4.0,0.3387208704180334,0.09441481118768831,0.8,0.0,0.0,0.0,0.0,0.0
4.010416666666667,0.3387934487405823,0.09437852478589266,0.8,0.0,0.0,0.0,0.0,0.0
4.020833333333333,0.3388642414425478,0.09434225990777358,0.8,0.0,0.0,0.0,0.0,0.0
4.03125,0.33893326620949144,0.09430601634701934,0.8,0.0,0.0,0.0,0.0,0.0
4.041666666666667,0.3390005422370085,0.09426979389990812,0.8,0.0,0.0,0.0,0.0,0.0
4.052083333333333,0.3390660901176037,0.09423359236544292,0.8,0.0,0.0,0.0,0.0,0.0
4.0625,0.33912993172958106,0.09419741154547419,0.8,0.0,0.0,0.0,0.0,0.0
4.072916666666667,0.33919209012830154,0.09416125124481091,0.8,0.0,0.0,0.0,0.0,0.0
4.083333333333333,0.3392525894401239,0.09412511127131978,0.8,0.0,0.0,0.0,0.0,0.0
4.09375,0.33931145475930335,0.09408899143601347,0.8,0.0,0.0,0.0,0.0,0.0
4.104166666666667,0.3393687120480856,0.0940528915531281,0.8,0.0,0.0,0.0,0.0,0.0
4.114583333333333,0.3394243880401964,0.09401681144019035,0.8,0.0,0.0,0.0,0.0,0.0
4.125,0.3394785101478938,0.09398075091807481,0.8,0.0,0.0,0.0,0.0,0.0
4.135416666666667,0.33953110637271566,0.09394470981105169,0.8,0.0,0.0,0.0,0.0,0.0
4.145833333333333,0.3395822052200251,0.09390868794682576,0.8,0.0,0.0,0.0,0.0,0.0
4.15625,0.33963183561742805,0.09387268515656658,0.8,0.0,0.0,0.0,0.0,0.0
4.166666666666667,0.33968002683711,0.09383670127493075,0.8,0.0,0.0,0.0,0.0,0.0
4.177083333333333,0.33972680842211395,0.09380073614007649,0.8,0.0,0.0,0.0,0.0,0.0
4.1875,0.33977221011656056,0.09376478959367103,0.8,0.0,0.0,0.0,0.0,0.0
4.197916666666667,0.33981626179978996,0.09372886148089127,0.8,0.0,0.0,0.0,0.0,0.0
4.208333333333333,0.33985899342438675,0.09369295165041809,0.8,0.0,0.0,0.0,0.0,0.0
4.21875,0.3399004349580329,0.09365705995442486,0.8,0.0,0.0,0.0,0.0,0.0
4.229166666666667,0.3399406163291201,0.09362118624856042,0.8,0.0,0.0,0.0,0.0,0.0
4.239583333333333,0.3399795673760388,0.09358533039192705,0.8,0.0,0.0,0.0,0.0,0.0
4.25,0.3400173178000512,0.09354949224705365,0.8,0.0,0.0,0.0,0.0,0.0
4.260416666666667,0.340053897121646,0.09351367167986484,0.8,0.0,0.0,0.0,0.0,0.0
4.270833333333333,0.3400732306900989,0.09348229514427851,0.8,0.0,0.012883160133102324,0.0,0.0,0.0
4.28125,0.3400770409747505,0.0934550299575073,0.8,0.0,0.024816761750732736,0.0,0.0,0.0
4.291666666666667,0.3400688360935889,0.09343104107913207,0.8,0.0,0.034333122537727544,0.0,0.0,0.0
4.302083333333333,0.34002962020400895,0.09341564739545456,0.8,0.0,0.059348085142142466,0.0,0.0,0.0
4.3125,0.3399929738920809,0.09339988566845513,0.8,0.0,0.058273914558189165,0.0,0.0,0.0
4.322916666666667,0.33994714539821075,0.09338696028189132,0.8,0.0,0.06653108941439147,0.0,0.0,0.0
4.333333333333333,0.33988246209568074,0.09337960360131127,0.8,0.0,0.08274691640727312,0.0,0.0,0.0
4.34375,0.3397890509493628,0.0933806841236692,0.8,0.0,0.10731210444857335,0.0,0.0,0.0
4.354166666666667,0.33970435471054866,0.09338014427616625,0.8,0.0,0.10259556189819939,0.0,0.0,0.0
4.364583333333333,0.3395888471079877,0.09338876893641225,0.8,0.0,0.12925841140396724,0.0,0.0,0.0
4.375,0.33949735676589876,0.09339171793837531,0.8,0.0,0.11274310156741209,0.0,0.0,0.0
4.385416666666667,0.33939631017111144,0.09339801921848566,0.8,0.0,0.12248633154506788,0.0,0.0,0.0
4.395833333333333,0.33925551077434657,0.09341605123002619,0.8,0.0,0.15656571612543752,0.0,0.0,0.0
4.40625,0.33908930664034853,0.09344216274610871,0.8,0.0,0.1799920587030176,0.0,0.0,0.0
4.416666666666667,0.33896740904524225,0.09345730271362644,0.8,0.0,0.14810362541579747,0.0,0.0,0.0
4.427083333333333,0.3388390232202924,0.09347511476134646,0.8,0.0,0.15583018937288434,0.0,0.0,0.0
4.4375,0.3387111656535045,0.09349368960475352,0.8,0.0,0.15801207250154922,0.0,0.0,0.0
4.447916666666667,0.3385772076939026,0.09351483193560862,0.8,0.0,0.16541838429875394,0.0,0.0,0.0
4.458333333333333,0.3383862398043403,0.09355263513960838,0.8,0.0,0.21360029373310335,0.0,0.0,0.0
4.46875,0.33825939024921836,0.09357395873766507,0.8,0.0,0.1658466590330011,0.0,0.0,0.0
4.479166666666667,0.3381065990598741,0.09360326126734018,0.8,0.0,0.18886868236384272,0.0,0.0,0.0
4.489583333333333,0.33792175996063445,0.09364238175334443,0.8,0.0,0.2171513067493105,0.0,0.0,0.0
4.5,0.3377918639144805,0.09366736614307443,0.8,0.0,0.17626670015700463,0.0,0.0,0.0
4.510416666666667,0.33761236782846843,0.09370685038318353,0.8,0.0,0.21801949156438932,0.0,0.0,0.0
4.520833333333333,0.3374366354381701,0.09374628102688354,0.8,0.0,0.2177578817283609,0.0,0.0,0.0
4.53125,0.3373214600597791,0.09376980231693348,0.8,0.0,0.1718748322832281,0.0,0.0,0.0
4.541666666666667,0.33719191922877767,0.09379789316472044,0.8,0.0,0.18497738947088038,0.0,0.0,0.0
4.552083333333333,0.33702207172596244,0.09383783172052663,0.8,0.0,0.21896817757831297,0.0,0.0,0.0
4.5625,0.33692719164628826,0.09385767941285972,0.8,0.0,0.16117759384461558,0.0,0.0,0.0
4.572916666666667,0.3368198933812204,0.0938814047965492,0.8,0.0,0.1722798461504085,0.0,0.0,0.0
4.583333333333333,0.3367275417110138,0.09390142007291513,0.8,0.0,0.16159823000524381,0.0,0.0,0.0
4.59375,0.33663298906023703,0.09392242872389789,0.8,0.0,0.16441883299990762,0.0,0.0,0.0
4.604166666666667,0.33656576277624195,0.0939361862959959,0.8,0.0,0.1436062579125818,0.0,0.0,0.0
4.614583333333333,0.33648036119088315,0.09395527572575894,0.8,0.0,0.158869489720266,0.0,0.0,0.0
4.625,0.33639739249887896,0.09397400548168883,0.8,0.0,0.1578146689382479,0.0,0.0,0.0
4.635416666666667,0.33634465520262,0.09398458770838668,0.8,0.0,0.1344667512206798,0.0,0.0,0.0
4.645833333333333,0.3362908017765313,0.09399566548087719,0.8,0.0,0.1358769977629654,0.0,0.0,0.0
4.65625,0.33624996300852,0.09400328822321678,0.8,0.0,0.1259816881708925,0.0,0.0,0.0
4.666666666666667,0.33620898291150014,0.0940110861007793,0.8,0.0,0.12647836689513092,0.0,0.0,0.0
4.677083333333333,0.33621067036057906,0.09400708602744226,0.8,0.0,0.09272233690590113,0.0,0.0,0.0
4.6875,0.33622401807240354,0.09399982072142732,0.8,0.0,0.0833786985753538,0.0,0.0,0.0
4.697916666666667,0.33623332402066686,0.09399364333082033,0.8,0.0,0.08648965782458018,0.0,0.0,0.0
4.708333333333333,0.3362641290300604,0.09398142744263766,0.8,0.0,0.06920460025868526,0.0,0.0,0.0
4.71875,0.3363242978408157,0.09396090988716381,0.8,0.0,0.04542695499445225,0.0,0.0,0.0
4.729166666666667,0.33638947525920804,0.09393880236333702,0.8,0.0,0.04084894572669085,0.0,0.0,0.0
4.739583333333333,0.33647332870796653,0.09391126965253498,0.8,0.0,0.025272555872454052,0.0,0.0,0.0
4.75,0.3365700972633897,0.09387985508721026,0.8,0.0,0.014096937264019414,0.0,0.0,0.0
4.760416666666667,0.33668322497558795,0.09384354814181563,0.8,0.0,0.0,0.0,0.0,0.0
4.770833333333333,0.33679481592233984,0.09380726726271665,0.8,0.0,0.0,0.0,0.0,0.0
4.78125,0.3369048261351674,0.09377101225246656,0.8,0.0,0.0,0.0,0.0,0.0
4.791666666666667,0.33701321496681136,0.09373478290988253,0.8,0.0,0.0,0.0,0.0,0.0
4.802083333333333,0.33711994510147747,0.09369857903041648,0.8,0.0,0.0,0.0,0.0,0.0
4.8125,0.33722498255210825,0.09366240040652296,0.8,0.0,0.0,0.0,0.0,0.0
4.822916666666667,0.3373282966452003,0.09362624682802326,0.8,0.0,0.0,0.0,0.0,0.0
4.833333333333333,0.33742985999375397,0.09359011808246423,0.8,0.0,0.0,0.0,0.0,0.0
4.84375,0.3375296484589957,0.09355401395547087,0.8,0.0,0.0,0.0,0.0,0.0
4.854166666666667,0.3376276411015613,0.09351793423109156,0.8,0.0,0.0,0.0,0.0,0.0
4.864583333333333,0.3377238201228654,0.09348187869213498,0.8,0.0,0.0,0.0,0.0,0.0
4.875,0.3378181707974129,0.09344584712049796,0.8,0.0,0.0,0.0,0.0,0.0
4.885416666666667,0.33791068139682845,0.09340983929748337,0.8,0.0,0.0,0.0,0.0,0.0
4.895833333333333,0.33800134310639407,0.09337385500410725,0.8,0.0,0.0,0.0,0.0,0.0
4.90625,0.33809014993488984,0.09333789402139497,0.8,0.0,0.0,0.0,0.0,0.0
4.916666666666667,0.33817709861853157,0.09330195613066547,0.8,0.0,0.0,0.0,0.0,0.0
4.927083333333333,0.338262188519791,0.09326604111380334,0.8,0.0,0.0,0.0,0.0,0.0
4.9375,0.33834542152186975,0.0932301487535184,0.8,0.0,0.0,0.0,0.0,0.0
4.947916666666667,0.3384268019195788,0.09319427883359256,0.8,0.0,0.0,0.0,0.0,0.0
4.958333333333333,0.3385063363073506,0.09315843113911365,0.8,0.0,0.0,0.0,0.0,0.0
4.96875,0.3385840334650825,0.09312260545669612,0.8,0.0,0.0,0.0,0.0,0.0
4.979166666666667,0.3386599042424772,0.09308680157468861,0.8,0.0,0.0,0.0,0.0,0.0
4.989583333333333,0.33873396144251205,0.09305101928336847,0.8,0.0,0.0,0.0,0.0,0.0
5.0,0.3388062197046296,0.09301525837512298,0.8,0.0,0.0,0.0,0.0,0.0
5.010416666666667,0.3489464870548709,0.09029634395522491,0.8,8.16,0.0,0.0,0.0,1.0
5.020833333333333,0.35856881308045807,0.08772773599283464,0.8,8.16,0.0,0.0,0.0,1.0
5.03125,0.3672079209401809,0.08529090700277404,0.8,8.16,0.0,0.0,0.0,1.0
5.041666666666667,0.3745563254829252,0.08296824631801154,0.8,8.16,0.0,0.0,0.0,1.0
5.052083333333333,0.3805030673516452,0.08074414831445557,0.8,8.16,0.0,0.0,0.0,1.0
5.0625,0.38511105990190747,0.0786055696067518,0.8,8.16,0.0,0.0,0.0,1.0
5.072916666666667,0.38855592050261484,0.07654209105017304,0.8,8.16,0.0,0.0,0.0,1.0
5.083333333333333,0.3910595083428527,0.07454564469851631,0.8,8.16,0.0,0.0,0.0,1.0
5.09375,0.39284050674864307,0.07261008672304667,0.8,8.16,0.0,0.0,0.0,1.0
5.104166666666667,0.39408773834564015,0.07073075171078728,0.8,8.16,0.0,0.0,0.0,1.0
5.114583333333333,0.39495140698709164,0.068904062010012,0.8,8.16,0.0,0.0,0.0,1.0
5.125,0.3854749643588067,0.06888078713121633,0.8,0.0,0.0,0.0,0.0,0.0
5.135416666666667,0.37875349933444186,0.06885710721140884,0.8,0.0,0.0,0.0,0.0,0.0
5.145833333333333,0.3737045570710047,0.06883311561430758,0.8,0.0,0.0,0.0,0.0,0.0
5.15625,0.36975828600014465,0.0688088764137227,0.8,0.0,0.0,0.0,0.0,0.0
5.166666666666667,0.3665820750239995,0.06878443580484736,0.8,0.0,0.0,0.0,0.0,0.0
5.177083333333333,0.36396715902037635,0.06875982834639004,0.8,0.0,0.0,0.0,0.0,0.0
5.1875,0.36177518839173467,0.0687350806496531,0.8,0.0,0.0,0.0,0.0,0.0
5.197916666666667,0.3599105084949429,0.06871021368944584,0.8,0.0,0.0,0.0,0.0,0.0
5.208333333333333,0.3583046900752784,0.068685244319367,0.8,0.0,0.0,0.0,0.0,0.0
5.21875,0.356907386107583,0.06866018630281835,0.8,0.0,0.0,0.0,0.0,0.0
5.229166666666667,0.3556806701616247,0.06863505103634243,0.8,0.0,0.0,0.0,0.0,0.0
5.239583333333333,0.3545953925367619,0.06860984807039366,0.8,0.0,0.0,0.0,0.0,0.0
5.25,0.35362875731204485,0.06858458549266837,0.8,0.0,0.0,0.0,0.0,0.0
5.260416666666667,0.3527626655949604,0.06855927021574049,0.8,0.0,0.0,0.0,0.0,0.0
5.270833333333333,0.35196662181465793,0.06853701064142191,0.8,0.0,0.012746473291944381,0.0,0.0,0.0
5.28125,0.35123300246158723,0.06851728389354901,0.8,0.0,0.02329141611980109,0.0,0.0,0.0
5.291666666666667,0.3505456355424912,0.06850153545637798,0.8,0.0,0.03970940154215426,0.0,0.0,0.0
5.302083333333333,0.3498962903136818,0.06849007194537295,0.8,0.0,0.05732345419963385,0.0,0.0,0.0
5.3125,0.3493009348855911,0.06847868569788751,0.8,0.0,0.05771056839100754,0.0,0.0,0.0
5.322916666666667,0.3487319671573881,0.06847153221323646,0.8,0.0,0.07502301416846159,0.0,0.0,0.0
5.333333333333333,0.34819179190225524,0.06846739559517573,0.8,0.0,0.08733822531684875,0.0,0.0,0.0
5.34375,0.34766985491405555,0.0684676176073481,0.8,0.0,0.10506854925281872,0.0,0.0,0.0
5.354166666666667,0.34715721890773615,0.06847342189360764,0.8,0.0,0.12771064200596338,0.0,0.0,0.0
5.364583333333333,0.34670811115074684,0.06847371098476901,0.8,0.0,0.1053376932955281,0.0,0.0,0.0
5.375,0.34623519722782337,0.06848464907122025,0.8,0.0,0.14841314275531187,0.0,0.0,0.0
5.385416666666667,0.34580329758803274,0.0684935208345486,0.8,0.0,0.14000401189329165,0.0,0.0,0.0
5.395833333333333,0.34539089550856517,0.06850386177517623,0.8,0.0,0.14588350878855338,0.0,0.0,0.0
5.40625,0.34498915916428535,0.06851700994669165,0.8,0.0,0.15713858992018,0.0,0.0,0.0
5.416666666666667,0.3446252657962832,0.06852727303896772,0.8,0.0,0.14546351725938453,0.0,0.0,0.0
5.427083333333333,0.34422976652171267,0.06854789028646542,0.8,0.0,0.18701917169392818,0.0,0.0,0.0
5.4375,0.34383809013587074,0.06857202717280036,0.8,0.0,0.20102369161142616,0.0,0.0,0.0
5.447916666666667,0.3434611401987744,0.068597316830838,0.8,0.0,0.2055026212005429,0.0,0.0,0.0
5.458333333333333,0.3431379852404535,0.06861564607422554,0.8,0.0,0.1775160037842278,0.0,0.0,0.0
5.46875,0.3428134496737231,0.06863738471466432,0.8,0.0,0.19105411868569572,0.0,0.0,0.0
5.479166666666667,0.34251584968090615,0.0686567703482121,0.8,0.0,0.18155757278960583,0.0,0.0,0.0
5.489583333333333,0.34217869512754157,0.06868679279636522,0.8,0.0,0.22386984619538486,0.0,0.0,0.0
5.5,0.34186864000816963,0.06871433521173274,0.8,0.0,0.21383419022860312,0.0,0.0,0.0
5.510416666666667,0.3416190689412435,0.06873233077230954,0.8,0.0,0.1757398151851305,0.0,0.0,0.0
5.520833333333333,0.3413390202642215,0.0687584954295453,0.8,0.0,0.20811796138985655,0.0,0.0,0.0
5.53125,0.3411087809196342,0.06877683094415439,0.8,0.0,0.17693620586934208,0.0,0.0,0.0
5.541666666666667,0.34085829679039487,0.0688010053440509,0.8,0.0,0.20001341809770476,0.0,0.0,0.0
5.552083333333333,0.3406036692229322,0.06882787069177117,0.8,0.0,0.21056553061017946,0.0,0.0,0.0
5.5625,0.34040335772842767,0.06884557211467869,0.8,0.0,0.17420368781786066,0.0,0.0,0.0
5.572916666666667,0.3402055121408078,0.06886415277403371,0.8,0.0,0.17762083416215363,0.0,0.0,0.0
5.583333333333333,0.33999232789354306,0.06888716345441762,0.8,0.0,0.19505232458872582,0.0,0.0,0.0
5.59375,0.33980612884806793,0.06890608703339976,0.8,0.0,0.17884354747195425,0.0,0.0,0.0
5.604166666666667,0.33964496757599855,0.0689210977053559,0.8,0.0,0.16335794464319595,0.0,0.0,0.0
5.614583333333333,0.33947414587386454,0.06893904934555543,0.8,0.0,0.17490399299103535,0.0,0.0,0.0
5.625,0.3393137469153823,0.06895589442771823,0.8,0.0,0.17049503063477142,0.0,0.0,0.0
5.635416666666667,0.33920815612481536,0.06896251679267343,0.8,0.0,0.13022808142210787,0.0,0.0,0.0
5.645833333333333,0.3390842292488997,0.06897345567635572,0.8,0.0,0.14719529282200927,0.0,0.0,0.0
5.65625,0.3389924906792778,0.06897852111480601,0.8,0.0,0.12408326304198479,0.0,0.0,0.0
5.666666666666667,0.33892609961486087,0.06897891567420994,0.8,0.0,0.10571760139452306,0.0,0.0,0.0
5.677083333333333,0.33886141435537914,0.06897930969988672,0.8,0.0,0.10571519896033406,0.0,0.0,0.0
5.6875,0.3388102674301229,0.06897728078785867,0.8,0.0,0.09619423284777796,0.0,0.0,0.0
5.697916666666667,0.3387812781991917,0.06897100080597915,0.8,0.0,0.07949140821741046,0.0,0.0,0.0
5.708333333333333,0.33876605830990053,0.06896206413263206,0.8,0.0,0.06905113615307085,0.0,0.0,0.0
5.71875,0.3387745060559044,0.06894838746634802,0.8,0.0,0.05041762741567131,0.0,0.0,0.0
5.729166666666667,0.3387976702789372,0.06893167709788771,0.8,0.0,0.038477717446594374,0.0,0.0,0.0
5.739583333333333,0.33883777390877884,0.06891141003435802,0.8,0.0,0.024467498108038332,0.0,0.0,0.0
5.75,0.3388901438239659,0.06888845459513394,0.8,0.0,0.01385509595501304,0.0,0.0,0.0
5.760416666666667,0.3389585152435499,0.06886199161970966,0.8,0.0,0.0,0.0,0.0,0.0
5.770833333333333,0.33902514543272866,0.06883554400872974,0.8,0.0,0.0,0.0,0.0,0.0
5.78125,0.33909005547555243,0.06880911161616989,0.8,0.0,0.0,0.0,0.0,0.0
5.791666666666667,0.33915326770109333,0.06878269429811655,0.8,0.0,0.0,0.0,0.0,0.0
5.802083333333333,0.3392148055756674,0.06875629191284467,0.8,0.0,0.0,0.0,0.0,0.0
5.8125,0.33927469359784646,0.06872990432088721,0.8,0.0,0.0,0.0,0.0,0.0
5.822916666666667,0.3393329571965204,0.0687035313850966,0.8,0.0,0.0,0.0,0.0,0.0
5.833333333333333,0.33938962263223393,0.06867717297069846,0.8,0.0,0.0,0.0,0.0,0.0
5.84375,0.33944471690198497,0.06865082894533794,0.8,0.0,0.0,0.0,0.0,0.0
5.854166666666667,0.3394982676476384,0.06862449917911893,0.8,0.0,0.0,0.0,0.0,0.0
5.864583333333333,0.3395503030680774,0.06859818354463648,0.8,0.0,0.0,0.0,0.0,0.0
5.875,0.33960085183518285,0.06857188191700282,0.8,0.0,0.0,0.0,0.0,0.0
5.885416666666667,0.3396499430137063,0.06854559417386728,0.8,0.0,0.0,0.0,0.0,0.0
5.895833333333333,0.33969760598507215,0.06851932019543036,0.8,0.0,0.0,0.0,0.0,0.0
5.90625,0.33974387037512443,0.06849305986445241,0.8,0.0,0.0,0.0,0.0,0.0
5.916666666666667,0.3397887659858105,0.06846681306625714,0.8,0.0,0.0,0.0,0.0,0.0
5.927083333333333,0.33983232273077363,0.06844057968873035,0.8,0.0,0.0,0.0,0.0,0.0
5.9375,0.3398745705748105,0.06841435962231418,0.8,0.0,0.0,0.0,0.0,0.0
5.947916666666667,0.3399155394771325,0.06838815275999718,0.8,0.0,0.0,0.0,0.0,0.0
5.958333333333333,0.33995525933835685,0.06836195899730042,0.8,0.0,0.0,0.0,0.0,0.0
5.96875,0.3399937599511415,0.06833577823226016,0.8,0.0,0.0,0.0,0.0,0.0
5.979166666666667,0.34003107095436663,0.06830961036540703,0.8,0.0,0.0,0.0,0.0,0.0
5.989583333333333,0.34006722179075805,0.06828345529974239,0.8,0.0,0.0,0.0,0.0,0.0
6.0,0.3401022416678395,0.06825731294071172,0.8,0.0,0.0,0.0,0.0,0.0
6.010416666666667,0.34013615952209586,0.06823118319617556,0.8,0.0,0.0,0.0,0.0,0.0
6.020833333333333,0.340169003986224,0.06820506597637827,0.8,0.0,0.0,0.0,0.0,0.0
6.03125,0.3402008033593448,0.06817896119391456,0.8,0.0,0.0,0.0,0.0,0.0
6.041666666666667,0.3402315855800481,0.06815286876369438,0.8,0.0,0.0,0.0,0.0,0.0
6.052083333333333,0.34026137820213986,0.06812678860290593,0.8,0.0,0.0,0.0,0.0,0.0
6.0625,0.34029020837296126,0.06810072063097765,0.8,0.0,0.0,0.0,0.0,0.0
6.072916666666667,0.3403181028141499,0.0680746647695385,0.8,0.0,0.0,0.0,0.0,0.0
6.083333333333333,0.3403450878047129,0.06804862094237754,0.8,0.0,0.0,0.0,0.0,0.0
6.09375,0.3403711891662849,0.06802258907540243,0.8,0.0,0.0,0.0,0.0,0.0
6.104166666666667,0.34039643225044525,0.06799656909659724,0.8,0.0,0.0,0.0,0.0,0.0
6.114583333333333,0.3404208419279717,0.06797056093597958,0.8,0.0,0.0,0.0,0.0,0.0
6.125,0.3404444425799098,0.06794456452555755,0.8,0.0,0.0,0.0,0.0,0.0
6.135416666666667,0.3404672580903429,0.06791857979928592,0.8,0.0,0.0,0.0,0.0,0.0
6.145833333333333,0.34048931184074815,0.06789260669302241,0.8,0.0,0.0,0.0,0.0,0.0
6.15625,0.34051062670583054,0.06786664514448375,0.8,0.0,0.0,0.0,0.0,0.0
6.166666666666667,0.3405312250507291,0.06784069509320176,0.8,0.0,0.0,0.0,0.0,0.0
6.177083333333333,0.3405511287294944,0.06781475648047945,0.8,0.0,0.0,0.0,0.0,0.0
6.1875,0.3405703590847407,0.06778882924934737,0.8,0.0,0.0,0.0,0.0,0.0
6.197916666666667,0.3405889369483797,0.06776291334452011,0.8,0.0,0.0,0.0,0.0,0.0
6.208333333333333,0.34060688264334793,0.06773700871235319,0.8,0.0,0.0,0.0,0.0,0.0
6.21875,0.34062421598624326,0.06771111530080028,0.8,0.0,0.0,0.0,0.0,0.0
6.229166666666667,0.3406409562907915,0.06768523305937088,0.8,0.0,0.0,0.0,0.0,0.0
6.239583333333333,0.3406571223720663,0.06765936193908849,0.8,0.0,0.0,0.0,0.0,0.0
6.25,0.3406727325513919,0.06763350189244928,0.8,0.0,0.0,0.0,0.0,0.0
6.260416666666667,0.3406878046618604,0.06760765287338136,0.8,0.0,0.0,0.0,0.0,0.0
6.270833333333333,0.3406858409091441,0.0675850909448519,0.8,0.0,0.01321211620493456,0.0,0.0,0.0
6.28125,0.3406690990486199,0.06756548072798005,0.8,0.0,0.025088931379348048,0.0,0.0,0.0
6.291666666666667,0.3406344201000913,0.06754954674024194,0.8,0.0,0.0399011320822294,0.0,0.0,0.0
6.302083333333333,0.34059456068377214,0.06753487868320215,0.8,0.0,0.04499989875028182,0.0,0.0,0.0
6.3125,0.34052420312558884,0.06752652978451053,0.8,0.0,0.07048922911880799,0.0,0.0,0.0
6.322916666666667,0.34043882722477187,0.06752163215093604,0.8,0.0,0.08441330886076857,0.0,0.0,0.0
6.333333333333333,0.3403537278726011,0.0675172465367128,0.8,0.0,0.08648154736677341,0.0,0.0,0.0
6.34375,0.34026850279835785,0.06751344362962546,0.8,0.0,0.08883417528385637,0.0,0.0,0.0
6.354166666666667,0.3401385162277325,0.06751907623878152,0.8,0.0,0.1268687208690686,0.0,0.0,0.0
6.364583333333333,0.3400084238213162,0.06752556063682819,0.8,0.0,0.13028965391230427,0.0,0.0,0.0
6.375,0.33988885338354313,0.06753076935486281,0.8,0.0,0.12514106727811355,0.0,0.0,0.0
6.385416666666667,0.3397426091284545,0.0675420138675127,0.8,0.0,0.1494229562372,0.0,0.0,0.0
6.395833333333333,0.33961001912708033,0.06755142387516139,0.8,0.0,0.14201845928657283,0.0,0.0,0.0
6.40625,0.3394528237876084,0.06756651061790471,0.8,0.0,0.1648166086775891,0.0,0.0,0.0
6.416666666666667,0.33927518497177306,0.06758657549179303,0.8,0.0,0.1847688909062635,0.0,0.0,0.0
6.427083333333333,0.3391257731394899,0.06760201174071279,0.8,0.0,0.16612962083256444,0.0,0.0,0.0
6.4375,0.33899038082765653,0.06761546326003753,0.8,0.0,0.15812879638674848,0.0,0.0,0.0
6.447916666666667,0.3388519166631565,0.06763024264417566,0.8,0.0,0.16341965290203675,0.0,0.0,0.0
6.458333333333333,0.33869203859490865,0.0676500118574916,0.8,0.0,0.18336999225129566,0.0,0.0,0.0
6.46875,0.3385261010519425,0.06767179594204605,0.8,0.0,0.1913741157915809,0.0,0.0,0.0
6.479166666666667,0.33832204522835674,0.06770201584295676,0.8,0.0,0.22503307537222902,0.0,0.0,0.0
6.489583333333333,0.338126286845553,0.06773154019198153,0.8,0.0,0.22213016755183795,0.0,0.0,0.0
6.5,0.3379334814544435,0.06776135955215946,0.8,0.0,0.2231890325672165,0.0,0.0,0.0
6.510416666666667,0.3378009120058234,0.06777992674664714,0.8,0.0,0.17821494754861342,0.0,0.0,0.0
6.520833333333333,0.3376124573546477,0.0678102613501668,0.8,0.0,0.22504422471339308,0.0,0.0,0.0
6.53125,0.3374268877882704,0.06784077243541871,0.8,0.0,0.22562628454282763,0.0,0.0,0.0
6.541666666666667,0.3372674365785357,0.06786673747108402,0.8,0.0,0.2074338991008743,0.0,0.0,0.0
6.552083333333333,0.3371308940944053,0.0678886669278679,0.8,0.0,0.19131507129664005,0.0,0.0,0.0
6.5625,0.33703336463054606,0.0679032064761478,0.8,0.0,0.1619119499221428,0.0,0.0,0.0
6.572916666666667,0.33690279767738296,0.06792472685776177,0.8,0.0,0.18958562873443463,0.0,0.0,0.0
6.583333333333333,0.3367768525754543,0.06794573415702974,0.8,0.0,0.18749151705163852,0.0,0.0,0.0
6.59375,0.3366411331854779,0.06796910255014486,0.8,0.0,0.19679072834293934,0.0,0.0,0.0
6.604166666666667,0.33652780484301326,0.06798834853250967,0.8,0.0,0.18039904819616204,0.0,0.0,0.0
6.614583333333333,0.33645501473595213,0.06799971855369616,0.8,0.0,0.14918026947854146,0.0,0.0,0.0
6.625,0.3363537833243016,0.06801703340989218,0.8,0.0,0.17268362542025217,0.0,0.0,0.0
6.635416666666667,0.33629628613478085,0.06802576484162316,0.8,0.0,0.1387032868814464,0.0,0.0,0.0
6.645833333333333,0.33623792195944363,0.06803481418781927,0.8,0.0,0.13994997162062858,0.0,0.0,0.0
6.65625,0.33619266242479495,0.06804135247204228,0.8,0.0,0.13001370638435567,0.0,0.0,0.0
6.666666666666667,0.3361688038980942,0.06804366518671229,0.8,0.0,0.1133077256976913,0.0,0.0,0.0
6.677083333333333,0.33616450515702084,0.06804207334287574,0.8,0.0,0.09787516083277184,0.0,0.0,0.0
6.6875,0.33617727195001096,0.06803703729244676,0.8,0.0,0.08426126859233694,0.0,0.0,0.0
6.697916666666667,0.3362051480089404,0.06802891539954711,0.8,0.0,0.07205918741006777,0.0,0.0,0.0
6.708333333333333,0.3362355733419527,0.06802021551420268,0.8,0.0,0.06976704797962324,0.0,0.0,0.0
6.71875,0.3362974277272322,0.06800509077049566,0.8,0.0,0.04434430514955563,0.0,0.0,0.0
6.729166666666667,0.3363642834355802,0.06798881465739358,0.8,0.0,0.039763216175881105,0.0,0.0,0.0
6.739583333333333,0.336451858822378,0.06796819687176174,0.8,0.0,0.022542742665760736,0.0,0.0,0.0
6.75,0.33655183610498063,0.06794486657929588,0.8,0.0,0.011748705000638461,0.0,0.0,0.0
6.760416666666667,0.33666520567870534,0.0679185882835688,0.8,0.0,0.0,0.0,0.0,0.0
6.770833333333333,0.3367770458373429,0.06789232887458571,0.8,0.0,0.0,0.0,0.0,0.0
6.78125,0.3368873120822475,0.0678660882099129,0.8,0.0,0.0,0.0,0.0,0.0
6.791666666666667,0.33699596323311354,0.06783986614436978,0.8,0.0,0.0,0.0,0.0,0.0
6.802083333333333,0.3371029614403448,0.06781366253029747,0.8,0.0,0.0,0.0,0.0,0.0
6.8125,0.3372082721843707,0.06778747721782545,0.8,0.0,0.0,0.0,0.0,0.0
6.822916666666667,0.33731186426242116,0.0677613100551355,0.8,0.0,0.0,0.0,0.0,0.0
6.833333333333333,0.33741370976333523,0.06773516088872211,0.8,0.0,0.0,0.0,0.0,0.0
6.84375,0.337513784031037,0.06770902956364838,0.8,0.0,0.0,0.0,0.0,0.0
6.854166666666667,0.337612065617359,0.06768291592379673,0.8,0.0,0.0,0.0,0.0,0.0
6.864583333333333,0.3377085362249337,0.06765681981211388,0.8,0.0,0.0,0.0,0.0,0.0
6.875,0.33780318064090387,0.06763074107084906,0.8,0.0,0.0,0.0,0.0,0.0
6.885416666666667,0.33789598666222626,0.06760467954178527,0.8,0.0,0.0,0.0,0.0,0.0
6.895833333333333,0.33798694501335547,0.06757863506646294,0.8,0.0,0.0,0.0,0.0,0.0
6.90625,0.3380760492571041,0.06755260748639545,0.8,0.0,0.0,0.0,0.0,0.0
6.916666666666667,0.3381632956994729,0.06752659664327622,0.8,0.0,0.0,0.0,0.0,0.0
6.927083333333333,0.33824868328923824,0.06750060237917711,0.8,0.0,0.0,0.0,0.0,0.0
6.9375,0.33833221351307124,0.0674746245367378,0.8,0.0,0.0,0.0,0.0,0.0
6.947916666666667,0.33841389028694346,0.06744866295934579,0.8,0.0,0.0,0.0,0.0,0.0
6.958333333333333,0.3384937198445505,0.06742271749130718,0.8,0.0,0.0,0.0,0.0,0.0
6.96875,0.33857171062345714,0.06739678797800797,0.8,0.0,0.0,0.0,0.0,0.0
6.979166666666667,0.3386478731496351,0.06737087426606578,0.8,0.0,0.0,0.0,0.0,0.0
6.989583333333333,0.3387222199210311,0.06734497620347207,0.8,0.0,0.0,0.0,0.0,0.0
7.0,0.3387947652907636,0.06731909363972498,0.8,0.0,0.0,0.0,0.0,0.0
7.010416666666667,0.33886552535050973,0.06729322642595258,0.8,0.0,0.0,0.0,0.0,0.0
7.020833333333333,0.33893451781460165,0.06726737441502716,0.8,0.0,0.0,0.0,0.0,0.0
7.03125,0.3390017619053109,0.06724153746167015,0.8,0.0,0.0,0.0,0.0,0.0
7.041666666666667,0.33906727823975824,0.06721571542254827,0.8,0.0,0.0,0.0,0.0,0.0
7.052083333333333,0.33913108871884357,0.06718990815636092,0.8,0.0,0.0,0.0,0.0,0.0
7.0625,0.3391932164185503,0.06716411552391904,0.8,0.0,0.0,0.0,0.0,0.0
7.072916666666667,0.33925368548393825,0.06713833738821595,0.8,0.0,0.0,0.0,0.0,0.0
7.083333333333333,0.33931252102609877,0.06711257361449002,0.8,0.0,0.0,0.0,0.0,0.0
7.09375,0.3393697490223095,0.06708682407027983,0.8,0.0,0.0,0.0,0.0,0.0
7.104166666666667,0.3394253962195882,0.0670610886254719,0.8,0.0,0.0,0.0,0.0,0.0
7.114583333333333,0.3394794900418117,0.06703536715234149,0.8,0.0,0.0,0.0,0.0,0.0
7.125,0.33953205850053203,0.06700965952558648,0.8,0.0,0.0,0.0,0.0,0.0
7.135416666666667,0.33958313010959285,0.06698396562235505,0.8,0.0,0.0,0.0,0.0,0.0
7.145833333333333,0.33963273380361847,0.06695828532226716,0.8,0.0,0.0,0.0,0.0,0.0
7.15625,0.33968089886042274,0.0669326185074303,0.8,0.0,0.0,0.0,0.0,0.0
7.166666666666667,0.3397276548273597,0.06690696506244974,0.8,0.0,0.0,0.0,0.0,0.0
7.177083333333333,0.339773031451616,0.06688132487443378,0.8,0.0,0.0,0.0,0.0,0.0
7.1875,0.3398170586144243,0.0668556978329941,0.8,0.0,0.0,0.0,0.0,0.0
7.197916666666667,0.3398597662691591,0.06683008383024162,0.8,0.0,0.0,0.0,0.0,0.0
7.208333333333333,0.33990118438325967,0.0668044827607783,0.8,0.0,0.0,0.0,0.0,0.0
7.21875,0.3399413428839105,0.06677889452168481,0.8,0.0,0.0,0.0,0.0,0.0
7.229166666666667,0.3399802716073969,0.06675331901250482,0.8,0.0,0.0,0.0,0.0,0.0
7.239583333333333,0.34001800025204326,0.06672775613522584,0.8,0.0,0.0,0.0,0.0,0.0
7.25,0.3400545583346306,0.06670220579425706,0.8,0.0,0.0,0.0,0.0,0.0
7.260416666666667,0.3400899751501841,0.0666766678964043,0.8,0.0,0.0,0.0,0.0,0.0
7.270833333333333,0.3401095862748096,0.06665402182248122,0.8,0.0,0.011754768163274306,0.0,0.0,0.0
7.28125,0.34011339363919707,0.06663435960710568,0.8,0.0,0.02390284924063203,0.0,0.0,0.0
7.291666666666667,0.34010107487569236,0.06661783841676353,0.8,0.0,0.036707480424359964,0.0,0.0,0.0
7.302083333333333,0.34007662746701317,0.06660377224212995,0.8,0.0,0.04672166581475567,0.0,0.0,0.0
7.3125,0.3400209138442249,0.06659598200110088,0.8,0.0,0.07235051230067105,0.0,0.0,0.0
7.322916666666667,0.33997466905918095,0.0665866782079965,0.8,0.0,0.06616973187740575,0.0,0.0,0.0
7.333333333333333,0.3399074125799357,0.06658177099759131,0.8,0.0,0.08412665582127489,0.0,0.0,0.0
7.34375,0.3398115449628849,0.06658287365540748,0.8,0.0,0.10866875005031036,0.0,0.0,0.0
7.354166666666667,0.3397011888616644,0.06658738591169155,0.8,0.0,0.1225836407621901,0.0,0.0,0.0
7.364583333333333,0.33960525992426716,0.06658971513736964,0.8,0.0,0.11367017584942152,0.0,0.0,0.0
7.375,0.33950449505372843,0.06659354374634628,0.8,0.0,0.11978265126361899,0.0,0.0,0.0
7.385416666666667,0.33938813836428283,0.06660100126679909,0.8,0.0,0.13457194430659167,0.0,0.0,0.0
7.395833333333333,0.33927581932529305,0.06660831285077248,0.8,0.0,0.13396373993533214,0.0,0.0,0.0
7.40625,0.3391469876515915,0.06661947938764534,0.8,0.0,0.14965164811531073,0.0,0.0,0.0
7.416666666666667,0.3390250909633567,0.06662997137531677,0.8,0.0,0.14688146549002784,0.0,0.0,0.0
7.427083333333333,0.33888989239553197,0.06664371491828142,0.8,0.0,0.16008802097959382,0.0,0.0,0.0
7.4375,0.33871981043897087,0.0666650135707688,0.8,0.0,0.19076778777138198,0.0,0.0,0.0
7.447916666666667,0.3385877578759175,0.06667967182523081,0.8,0.0,0.16372540966326463,0.0,0.0,0.0
7.458333333333333,0.3384155191383391,0.06670288506969091,0.8,0.0,0.19841694666731455,0.0,0.0,0.0
7.46875,0.3382411913006508,0.06672732112187936,0.8,0.0,0.20329616481980115,0.0,0.0,0.0
7.479166666666667,0.33811541228146463,0.06674296420309422,0.8,0.0,0.16757897533286925,0.0,0.0,0.0
7.489583333333333,0.33794962946701773,0.06676705590927226,0.8,0.0,0.20175637696263993,0.0,0.0,0.0
7.5,0.3377652228181177,0.06679553433444325,0.8,0.0,0.2194213711599656,0.0,0.0,0.0
7.510416666666667,0.33757917518462544,0.06682509321869086,0.8,0.0,0.22367721614408403,0.0,0.0,0.0
7.520833333333333,0.3374281207960541,0.0668484480242227,0.8,0.0,0.19850928872783616,0.0,0.0,0.0
7.53125,0.3372845196316545,0.06687088621909139,0.8,0.0,0.19473637772354888,0.0,0.0,0.0
7.541666666666667,0.33717712352771656,0.06688665305153699,0.8,0.0,0.16776642448928525,0.0,0.0,0.0
7.552083333333333,0.3370690493698011,0.0669029192957621,0.8,0.0,0.16974444313036288,0.0,0.0,0.0
7.5625,0.3369674953815682,0.06691824643299105,0.8,0.0,0.165924773461124,0.0,0.0,0.0
7.572916666666667,0.3368141885442041,0.0669441812680216,0.8,0.0,0.2085952299535554,0.0,0.0,0.0
7.583333333333333,0.33669831593188954,0.06696314792184888,0.8,0.0,0.18048147439505827,0.0,0.0,0.0
7.59375,0.33662252721158686,0.06697447904091325,0.8,0.0,0.1497357302959462,0.0,0.0,0.0
7.604166666666667,0.33650100272963446,0.06699512659699826,0.8,0.0,0.18715855761995537,0.0,0.0,0.0
7.614583333333333,0.33644067512892617,0.06700391874901424,0.8,0.0,0.13948908739002655,0.0,0.0,0.0
7.625,0.3363580574428952,0.06701730805748533,0.8,0.0,0.1579378713594821,0.0,0.0,0.0
7.635416666666667,0.33629877363116667,0.06702625674825033,0.8,0.0,0.14009092345470375,0.0,0.0,0.0
7.645833333333333,0.33624292119217225,0.06703466642079099,0.8,0.0,0.1379169370654905,0.0,0.0,0.0
7.65625,0.3362084042538804,0.06703895483306137,0.8,0.0,0.12137328912864151,0.0,0.0,0.0
7.666666666666667,0.33617518260100604,0.06704306487156428,0.8,0.0,0.1206549063494746,0.0,0.0,0.0
7.677083333333333,0.3361611648795113,0.06704342045756864,0.8,0.0,0.10559302395707619,0.0,0.0,0.0
7.6875,0.3361714093102151,0.06703896872641961,0.8,0.0,0.08630904873459526,0.0,0.0,0.0
7.697916666666667,0.3361946605215088,0.06703190109258014,0.8,0.0,0.07581180614914312,0.0,0.0,0.0
7.708333333333333,0.336235962206893,0.06702118420148045,0.8,0.0,0.06116142131883313,0.0,0.0,0.0
7.71875,0.3362970200041353,0.06700643943816004,0.8,0.0,0.04497797850005038,0.0,0.0,0.0
7.729166666666667,0.33636762579984675,0.06698965642347168,0.8,0.0,0.03676702147651045,0.0,0.0,0.0
7.739583333333333,0.33645362538787527,0.06696964734866478,0.8,0.0,0.023770663834468138,0.0,0.0,0.0
7.75,0.33655113784942303,0.0669471457745224,0.8,0.0,0.01370263490500073,0.0,0.0,0.0
7.760416666666667,0.3366645166370223,0.06692125330340665,0.8,0.0,0.0,0.0,0.0,0.0
7.770833333333333,0.33677636629196406,0.06689537944250258,0.8,0.0,0.0,0.0,0.0,0.0
7.78125,0.3368866422953651,0.06686952405148572,0.8,0.0,0.0,0.0,0.0,0.0
7.791666666666667,0.33699530344656564,0.06684368698732343,0.8,0.0,0.0,0.0,0.0,0.0
7.802083333333333,0.3371023118755797,0.0668178681045396,0.8,0.0,0.0,0.0,0.0,0.0
7.8125,0.3372076330424899,0.06679206725547732,0.8,0.0,0.0,0.0,0.0,0.0
7.822916666666667,0.3373112357242971,0.06676628429055903,0.8,0.0,0.0,0.0,0.0,0.0
7.833333333333333,0.3374130919898008,0.06674051905854309,0.8,0.0,0.0,0.0,0.0,0.0
7.84375,0.33751317716314194,0.06671477140677595,0.8,0.0,0.0,0.0,0.0,0.0
7.854166666666667,0.33761146977668954,0.06668904118143931,0.8,0.0,0.0,0.0,0.0,0.0
7.864583333333333,0.33770795151399063,0.06666332822779134,0.8,0.0,0.0,0.0,0.0,0.0
7.875,0.33780260714353466,0.06663763239040159,0.8,0.0,0.0,0.0,0.0,0.0
7.885416666666667,0.3378954244441058,0.06661195351337888,0.8,0.0,0.0,0.0,0.0,0.0
7.895833333333333,0.33798639412251147,0.0665862914405917,0.8,0.0,0.0,0.0,0.0,0.0
7.90625,0.3380755097244816,0.06656064601588055,0.8,0.0,0.0,0.0,0.0,0.0
7.916666666666667,0.33816276753953317,0.06653501708326216,0.8,0.0,0.0,0.0,0.0,0.0
7.927083333333333,0.3382481665005877,0.06650940448712499,0.8,0.0,0.0,0.0,0.0,0.0
7.9375,0.3383317080791151,0.06648380807241579,0.8,0.0,0.0,0.0,0.0,0.0
7.947916666666667,0.33841339617655997,0.06645822768481717,0.8,0.0,0.0,0.0,0.0,0.0
7.958333333333333,0.3384932370127813,0.06643266317091581,0.8,0.0,0.0,0.0,0.0,0.0
7.96875,0.33857123901220926,0.06640711437836151,0.8,0.0,0.0,0.0,0.0,0.0
7.979166666666667,0.3386474126883912,0.06638158115601665,0.8,0.0,0.0,0.0,0.0,0.0
7.989583333333333,0.33872177052756347,0.06635606335409654,0.8,0.0,0.0,0.0,0.0,0.0
8.0,0.33879432687184885,0.06633056082430014,0.8,0.0,0.0,0.0,0.0,0.0
8.010416666666666,0.33886509780264057,0.06630507341993185,0.8,0.0,0.0,0.0,0.0,0.0
8.020833333333334,0.33893410102469285,0.0662796009960139,0.8,0.0,0.0,0.0,0.0,0.0
8.03125,0.3390013557513968,0.06625414340938991,0.8,0.0,0.0,0.0,0.0,0.0
8.041666666666666,0.3390668825916788,0.06622870051881971,0.8,0.0,0.0,0.0,0.0,0.0
8.052083333333334,0.33913070343891705,0.06620327218506537,0.8,0.0,0.0,0.0,0.0,0.0
8.0625,0.3391928413622306,0.06617785827096914,0.8,0.0,0.0,0.0,0.0,0.0
8.072916666666666,0.33925332050045454,0.06615245864152315,0.8,0.0,0.0,0.0,0.0,0.0
8.083333333333334,0.3393121659590766,0.06612707316393127,0.8,0.0,0.0,0.0,0.0,0.0
8.09375,0.33936940371037155,0.06610170170766341,0.8,0.0,0.0,0.0,0.0,0.0
8.104166666666666,0.3394250604969337,0.06607634414450278,0.8,0.0,0.0,0.0,0.0,0.0
8.114583333333334,0.3394791637387734,0.06605100034858595,0.8,0.0,0.0,0.0,0.0,0.0
8.125,0.33953174144411064,0.06602567019643638,0.8,0.0,0.0,0.0,0.0,0.0
8.135416666666666,0.3395828221239676,0.0660003535669917,0.8,0.0,0.0,0.0,0.0,0.0
8.145833333333334,0.33963243471063415,0.06597505034162486,0.8,0.0,0.0,0.0,0.0,0.0
8.15625,0.33968060848005216,0.06594976040415977,0.8,0.0,0.0,0.0,0.0,0.0
8.166666666666666,0.3397273729781425,0.06592448364088138,0.8,0.0,0.0,0.0,0.0,0.0
8.177083333333334,0.33977275795107315,0.06589921994054089,0.8,0.0,0.0,0.0,0.0,0.0
8.1875,0.3398167932794488,0.06587396919435609,0.8,0.0,0.0,0.0,0.0,0.0
8.197916666666666,0.339859508916383,0.06584873129600745,0.8,0.0,0.0,0.0,0.0,0.0
8.208333333333334,0.3399009348293979,0.06582350614162984,0.8,0.0,0.0,0.0,0.0,0.0
8.21875,0.339941100946082,0.06579829362980058,0.8,0.0,0.0,0.0,0.0,0.0
8.229166666666666,0.3399800371034235,0.0657730936615239,0.8,0.0,0.0,0.0,0.0,0.0
8.239583333333334,0.34001777300072683,0.0657479061402121,0.8,0.0,0.0,0.0,0.0,0.0
8.25,0.34005433815600944,0.06572273097166374,0.8,0.0,0.0,0.0,0.0,0.0
8.260416666666666,0.3400897618657689,0.06569756806403905,0.8,0.0,0.0,0.0,0.0,0.0
8.270833333333334,0.3401075846888339,0.06567560113887932,0.8,0.0,0.0131907833361983,0.0,0.0,0.0
8.28125,0.34010679207207967,0.06565712765121509,0.8,0.0,0.027633421212747016,0.0,0.0,0.0
8.291666666666666,0.3400861148945001,0.06564250198944112,0.8,0.0,0.043561097481305426,0.0,0.0,0.0
8.302083333333334,0.340048039197946,0.06563136238791656,0.8,0.0,0.05800145917377965,0.0,0.0,0.0
8.3125,0.3400019080498673,0.06562200874560675,0.8,0.0,0.06540158708470155,0.0,0.0,0.0
8.322916666666666,0.3399410054566586,0.06561578371065087,0.8,0.0,0.07836867989534664,0.0,0.0,0.0
8.333333333333334,0.3398837282955417,0.06560922141641927,0.8,0.0,0.07697300192965141,0.0,0.0,0.0
8.34375,0.33978850081857426,0.06561032387456099,0.8,0.0,0.10873434896626212,0.0,0.0,0.0
8.354166666666666,0.33969834030227336,0.06561100313232757,0.8,0.0,0.1069801596941949,0.0,0.0,0.0
8.364583333333334,0.33960484590812706,0.06561284408044105,0.8,0.0,0.11178971610108111,0.0,0.0,0.0
8.375,0.3394749609768926,0.065622247421681,0.8,0.0,0.1430883009316872,0.0,0.0,0.0
8.385416666666666,0.3393628017972671,0.06562894719328748,0.8,0.0,0.13188474525255584,0.0,0.0,0.0
8.395833333333334,0.33923251045604136,0.06563976622797577,0.8,0.0,0.14890507500598318,0.0,0.0,0.0
8.40625,0.3391203742783211,0.06564776748143923,0.8,0.0,0.1372367182546444,0.0,0.0,0.0
8.416666666666666,0.3389593308715743,0.06566582700571362,0.8,0.0,0.1787641068996274,0.0,0.0,0.0
8.427083333333334,0.33882467866173094,0.06567959744221814,0.8,0.0,0.16100918505320042,0.0,0.0,0.0
8.4375,0.3386631653646291,0.06569924740547543,0.8,0.0,0.18522342115574547,0.0,0.0,0.0
8.447916666666666,0.33852960905728646,0.06571425435405256,0.8,0.0,0.16602791026475638,0.0,0.0,0.0
8.458333333333334,0.33836011739643,0.06573686798567491,0.8,0.0,0.19731602825592995,0.0,0.0,0.0
8.46875,0.33818338135071646,0.06576166675387189,0.8,0.0,0.20622849637259774,0.0,0.0,0.0
8.479166666666666,0.33802547090781015,0.06578358361840952,0.8,0.0,0.19429161418525592,0.0,0.0,0.0
8.489583333333334,0.3378911563733081,0.06580157523326537,0.8,0.0,0.1780964493179011,0.0,0.0,0.0
8.5,0.33775803479805805,0.0658198821223209,0.8,0.0,0.17934175296195168,0.0,0.0,0.0
8.510416666666666,0.3376322757933399,0.06583727893783829,0.8,0.0,0.17555818212126836,0.0,0.0,0.0
8.520833333333334,0.3374948360917548,0.06585743489162788,0.8,0.0,0.18682537225397838,0.0,0.0,0.0
8.53125,0.3373794447824998,0.06587379444594407,0.8,0.0,0.17121303567474908,0.0,0.0,0.0
8.541666666666666,0.33720215778242807,0.06590265894626611,0.8,0.0,0.222370536642829,0.0,0.0,0.0
8.552083333333334,0.33706676344648323,0.06592394684854735,0.8,0.0,0.1912702152910424,0.0,0.0,0.0
8.5625,0.33692167105486115,0.06594757782207246,0.8,0.0,0.2007845115542002,0.0,0.0,0.0
8.572916666666666,0.3368183889752344,0.06596347814932979,0.8,0.0,0.16913369396754593,0.0,0.0,0.0
8.583333333333334,0.33669505188417503,0.06598361754556778,0.8,0.0,0.18640411382996405,0.0,0.0,0.0
8.59375,0.3365992940143929,0.06599870716429182,0.8,0.0,0.16574746745810381,0.0,0.0,0.0
8.604166666666666,0.3364896101662935,0.06601679371130686,0.8,0.0,0.1779370226731603,0.0,0.0,0.0
8.614583333333334,0.33642601572806957,0.06602612774928467,0.8,0.0,0.14222017433939343,0.0,0.0,0.0
8.625,0.3363712091376556,0.0660338983377345,0.8,0.0,0.1358365806437784,0.0,0.0,0.0
8.635416666666666,0.33629559457903774,0.06604589086988767,0.8,0.0,0.15302685311615988,0.0,0.0,0.0
8.645833333333334,0.33625120760475335,0.06605193272464305,0.8,0.0,0.12877477997585363,0.0,0.0,0.0
8.65625,0.33620069323807505,0.06605928239342858,0.8,0.0,0.13409419355455718,0.0,0.0,0.0
8.666666666666666,0.3361937155629332,0.06605819269699024,0.8,0.0,0.0997300566260222,0.0,0.0,0.0
8.677083333333334,0.33619145248586446,0.06605619222032011,0.8,0.0,0.09602180977688593,0.0,0.0,0.0
8.6875,0.33620171222004586,0.06605173645215928,0.8,0.0,0.0860240903590764,0.0,0.0,0.0
8.697916666666666,0.33623802374917766,0.06604214086707952,0.8,0.0,0.06508941314104719,0.0,0.0,0.0
8.708333333333334,0.3362780170429465,0.06603174287900071,0.8,0.0,0.061810501146066524,0.0,0.0,0.0
8.71875,0.3363277179406256,0.06601935046167397,0.8,0.0,0.05367078989525347,0.0,0.0,0.0
8.729166666666666,0.3363897115563223,0.06600443393207865,0.8,0.0,0.04336307435131644,0.0,0.0,0.0
8.739583333333334,0.33647179187417403,0.06598543572835071,0.8,0.0,0.026688724414370698,0.0,0.0,0.0
8.75,0.3365719735897571,0.06596269754562573,0.8,0.0,0.011382130793056305,0.0,0.0,0.0
8.760416666666666,0.3366850763530796,0.065937187377481,0.8,0.0,0.0,0.0,0.0,0.0
8.770833333333334,0.33679664159963724,0.06591169552212184,0.8,0.0,0.0,0.0,0.0,0.0
8.78125,0.33690662541552474,0.06588622184077016,0.8,0.0,0.0,0.0,0.0,0.0
8.791666666666666,0.33701498720833206,0.0658607661920271,0.8,0.0,0.0,0.0,0.0,0.0
8.802083333333334,0.3371216897171731,0.06583532843213358,0.8,0.0,0.0,0.0,0.0,0.0
8.8125,0.3372266990097476,0.06580990841522873,0.8,0.0,0.0,0.0,0.0,0.0
8.822916666666666,0.3373299844669583,0.06578450599360557,0.8,0.0,0.0,0.0,0.0,0.0
8.833333333333334,0.3374315187556699,0.06575912101796319,0.8,0.0,0.0,0.0,0.0,0.0
8.84375,0.33753127779025244,0.06573375333765435,0.8,0.0,0.0,0.0,0.0,0.0
8.854166666666666,0.3376292406835965,0.06570840280092799,0.8,0.0,0.0,0.0,0.0,0.0
8.864583333333334,0.33772538968832755,0.06568306925516586,0.8,0.0,0.0,0.0,0.0,0.0
8.875,0.3378197101289744,0.06565775254711272,0.8,0.0,0.0,0.0,0.0,0.0
8.885416666666666,0.33791219032586883,0.0656324525230996,0.8,0.0,0.0,0.0,0.0,0.0
8.895833333333334,0.33800282151156646,0.06560716902925953,0.8,0.0,0.0,0.0,0.0,0.0
8.90625,0.3380915977405836,0.06558190191173545,0.8,0.0,0.0,0.0,0.0,0.0
8.916666666666666,0.33817851579324454,0.06555665101687973,0.8,0.0,0.0,0.0,0.0,0.0
8.927083333333334,0.3382635750744236,0.06553141619144533,0.8,0.0,0.0,0.0,0.0,0.0
8.9375,0.33834677750795417,0.06550619728276794,0.8,0.0,0.0,0.0,0.0,0.0
8.947916666666666,0.3384281274274547,0.06548099413893935,0.8,0.0,0.0,0.0,0.0,0.0
8.958333333333334,0.33850763146429996,0.06545580660897153,0.8,0.0,0.0,0.0,0.0,0.0
8.96875,0.338585298433434,0.0654306345429516,0.8,0.0,0.0,0.0,0.0,0.0
8.979166666666666,0.3386611392176915,0.06540547779218753,0.8,0.0,0.0,0.0,0.0,0.0
8.989583333333334,0.33873516665125764,0.06538033620934455,0.8,0.0,0.0,0.0,0.0,0.0
9.0,0.3388073954028589,0.06535520964857254,0.8,0.0,0.0,0.0,0.0,0.0
9.010416666666666,0.33887784185923864,0.0653300979656242,0.8,0.0,0.0,0.0,0.0,0.0
9.020833333333334,0.33894652400942954,0.06530500101796419,0.8,0.0,0.0,0.0,0.0,0.0
9.03125,0.33901346133029486,0.06527991866486968,0.8,0.0,0.0,0.0,0.0,0.0
9.041666666666666,0.33907867467376734,0.06525485076752206,0.8,0.0,0.0,0.0,0.0,0.0
9.052083333333334,0.33914218615617414,0.06522979718909037,0.8,0.0,0.0,0.0,0.0,0.0
9.0625,0.3392040190499945,0.06520475779480651,0.8,0.0,0.0,0.0,0.0,0.0
9.072916666666666,0.3392641976783568,0.06517973245203244,0.8,0.0,0.0,0.0,0.0,0.0
9.083333333333334,0.3393227473125434,0.0651547210303199,0.8,0.0,0.0,0.0,0.0,0.0
9.09375,0.33937969407273183,0.06512972340146253,0.8,0.0,0.0,0.0,0.0,0.0
9.104166666666666,0.3394350648321675,0.0651047394395411,0.8,0.0,0.0,0.0,0.0,0.0
9.114583333333334,0.3394888871249271,0.06507976902096184,0.8,0.0,0.0,0.0,0.0,0.0
9.125,0.3395411890573995,0.06505481202448828,0.8,0.0,0.0,0.0,0.0,0.0
9.135416666666666,0.3395919992235819,0.06502986833126703,0.8,0.0,0.0,0.0,0.0,0.0
9.145833333333334,0.33964134662425854,0.06500493782484766,0.8,0.0,0.0,0.0,0.0,0.0
9.15625,0.33968926059010507,0.06498002039119696,0.8,0.0,0.0,0.0,0.0,0.0
9.166666666666666,0.3397357707087361,0.06495511591870809,0.8,0.0,0.0,0.0,0.0,0.0
9.177083333333334,0.33978090675569256,0.06493022429820473,0.8,0.0,0.0,0.0,0.0,0.0
9.1875,0.33982469862934406,0.06490534542294071,0.8,0.0,0.0,0.0,0.0,0.0
9.197916666666666,0.33986717628966545,0.06488047918859527,0.8,0.0,0.0,0.0,0.0,0.0
9.208333333333334,0.33990836970082894,0.06485562549326422,0.8,0.0,0.0,0.0,0.0,0.0
9.21875,0.3399483087775402,0.0648307842374476,0.8,0.0,0.0,0.0,0.0,0.0
9.229166666666666,0.33998702333503383,0.06480595532403366,0.8,0.0,0.0,0.0,0.0,0.0
9.239583333333334,0.340024543042634,0.06478113865827975,0.8,0.0,0.0,0.0,0.0,0.0
9.25,0.3400608973807757,0.0647563341477903,0.8,0.0,0.0,0.0,0.0,0.0
9.260416666666666,0.34009611560137537,0.06473154170249217,0.8,0.0,0.0,0.0,0.0,0.0
9.270833333333334,0.3401146668841283,0.06470972148547043,0.8,0.0,0.012447845844590025,0.0,0.0,0.0
9.28125,0.3401110815748266,0.0646920086664169,0.8,0.0,0.029688509039189095,0.0,0.0,0.0
9.291666666666666,0.3400938344174882,0.0646769200893101,0.8,0.0,0.04070866435769798,0.0,0.0,0.0
9.302083333333334,0.3400656155472407,0.06466402400916708,0.8,0.0,0.049921493261008185,0.0,0.0,0.0
9.3125,0.340011340485164,0.06465625260358808,0.8,0.0,0.07147626647753448,0.0,0.0,0.0
9.322916666666666,0.33996654144727184,0.06464700127499784,0.8,0.0,0.06525142419010417,0.0,0.0,0.0
9.333333333333334,0.3399089422707309,0.06464044805027733,0.8,0.0,0.07660158690392095,0.0,0.0,0.0
9.34375,0.3398350592901934,0.0646373278683476,0.8,0.0,0.09104364858037087,0.0,0.0,0.0
9.354166666666666,0.33972978980971147,0.06464060538581076,0.8,0.0,0.11794780961400203,0.0,0.0,0.0
9.364583333333334,0.3396265050237395,0.06464410549337136,0.8,0.0,0.11887852514528868,0.0,0.0,0.0
9.375,0.3394980031657971,0.06465298624256952,0.8,0.0,0.14147861146200807,0.0,0.0,0.0
9.385416666666666,0.3393822123121747,0.06466015396774161,0.8,0.0,0.1342670356367758,0.0,0.0,0.0
9.395833333333334,0.339245196025581,0.06467199187682489,0.8,0.0,0.15385357325208301,0.0,0.0,0.0
9.40625,0.33912604627574616,0.06468114698750448,0.8,0.0,0.1425726151817274,0.0,0.0,0.0
9.416666666666666,0.3390068448222119,0.06469092615267168,0.8,0.0,0.14517031713027254,0.0,0.0,0.0
9.427083333333334,0.3388604905448669,0.06470649096023924,0.8,0.0,0.1693912493555546,0.0,0.0,0.0
9.4375,0.3386878630691506,0.0647278003970566,0.8,0.0,0.1933972524922372,0.0,0.0,0.0
9.447916666666666,0.33852174410719704,0.06474869781771121,0.8,0.0,0.19160027317201714,0.0,0.0,0.0
9.458333333333334,0.3383293386276901,0.06477540163220147,0.8,0.0,0.2157943496913793,0.0,0.0,0.0
9.46875,0.33813887062268194,0.06480260395046952,0.8,0.0,0.21776733538598303,0.0,0.0,0.0
9.479166666666666,0.33794522554471645,0.06483124227332832,0.8,0.0,0.2236456244583375,0.0,0.0,0.0
9.489583333333334,0.3377788623958672,0.0648554479865565,0.8,0.0,0.20505849586507965,0.0,0.0,0.0
9.5,0.33758944858890627,0.06488474302460057,0.8,0.0,0.22615729100697682,0.0,0.0,0.0
9.510416666666666,0.3374487936460381,0.06490538207918628,0.8,0.0,0.19003738138066673,0.0,0.0,0.0
9.520833333333334,0.33728870081034434,0.06493027059412827,0.8,0.0,0.20763561917541187,0.0,0.0,0.0
9.53125,0.3371096247674322,0.06495937542954834,0.8,0.0,0.22505352030334624,0.0,0.0,0.0
9.541666666666666,0.3369693968804809,0.06498158762617075,0.8,0.0,0.19634526844356634,0.0,0.0,0.0
9.552083333333334,0.3368715365851384,0.06499606648683853,0.8,0.0,0.16421464295455238,0.0,0.0,0.0
9.5625,0.3367734785966389,0.06501087620548625,0.8,0.0,0.1655552489069351,0.0,0.0,0.0
9.572916666666666,0.3366390470105649,0.06503299601359824,0.8,0.0,0.1957992248785081,0.0,0.0,0.0
9.583333333333334,0.33652420499661484,0.06505170883162469,0.8,0.0,0.18163277274333867,0.0,0.0,0.0
9.59375,0.3363940110604858,0.06507369953563699,0.8,0.0,0.19514095480281282,0.0,0.0,0.0
9.604166666666666,0.3363300544321958,0.06508320651531688,0.8,0.0,0.14347573335307054,0.0,0.0,0.0
9.614583333333334,0.33623927193450065,0.06509806115090784,0.8,0.0,0.16556145187634855,0.0,0.0,0.0
9.625,0.3361564105991254,0.06511159659740076,0.8,0.0,0.1600826436217532,0.0,0.0,0.0
9.635416666666666,0.3361175480482522,0.06511679557489074,0.8,0.0,0.12563709783546465,0.0,0.0,0.0
9.645833333333334,0.3360791241863609,0.06512199378211814,0.8,0.0,0.12562974901767004,0.0,0.0,0.0
9.65625,0.33606713209558753,0.06512215152750567,0.8,0.0,0.10481791257505477,0.0,0.0,0.0
9.666666666666666,0.3360322198959878,0.06512677606330579,0.8,0.0,0.12325685941305924,0.0,0.0,0.0
9.677083333333334,0.33602414043937806,0.06512627215764434,0.8,0.0,0.10208672994033763,0.0,0.0,0.0
9.6875,0.3360262522585117,0.06512380948186615,0.8,0.0,0.09400150677211894,0.0,0.0,0.0
9.697916666666666,0.33605327359665166,0.06511651559178071,0.8,0.0,0.07405619665612719,0.0,0.0,0.0
9.708333333333334,0.3360958608620826,0.06510615241290964,0.8,0.0,0.06137541480332846,0.0,0.0,0.0
9.71875,0.3361576891820179,0.0650919777359561,0.8,0.0,0.04561703382225718,0.0,0.0,0.0
9.729166666666666,0.3362281825074461,0.06507599996269206,0.8,0.0,0.038140986059760046,0.0,0.0,0.0
9.739583333333334,0.33630937482808376,0.06505780500793026,0.8,0.0,0.028942204628809278,0.0,0.0,0.0
9.75,0.33640740787290563,0.06503617937825017,0.8,0.0,0.014707490804087299,0.0,0.0,0.0
9.760416666666666,0.33652262957938023,0.0650110153869495,0.8,0.0,0.0,0.0,0.0,0.0
9.770833333333334,0.33663638239656973,0.06498586963205046,0.8,0.0,0.0,0.0,0.0,0.0
9.78125,0.3367486176978999,0.06496074198094723,0.8,0.0,0.0,0.0,0.0,0.0
9.791666666666666,0.3368592901404624,0.06493563229808258,0.8,0.0,0.0,0.0,0.0,0.0
9.802083333333334,0.33696835769438077,0.06491054044520557,0.8,0.0,0.0,0.0,0.0,0.0
9.8125,0.33707578165858765,0.06488546628162863,0.8,0.0,0.0,0.0,0.0,0.0
9.822916666666666,0.33718152666343043,0.06486040966448328,0.8,0.0,0.0,0.0,0.0,0.0
9.833333333333334,0.3372855606605981,0.06483537044897349,0.8,0.0,0.0,0.0,0.0,0.0
9.84375,0.3373878549009296,0.06481034848862555,0.8,0.0,0.0,0.0,0.0,0.0
9.854166666666666,0.33748838390072194,0.06478534363553426,0.8,0.0,0.0,0.0,0.0,0.0
9.864583333333334,0.3375871253972087,0.06476035574060407,0.8,0.0,0.0,0.0,0.0,0.0
9.875,0.3376840602939185,0.06473538465378488,0.8,0.0,0.0,0.0,0.0,0.0
9.885416666666666,0.33777917259665874,0.06471043022430166,0.8,0.0,0.0,0.0,0.0,0.0
9.895833333333334,0.33787244934089244,0.06468549230087753,0.8,0.0,0.0,0.0,0.0,0.0
9.90625,0.3379638805112938,0.06466057073194952,0.8,0.0,0.0,0.0,0.0,0.0
9.916666666666666,0.33805345895427596,0.06463566536587684,0.8,0.0,0.0,0.0,0.0,0.0
9.927083333333334,0.33814118028428686,0.06461077605114118,0.8,0.0,0.0,0.0,0.0,0.0
9.9375,0.33822704278466176,0.06458590263653857,0.8,0.0,0.0,0.0,0.0,0.0
9.947916666666666,0.3383110473038115,0.06456104497136284,0.8,0.0,0.0,0.0,0.0,0.0
9.958333333333334,0.3383931971475065,0.06453620290558007,0.8,0.0,0.0,0.0,0.0,0.0
9.96875,0.33847349796799403,0.06451137628999438,0.8,0.0,0.0,0.0,0.0,0.0
9.979166666666666,0.33855195765066054,0.06448656497640444,0.8,0.0,0.0,0.0,0.0,0.0
9.989583333333334,0.33862858619891795,0.06446176881775102,0.8,0.0,0.0,0.0,0.0,0.0
10.0,0.33870339561796103,0.06443698766825542,0.8,0.0,0.0,0.0,0.0,0.0
10.010416666666666,0.33877639979800417,0.06441222138354874,0.8,0.0,0.0,0.0,0.0,0.0
10.020833333333334,0.33884761439756844,0.06438746982079226,0.8,0.0,0.0,0.0,0.0,0.0
10.03125,0.3389170567273497,0.06436273283878884,0.8,0.0,0.0,0.0,0.0,0.0
10.041666666666666,0.3389847456351561,0.06433801029808567,0.8,0.0,0.0,0.0,0.0,0.0
10.052083333333334,0.3390507013923635,0.06431330206106832,0.8,0.0,0.0,0.0,0.0,0.0
10.0625,0.3391149455822935,0.06428860799204651,0.8,0.0,0.0,0.0,0.0,0.0
10.072916666666666,0.3391775009908803,0.06426392795733162,0.8,0.0,0.0,0.0,0.0,0.0
10.083333333333334,0.33923839149994856,0.06423926182530634,0.8,0.0,0.0,0.0,0.0,0.0
10.09375,0.33929764198338785,0.0642146094664867,0.8,0.0,0.0,0.0,0.0,0.0
10.104166666666666,0.33935527820646944,0.06418997075357653,0.8,0.0,0.0,0.0,0.0,0.0
10.114583333333334,0.33941132672851443,0.06416534556151503,0.8,0.0,0.0,0.0,0.0,0.0
10.125,0.33946581480908783,0.06414073376751739,0.8,0.0,0.0,0.0,0.0,0.0
10.135416666666666,0.33951877031785943,0.06411613525110893,0.8,0.0,0.0,0.0,0.0,0.0
10.145833333333334,0.3395702216482409,0.06409154989415303,0.8,0.0,0.0,0.0,0.0,0.0
10.15625,0.3396201976348799,0.06406697758087312,0.8,0.0,0.0,0.0,0.0,0.0
10.166666666666666,0.3396687274750644,0.06404241819786922,0.8,0.0,0.0,0.0,0.0,0.0
10.177083333333334,0.3397158406540653,0.06401787163412899,0.8,0.0,0.0,0.0,0.0,0.0
10.1875,0.3397615668744229,0.06399333778103398,0.8,0.0,0.0,0.0,0.0,0.0
10.197916666666666,0.3398059359891615,0.06396881653236113,0.8,0.0,0.0,0.0,0.0,0.0
10.208333333333334,0.33984897793889784,0.06394430778427984,0.8,0.0,0.0,0.0,0.0,0.0
10.21875,0.3398907226927922,0.06391981143534516,0.8,0.0,0.0,0.0,0.0,0.0
10.229166666666666,0.33993120019327605,0.0638953273864869,0.8,0.0,0.0,0.0,0.0,0.0
10.239583333333334,0.3399704403044774,0.06387085554099547,0.8,0.0,0.0,0.0,0.0,0.0
10.25,0.34000847276425256,0.06384639580450434,0.8,0.0,0.0,0.0,0.0,0.0
10.260416666666666,0.34004532713972535,0.06382194808496951,0.8,0.0,0.0,0.0,0.0,0.0
10.270833333333334,0.34006519320811435,0.06380048385721494,0.8,0.0,0.012671662487846898,0.0,0.0,0.0
10.28125,0.3400700167971733,0.06378173255256996,0.8,0.0,0.024207944098271036,0.0,0.0,0.0
10.291666666666666,0.3400554048111893,0.06376660295354449,0.8,0.0,0.0396353130600552,0.0,0.0,0.0
10.302083333333334,0.34002826148221166,0.06375391169827908,0.8,0.0,0.050026909940881305,0.0,0.0,0.0
10.3125,0.33997304931946537,0.0637466436029239,0.8,0.0,0.07316048712626909,0.0,0.0,0.0
10.322916666666666,0.3399268383905697,0.06373800866404204,0.8,0.0,0.0673302491499812,0.0,0.0,0.0
10.333333333333334,0.339842108611663,0.06373686371706981,0.8,0.0,0.09928290953089675,0.0,0.0,0.0
10.34375,0.3397521751096155,0.06373717843024904,0.8,0.0,0.10550874069973448,0.0,0.0,0.0
10.354166666666666,0.33964839699119004,0.06374059725118249,0.8,0.0,0.11874148253699107,0.0,0.0,0.0
10.364583333333334,0.3395276606990366,0.06374777543441894,0.8,0.0,0.13475554555944003,0.0,0.0,0.0
10.375,0.33942134989807254,0.06375290270360749,0.8,0.0,0.12600654568884462,0.0,0.0,0.0
10.385416666666666,0.33931780979447107,0.06375807689874076,0.8,0.0,0.12619793408338859,0.0,0.0,0.0
10.395833333333334,0.33917548296840583,0.06377108529652097,0.8,0.0,0.1595275534983568,0.0,0.0,0.0
10.40625,0.33905073410733955,0.06378152132353172,0.8,0.0,0.14855471623754718,0.0,0.0,0.0
10.416666666666666,0.3388870459099265,0.06379991368879259,0.8,0.0,0.18234522623951602,0.0,0.0,0.0
10.427083333333334,0.3387120982062932,0.0638212340244258,0.8,0.0,0.19471795677672574,0.0,0.0,0.0
10.4375,0.3385360560804022,0.06384359756086673,0.8,0.0,0.19906753835863453,0.0,0.0,0.0
10.447916666666666,0.33836006358318815,0.06386676556028655,0.8,0.0,0.20239578978978576,0.0,0.0,0.0
10.458333333333334,0.33817120309908366,0.06389314975494666,0.8,0.0,0.21592901783931492,0.0,0.0,0.0
10.46875,0.3379888347305659,0.06391911943648089,0.8,0.0,0.21406843151938024,0.0,0.0,0.0
10.479166666666666,0.3378472403879054,0.06393812434917488,0.8,0.0,0.18452768996096344,0.0,0.0,0.0
10.489583333333334,0.33771165030537764,0.06395654897718361,0.8,0.0,0.1820195795499413,0.0,0.0,0.0
10.5,0.3375731741006602,0.0639760353989379,0.8,0.0,0.18644869530841188,0.0,0.0,0.0
10.510416666666666,0.33739857893038894,0.0640028811854804,0.8,0.0,0.21743070590547772,0.0,0.0,0.0
10.520833333333334,0.33723528138926984,0.06402820447109635,0.8,0.0,0.21091067808883115,0.0,0.0,0.0
10.53125,0.3370809967131665,0.06405236947950148,0.8,0.0,0.20594137905870868,0.0,0.0,0.0
10.541666666666666,0.33691236047636136,0.06407976324544368,0.8,0.0,0.21943857208939316,0.0,0.0,0.0
10.552083333333334,0.33680356119201255,0.06409629033144248,0.8,0.0,0.1736598250506278,0.0,0.0,0.0
10.5625,0.3366937198556355,0.0641133315845052,0.8,0.0,0.17577995791979492,0.0,0.0,0.0
10.572916666666666,0.33657038142937085,0.06413325211118785,0.8,0.0,0.18782676166596562,0.0,0.0,0.0
10.583333333333334,0.3364647441289609,0.0641501311027831,0.8,0.0,0.17500898825550032,0.0,0.0,0.0
10.59375,0.33636830811166063,0.06416552687388727,0.8,0.0,0.1687482896733121,0.0,0.0,0.0
10.604166666666666,0.33626255254413867,0.0641829395162749,0.8,0.0,0.17716810355741627,0.0,0.0,0.0
10.614583333333334,0.3361592137337926,0.06420014259953434,0.8,0.0,0.17624781453392338,0.0,0.0,0.0
10.625,0.33609318371626423,0.06421045269516178,0.8,0.0,0.14734604569644816,0.0,0.0,0.0
10.635416666666666,0.33604194254793646,0.06421807892195311,0.8,0.0,0.13609582408827323,0.0,0.0,0.0
10.645833333333334,0.33597541175610823,0.06422873473943917,0.8,0.0,0.14876585403045095,0.0,0.0,0.0
10.65625,0.33594196983572283,0.06423319926513452,0.8,0.0,0.12284767058254487,0.0,0.0,0.0
10.666666666666666,0.33591147099554114,0.0642371665067454,0.8,0.0,0.12076421411007655,0.0,0.0,0.0
10.677083333333334,0.33589731137597817,0.0642380675588408,0.8,0.0,0.10793596089572426,0.0,0.0,0.0
10.6875,0.3358910936226841,0.06423747645525016,0.8,0.0,0.10169403398573054,0.0,0.0,0.0
10.697916666666666,0.33592144528527995,0.06422990397401909,0.8,0.0,0.07248722992782426,0.0,0.0,0.0
10.708333333333334,0.33595893718868425,0.06422091092467076,0.8,0.0,0.06653565538721586,0.0,0.0,0.0
10.71875,0.3360061435351273,0.06420999177181078,0.8,0.0,0.058463142498835254,0.0,0.0,0.0
10.729166666666666,0.3360840241579298,0.06419312410857811,0.8,0.0,0.03353651106691367,0.0,0.0,0.0
10.739583333333334,0.3361695788555954,0.0641746424767808,0.8,0.0,0.02673828206453215,0.0,0.0,0.0
10.75,0.33627153780348057,0.06415286156397616,0.8,0.0,0.012862054615596042,0.0,0.0,0.0
10.760416666666666,0.33638840341353654,0.06412802944402778,0.8,0.0,0.0,0.0,0.0,0.0
10.770833333333334,0.33650386079969463,0.06410321545284794,0.8,0.0,0.0,0.0,0.0,0.0
10.78125,0.3366178575694742,0.0640784194633966,0.8,0.0,0.0,0.0,0.0,0.0
10.791666666666666,0.3367303445623385,0.06405364134542864,0.8,0.0,0.0,0.0,0.0,0.0
10.802083333333334,0.336841275895289,0.0640288809657473,0.8,0.0,0.0,0.0,0.0,0.0
10.8125,0.33695060899449053,0.06400413818845829,0.8,0.0,0.0,0.0,0.0,0.0
10.822916666666666,0.3370583046132472,0.06397941287522348,0.8,0.0,0.0,0.0,0.0,0.0
10.833333333333334,0.3371643268367334,0.06395470488551329,0.8,0.0,0.0,0.0,0.0,0.0
10.84375,0.3372686430739601,0.0639300140768568,0.8,0.0,0.0,0.0,0.0,0.0
10.854166666666666,0.3373712240375264,0.06390534030508901,0.8,0.0,0.0,0.0,0.0,0.0
10.864583333333334,0.33747204371176676,0.06388068342459395,0.8,0.0,0.0,0.0,0.0,0.0
10.875,0.3375710793099549,0.06385604328854345,0.8,0.0,0.0,0.0,0.0,0.0
10.885416666666666,0.33766831122126933,0.06383141974913051,0.8,0.0,0.0,0.0,0.0,0.0
10.895833333333334,0.33776372294826035,0.06380681265779671,0.8,0.0,0.0,0.0,0.0,0.0
10.90625,0.3378573010355826,0.06378222186545326,0.8,0.0,0.0,0.0,0.0,0.0
10.916666666666666,0.33794903499077733,0.063757647222695,0.8,0.0,0.0,0.0,0.0,0.0
10.927083333333334,0.33803891719789664,0.06373308858000694,0.8,0.0,0.0,0.0,0.0,0.0
10.9375,0.3381269428247651,0.06370854578796303,0.8,0.0,0.0,0.0,0.0,0.0
10.947916666666666,0.3382131097246704,0.0636840186974168,0.8,0.0,0.0,0.0,0.0,0.0
10.958333333333334,0.33829741833326277,0.06365950715968349,0.8,0.0,0.0,0.0,0.0,0.0
10.96875,0.3383798715614269,0.06363501102671365,0.8,0.0,0.0,0.0,0.0,0.0
10.979166666666666,0.3384604746848685,0.06361053015125795,0.8,0.0,0.0,0.0,0.0,0.0
10.989583333333334,0.3385392352311312,0.063586064387023,0.8,0.0,0.0,0.0,0.0,0.0
11.0,0.3386161628647285,0.06356161358881827,0.8,0.0,0.0,0.0,0.0,0.0
11.010416666666666,0.33869126927104326,0.0635371776126941,0.8,0.0,0.0,0.0,0.0,0.0
11.020833333333334,0.3387645680396096,0.06351275631607053,0.8,0.0,0.0,0.0,0.0,0.0
11.03125,0.33883607454735437,0.06348834955785754,0.8,0.0,0.0,0.0,0.0,0.0
11.041666666666666,0.3389058058423356,0.06346395719856622,0.8,0.0,0.0,0.0,0.0,0.0
11.052083333333334,0.33897378052847293,0.06343957910041162,0.8,0.0,0.0,0.0,0.0,0.0
11.0625,0.33904001865172567,0.06341521512740665,0.8,0.0,0.0,0.0,0.0,0.0
11.072916666666666,0.3391045415881301,0.06339086514544814,0.8,0.0,0.0,0.0,0.0,0.0
11.083333333333334,0.33916737193406793,0.06336652902239455,0.8,0.0,0.0,0.0,0.0,0.0
11.09375,0.33922853339909637,0.06334220662813587,0.8,0.0,0.0,0.0,0.0,0.0
11.104166666666666,0.3392880507016303,0.06331789783465598,0.8,0.0,0.0,0.0,0.0,0.0
11.114583333333334,0.33934594946772934,0.06329360251608757,0.8,0.0,0.0,0.0,0.0,0.0
11.125,0.339402256133204,0.06326932054876014,0.8,0.0,0.0,0.0,0.0,0.0
11.135416666666666,0.3394569978492223,0.06324505181124117,0.8,0.0,0.0,0.0,0.0,0.0
11.145833333333334,0.3395102023915615,0.06322079618437071,0.8,0.0,0.0,0.0,0.0,0.0
11.15625,0.33956189807362075,0.06319655355129006,0.8,0.0,0.0,0.0,0.0,0.0
11.166666666666666,0.33961211366327937,0.06317232379746425,0.8,0.0,0.0,0.0,0.0,0.0
11.177083333333334,0.339660878303658,0.06314810681069927,0.8,0.0,0.0,0.0,0.0,0.0
11.1875,0.3397082214378156,0.06312390248115382,0.8,0.0,0.0,0.0,0.0,0.0
11.197916666666666,0.3397541727373905,0.06309971070134625,0.8,0.0,0.0,0.0,0.0,0.0
11.208333333333334,0.3397987620351736,0.06307553136615672,0.8,0.0,0.0,0.0,0.0,0.0
11.21875,0.3398420192615825,0.06305136437282509,0.8,0.0,0.0,0.0,0.0,0.0
11.229166666666666,0.3398839743849871,0.06302720962094471,0.8,0.0,0.0,0.0,0.0,0.0
11.239583333333334,0.33992465735582433,0.0630030670124525,0.8,0.0,0.0,0.0,0.0,0.0
11.25,0.3399640980544237,0.06297893645161524,0.8,0.0,0.0,0.0,0.0,0.0
11.260416666666666,0.3400023262424551,0.06295481784501306,0.8,0.0,0.0,0.0,0.0,0.0
11.270833333333334,0.3400228660927939,0.06293376589060157,0.8,0.0,0.013204340085529486,0.0,0.0,0.0
11.28125,0.3400254878429428,0.06291591930434828,0.8,0.0,0.02702786384781052,0.0,0.0,0.0
11.291666666666666,0.34001084798105125,0.06290125600089462,0.8,0.0,0.040771808301919454,0.0,0.0,0.0
11.302083333333334,0.33998363921935143,0.06288900464831926,0.8,0.0,0.05119145187765762,0.0,0.0,0.0
11.3125,0.3399478143596762,0.06287850445486871,0.8,0.0,0.0587594565022511,0.0,0.0,0.0
11.322916666666666,0.3398989655980593,0.06287061829262278,0.8,0.0,0.07006282258607407,0.0,0.0,0.0
11.333333333333334,0.3398269928189202,0.06286728642366192,0.8,0.0,0.08975918615908193,0.0,0.0,0.0
11.34375,0.3397496690185392,0.06286534794518685,0.8,0.0,0.09578587013132582,0.0,0.0,0.0
11.354166666666666,0.3396564240347459,0.06286678419117595,0.8,0.0,0.11037460401390323,0.0,0.0,0.0
11.364583333333334,0.3395635721012212,0.0628686572684235,0.8,0.0,0.11226033723291068,0.0,0.0,0.0
11.375,0.3394394551116991,0.06287682073999334,0.8,0.0,0.13942753542874345,0.0,0.0,0.0
11.385416666666666,0.33931097074297983,0.06288645206670264,0.8,0.0,0.1457465656095783,0.0,0.0,0.0
11.395833333333334,0.33919982995165093,0.0628935347759001,0.8,0.0,0.1347291000865103,0.0,0.0,0.0
11.40625,0.3390908219281047,0.06290078525895422,0.8,0.0,0.13543948053488558,0.0,0.0,0.0
11.416666666666666,0.33894747566593053,0.06291495033114665,0.8,0.0,0.16523064788704112,0.0,0.0,0.0
11.427083333333334,0.33882408249655305,0.06292610966391342,0.8,0.0,0.1522449140921256,0.0,0.0,0.0
11.4375,0.3386972809308833,0.06293848766276346,0.8,0.0,0.15746593561900935,0.0,0.0,0.0
11.447916666666666,0.33855429648035734,0.06295446216806296,0.8,0.0,0.17290981705528394,0.0,0.0,0.0
11.458333333333334,0.33838714558818384,0.06297558099876895,0.8,0.0,0.19497949352143365,0.0,0.0,0.0
11.46875,0.3382475622496456,0.06299230259748038,0.8,0.0,0.17601724635309182,0.0,0.0,0.0
11.479166666666666,0.33809391659780297,0.06301223694980823,0.8,0.0,0.18976040400221475,0.0,0.0,0.0
11.489583333333334,0.3379083105888342,0.0630387664530178,0.8,0.0,0.21797998349833825,0.0,0.0,0.0
11.5,0.3377379494442339,0.06306319192192658,0.8,0.0,0.20885663124097,0.0,0.0,0.0
11.510416666666666,0.3375971431129381,0.06308274542150227,0.8,0.0,0.18790750367072706,0.0,0.0,0.0
11.520833333333334,0.3374472092891931,0.06310451924966126,0.8,0.0,0.19734609313198476,0.0,0.0,0.0
11.53125,0.33727048748278643,0.06313183514158975,0.8,0.0,0.22096139764685693,0.0,0.0,0.0
11.541666666666666,0.33713566549522594,0.06315190250527021,0.8,0.0,0.1898974108337,0.0,0.0,0.0
11.552083333333334,0.33700857403472845,0.06317095370954064,0.8,0.0,0.18549969297451316,0.0,0.0,0.0
11.5625,0.3368644094526028,0.06319359913854493,0.8,0.0,0.20077358640267032,0.0,0.0,0.0
11.572916666666666,0.33671593439668573,0.0632174825437325,0.8,0.0,0.2059734724690048,0.0,0.0,0.0
11.583333333333334,0.33659312436194694,0.06323696579173413,0.8,0.0,0.18715544829753114,0.0,0.0,0.0
11.59375,0.33647708632773116,0.06325550590944337,0.8,0.0,0.18308664277715117,0.0,0.0,0.0
11.604166666666666,0.3364057460906741,0.06326593678404661,0.8,0.0,0.14854549001595257,0.0,0.0,0.0
11.614583333333334,0.3363153465370972,0.0632801269719685,0.8,0.0,0.16451355424588052,0.0,0.0,0.0
11.625,0.3362287329198069,0.06329381916903651,0.8,0.0,0.16236768858449424,0.0,0.0,0.0
11.635416666666666,0.3361847701185491,0.06329967782164099,0.8,0.0,0.12906122736657097,0.0,0.0,0.0
11.645833333333334,0.33611340557930686,0.0633107932749362,0.8,0.0,0.15138400476611086,0.0,0.0,0.0
11.65625,0.33609266861189324,0.06331252391062721,0.8,0.0,0.11151649045120315,0.0,0.0,0.0
11.666666666666666,0.3360662823223028,0.0633153615125321,0.8,0.0,0.11621638149699609,0.0,0.0,0.0
11.677083333333334,0.3360440974432073,0.06331746129125745,0.8,0.0,0.11308226919635202,0.0,0.0,0.0
11.6875,0.33604760277897006,0.06331476504441383,0.8,0.0,0.0927187372036726,0.0,0.0,0.0
11.697916666666666,0.3360824882933574,0.0633061504760105,0.8,0.0,0.06758492359257909,0.0,0.0,0.0
11.708333333333334,0.3361292773186526,0.06329522621735557,0.8,0.0,0.057764057892506424,0.0,0.0,0.0
11.71875,0.3361884707557769,0.06328187441033173,0.8,0.0,0.04743286409190098,0.0,0.0,0.0
11.729166666666666,0.33625319275873056,0.06326736314982309,0.8,0.0,0.0424812918580765,0.0,0.0,0.0
11.739583333333334,0.3363360865223294,0.06324930071426581,0.8,0.0,0.027349191292989357,0.0,0.0,0.0
11.75,0.3364378321654468,0.06322751986351043,0.8,0.0,0.011480712790738905,0.0,0.0,0.0
11.760416666666666,0.3365526726829501,0.0632030578679583,0.8,0.0,0.0,0.0,0.0,0.0
11.770833333333334,0.33666603121423805,0.06317861356986003,0.8,0.0,0.0,0.0,0.0,0.0
11.78125,0.3367778599921935,0.06315418683950598,0.8,0.0,0.0,0.0,0.0,0.0
11.791666666666666,0.3368881145424204,0.06312977754438268,0.8,0.0,0.0,0.0,0.0,0.0
11.802083333333334,0.3369967537090023,0.0631053855494234,0.8,0.0,0.0,0.0,0.0,0.0
11.8125,0.3371037396667738,0.06308101071725788,0.8,0.0,0.0,0.0,0.0,0.0
11.822916666666666,0.33720903792054346,0.06305665290846034,0.8,0.0,0.0,0.0,0.0,0.0
11.833333333333334,0.3373126172917782,0.06303231198179501,0.8,0.0,0.0,0.0,0.0,0.0
11.84375,0.33741444989332686,0.06300798779445839,0.8,0.0,0.0,0.0,0.0,0.0
11.854166666666666,0.33751451109281544,0.06298368020231712,0.8,0.0,0.0,0.0,0.0,0.0
11.864583333333334,0.33761277946539475,0.06295938906014138,0.8,0.0,0.0,0.0,0.0,0.0
11.875,0.33770923673656217,0.06293511422183247,0.8,0.0,0.0,0.0,0.0,0.0
11.885416666666666,0.33780386771580745,0.06291085554064454,0.8,0.0,0.0,0.0,0.0,0.0
11.895833333333334,0.33789666022185744,0.06288661286939959,0.8,0.0,0.0,0.0,0.0,0.0
11.90625,0.33798760500030733,0.06286238606069548,0.8,0.0,0.0,0.0,0.0,0.0
11.916666666666666,0.33807669563443354,0.06283817496710632,0.8,0.0,0.0,0.0,0.0,0.0
11.927083333333334,0.3381639284499826,0.06281397944137512,0.8,0.0,0.0,0.0,0.0,0.0
11.9375,0.3382493024147232,0.06278979933659824,0.8,0.0,0.0,0.0,0.0,0.0
11.947916666666666,0.3383328190335351,0.06276563450640144,0.8,0.0,0.0,0.0,0.0,0.0
11.958333333333334,0.3384144822397907,0.06274148480510734,0.8,0.0,0.0,0.0,0.0,0.0
11.96875,0.338494298283759,0.06271735008789422,0.8,0.0,0.0,0.0,0.0,0.0
11.979166666666666,0.3385722756187368,0.06269323021094592,0.8,0.0,0.0,0.0,0.0,0.0
11.989583333333334,0.3386484247855772,0.06266912503159296,0.8,0.0,0.0,0.0,0.0,0.0
12.0,0.3387227582962524,0.06264503440844478,0.8,0.0,0.0,0.0,0.0,0.0
12.010416666666666,0.3387952905170503,0.0626209582015132,0.8,0.0,0.0,0.0,0.0,0.0
12.020833333333334,0.3388660375519645,0.06259689627232708,0.8,0.0,0.0,0.0,0.0,0.0
12.03125,0.3389350171267976,0.06257284848403848,0.8,0.0,0.0,0.0,0.0,0.0
12.041666666666666,0.3390022484744563,0.06254881470152025,0.8,0.0,0.0,0.0,0.0,0.0
12.052083333333334,0.33906775222187446,0.0625247947914554,0.8,0.0,0.0,0.0,0.0,0.0
12.0625,0.3391315502789589,0.06250078862241833,0.8,0.0,0.0,0.0,0.0,0.0
12.072916666666666,0.33919366572991294,0.062476796064948145,0.8,0.0,0.0,0.0,0.0,0.0
12.083333333333334,0.3392541227272496,0.062452816991614486,0.8,0.0,0.0,0.0,0.0,0.0
12.09375,0.33931294638876963,0.06242885127707576,0.8,0.0,0.0,0.0,0.0,0.0
12.104166666666666,0.33937016269774045,0.062404898798130395,0.8,0.0,0.0,0.0,0.0,0.0
12.114583333333334,0.3394257984064755,0.062380959433761235,0.8,0.0,0.0,0.0,0.0,0.0
12.125,0.33947988094347975,0.06235703306517342,0.8,0.0,0.0,0.0,0.0,0.0
12.135416666666666,0.33953243832429364,0.06233311957582583,0.8,0.0,0.0,0.0,0.0,0.0
12.145833333333334,0.33958349906613744,0.062309218851456856,0.8,0.0,0.0,0.0,0.0,0.0
12.15625,0.33963309210642895,0.06228533078010423,0.8,0.0,0.0,0.0,0.0,0.0
12.166666666666666,0.3396812467252212,0.06226145525211975,0.8,0.0,0.0,0.0,0.0,0.0
12.177083333333334,0.33972799247158214,0.06223759216017873,0.8,0.0,0.0,0.0,0.0,0.0
12.1875,0.33977335909391565,0.062213741399284865,0.8,0.0,0.0,0.0,0.0,0.0
12.197916666666666,0.3398173764742038,0.06218990286677049,0.8,0.0,0.0,0.0,0.0,0.0
12.208333333333334,0.33986007456613093,0.06216607646229276,0.8,0.0,0.0,0.0,0.0,0.0
12.21875,0.33990148333703435,0.0621422620878259,0.8,0.0,0.0,0.0,0.0,0.0
12.229166666666666,0.3399416327136119,0.06211845964764984,0.8,0.0,0.0,0.0,0.0,0.0
12.239583333333334,0.3399805525313045,0.06209466904833546,0.8,0.0,0.0,0.0,0.0,0.0
12.25,0.34001827248725996,0.062070890198726816,0.8,0.0,0.0,0.0,0.0,0.0
12.260416666666666,0.3400548220967759,0.06204712300992044,0.8,0.0,0.0,0.0,0.0,0.0
12.270833333333334,0.340073299117773,0.06202645540844276,0.8,0.0,0.013545228270646036,0.0,0.0,0.0
12.28125,0.34007186922617055,0.06200931977932112,0.8,0.0,0.029007183347581244,0.0,0.0,0.0
12.291666666666666,0.34006471730027577,0.061993240100431175,0.8,0.0,0.033620736145948606,0.0,0.0,0.0
12.302083333333334,0.34002653380927467,0.0619828613465189,0.8,0.0,0.05862555008900759,0.0,0.0,0.0
12.3125,0.339980502683602,0.061974131306126556,0.8,0.0,0.06585874145553759,0.0,0.0,0.0
12.322916666666666,0.33990930953050424,0.061970248925035595,0.8,0.0,0.08713172065746937,0.0,0.0,0.0
12.333333333333334,0.3398314067580221,0.06196798858688931,0.8,0.0,0.09425050327761987,0.0,0.0,0.0
12.34375,0.3397532878230583,0.06196619861341451,0.8,0.0,0.0963155243326945,0.0,0.0,0.0
12.354166666666666,0.3396613434279511,0.06196735738580206,0.8,0.0,0.10924801998106072,0.0,0.0,0.0
12.364583333333334,0.339568264575444,0.06196921877662219,0.8,0.0,0.1123266951352023,0.0,0.0,0.0
12.375,0.33945413135513863,0.061975417857973204,0.8,0.0,0.1313324604816865,0.0,0.0,0.0
12.385416666666666,0.3393103023491964,0.06198763833280104,0.8,0.0,0.15769154026330212,0.0,0.0,0.0
12.395833333333334,0.33920373035275947,0.06199378816336813,0.8,0.0,0.1310887501723371,0.0,0.0,0.0
12.40625,0.33907424126496866,0.06200466069099499,0.8,0.0,0.15174038867882944,0.0,0.0,0.0
12.416666666666666,0.33891220468225103,0.0620221245788415,0.8,0.0,0.18053156783927504,0.0,0.0,0.0
12.427083333333334,0.33875576177793826,0.06203934342269153,0.8,0.0,0.1794041094980487,0.0,0.0,0.0
12.4375,0.3386229870020023,0.06205295409640831,0.8,0.0,0.16359846248928325,0.0,0.0,0.0
12.447916666666666,0.33848040377244837,0.062068961984327854,0.8,0.0,0.1740212796558468,0.0,0.0,0.0
12.458333333333334,0.33829147741053844,0.062094101706375124,0.8,0.0,0.2137809207630395,0.0,0.0,0.0
12.46875,0.33812618332868477,0.062115711006668205,0.8,0.0,0.19830340470408675,0.0,0.0,0.0
12.479166666666666,0.33798045994357523,0.06213440159470427,0.8,0.0,0.18552519498316905,0.0,0.0,0.0
12.489583333333334,0.33780058250480277,0.06215995187844701,0.8,0.0,0.21529223330865138,0.0,0.0,0.0
12.5,0.3376365537537711,0.06218327360922976,0.8,0.0,0.20550868603580197,0.0,0.0,0.0
12.510416666666666,0.33750365000109067,0.06220145985957839,0.8,0.0,0.18313228576310933,0.0,0.0,0.0
12.520833333333334,0.3373501480682622,0.06222391010154035,0.8,0.0,0.2015739296748202,0.0,0.0,0.0
12.53125,0.33723974771469434,0.06223892511010698,0.8,0.0,0.1692690710984308,0.0,0.0,0.0
12.541666666666666,0.3371170469107874,0.0622565674551916,0.8,0.0,0.18061445576306484,0.0,0.0,0.0
12.552083333333334,0.3369579820695365,0.06228131442276134,0.8,0.0,0.2113192270533242,0.0,0.0,0.0
12.5625,0.33681355450692146,0.062303837271963994,0.8,0.0,0.2016084238662114,0.0,0.0,0.0
12.572916666666666,0.3366930830467998,0.06232234220345846,0.8,0.0,0.18416793412307797,0.0,0.0,0.0
12.583333333333334,0.3365566112047063,0.06234414068892571,0.8,0.0,0.1983405906735999,0.0,0.0,0.0
12.59375,0.33644485738642116,0.06236171701715985,0.8,0.0,0.18004825144133557,0.0,0.0,0.0
12.604166666666666,0.33637680095899253,0.0623714686432904,0.8,0.0,0.14624659594178982,0.0,0.0,0.0
12.614583333333334,0.33627407985246005,0.06238781169626382,0.8,0.0,0.17465716779050414,0.0,0.0,0.0
12.625,0.3361938933521582,0.06240021041291335,0.8,0.0,0.15761778424411527,0.0,0.0,0.0
12.635416666666666,0.3361127856783749,0.06241295760004024,0.8,0.0,0.15909587342969195,0.0,0.0,0.0
12.645833333333334,0.33606248685805146,0.06242015528166929,0.8,0.0,0.13517139236318867,0.0,0.0,0.0
12.65625,0.33602967673397727,0.062424206710868554,0.8,0.0,0.12161488271800991,0.0,0.0,0.0
12.666666666666666,0.33601738493356403,0.062424511223980364,0.8,0.0,0.10547797463380203,0.0,0.0,0.0
12.677083333333334,0.3360152335546652,0.0624229557627523,0.8,0.0,0.09746854559105961,0.0,0.0,0.0
12.6875,0.33602388686901746,0.06241939736652676,0.8,0.0,0.08884273826738955,0.0,0.0,0.0
12.697916666666666,0.33603395538127834,0.062415559613721215,0.8,0.0,0.08763827569298795,0.0,0.0,0.0
12.708333333333334,0.33606706137953885,0.062407424250290174,0.8,0.0,0.06912376776845984,0.0,0.0,0.0
12.71875,0.3361124315712255,0.06239694871429139,0.8,0.0,0.059031551172165325,0.0,0.0,0.0
12.729166666666666,0.33617890692267655,0.06238246874499481,0.8,0.0,0.04175515006916914,0.0,0.0,0.0
12.739583333333334,0.33626565524265134,0.062364098074164674,0.8,0.0,0.024946644910922976,0.0,0.0,0.0
12.75,0.33636630431031234,0.06234297618729777,0.8,0.0,0.013028447789090245,0.0,0.0,0.0
12.760416666666666,0.3364820334048406,0.062318851347875445,0.8,0.0,0.0,0.0,0.0,0.0
12.770833333333334,0.33659631159108633,0.06229474403151509,0.8,0.0,0.0,0.0,0.0,0.0
12.78125,0.3367090890904666,0.06227065411217942,0.8,0.0,0.0,0.0,0.0,0.0
12.791666666666666,0.3368203193943564,0.062246581460915086,0.8,0.0,0.0,0.0,0.0,0.0
12.802083333333334,0.3369299592983464,0.06222252594609948,0.8,0.0,0.0,0.0,0.0,0.0
12.8125,0.33703796892278365,0.06219848743368758,0.8,0.0,0.0,0.0,0.0,0.0
12.822916666666666,0.3371443117199843,0.062174465787457577,0.8,0.0,0.0,0.0,0.0,0.0
12.833333333333334,0.3372489544685853,0.062150460869254555,0.8,0.0,0.0,0.0,0.0,0.0
12.84375,0.3373518672555717,0.062126472539231314,0.8,0.0,0.0,0.0,0.0,0.0
12.854166666666666,0.33745302344657907,0.06210250065608565,0.8,0.0,0.0,0.0,0.0,0.0
12.864583333333334,0.33755239964512396,0.06207854507729324,0.8,0.0,0.0,0.0,0.0,0.0
12.875,0.33764997564145893,0.0620546056593356,0.8,0.0,0.0,0.0,0.0,0.0
12.885416666666666,0.33774573435178595,0.06203068225792221,0.8,0.0,0.0,0.0,0.0,0.0
12.895833333333334,0.337839661748589,0.0620067747282067,0.8,0.0,0.0,0.0,0.0,0.0
12.90625,0.33793174678286597,0.06198288292499614,0.8,0.0,0.0,0.0,0.0,0.0
12.916666666666666,0.33802198129905187,0.06195900670295329,0.8,0.0,0.0,0.0,0.0,0.0
12.927083333333334,0.33811035994342836,0.061935145916791244,0.8,0.0,0.0,0.0,0.0,0.0
12.9375,0.3381968800668125,0.061911300421460286,0.8,0.0,0.0,0.0,0.0,0.0
12.947916666666666,0.338281541622307,0.061887470072326485,0.8,0.0,0.0,0.0,0.0,0.0
12.958333333333334,0.33836434705887986,0.06186365472534215,0.8,0.0,0.0,0.0,0.0,0.0
12.96875,0.33844530121151917,0.06183985423720755,0.8,0.0,0.0,0.0,0.0,0.0
12.979166666666666,0.3385244111886844,0.061816068465524114,0.8,0.0,0.0,0.0,0.0,0.0
12.989583333333334,0.33860168625774556,0.06179229726893891,0.8,0.0,0.0,0.0,0.0,0.0
13.0,0.33867713772906816,0.06176854050728036,0.8,0.0,0.0,0.0,0.0,0.0
13.010416666666666,0.3387507788393669,0.061744798041685325,0.8,0.0,0.0,0.0,0.0,0.0
13.020833333333334,0.3388226246349124,0.06172106973471741,0.8,0.0,0.0,0.0,0.0,0.0
13.03125,0.33889269185513565,0.06169735545047684,0.8,0.0,0.0,0.0,0.0,0.0
13.041666666666666,0.3389609988171337,0.061673655054701765,0.8,0.0,0.0,0.0,0.0,0.0
13.052083333333334,0.3390275653015397,0.06164996841486141,0.8,0.0,0.0,0.0,0.0,0.0
13.0625,0.33909241244017707,0.061626295400241046,0.8,0.0,0.0,0.0,0.0,0.0
13.072916666666666,0.3391555626058773,0.06160263588201902,0.8,0.0,0.0,0.0,0.0,0.0
13.083333333333334,0.33921703930479985,0.06157898973333623,0.8,0.0,0.0,0.0,0.0,0.0
13.09375,0.33927686707155164,0.061555356829358025,0.8,0.0,0.0,0.0,0.0,0.0
13.104166666666666,0.33933507136736646,0.061531737047329026,0.8,0.0,0.0,0.0,0.0,0.0
13.114583333333334,0.3393916784815658,0.06150813026662104,0.8,0.0,0.0,0.0,0.0,0.0
13.125,0.33944671543648797,0.06148453636877418,0.8,0.0,0.0,0.0,0.0,0.0
13.135416666666666,0.33950020989603735,0.06146095523753186,0.8,0.0,0.0,0.0,0.0,0.0
13.145833333333334,0.33955219007797516,0.06143738675886967,0.8,0.0,0.0,0.0,0.0,0.0
13.15625,0.33960268467004157,0.06141383082101836,0.8,0.0,0.0,0.0,0.0,0.0
13.166666666666666,0.33965172274997235,0.0613902873144815,0.8,0.0,0.0,0.0,0.0,0.0
13.177083333333334,0.3396993337094463,0.06136675613204795,0.8,0.0,0.0,0.0,0.0,0.0
13.1875,0.3397455471819775,0.06134323716879941,0.8,0.0,0.0,0.0,0.0,0.0
13.197916666666666,0.33979039297474317,0.06131973032211345,0.8,0.0,0.0,0.0,0.0,0.0
13.208333333333334,0.3398339010043194,0.06129623549166218,0.8,0.0,0.0,0.0,0.0,0.0
13.21875,0.33987610123628015,0.06127275257940696,0.8,0.0,0.0,0.0,0.0,0.0
13.229166666666666,0.3399170236285969,0.061249281489589386,0.8,0.0,0.0,0.0,0.0,0.0
13.239583333333334,0.33995669807876583,0.061225822128718736,0.8,0.0,0.0,0.0,0.0,0.0
13.25,0.33999515437457484,0.0612023744055563,0.8,0.0,0.0,0.0,0.0,0.0
13.260416666666666,0.3400324221484136,0.06117893823109669,0.8,0.0,0.0,0.0,0.0,0.0
13.270833333333334,0.34005337984152867,0.061158238287192614,0.8,0.0,0.012120794794526941,0.0,0.0,0.0
13.28125,0.34006097835814103,0.061139830595899794,0.8,0.0,0.02228415748181121,0.0,0.0,0.0
13.291666666666666,0.34005364186667564,0.06112407048606681,0.8,0.0,0.03404173903515485,0.0,0.0,0.0
13.302083333333334,0.340026864151291,0.06111184931487719,0.8,0.0,0.04977858049618839,0.0,0.0,0.0
13.3125,0.33998513364134586,0.061102467189963164,0.8,0.0,0.06241001189681639,0.0,0.0,0.0
13.322916666666666,0.33994135164486183,0.06109368702509799,0.8,0.0,0.06508816461334528,0.0,0.0,0.0
13.333333333333334,0.3398550452680707,0.06109279296866334,0.8,0.0,0.1001878648641773,0.0,0.0,0.0
13.34375,0.33976531425409595,0.061092987846738465,0.8,0.0,0.10503371244697057,0.0,0.0,0.0
13.354166666666666,0.33967218375321273,0.061094279157295484,0.8,0.0,0.10991033437407269,0.0,0.0,0.0
13.364583333333334,0.33955696423891535,0.061100040847917945,0.8,0.0,0.12978506765132167,0.0,0.0,0.0
13.375,0.3394359481745979,0.0611074507702418,0.8,0.0,0.13709880844586206,0.0,0.0,0.0
13.385416666666666,0.3393254793183005,0.061113584104514354,0.8,0.0,0.13141305401385417,0.0,0.0,0.0
13.395833333333334,0.339173473829681,0.0611277589324108,0.8,0.0,0.16710161887439334,0.0,0.0,0.0
13.40625,0.3390319625114224,0.061140794917342256,0.8,0.0,0.16200769511941696,0.0,0.0,0.0
13.416666666666666,0.33889755501808805,0.06115323098272405,0.8,0.0,0.15931219963049179,0.0,0.0,0.0
13.427083333333334,0.3387589703745528,0.06116705172632677,0.8,0.0,0.1654147910575234,0.0,0.0,0.0
13.4375,0.3385877615290598,0.06118740141236272,0.8,0.0,0.19428256335642946,0.0,0.0,0.0
13.447916666666666,0.3384516487625512,0.061202169260491206,0.8,0.0,0.16951610047019441,0.0,0.0,0.0
13.458333333333334,0.3382616862875008,0.061227267721527825,0.8,0.0,0.21514113513471542,0.0,0.0,0.0
13.46875,0.338122711715729,0.0612439289504776,0.8,0.0,0.17777491505221407,0.0,0.0,0.0
13.479166666666666,0.3379532366409325,0.061266676407975354,0.8,0.0,0.2045857876270824,0.0,0.0,0.0
13.489583333333334,0.33781223551139467,0.061284919567997295,0.8,0.0,0.18463798361901182,0.0,0.0,0.0
13.5,0.33765431502106924,0.06130676148946398,0.8,0.0,0.20043855976619426,0.0,0.0,0.0
13.510416666666666,0.33748673095996173,0.06133093137733335,0.8,0.0,0.21060864789716735,0.0,0.0,0.0
13.520833333333334,0.3373483487494855,0.06135037432987268,0.8,0.0,0.18972281638303792,0.0,0.0,0.0
13.53125,0.3372127867763402,0.061369763149702265,0.8,0.0,0.1894233000737433,0.0,0.0,0.0
13.541666666666666,0.3370525003685346,0.061394087862655766,0.8,0.0,0.21104282066741786,0.0,0.0,0.0
13.552083333333334,0.33689421031785444,0.061418543076608434,0.8,0.0,0.21152319273697023,0.0,0.0,0.0
13.5625,0.3367806819366872,0.061435297015420685,0.8,0.0,0.1776611216722558,0.0,0.0,0.0
13.572916666666666,0.33666549337660495,0.06145266821923458,0.8,0.0,0.18032203905571,0.0,0.0,0.0
13.583333333333334,0.3365443316248689,0.06147143750246235,0.8,0.0,0.18639835569841193,0.0,0.0,0.0
13.59375,0.336439002988922,0.061487623732345974,0.8,0.0,0.17503768274102302,0.0,0.0,0.0
13.604166666666666,0.3363510139971973,0.061500896758103676,0.8,0.0,0.1622517953663649,0.0,0.0,0.0
13.614583333333334,0.33627714411708975,0.061511792677332026,0.8,0.0,0.1518283925118156,0.0,0.0,0.0
13.625,0.3362074535174394,0.0615220898988604,0.8,0.0,0.14919221351120837,0.0,0.0,0.0
13.635416666666666,0.33616828634078794,0.061526951861510776,0.8,0.0,0.12542001036964573,0.0,0.0,0.0
13.645833333333334,0.3361212354644951,0.06153333912300693,0.8,0.0,0.13208151257227735,0.0,0.0,0.0
13.65625,0.3360977916425961,0.06153550102358524,0.8,0.0,0.11361338313580206,0.0,0.0,0.0
13.666666666666666,0.3360824073536081,0.06153623425720795,0.8,0.0,0.10737037076555546,0.0,0.0,0.0
13.677083333333334,0.3360901572413604,0.06153276219152902,0.8,0.0,0.0889960652924126,0.0,0.0,0.0
13.6875,0.3361014769072318,0.06152862158237673,0.8,0.0,0.08607334789703282,0.0,0.0,0.0
13.697916666666666,0.3361298163455273,0.06152134366954687,0.8,0.0,0.07235937516603723,0.0,0.0,0.0
13.708333333333334,0.3361750828764222,0.06151091312866375,0.8,0.0,0.05856963985704169,0.0,0.0,0.0
13.71875,0.3362231907173305,0.061499873853276994,0.8,0.0,0.05589347148937412,0.0,0.0,0.0
13.729166666666666,0.33628641591992403,0.061485973917841705,0.8,0.0,0.04336186592577544,0.0,0.0,0.0
13.739583333333334,0.336373149690823,0.06146764878489068,0.8,0.0,0.023965185951995118,0.0,0.0,0.0
13.75,0.3364709631271445,0.06144711945477216,0.8,0.0,0.014265411435548022,0.0,0.0,0.0
13.760416666666666,0.33658538309864905,0.061423348585880944,0.8,0.0,0.0,0.0,0.0,0.0
13.770833333333334,0.3366983070302396,0.06139959488210481,0.8,0.0,0.0,0.0,0.0,0.0
13.78125,0.33680968809702844,0.06137585821656496,0.8,0.0,0.0,0.0,0.0,0.0
13.791666666666666,0.33691948277564987,0.06135213845972737,0.8,0.0,0.0,0.0,0.0,0.0
13.802083333333334,0.3370276508661048,0.0613284354796462,0.8,0.0,0.0,0.0,0.0,0.0
13.8125,0.3371341555002366,0.061304749142206155,0.8,0.0,0.0,0.0,0.0,0.0
13.822916666666666,0.3372389631372975,0.06128107931136287,0.8,0.0,0.0,0.0,0.0,0.0
13.833333333333334,0.3373420435471362,0.0612574258493808,0.8,0.0,0.0,0.0,0.0,0.0
13.84375,0.33744336978160094,0.06123378861706742,0.8,0.0,0.0,0.0,0.0,0.0
13.854166666666666,0.3375429181348051,0.061210167474003395,0.8,0.0,0.0,0.0,0.0,0.0
13.864583333333334,0.3376406680929488,0.06118656227876771,0.8,0.0,0.0,0.0,0.0,0.0
13.875,0.33773660227442737,0.06116297288915739,0.8,0.0,0.0,0.0,0.0,0.0
13.885416666666666,0.3378307063609844,0.061139399162401194,0.8,0.0,0.0,0.0,0.0,0.0
13.895833333333334,0.33792296902068863,0.06111584095536659,0.8,0.0,0.0,0.0,0.0,0.0
13.90625,0.3380133818235257,0.06109229812475991,0.8,0.0,0.0,0.0,0.0,0.0
13.916666666666666,0.33810193915039954,0.06106877052731899,0.8,0.0,0.0,0.0,0.0,0.0
13.927083333333334,0.33818863809633737,0.061045258019998105,0.8,0.0,0.0,0.0,0.0,0.0
13.9375,0.3382734783686813,0.06102176046014499,0.8,0.0,0.0,0.0,0.0,0.0
13.947916666666666,0.33835646218103643,0.06099827770566954,0.8,0.0,0.0,0.0,0.0,0.0
13.958333333333334,0.33843759414372304,0.06097480961520413,0.8,0.0,0.0,0.0,0.0,0.0
13.96875,0.33851688115145784,0.06095135604825553,0.8,0.0,0.0,0.0,0.0,0.0
13.979166666666666,0.33859433226895713,0.06092791686534817,0.8,0.0,0.0,0.0,0.0,0.0
13.989583333333334,0.3386699586151246,0.060904491928158715,0.8,0.0,0.0,0.0,0.0,0.0
14.0,0.3387437732464493,0.0608810810996423,0.8,0.0,0.0,0.0,0.0,0.0
14.010416666666666,0.3388157910402021,0.06085768424414987,0.8,0.0,0.0,0.0,0.0,0.0
14.020833333333334,0.33888602857797934,0.060834301227537455,0.8,0.0,0.0,0.0,0.0,0.0
14.03125,0.33895450403010124,0.06081093191726674,0.8,0.0,0.0,0.0,0.0,0.0
14.041666666666666,0.33902123704133147,0.06078757618249775,0.8,0.0,0.0,0.0,0.0,0.0
14.052083333333334,0.3390862486183428,0.06076423389417331,0.8,0.0,0.0,0.0,0.0,0.0
14.0625,0.3391495610193113,0.0607409049250959,0.8,0.0,0.0,0.0,0.0,0.0
14.072916666666666,0.339211197645982,0.06071758914999666,0.8,0.0,0.0,0.0,0.0,0.0
14.083333333333334,0.33927118293850717,0.060694286445597295,0.8,0.0,0.0,0.0,0.0,0.0
14.09375,0.3393295422733211,0.06067099669066469,0.8,0.0,0.0,0.0,0.0,0.0
14.104166666666666,0.3393863018642769,0.0606477197660588,0.8,0.0,0.0,0.0,0.0,0.0
14.114583333333334,0.3394414886672342,0.060624455554773936,0.8,0.0,0.0,0.0,0.0,0.0
14.125,0.3394951302882553,0.0606012039419737,0.8,0.0,0.0,0.0,0.0,0.0
14.135416666666666,0.3395472548955308,0.06057796481502006,0.8,0.0,0.0,0.0,0.0,0.0
14.145833333333334,0.33959789113513056,0.0605547380634966,0.8,0.0,0.0,0.0,0.0,0.0
14.15625,0.3396470680506435,0.060531523579226386,0.8,0.0,0.0,0.0,0.0,0.0
14.166666666666666,0.339694815006746,0.06050832125628478,0.8,0.0,0.0,0.0,0.0,0.0
14.177083333333334,0.33974116161671464,0.06048513099100728,0.8,0.0,0.0,0.0,0.0,0.0
14.1875,0.3397861376738765,0.06046195268199296,0.8,0.0,0.0,0.0,0.0,0.0
14.197916666666666,0.3398297730869708,0.060438786230103576,0.8,0.0,0.0,0.0,0.0,0.0
14.208333333333334,0.33987209781937844,0.06041563153845869,0.8,0.0,0.0,0.0,0.0,0.0
14.21875,0.3399131418321592,0.0603924885124271,0.8,0.0,0.0,0.0,0.0,0.0
14.229166666666666,0.339952935030824,0.06036935705961485,0.8,0.0,0.0,0.0,0.0,0.0
14.239583333333334,0.3399915072157558,0.060346237089850006,0.8,0.0,0.0,0.0,0.0,0.0
14.25,0.3400288880361832,0.060323128515164526,0.8,0.0,0.0,0.0,0.0,0.0
14.260416666666666,0.34006510694760295,0.060300031249773456,0.8,0.0,0.0,0.0,0.0,0.0
14.270833333333334,0.34008175055086154,0.06028021402672437,0.8,0.0,0.014754097340793117,0.0,0.0,0.0
14.28125,0.34008239176440463,0.06026314714309216,0.8,0.0,0.027137788129040732,0.0,0.0,0.0
14.291666666666666,0.3400683136390445,0.060248689209558774,0.8,0.0,0.03889712388986693,0.0,0.0,0.0
14.302083333333334,0.34003042907585157,0.06023852968132034,0.8,0.0,0.05829614179460142,0.0,0.0,0.0
14.3125,0.3399875183560866,0.060229471111436596,0.8,0.0,0.06326526072706128,0.0,0.0,0.0
14.322916666666666,0.3399407130224723,0.06022133895923463,0.8,0.0,0.0674477705258699,0.0,0.0,0.0
14.333333333333334,0.33988410325400303,0.06021519951698098,0.8,0.0,0.07644627570991779,0.0,0.0,0.0
14.34375,0.33981393163310664,0.060211769329338034,0.8,0.0,0.08868053614100065,0.0,0.0,0.0
14.354166666666666,0.33970749312233744,0.06021514265245347,0.8,0.0,0.1193921702756958,0.0,0.0,0.0
14.364583333333334,0.3395824960413096,0.060222370534863665,0.8,0.0,0.13677590403554088,0.0,0.0,0.0
14.375,0.33945795321689853,0.06023016874417415,0.8,0.0,0.13933186056762048,0.0,0.0,0.0
14.385416666666666,0.33933053803092406,0.060239111831792105,0.8,0.0,0.1444742108271306,0.0,0.0,0.0
14.395833333333334,0.33922325779573054,0.06024511473860641,0.8,0.0,0.13120990211779063,0.0,0.0,0.0
14.40625,0.33910249934239606,0.060254035072557124,0.8,0.0,0.14433467100403743,0.0,0.0,0.0
14.416666666666666,0.3389327054567628,0.06027225172410535,0.8,0.0,0.1861425076031017,0.0,0.0,0.0
14.427083333333334,0.3387980628269154,0.060285011551936656,0.8,0.0,0.16154637062779245,0.0,0.0,0.0
14.4375,0.338624476512284,0.06030531688255556,0.8,0.0,0.1954116613906126,0.0,0.0,0.0
14.447916666666666,0.33843763547493105,0.06032875573227839,0.8,0.0,0.20939903142005845,0.0,0.0,0.0
14.458333333333334,0.3382603765612044,0.060351287878509546,0.8,0.0,0.20523597832563942,0.0,0.0,0.0
14.46875,0.3381170935766386,0.06036848517784603,0.8,0.0,0.18124473506808605,0.0,0.0,0.0
14.479166666666666,0.3379510916518565,0.060390308588344474,0.8,0.0,0.2019030319875519,0.0,0.0,0.0
14.489583333333334,0.33780994849636625,0.06040832414488745,0.8,0.0,0.18478667832318504,0.0,0.0,0.0
14.5,0.3376159070944448,0.06043632713943339,0.8,0.0,0.2293713504756112,0.0,0.0,0.0
14.510416666666666,0.3374920134626396,0.060452458936149735,0.8,0.0,0.17623395218525853,0.0,0.0,0.0
14.520833333333334,0.33733428427003986,0.06047507421632164,0.8,0.0,0.2051241394922823,0.0,0.0,0.0
14.53125,0.337162074214697,0.06050080626180235,0.8,0.0,0.21893619696317249,0.0,0.0,0.0
14.541666666666666,0.33705344012947225,0.06051566499330866,0.8,0.0,0.1703897387823148,0.0,0.0,0.0
14.552083333333334,0.3369439002323951,0.06053100847796923,0.8,0.0,0.172511199478258,0.0,0.0,0.0
14.5625,0.33683988278116767,0.06054567346836663,0.8,0.0,0.16945226187688678,0.0,0.0,0.0
14.572916666666666,0.33671540661378113,0.06056430590177077,0.8,0.0,0.18706378588892525,0.0,0.0,0.0
14.583333333333334,0.33662565565651004,0.060577023133001014,0.8,0.0,0.16071411635377025,0.0,0.0,0.0
14.59375,0.33651237520468946,0.060594206101204307,0.8,0.0,0.1805293684846223,0.0,0.0,0.0
14.604166666666666,0.33644557374077766,0.06060329750529212,0.8,0.0,0.14455023283559784,0.0,0.0,0.0
14.614583333333334,0.336346638828235,0.060618337099932175,0.8,0.0,0.17094213684408407,0.0,0.0,0.0
14.625,0.33629628168983017,0.06062484739075523,0.8,0.0,0.1330607168997508,0.0,0.0,0.0
14.635416666666666,0.33625744545756286,0.06062939099686667,0.8,0.0,0.12432765939431552,0.0,0.0,0.0
14.645833333333334,0.33622188864647434,0.060633426524953245,0.8,0.0,0.12206996871402498,0.0,0.0,0.0
14.65625,0.33616677536252454,0.06064106461209144,0.8,0.0,0.13804462831714934,0.0,0.0,0.0
14.666666666666666,0.3361404076925783,0.06064363127151185,0.8,0.0,0.11554849776748721,0.0,0.0,0.0
14.677083333333334,0.3361426402614559,0.060641091224080575,0.8,0.0,0.0929032481406074,0.0,0.0,0.0
14.6875,0.33613491992696615,0.060640342337271,0.8,0.0,0.10084578964826858,0.0,0.0,0.0
14.697916666666666,0.33616672292466326,0.060632479411885765,0.8,0.0,0.06929544058216001,0.0,0.0,0.0
14.708333333333334,0.3362101509759742,0.06062245825043555,0.8,0.0,0.0597123908486516,0.0,0.0,0.0
14.71875,0.33626208238360683,0.06061081866657232,0.8,0.0,0.05251649185179959,0.0,0.0,0.0
14.729166666666666,0.33632726148254893,0.060596687925941244,0.8,0.0,0.0414378878285113,0.0,0.0,0.0
14.739583333333334,0.33641562319153767,0.06057824910760615,0.8,0.0,0.02227299526734284,0.0,0.0,0.0
14.75,0.3365162979134177,0.0605574097936989,0.8,0.0,0.01155562068328156,0.0,0.0,0.0
14.760416666666666,0.33663013323187935,0.06053398622396519,0.8,0.0,0.0,0.0,0.0,0.0
14.770833333333334,0.336742453637193,0.06051057952436105,0.8,0.0,0.0,0.0,0.0,0.0
14.78125,0.336853213604033,0.06048718956876406,0.8,0.0,0.0,0.0,0.0,0.0
14.791666666666666,0.3369623709188403,0.0604638162285294,0.8,0.0,0.0,0.0,0.0,0.0
14.802083333333334,0.3370698866963411,0.06044045937272939,0.8,0.0,0.0,0.0,0.0,0.0
14.8125,0.337175725382868,0.060417118868391816,0.8,0.0,0.0,0.0,0.0,0.0
14.822916666666666,0.3372798547469742,0.06039379458073593,0.8,0.0,0.0,0.0,0.0,0.0
14.833333333333334,0.33738224585789556,0.06037048637340559,0.8,0.0,0.0,0.0,0.0,0.0
14.84375,0.3374828730524779,0.06034719410869863,0.8,0.0,0.0,0.0,0.0,0.0
14.854166666666666,0.33758171389123565,0.06032391764779183,0.8,0.0,0.0,0.0,0.0,0.0
14.864583333333334,0.3376787491042506,0.06030065685096085,0.8,0.0,0.0,0.0,0.0,0.0
14.875,0.33777396252765424,0.06027741157779441,0.8,0.0,0.0,0.0,0.0,0.0
14.885416666666666,0.33786734103145977,0.060254181687402424,0.8,0.0,0.0,0.0,0.0,0.0
14.895833333333334,0.3379588744395294,0.060230967038617446,0.8,0.0,0.0,0.0,0.0,0.0
14.90625,0.33804855544247,0.060207767490189,0.8,0.0,0.0,0.0,0.0,0.0
14.916666666666666,0.3381363795042524,0.06018458290097056,0.8,0.0,0.0,0.0,0.0,0.0
14.927083333333334,0.3382223447633448,0.06016141313009873,0.8,0.0,0.0,0.0,0.0,0.0
14.9375,0.3383064519291385,0.06013825803716456,0.8,0.0,0.0,0.0,0.0,0.0
14.947916666666666,0.33838870417442846,0.06011511748237655,0.8,0.0,0.0,0.0,0.0,0.0
14.958333333333334,0.3384691070246867,0.06009199132671548,0.8,0.0,0.0,0.0,0.0,0.0
14.96875,0.3385476682448421,0.06006887943208069,0.8,0.0,0.0,0.0,0.0,0.0
14.979166666666666,0.3386243977242482,0.060045781661427974,0.8,0.0,0.0,0.0,0.0,0.0
14.989583333333334,0.3386993073604861,0.06002269787889898,0.8,0.0,0.0,0.0,0.0,0.0
15.0,0.3387724109426152,0.059999627949942146,0.8,0.0,0.0,0.0,0.0,0.0
15.010416666666666,0.3388437240344431,0.059976571741425226,0.8,0.0,0.0,0.0,0.0,0.0
15.020833333333334,0.3389132638583483,0.05995352912173962,0.8,0.0,0.0,0.0,0.0,0.0
15.03125,0.3389810491801469,0.05993049996089635,0.8,0.0,0.0,0.0,0.0,0.0
15.041666666666666,0.33904710019545253,0.059907484130614225,0.8,0.0,0.0,0.0,0.0,0.0
15.052083333333334,0.33911143841793895,0.05988448150440018,0.8,0.0,0.0,0.0,0.0,0.0
15.0625,0.33917408656987086,0.05986149195762178,0.8,0.0,0.0,0.0,0.0,0.0
15.072916666666666,0.33923506847523005,0.059838515367572634,0.8,0.0,0.0,0.0,0.0,0.0
15.083333333333334,0.33929440895572277,0.059815551613530436,0.8,0.0,0.0,0.0,0.0,0.0
15.09375,0.33935213372991707,0.05979260057680819,0.8,0.0,0.0,0.0,0.0,0.0
15.104166666666666,0.3394082693157209,0.059769662140798756,0.8,0.0,0.0,0.0,0.0,0.0
15.114583333333334,0.3394628429363771,0.05974673619101312,0.8,0.0,0.0,0.0,0.0,0.0
15.125,0.3495856740967852,0.058003481949480275,0.8,8.16,0.0,0.0,0.0,1.0
15.135416666666666,0.35915753514889387,0.05635619501273418,0.8,8.16,0.0,0.0,0.0,1.0
15.145833333333334,0.3677209420421558,0.05479296288910934,0.8,8.16,0.0,0.0,0.0,1.0
15.15625,0.3749805588007382,0.05330251702904569,0.8,8.16,0.0,0.0,0.0,1.0
15.166666666666666,0.3808378541539363,0.05187491295091614,0.8,8.16,0.0,0.0,0.0,1.0
15.177083333333334,0.38536504045384423,0.05050186647146331,0.8,8.16,0.0,0.0,0.0,1.0
15.1875,0.38874259911281134,0.04917677619531521,0.8,8.16,0.0,0.0,0.0,1.0
15.197916666666666,0.39119342590910705,0.04789453809014633,0.8,8.16,0.0,0.0,0.0,1.0
15.208333333333334,0.39293485947142553,0.046651267668233,0.8,8.16,0.0,0.0,0.0,1.0
15.21875,0.39415335592017736,0.045444014392144336,0.8,8.16,0.0,0.0,0.0,1.0
15.229166666666666,0.39499662233184735,0.04427051335291153,0.8,8.16,0.0,0.0,0.0,1.0
15.239583333333334,0.38866948843599014,0.04426062596370124,1.2,0.0,0.0,0.0,0.0,0.0
15.25,0.3836039683676106,0.044250610248164284,1.2,0.0,0.0,0.0,0.0,0.0
15.260416666666666,0.3794490135943208,0.04424048715212595,1.2,0.0,0.0,0.0,0.0,0.0
15.270833333333334,0.3759560346010751,0.04423249222969079,1.2,0.0,0.022637564367314067,0.0,0.0,0.0
15.28125,0.37296492267535875,0.044227334098971206,1.2,0.0,0.051975119828458836,0.0,0.0,0.0
15.291666666666666,0.3703775287049823,0.04422375763941612,1.2,0.0,0.06822580940676114,0.0,0.0,0.0
15.302083333333334,0.3681122477868957,0.04422183488656019,1.2,0.0,0.08496100219537506,0.0,0.0,0.0
15.3125,0.3660864256984055,0.04422422762872574,1.2,0.0,0.1279363839364443,0.0,0.0,0.0
15.322916666666666,0.3642979152096562,0.0442258887774192,1.2,0.0,0.12058715936926215,0.0,0.0,0.0
15.333333333333334,0.3626788672562216,0.04423034771537249,1.2,0.0,0.14804583185519646,0.0,0.0,0.0
15.34375,0.36120316291210763,0.044237429351877126,1.2,0.0,0.17356452500236633,0.0,0.0,0.0
15.354166666666666,0.35985377155116893,0.04424648707956597,1.2,0.0,0.1925838514336294,0.0,0.0,0.0
15.364583333333334,0.35862528205627914,0.04425588865252743,1.2,0.0,0.1956082787163456,0.0,0.0,0.0
15.375,0.35747664493094267,0.044268671511843015,1.2,0.0,0.2280708195346098,0.0,0.0,0.0
15.385416666666666,0.3563810960899854,0.044286734408049394,1.2,0.0,0.27866319964346786,0.0,0.0,0.0
15.395833333333334,0.35535842036567344,0.04430656838745457,1.2,0.0,0.2951449815557414,0.0,0.0,0.0
15.40625,0.3544471224051362,0.0443221790522651,1.2,0.0,0.25402675528925234,0.0,0.0,0.0
15.416666666666666,0.35358309899978413,0.04434014004248105,1.2,0.0,0.2761086438200429,0.0,0.0,0.0
15.427083333333334,0.35276175185535247,0.04436028047932026,1.2,0.0,0.2964468653956163,0.0,0.0,0.0
15.4375,0.3519990810085502,0.044379921373355787,1.2,0.0,0.29118739537241306,0.0,0.0,0.0
15.447916666666666,0.3512703540484341,0.04440142955331718,1.2,0.0,0.30845326536749734,0.0,0.0,0.0
15.458333333333334,0.3505376302444766,0.04442911167864585,1.2,0.0,0.3664184016344816,0.0,0.0,0.0
15.46875,0.34985525420058833,0.04445589443972578,1.2,0.0,0.35724639745912695,0.0,0.0,0.0
15.479166666666666,0.3492046937607021,0.044483544002953485,1.2,0.0,0.3647941685418965,0.0,0.0,0.0
15.489583333333334,0.3485730010419599,0.0445132984390714,1.2,0.0,0.3839535404259074,0.0,0.0,0.0
15.5,0.3480352785101446,0.04453524751211443,1.2,0.0,0.310102025782659,0.0,0.0,0.0
15.510416666666666,0.3474775040863723,0.044563211570811556,1.2,0.0,0.36598754418785895,0.0,0.0,0.0
15.520833333333334,0.3469828407862181,0.04458652530096661,1.2,0.0,0.3220000956331604,0.0,0.0,0.0
15.53125,0.346486249023462,0.04461303641290122,1.2,0.0,0.3513911992714256,0.0,0.0,0.0
15.541666666666666,0.34604440619744403,0.044635349738778696,1.2,0.0,0.31185667544616064,0.0,0.0,0.0
15.552083333333334,0.3455811051139801,0.04466288905206472,1.2,0.0,0.360028436546212,0.0,0.0,0.0
15.5625,0.34514021017074814,0.044690022884495244,1.2,0.0,0.3557843338594733,0.0,0.0,0.0
15.572916666666666,0.3447540931934532,0.04471234144656038,1.2,0.0,0.3107742751532786,0.0,0.0,0.0
15.583333333333334,0.34438420558327004,0.04473448014987346,1.2,0.0,0.3087872123090919,0.0,0.0,0.0
15.59375,0.34400098287811187,0.04476014142256895,1.2,0.0,0.3409639559050156,0.0,0.0,0.0
15.604166666666666,0.3436689291427096,0.04478093187620069,1.2,0.0,0.2957219042220632,0.0,0.0,0.0
15.614583333333334,0.34334052633294776,0.04480274426344448,1.2,0.0,0.30485234790879356,0.0,0.0,0.0
15.625,0.34308740842620017,0.044816157515079905,1.2,0.0,0.22742477019098115,0.0,0.0,0.0
15.635416666666666,0.3428064489765482,0.044834276822596185,1.2,0.0,0.27048388292019415,0.0,0.0,0.0
15.645833333333334,0.342563985275001,0.044848512321814554,1.2,0.0,0.23468919604077548,0.0,0.0,0.0
15.65625,0.34234457173447175,0.04486069296780251,1.2,0.0,0.2157416862598621,0.0,0.0,0.0
15.666666666666666,0.34212787869397976,0.044873366531334204,1.2,0.0,0.22015184085119466,0.0,0.0,0.0
15.677083333333334,0.341949887678149,0.04488177898863201,1.2,0.0,0.18109351349215322,0.0,0.0,0.0
15.6875,0.34181453022678354,0.044885246140679354,1.2,0.0,0.13585319001743232,0.0,0.0,0.0
15.697916666666666,0.34169250025248465,0.0448874472975338,1.2,0.0,0.12427444426511156,0.0,0.0,0.0
15.708333333333334,0.3415955722469653,0.04488677932482646,1.2,0.0,0.09806670243304408,0.0,0.0,0.0
15.71875,0.3414997342214645,0.04488630367859815,1.2,0.0,0.09982419265555698,0.0,0.0,0.0
15.729166666666666,0.3414296704640372,0.044882767379629145,1.2,0.0,0.07188784771205543,0.0,0.0,0.0
15.739583333333334,0.3413869452776982,0.044875873737577544,1.2,0.0,0.041245428804552564,0.0,0.0,0.0
15.75,0.3413608737772776,0.04486693477122248,1.2,0.0,0.022570572066429446,0.0,0.0,0.0
15.760416666666666,0.34135427392447,0.044855525219632236,1.2,0.0,0.0,0.0,0.0,0.0
15.770833333333334,0.34134784149352054,0.044844118354513685,1.2,0.0,0.0,0.0,0.0,0.0
15.78125,0.34134157209283933,0.044832714180731696,1.2,0.0,0.0,0.0,0.0,0.0
15.791666666666666,0.3413354614531369,0.04482131270300373,1.2,0.0,0.0,0.0,0.0,0.0
15.802083333333334,0.34132950542367174,0.044809913925903916,1.2,0.0,0.0,0.0,0.0,0.0
15.8125,0.3413236999686291,0.04479851785386704,1.2,0.0,0.0,0.0,0.0,0.0
15.822916666666666,0.3413180411636264,0.04478712449119242,1.2,0.0,0.0,0.0,0.0,0.0
15.833333333333334,0.3413125251923398,0.04477573384204762,1.2,0.0,0.0,0.0,0.0,0.0
15.84375,0.34130714834324694,0.0447643459104721,1.2,0.0,0.0,0.0,0.0,0.0
15.854166666666666,0.3413019070064816,0.04475296070038077,1.2,0.0,0.0,0.0,0.0,0.0
15.864583333333334,0.3412967976707954,0.04474157821556736,1.2,0.0,0.0,0.0,0.0,0.0
15.875,0.3412918169206224,0.044730198459707764,1.2,0.0,0.0,0.0,0.0,0.0
15.885416666666666,0.34128696143324266,0.04471882143636324,1.2,0.0,0.0,0.0,0.0,0.0
15.895833333333334,0.3412822279760411,0.04470744714898358,1.2,0.0,0.0,0.0,0.0,0.0
15.90625,0.3412776134038571,0.04469607560091006,1.2,0.0,0.0,0.0,0.0,0.0
15.916666666666666,0.3412731146564226,0.04468470679537846,1.2,0.0,0.0,0.0,0.0,0.0
15.927083333333334,0.3412687287558844,0.0446733407355219,1.2,0.0,0.0,0.0,0.0,0.0
15.9375,0.34126445280440715,0.044661977424373604,1.2,0.0,0.0,0.0,0.0,0.0
15.947916666666666,0.3412602839818556,0.04465061686486959,1.2,0.0,0.0,0.0,0.0,0.0
15.958333333333334,0.34125621954355106,0.044639259059851305,1.2,0.0,0.0,0.0,0.0,0.0
15.96875,0.34125225681810084,0.044627904012068155,1.2,0.0,0.0,0.0,0.0,0.0
15.979166666666666,0.34124839320529715,0.04461655172417997,1.2,0.0,0.0,0.0,0.0,0.0
15.989583333333334,0.34124462617408324,0.04460520219875941,1.2,0.0,0.0,0.0,0.0,0.0
16.0,0.3412409532605841,0.04459385543829431,1.2,0.0,0.0,0.0,0.0,0.0
16.010416666666668,0.34123737206619986,0.044582511445189904,1.2,0.0,0.0,0.0,0.0,0.0
16.020833333333332,0.3412338802557584,0.04457117022177105,1.2,0.0,0.0,0.0,0.0,0.0
16.03125,0.3412304755557269,0.044559831770284386,1.2,0.0,0.0,0.0,0.0,0.0
16.041666666666668,0.34122715575247836,0.044548496092900354,1.2,0.0,0.0,0.0,0.0,0.0
16.052083333333332,0.34122391869061236,0.04453716319171526,1.2,0.0,0.0,0.0,0.0,0.0
16.0625,0.3412207622713275,0.044525833068753254,1.2,0.0,0.0,0.0,0.0,0.0
16.072916666666668,0.3412176844508443,0.04451450572596817,1.2,0.0,0.0,0.0,0.0,0.0
16.083333333333332,0.3412146832388759,0.04450318116524545,1.2,0.0,0.0,0.0,0.0,0.0
16.09375,0.34121175669714565,0.0444918593884039,1.2,0.0,0.0,0.0,0.0,0.0
16.104166666666668,0.34120890293795,0.04448054039719747,1.2,0.0,0.0,0.0,0.0,0.0
16.114583333333332,0.3412061201227643,0.044469224193316954,1.2,0.0,0.0,0.0,0.0,0.0
16.125,0.3412034064608912,0.04445791077839164,1.2,0.0,0.0,0.0,0.0,0.0
16.135416666666668,0.341200760208149,0.04444660015399092,1.2,0.0,0.0,0.0,0.0,0.0
16.145833333333332,0.34119817966559957,0.04443529232162586,1.2,0.0,0.0,0.0,0.0,0.0
16.15625,0.341195663178314,0.044423987282750745,1.2,0.0,0.0,0.0,0.0,0.0
16.166666666666668,0.34119320913417506,0.044412685038764534,1.2,0.0,0.0,0.0,0.0,0.0
16.177083333333332,0.34119081596271444,0.044401385591012324,1.2,0.0,0.0,0.0,0.0,0.0
16.1875,0.3411884821339849,0.04439008894078675,1.2,0.0,0.0,0.0,0.0,0.0
16.197916666666668,0.3411862061574649,0.04437879508932932,1.2,0.0,0.0,0.0,0.0,0.0
16.208333333333332,0.34118398658099586,0.044367504037831795,1.2,0.0,0.0,0.0,0.0,0.0
16.21875,0.34118182198974933,0.04435621578743746,1.2,0.0,0.0,0.0,0.0,0.0
16.229166666666668,0.3411797110052253,0.04434493033924235,1.2,0.0,0.0,0.0,0.0,0.0
16.239583333333332,0.3411776522842785,0.044333647694296534,1.2,0.0,0.0,0.0,0.0,0.0
16.25,0.3411756445181732,0.044322367853605264,1.2,0.0,0.0,0.0,0.0,0.0
16.260416666666668,0.3411736864316651,0.04431109081813014,1.2,0.0,0.0,0.0,0.0,0.0
16.270833333333332,0.34115368932659074,0.0443021652984396,1.2,0.0,0.021704946622343672,0.0,0.0,0.0
16.28125,0.34111476433853605,0.04429576295702758,1.2,0.0,0.0450110971653046,0.0,0.0,0.0
16.291666666666668,0.34105568126005437,0.04429210288504008,1.2,0.0,0.07034975249265087,0.0,0.0,0.0
16.302083333333332,0.3409739895842256,0.044291566552033944,1.2,0.0,0.09921204244412812,0.0,0.0,0.0
16.3125,0.3408904750105637,0.04429152365262043,1.2,0.0,0.10377045576000372,0.0,0.0,0.0
16.322916666666668,0.34077242009719416,0.04429622952011571,1.2,0.0,0.1476141633281052,0.0,0.0,0.0
16.333333333333332,0.3406444978567928,0.04430258234886538,1.2,0.0,0.1627916877895717,0.0,0.0,0.0
16.34375,0.34049927070988684,0.044311575319637246,1.2,0.0,0.18710810692561053,0.0,0.0,0.0
16.354166666666668,0.34033706821307136,0.04432321301673297,1.2,0.0,0.2114273004420155,0.0,0.0,0.0
16.364583333333332,0.34019129256694497,0.044333186168107636,1.2,0.0,0.19602226176984405,0.0,0.0,0.0
16.375,0.3400185875710616,0.044347088308033855,1.2,0.0,0.23211558413916916,0.0,0.0,0.0
16.385416666666668,0.33981485127125627,0.044365527252786384,1.2,0.0,0.27371540164089625,0.0,0.0,0.0
16.395833333333332,0.33960324711557777,0.04438555616756797,1.2,0.0,0.28814422538533185,0.0,0.0,0.0
16.40625,0.3393894511183051,0.04440643811915852,1.2,0.0,0.29577262231153134,0.0,0.0,0.0
16.416666666666668,0.33918651349845597,0.044426451237125825,1.2,0.0,0.2876043841259421,0.0,0.0,0.0
16.427083333333332,0.33895806649640337,0.04445031526861647,1.2,0.0,0.32265558255248245,0.0,0.0,0.0
16.4375,0.3387216187394777,0.044475783004241834,1.2,0.0,0.3370506653835812,0.0,0.0,0.0
16.447916666666668,0.33851293815820244,0.044498151220424734,1.2,0.0,0.3084647382003787,0.0,0.0,0.0
16.458333333333332,0.3382958575490912,0.044522086929720255,1.2,0.0,0.32253127949004734,0.0,0.0,0.0
16.46875,0.33808344527814954,0.04454586990151741,1.2,0.0,0.3208850533899611,0.0,0.0,0.0
16.479166666666668,0.33784013554466297,0.04457416126947294,1.2,0.0,0.36164399345727316,0.0,0.0,0.0
16.489583333333332,0.3376521363407167,0.044595623450224796,1.2,0.0,0.2992595449174055,0.0,0.0,0.0
16.5,0.3374650193098234,0.04461731217544508,1.2,0.0,0.30111476629635736,0.0,0.0,0.0
16.510416666666668,0.3372665554066112,0.044640829019059074,1.2,0.0,0.3174859668129835,0.0,0.0,0.0
16.520833333333332,0.3370013951040087,0.044673516776559646,1.2,0.0,0.400285357719004,0.0,0.0,0.0
16.53125,0.33674944375881094,0.044704880723942624,1.2,0.0,0.3878727887019391,0.0,0.0,0.0
16.541666666666668,0.33652043103045204,0.04473357260320599,1.2,0.0,0.3633438326608431,0.0,0.0,0.0
16.552083333333332,0.3363434123109089,0.044755659529272046,1.2,0.0,0.30344765358210074,0.0,0.0,0.0
16.5625,0.33613080649483135,0.044782707372413695,1.2,0.0,0.34793328992112327,0.0,0.0,0.0
16.572916666666668,0.3359142155310895,0.04481053891465206,1.2,0.0,0.3546832939962788,0.0,0.0,0.0
16.583333333333332,0.3356971291868257,0.044838673496274975,1.2,0.0,0.35709015771429164,0.0,0.0,0.0
16.59375,0.33549080708775686,0.04486558503248555,1.2,0.0,0.3457948585624687,0.0,0.0,0.0
16.604166666666668,0.3353025861221703,0.04489025751220023,1.2,0.0,0.32543415929082264,0.0,0.0,0.0
16.614583333333332,0.3351393841235771,0.04491172582057752,1.2,0.0,0.29649906250869024,0.0,0.0,0.0
16.625,0.33502714014734847,0.04492647256539005,1.2,0.0,0.23617387816666868,0.0,0.0,0.0
16.635416666666668,0.33490164315230886,0.04494306378688911,1.2,0.0,0.2525805622962497,0.0,0.0,0.0
16.645833333333332,0.33481262415868307,0.04495482499251645,1.2,0.0,0.20930769945519243,0.0,0.0,0.0
16.65625,0.33470710893723443,0.0449688439418279,1.2,0.0,0.2294188591551482,0.0,0.0,0.0
16.666666666666668,0.3346427458983143,0.0449773771320679,1.2,0.0,0.18036796417517031,0.0,0.0,0.0
16.677083333333332,0.33457770975652257,0.04498602422016185,1.2,0.0,0.18135541661203963,0.0,0.0,0.0
16.6875,0.33453137324141136,0.044992177941495,1.2,0.0,0.15908006389547655,0.0,0.0,0.0
16.697916666666668,0.33451994664886414,0.044993649324623096,1.2,0.0,0.11729446873446303,0.0,0.0,0.0
16.708333333333332,0.33449970989533107,0.04499630868771268,1.2,0.0,0.12789151304800167,0.0,0.0,0.0
16.71875,0.3345047774636989,0.044995569111692175,1.2,0.0,0.09756901314252296,0.0,0.0,0.0
16.729166666666668,0.3345317482863248,0.044991882370782145,1.2,0.0,0.07127457778434934,0.0,0.0,0.0
16.739583333333332,0.3345849008390535,0.04498466936010811,1.2,0.0,0.03979866958040603,0.0,0.0,0.0
16.75,0.33465243289845087,0.044975512284376185,1.2,0.0,0.022420479385218992,0.0,0.0,0.0
16.760416666666668,0.334738504641708,0.04496384907779522,1.2,0.0,0.0,0.0,0.0,0.0
16.770833333333332,0.33482436999835885,0.04495219188599901,1.2,0.0,0.0,0.0,0.0,0.0
16.78125,0.3349100040125203,0.044940540696296244,1.2,0.0,0.0,0.0,0.0,0.0
16.791666666666668,0.3349953819899105,0.044928895495162616,1.2,0.0,0.0,0.0,0.0,0.0
16.802083333333332,0.3350804795259083,0.044917256268253686,1.2,0.0,0.0,0.0,0.0,0.0
16.8125,0.33516527253291395,0.04490562300041859,1.2,0.0,0.0,0.0,0.0,0.0
16.822916666666668,0.3352497372669486,0.04489399567571463,1.2,0.0,0.0,0.0,0.0,0.0
16.833333333333332,0.33533385035343116,0.04488237427742266,1.2,0.0,0.0,0.0,0.0,0.0
16.84375,0.3354175888120751,0.04487075878806325,1.2,0.0,0.0,0.0,0.0,0.0
16.854166666666668,0.33550093008085247,0.04485914918941369,1.2,0.0,0.0,0.0,0.0,0.0
16.864583333333332,0.335583852038974,0.04484754546252552,1.2,0.0,0.0,0.0,0.0,0.0
16.875,0.33566633302884036,0.04483594758774299,1.2,0.0,0.0,0.0,0.0,0.0
16.885416666666668,0.3357483518769218,0.0448243555447219,1.2,0.0,0.0,0.0,0.0,0.0
16.895833333333332,0.3358298879135292,0.044812769312449215,1.2,0.0,0.0,0.0,0.0,0.0
16.90625,0.3359109209914421,0.04480118886926306,1.2,0.0,0.0,0.0,0.0,0.0
16.916666666666668,0.3359914315033655,0.04478961419287341,1.2,0.0,0.0,0.0,0.0,0.0
16.927083333333332,0.3360714003981902,0.04477804526038309,1.2,0.0,0.0,0.0,0.0,0.0
16.9375,0.33615080919603585,0.04476648204830927,1.2,0.0,0.0,0.0,0.0,0.0
16.947916666666668,0.33622964000206174,0.04475492453260528,1.2,0.0,0.0,0.0,0.0,0.0
16.958333333333332,0.33630787551903296,0.044743372688682795,1.2,0.0,0.0,0.0,0.0,0.0
16.96875,0.3363854990586347,0.04473182649143427,1.2,0.0,0.0,0.0,0.0,0.0
16.979166666666668,0.3364624945515315,0.0447202859152557,1.2,0.0,0.0,0.0,0.0,0.0
16.989583333333332,0.3365388465561733,0.04470875093406943,1.2,0.0,0.0,0.0,0.0,0.0
17.0,0.33661454026635207,0.04469722152134723,1.2,0.0,0.0,0.0,0.0,0.0
17.010416666666668,0.33668956151751933,0.04468569765013346,1.2,0.0,0.0,0.0,0.0,0.0
17.020833333333332,0.3367638967918762,0.044674179293068286,1.2,0.0,0.0,0.0,0.0,0.0
17.03125,0.3368375332222531,0.04466266642241096,1.2,0.0,0.0,0.0,0.0,0.0
17.041666666666668,0.33691045859479907,0.044651159010063,1.2,0.0,0.0,0.0,0.0,0.0
17.052083333333332,0.3369826613505022,0.04463965702759146,1.2,0.0,0.0,0.0,0.0,0.0
17.0625,0.3370541305855696,0.044628160446251966,1.2,0.0,0.0,0.0,0.0,0.0
17.072916666666668,0.33712485605069387,0.04461666923701174,1.2,0.0,0.0,0.0,0.0,0.0
17.083333333333332,0.33719482814923835,0.044605183370572406,1.2,0.0,0.0,0.0,0.0,0.0
17.09375,0.33726403793437537,0.044593702817392604,1.2,0.0,0.0,0.0,0.0,0.0
17.104166666666668,0.3373324771052132,0.044582227547710414,1.2,0.0,0.0,0.0,0.0,0.0
17.114583333333332,0.33740013800194996,0.04457075753156548,1.2,0.0,0.0,0.0,0.0,0.0
17.125,0.3374670136000945,0.04455929273882089,1.2,0.0,0.0,0.0,0.0,0.0
17.135416666666668,0.3375330975037955,0.0445478331391847,1.2,0.0,0.0,0.0,0.0,0.0
17.145833333333332,0.33759838393832153,0.04453637870223114,1.2,0.0,0.0,0.0,0.0,0.0
17.15625,0.3376628677417359,0.04452492939742148,1.2,0.0,0.0,0.0,0.0,0.0
17.166666666666668,0.3377265443558107,0.044513485194124444,1.2,0.0,0.0,0.0,0.0,0.0
17.177083333333332,0.33778940981622607,0.04450204606163627,1.2,0.0,0.0,0.0,0.0,0.0
17.1875,0.3378514607420993,0.04449061196920034,1.2,0.0,0.0,0.0,0.0,0.0
17.197916666666668,0.33791269432489107,0.04447918288602633,1.2,0.0,0.0,0.0,0.0,0.0
17.208333333333332,0.3379731083167338,0.04446775878130892,1.2,0.0,0.0,0.0,0.0,0.0
17.21875,0.33803270101822896,0.04445633962424603,1.2,0.0,0.0,0.0,0.0,0.0
17.229166666666668,0.3380914712657591,0.044444925384056526,1.2,0.0,0.0,0.0,0.0,0.0
17.239583333333332,0.3381494184183588,0.044433516029997504,1.2,0.0,0.0,0.0,0.0,0.0
17.25,0.33820654234419084,0.04442211153138096,1.2,0.0,0.0,0.0,0.0,0.0
17.260416666666668,0.3382628434066702,0.044410711857590025,1.2,0.0,0.0,0.0,0.0,0.0
17.270833333333332,0.3383017208371732,0.04440149580320035,1.2,0.0,0.01992193572828029,0.0,0.0,0.0
17.28125,0.3383224303247661,0.044394591256792265,1.2,0.0,0.04103466053527897,0.0,0.0,0.0
17.291666666666668,0.3383189756191577,0.04439081816381577,1.2,0.0,0.06966222147401761,0.0,0.0,0.0
17.302083333333332,0.3382948191230865,0.04438976835025745,1.2,0.0,0.09456612756825362,0.0,0.0,0.0
17.3125,0.3382657518291932,0.044389409975457254,1.2,0.0,0.10088953522685871,0.0,0.0,0.0
17.322916666666668,0.3382227001136335,0.044390943215930616,1.2,0.0,0.1181855977525496,0.0,0.0,0.0
17.333333333333332,0.33813449359466524,0.04439848762434279,1.2,0.0,0.17312734737610339,0.0,0.0,0.0
17.34375,0.3380284466470562,0.04440854585345365,1.2,0.0,0.19606081201133663,0.0,0.0,0.0
17.354166666666668,0.33793451945913255,0.04441721258591684,1.2,0.0,0.18330786835958876,0.0,0.0,0.0
17.364583333333332,0.3378299255519736,0.04442745565734753,1.2,0.0,0.19765518224137574,0.0,0.0,0.0
17.375,0.3377187768960689,0.0444387509239089,1.2,0.0,0.2072008886732303,0.0,0.0,0.0
17.385416666666668,0.33754925374640254,0.04445793022699518,1.2,0.0,0.2789859667473758,0.0,0.0,0.0
17.395833333333332,0.33737153356489835,0.04447848799653567,1.2,0.0,0.2913712315522747,0.0,0.0,0.0
17.40625,0.3372229869601717,0.0444954961083404,1.2,0.0,0.25890734757627637,0.0,0.0,0.0
17.416666666666668,0.337035654192908,0.044517863681713274,1.2,0.0,0.3074772140373681,0.0,0.0,0.0
17.427083333333332,0.33687828668859193,0.04453656019368005,1.2,0.0,0.2739443261729625,0.0,0.0,0.0
17.4375,0.3366741664366177,0.044561672764766094,1.2,0.0,0.3319728708469726,0.0,0.0,0.0
17.447916666666668,0.33646262001394917,0.044588057595542685,1.2,0.0,0.34322885821177734,0.0,0.0,0.0
17.458333333333332,0.3362276376357778,0.04461783283012927,1.2,0.0,0.37359998110014186,0.0,0.0,0.0
17.46875,0.33602243530452636,0.044643944161792175,1.2,0.0,0.34014388109967847,0.0,0.0,0.0
17.479166666666668,0.33582288382934894,0.04466953494876448,1.2,0.0,0.3351670061354788,0.0,0.0,0.0
17.489583333333332,0.3356458568780269,0.04469233227424082,1.2,0.0,0.309724961002429,0.0,0.0,0.0
17.5,0.33541530324523694,0.04472243011303493,1.2,0.0,0.375227277177012,0.0,0.0,0.0
17.510416666666668,0.33519114186550647,0.04475187781695407,1.2,0.0,0.3690165724618887,0.0,0.0,0.0
17.520833333333332,0.3349418663729123,0.04478485693507654,1.2,0.0,0.4003621672118539,0.0,0.0,0.0
17.53125,0.3347457097736737,0.044810895673221114,1.2,0.0,0.33771942922980935,0.0,0.0,0.0
17.541666666666668,0.33455523834066764,0.0448362793386953,1.2,0.0,0.33158202514384083,0.0,0.0,0.0
17.552083333333332,0.3343270861468231,0.04486680533297256,1.2,0.0,0.3773115449387444,0.0,0.0,0.0
17.5625,0.3341577428829396,0.04488951800839965,1.2,0.0,0.3071572642603679,0.0,0.0,0.0
17.572916666666668,0.3339672375431175,0.04491511862534149,1.2,0.0,0.3327215997233339,0.0,0.0,0.0
17.583333333333332,0.333813191948735,0.04493584571555926,1.2,0.0,0.2890213799257347,0.0,0.0,0.0
17.59375,0.3336645616222197,0.0449558623136315,1.2,0.0,0.2825230584850143,0.0,0.0,0.0
17.604166666666668,0.3335136873300662,0.044976199361741936,1.2,0.0,0.2852158172508269,0.0,0.0,0.0
17.614583333333332,0.33337861985653083,0.044994421350961364,1.2,0.0,0.26624763490911146,0.0,0.0,0.0
17.625,0.33323660892909623,0.045013596013451077,1.2,0.0,0.27457977958820023,0.0,0.0,0.0
17.635416666666668,0.33311984813138135,0.04502937358842306,1.2,0.0,0.24427962392451308,0.0,0.0,0.0
17.645833333333332,0.3330204007834769,0.04504282036757122,1.2,0.0,0.22350348415200075,0.0,0.0,0.0
17.65625,0.33294730937634986,0.045052708548159924,1.2,0.0,0.19187635521912277,0.0,0.0,0.0
17.666666666666668,0.33285129449926254,0.04506570453268872,1.2,0.0,0.21938451917145438,0.0,0.0,0.0
17.677083333333332,0.3327805820011424,0.04507528053777858,1.2,0.0,0.18902166441085333,0.0,0.0,0.0
17.6875,0.3327227382590646,0.045083116860944086,1.2,0.0,0.17357915716004596,0.0,0.0,0.0
17.697916666666668,0.33270752745386184,0.04508517798205473,1.2,0.0,0.1224196329100049,0.0,0.0,0.0
17.708333333333332,0.3326955366943727,0.0450868029077483,1.2,0.0,0.11855557805365352,0.0,0.0,0.0
17.71875,0.3327037995401189,0.04508568315709281,1.2,0.0,0.09425125177115672,0.0,0.0,0.0
17.729166666666668,0.33273336370459167,0.04508167718505147,1.2,0.0,0.06868966929936596,0.0,0.0,0.0
17.739583333333332,0.3327784844024962,0.04507556466025604,1.2,0.0,0.05002182918126284,0.0,0.0,0.0
17.75,0.33284485474295034,0.04506657644688866,1.2,0.0,0.02452225812170878,0.0,0.0,0.0
17.760416666666668,0.3329316602985059,0.04505482620000029,1.2,0.0,0.0,0.0,0.0,0.0
17.770833333333332,0.3330184658540615,0.04504308207881855,1.2,0.0,0.0,0.0,0.0,0.0
17.78125,0.33310527140961704,0.04503134407855442,1.2,0.0,0.0,0.0,0.0,0.0
17.791666666666668,0.3331920769651726,0.04501961219442393,1.2,0.0,0.0,0.0,0.0,0.0
17.802083333333332,0.3332788825207282,0.04500788642164806,1.2,0.0,0.0,0.0,0.0,0.0
17.8125,0.33336568807628375,0.04499616675545279,1.2,0.0,0.0,0.0,0.0,0.0
17.822916666666668,0.3334524936318393,0.044984453191069036,1.2,0.0,0.0,0.0,0.0,0.0
17.833333333333332,0.3335392991873949,0.04497274572373272,1.2,0.0,0.0,0.0,0.0,0.0
17.84375,0.33362610474295046,0.044961044348684705,1.2,0.0,0.0,0.0,0.0,0.0
17.854166666666668,0.333712910298506,0.04494934906117079,1.2,0.0,0.0,0.0,0.0,0.0
17.864583333333332,0.3337997158540616,0.04493765985644174,1.2,0.0,0.0,0.0,0.0,0.0
17.875,0.33388652140961717,0.04492597672975326,1.2,0.0,0.0,0.0,0.0,0.0
17.885416666666668,0.33397332696517273,0.04491429967636597,1.2,0.0,0.0,0.0,0.0,0.0
17.895833333333332,0.3340601325207283,0.04490262869154543,1.2,0.0,0.0,0.0,0.0,0.0
17.90625,0.3341469318427819,0.044890963770344516,1.2,0.0,0.0,0.0,0.0,0.0
17.916666666666668,0.3342337001810143,0.04487930490695821,1.2,0.0,0.0,0.0,0.0,0.0
17.927083333333332,0.3343204115841731,0.04486765209468469,1.2,0.0,0.0,0.0,0.0,0.0
17.9375,0.3344070401574833,0.0448560053259303,1.2,0.0,0.0,0.0,0.0,0.0
17.947916666666668,0.3344935600935763,0.04484436459221563,1.2,0.0,0.0,0.0,0.0,0.0
17.958333333333332,0.3345799457032197,0.044832729884182604,1.2,0.0,0.0,0.0,0.0,0.0
17.96875,0.3346661714457698,0.0448211011916026,1.2,0.0,0.0,0.0,0.0,0.0
17.979166666666668,0.33475221195927046,0.044809478503385604,1.2,0.0,0.0,0.0,0.0,0.0
17.989583333333332,0.33483804209012297,0.04479786180759034,1.2,0.0,0.0,0.0,0.0,0.0
18.0,0.3349236369222542,0.04478625109143533,1.2,0.0,0.0,0.0,0.0,0.0
18.010416666666668,0.33500897180571093,0.04477464634131091,1.2,0.0,0.0,0.0,0.0,0.0
18.020833333333332,0.33509402238461217,0.04476304754279221,1.2,0.0,0.0,0.0,0.0,0.0
18.03125,0.335178764624393,0.044751454680652905,1.2,0.0,0.0,0.0,0.0,0.0
18.041666666666668,0.3352631748382765,0.04473986773887993,1.2,0.0,0.0,0.0,0.0,0.0
18.052083333333332,0.33534722971291414,0.04472828670068893,1.2,0.0,0.0,0.0,0.0,0.0
18.0625,0.3354309063331375,0.044716711548540476,1.2,0.0,0.0,0.0,0.0,0.0
18.072916666666668,0.33551418220576834,0.044705142264157116,1.2,0.0,0.0,0.0,0.0,0.0
18.083333333333332,0.33559703528243784,0.04469357882854105,1.2,0.0,0.0,0.0,0.0,0.0
18.09375,0.3356794439813695,0.044682021221992496,1.2,0.0,0.0,0.0,0.0,0.0
18.104166666666668,0.3357613872080847,0.04467046942412862,1.2,0.0,0.0,0.0,0.0,0.0
18.114583333333332,0.3358428443749931,0.04465892341390319,1.2,0.0,0.0,0.0,0.0,0.0
18.125,0.33592379541983636,0.04464738316962663,1.2,0.0,0.0,0.0,0.0,0.0
18.135416666666668,0.3360042208229552,0.04463584866898658,1.2,0.0,0.0,0.0,0.0,0.0
18.145833333333332,0.3360841016233571,0.04462431988906903,1.2,0.0,0.0,0.0,0.0,0.0
18.15625,0.3361634194335638,0.0446127968063797,1.2,0.0,0.0,0.0,0.0,0.0
18.166666666666668,0.33624215645322425,0.04460127939686592,1.2,0.0,0.0,0.0,0.0,0.0
18.177083333333332,0.33632029548148135,0.04458976763593877,1.2,0.0,0.0,0.0,0.0,0.0
18.1875,0.33639781992808643,0.04457826149849543,1.2,0.0,0.0,0.0,0.0,0.0
18.197916666666668,0.33647471382325855,0.04456676095894193,1.2,0.0,0.0,0.0,0.0,0.0
18.208333333333332,0.3365509618262905,0.04455526599121591,1.2,0.0,0.0,0.0,0.0,0.0
18.21875,0.3366265492329075,0.04454377656880966,1.2,0.0,0.0,0.0,0.0,0.0
18.229166666666668,0.33670146198138773,0.044532292664793194,1.2,0.0,0.0,0.0,0.0,0.0
18.239583333333332,0.3367756866574584,0.04452081425183738,1.2,0.0,0.0,0.0,0.0,0.0
18.25,0.3368492104979842,0.04450934130223716,1.2,0.0,0.0,0.0,0.0,0.0
18.260416666666668,0.33692202139346833,0.04449787378793467,1.2,0.0,0.0,0.0,0.0,0.0
18.270833333333332,0.33697525817340235,0.044488900160646265,1.2,0.0,0.02261965918477712,0.0,0.0,0.0
18.28125,0.3370122512523659,0.04448200220780295,1.2,0.0,0.041462631951598036,0.0,0.0,0.0
18.291666666666668,0.3370326812825603,0.044477241359245044,1.2,0.0,0.06088008400380127,0.0,0.0,0.0
18.302083333333332,0.3370355772919731,0.04447476686051117,1.2,0.0,0.08166543006676812,0.0,0.0,0.0
18.3125,0.3370051337657701,0.04447668811605349,1.2,0.0,0.12163651827225526,0.0,0.0,0.0
18.322916666666668,0.33695011601195796,0.04448189536020431,1.2,0.0,0.1515060238456807,0.0,0.0,0.0
18.333333333333332,0.33688083784175976,0.0444890618168154,1.2,0.0,0.16929631695568817,0.0,0.0,0.0
18.34375,0.33680291722670125,0.04449746467347429,1.2,0.0,0.1805029125709959,0.0,0.0,0.0
18.354166666666668,0.3366984980275257,0.044509474629537166,1.2,0.0,0.21321739656561206,0.0,0.0,0.0
18.364583333333332,0.33661942637003545,0.044518270015209624,1.2,0.0,0.18398871006955847,0.0,0.0,0.0
18.375,0.3365302998072683,0.04452849548638869,1.2,0.0,0.19692447276432165,0.0,0.0,0.0
18.385416666666668,0.3364210476649375,0.0445414951650087,1.2,0.0,0.22202464824583906,0.0,0.0,0.0
18.395833333333332,0.3362898133861173,0.04455753875575319,1.2,0.0,0.2495222579197828,0.0,0.0,0.0
18.40625,0.3361536189867364,0.04457439336548311,1.2,0.0,0.25675331886159497,0.0,0.0,0.0
18.416666666666668,0.3359871151096546,0.044595422178805716,1.2,0.0,0.2943765999216655,0.0,0.0,0.0
18.427083333333332,0.3357923738680501,0.04462038106707714,1.2,0.0,0.32968768920117925,0.0,0.0,0.0
18.4375,0.33564156417147495,0.04463969353958469,1.2,0.0,0.27849243418639924,0.0,0.0,0.0
18.447916666666668,0.3354570657216764,0.044663626802676326,1.2,0.0,0.3199902507442247,0.0,0.0,0.0
18.458333333333332,0.33523070695942214,0.04469329752729598,1.2,0.0,0.3714052776515851,0.0,0.0,0.0
18.46875,0.33507021373439655,0.044714356615042916,1.2,0.0,0.29362522325966534,0.0,0.0,0.0
18.479166666666668,0.334876673393699,0.04473993541634246,1.2,0.0,0.3340456908646953,0.0,0.0,0.0
18.489583333333332,0.33463399688209117,0.04477220367007698,1.2,0.0,0.393788579235809,0.0,0.0,0.0
18.5,0.3344513047099131,0.04479656747776776,1.2,0.0,0.32256576079911187,0.0,0.0,0.0
18.510416666666668,0.3342416134624182,0.04482462418543641,1.2,0.0,0.3553748221380099,0.0,0.0,0.0
18.520833333333332,0.33400576941450766,0.04485626169229453,1.2,0.0,0.3870587603548695,0.0,0.0,0.0
18.53125,0.3337835423031629,0.044886126181175184,1.2,0.0,0.3708391314218409,0.0,0.0,0.0
18.541666666666668,0.3336078023585717,0.04490977156738085,1.2,0.0,0.31505460017612674,0.0,0.0,0.0
18.552083333333332,0.33343569296972353,0.04493295262897906,1.2,0.0,0.31069793328448087,0.0,0.0,0.0
18.5625,0.3332418600702084,0.044959088254587484,1.2,0.0,0.33676614608481303,0.0,0.0,0.0
18.572916666666668,0.3330747840968109,0.04498164049748263,1.2,0.0,0.30465783474364255,0.0,0.0,0.0
18.583333333333332,0.3328704250245757,0.04500925606687124,1.2,0.0,0.34939755334889483,0.0,0.0,0.0
18.59375,0.33267551514488564,0.04503562635348856,1.2,0.0,0.33805852229472777,0.0,0.0,0.0
18.604166666666668,0.33254735028186244,0.045052983234780394,1.2,0.0,0.25796450229446694,0.0,0.0,0.0
18.614583333333332,0.3323843263956347,0.0450750802827752,1.2,0.0,0.29979533013996607,0.0,0.0,0.0
18.625,0.33226993797267573,0.04509059798919112,1.2,0.0,0.24143277421745457,0.0,0.0,0.0
18.635416666666668,0.3321237773147417,0.04511044140878012,1.2,0.0,0.27955945618749267,0.0,0.0,0.0
18.645833333333332,0.33202328660110053,0.0451240946091211,1.2,0.0,0.22475552303607313,0.0,0.0,0.0
18.65625,0.33194836075417966,0.04513427981081164,1.2,0.0,0.19407768297173622,0.0,0.0,0.0
18.666666666666668,0.3318891726039051,0.0451423289270724,1.2,0.0,0.1751924469961465,0.0,0.0,0.0
18.677083333333332,0.3318270090586815,0.04515078576491004,1.2,0.0,0.1787629209349977,0.0,0.0,0.0
18.6875,0.33180211770337387,0.045154172917043586,1.2,0.0,0.13403629303583905,0.0,0.0,0.0
18.697916666666668,0.3317831717585882,0.04515675137351682,1.2,0.0,0.12690180040948681,0.0,0.0,0.0
18.708333333333332,0.3317644914310189,0.04515929396903084,1.2,0.0,0.12658305974979622,0.0,0.0,0.0
18.71875,0.33177225260994353,0.04515823755349926,1.2,0.0,0.09485325195706773,0.0,0.0,0.0
18.729166666666668,0.33180926910169234,0.04515319972097482,1.2,0.0,0.05974687656807169,0.0,0.0,0.0
18.739583333333332,0.3318635226968212,0.04514581800153628,1.2,0.0,0.03906235251206311,0.0,0.0,0.0
18.75,0.33193114724575395,0.04513662041461536,1.2,0.0,0.023017207947350057,0.0,0.0,0.0
18.760416666666668,0.3320179528013095,0.045124819518374853,1.2,0.0,0.0,0.0,0.0,0.0
18.770833333333332,0.3321047583568651,0.04511302479117186,1.2,0.0,0.0,0.0,0.0,0.0
18.78125,0.33219156391242066,0.04510123622817023,1.2,0.0,0.0,0.0,0.0,0.0
18.791666666666668,0.33227836946797623,0.04508945382453891,1.2,0.0,0.0,0.0,0.0,0.0
18.802083333333332,0.3323651750235318,0.04507767757545186,1.2,0.0,0.0,0.0,0.0,0.0
18.8125,0.33245198057908737,0.04506590747608811,1.2,0.0,0.0,0.0,0.0,0.0
18.822916666666668,0.33253878613464294,0.0450541435216317,1.2,0.0,0.0,0.0,0.0,0.0
18.833333333333332,0.3326255916901985,0.04504238570727171,1.2,0.0,0.0,0.0,0.0,0.0
18.84375,0.3327123972457541,0.04503063402820223,1.2,0.0,0.0,0.0,0.0,0.0
18.854166666666668,0.33279920280130965,0.04501888847962238,1.2,0.0,0.0,0.0,0.0,0.0
18.864583333333332,0.3328860083568652,0.045007149056736286,1.2,0.0,0.0,0.0,0.0,0.0
18.875,0.3329728139124208,0.04499541575475305,1.2,0.0,0.0,0.0,0.0,0.0
18.885416666666668,0.33305961946797635,0.04498368856888679,1.2,0.0,0.0,0.0,0.0,0.0
18.895833333333332,0.3331464250235319,0.04497196749435663,1.2,0.0,0.0,0.0,0.0,0.0
18.90625,0.3332332305790875,0.04496025252638662,1.2,0.0,0.0,0.0,0.0,0.0
18.916666666666668,0.33332003613464306,0.04494854366020585,1.2,0.0,0.0,0.0,0.0,0.0
18.927083333333332,0.33340684169019863,0.044936840891048324,1.2,0.0,0.0,0.0,0.0,0.0
18.9375,0.3334936472457542,0.04492514421415306,1.2,0.0,0.0,0.0,0.0,0.0
18.947916666666668,0.33358045280130977,0.044913453624763976,1.2,0.0,0.0,0.0,0.0,0.0
18.958333333333332,0.33366725835686534,0.04490176911812998,1.2,0.0,0.0,0.0,0.0,0.0
18.96875,0.3337540639124209,0.04489009068950491,1.2,0.0,0.0,0.0,0.0,0.0
18.979166666666668,0.3338408694679765,0.044878418334147546,1.2,0.0,0.0,0.0,0.0,0.0
18.989583333333332,0.33392767502353204,0.04486675204732159,1.2,0.0,0.0,0.0,0.0,0.0
19.0,0.3340144805790876,0.04485509182429566,1.2,0.0,0.0,0.0,0.0,0.0
19.010416666666668,0.33410128577316245,0.0448434376603307,1.2,0.0,0.0,0.0,0.0,0.0
19.020833333333332,0.3341880736435098,0.04483178955010137,1.2,0.0,0.0,0.0,0.0,0.0
19.03125,0.3342748182216294,0.04482014748738438,1.2,0.0,0.0,0.0,0.0,0.0
19.041666666666668,0.3343614935791792,0.04480851146506292,1.2,0.0,0.0,0.0,0.0,0.0
19.052083333333332,0.3344480738589777,0.044796881475132166,1.2,0.0,0.0,0.0,0.0,0.0
19.0625,0.3345345333058482,0.0447852575087058,1.2,0.0,0.0,0.0,0.0,0.0
19.072916666666668,0.3346208462972269,0.04477363955602366,1.2,0.0,0.0,0.0,0.0,0.0
19.083333333333332,0.334706987373457,0.04476202760646024,1.2,0.0,0.0,0.0,0.0,0.0
19.09375,0.33479293126769366,0.04475042164853438,1.2,0.0,0.0,0.0,0.0,0.0
19.104166666666668,0.33487865293534497,0.04473882166991974,1.2,0.0,0.0,0.0,0.0,0.0
19.114583333333332,0.3349641275829766,0.04472722765745643,1.2,0.0,0.0,0.0,0.0,0.0
19.125,0.3350493306966105,0.04471563959716337,1.2,0.0,0.0,0.0,0.0,0.0
19.135416666666668,0.3351342380693492,0.04470405747425163,1.2,0.0,0.0,0.0,0.0,0.0
19.145833333333332,0.33521882582826146,0.044692481273138664,1.2,0.0,0.0,0.0,0.0,0.0
19.15625,0.3353030704604672,0.04468091097746334,1.2,0.0,0.0,0.0,0.0,0.0
19.166666666666668,0.33538694883836345,0.044669346570101756,1.2,0.0,0.0,0.0,0.0,0.0
19.177083333333332,0.3354704382439362,0.044657788033183814,1.2,0.0,0.0,0.0,0.0,0.0
19.1875,0.3355535163921063,0.04464623534811056,1.2,0.0,0.0,0.0,0.0,0.0
19.197916666666668,0.33563616145306313,0.04463468849557215,1.2,0.0,0.0,0.0,0.0,0.0
19.208333333333332,0.33571835207354145,0.044623147455566524,1.2,0.0,0.0,0.0,0.0,0.0
19.21875,0.3358000673970026,0.04461161220741859,1.2,0.0,0.0,0.0,0.0,0.0
19.229166666666668,0.33588128708268516,0.04460008272980009,1.2,0.0,0.0,0.0,0.0,0.0
19.239583333333332,0.3359619913234942,0.04458855900074987,1.2,0.0,0.0,0.0,0.0,0.0
19.25,0.33604216086270217,0.0445770409976947,1.2,0.0,0.0,0.0,0.0,0.0
19.260416666666668,0.33612177700944057,0.044565528697470484,1.2,0.0,0.0,0.0,0.0,0.0
19.270833333333332,0.33617984481141805,0.04455680214384568,1.2,0.0,0.02517220985478942,0.0,0.0,0.0
19.28125,0.33622287820958097,0.04455001373460926,1.2,0.0,0.04269676625778404,0.0,0.0,0.0
19.291666666666668,0.3362413920743185,0.04454643215281728,1.2,0.0,0.07172826461166679,0.0,0.0,0.0
19.302083333333332,0.33624469842645116,0.044544846742307055,1.2,0.0,0.08980630100425932,0.0,0.0,0.0
19.3125,0.3362254891481732,0.04454624089415999,1.2,0.0,0.1167943735189574,0.0,0.0,0.0
19.322916666666668,0.3361759999518559,0.04455166726239614,1.2,0.0,0.1533079113044522,0.0,0.0,0.0
19.333333333333332,0.33611783589454575,0.044558294837407336,1.2,0.0,0.1641683583708839,0.0,0.0,0.0
19.34375,0.3360339109313252,0.044568398055007175,1.2,0.0,0.19559809335256037,0.0,0.0,0.0
19.354166666666668,0.33594695810488756,0.04457898755821205,1.2,0.0,0.19995233215442387,0.0,0.0,0.0
19.364583333333332,0.33586175419781505,0.044589429333721294,1.2,0.0,0.19856969997633853,0.0,0.0,0.0
19.375,0.3357252979678014,0.04460675919035222,1.2,0.0,0.2607438115575864,0.0,0.0,0.0
19.385416666666668,0.3355700157809616,0.04462671847368036,1.2,0.0,0.2843475309921942,0.0,0.0,0.0
19.395833333333332,0.33545352200975437,0.044641650797756706,1.2,0.0,0.238859986037331,0.0,0.0,0.0
19.40625,0.3353274919473464,0.0446579441201753,1.2,0.0,0.2510321748495482,0.0,0.0,0.0
19.416666666666668,0.3351912944292727,0.04467568513480651,1.2,0.0,0.26395817814483136,0.0,0.0,0.0
19.427083333333332,0.33505960682836483,0.04469291768994429,1.2,0.0,0.25925594527592927,0.0,0.0,0.0
19.4375,0.3348830321770779,0.0447162247271816,1.2,0.0,0.3137335968521409,0.0,0.0,0.0
19.447916666666668,0.3347323734174943,0.044736171357960576,1.2,0.0,0.283344129068274,0.0,0.0,0.0
19.458333333333332,0.3345012600579619,0.04476695677698168,1.2,0.0,0.3803931154140189,0.0,0.0,0.0
19.46875,0.33434054894496334,0.044788417400326797,1.2,0.0,0.2965002208723586,0.0,0.0,0.0
19.479166666666668,0.3341623456149791,0.04481227553634172,1.2,0.0,0.3177707497442869,0.0,0.0,0.0
19.489583333333332,0.33396209252834813,0.04483914014352896,1.2,0.0,0.34441584813729037,0.0,0.0,0.0
19.5,0.333743601441156,0.04486849487103959,1.2,0.0,0.36635597129720776,0.0,0.0,0.0
19.510416666666668,0.33353977944418933,0.04489591344834015,1.2,0.0,0.3487530630266367,0.0,0.0,0.0
19.520833333333332,0.33332968622218506,0.04492421073928381,1.2,0.0,0.3562785330718135,0.0,0.0,0.0
19.53125,0.3331606441685333,0.04494700479066705,1.2,0.0,0.3070171310487635,0.0,0.0,0.0
19.541666666666668,0.3329321594788011,0.04497785102210371,1.2,0.0,0.3783482943452828,0.0,0.0,0.0
19.552083333333332,0.3327328225849921,0.04500479680113235,1.2,0.0,0.34337093923751033,0.0,0.0,0.0
19.5625,0.33253428548318986,0.04503166657761603,1.2,0.0,0.342411188829377,0.0,0.0,0.0
19.572916666666668,0.33236557944814576,0.04505452428126979,1.2,0.0,0.30661390871955174,0.0,0.0,0.0
19.583333333333332,0.33220245980945956,0.045076647168999624,1.2,0.0,0.29991023309010584,0.0,0.0,0.0
19.59375,0.3320238995001259,0.04510088909879546,1.2,0.0,0.31843903786704886,0.0,0.0,0.0
19.604166666666668,0.3318827420090322,0.04512007156159164,1.2,0.0,0.27355565597913706,0.0,0.0,0.0
19.614583333333332,0.33173240123676573,0.04514051993015014,1.2,0.0,0.28457559338636673,0.0,0.0,0.0
19.625,0.3316083355399622,0.04515740849855747,1.2,0.0,0.2530455028308651,0.0,0.0,0.0
19.635416666666668,0.3314633401563146,0.04517716216352293,1.2,0.0,0.27816112704375934,0.0,0.0,0.0
19.645833333333332,0.33134603750847635,0.045193155717523,1.2,0.0,0.24492984407261642,0.0,0.0,0.0
19.65625,0.3312487060486363,0.045206434911495515,1.2,0.0,0.22096441847472278,0.0,0.0,0.0
19.666666666666668,0.3311631254510619,0.04521811735261472,1.2,0.0,0.20686338375594632,0.0,0.0,0.0
19.677083333333332,0.33112481698843454,0.04522334872299172,1.2,0.0,0.15013682181951507,0.0,0.0,0.0
19.6875,0.3310993556143567,0.04522682637578494,1.2,0.0,0.13472031556008304,0.0,0.0,0.0
19.697916666666668,0.3310713288472415,0.045230655042358424,1.2,0.0,0.13779878720492922,0.0,0.0,0.0
19.708333333333332,0.33105836257305993,0.04523242655198027,1.2,0.0,0.11972619568456114,0.0,0.0,0.0
19.71875,0.3310742778979809,0.045230252149395724,1.2,0.0,0.08506827676150772,0.0,0.0,0.0
19.729166666666668,0.33110021991546434,0.045226708316074386,1.2,0.0,0.07303624568651791,0.0,0.0,0.0
19.739583333333332,0.3311493080101764,0.045220004110788026,1.2,0.0,0.04526095301221561,0.0,0.0,0.0
19.75,0.33121482006014824,0.045211059899993064,1.2,0.0,0.025552206700440182,0.0,0.0,0.0
19.760416666666668,0.3313016256157038,0.04519921398416159,1.2,0.0,0.0,0.0,0.0,0.0
19.770833333333332,0.3313884311712594,0.045187374274287886,1.2,0.0,0.0,0.0,0.0,0.0
19.78125,0.33147523672681495,0.04517554076549637,1.2,0.0,0.0,0.0,0.0,0.0
19.791666666666668,0.3315620422823705,0.04516371345291656,1.2,0.0,0.0,0.0,0.0,0.0
19.802083333333332,0.3316488478379261,0.04515189233168309,1.2,0.0,0.0,0.0,0.0,0.0
19.8125,0.33173565339348166,0.045140077396935666,1.2,0.0,0.0,0.0,0.0,0.0
19.822916666666668,0.3318224589490372,0.045128268643819094,1.2,0.0,0.0,0.0,0.0,0.0
19.833333333333332,0.3319092645045928,0.045116466067483256,1.2,0.0,0.0,0.0,0.0,0.0
19.84375,0.33199607006014836,0.0451046696630831,1.2,0.0,0.0,0.0,0.0,0.0
19.854166666666668,0.33208287561570393,0.045092879425778644,1.2,0.0,0.0,0.0,0.0,0.0
19.864583333333332,0.3321696811712595,0.04508109535073498,1.2,0.0,0.0,0.0,0.0,0.0
19.875,0.33225648672681507,0.04506931743312222,1.2,0.0,0.0,0.0,0.0,0.0
19.885416666666668,0.33234329228237064,0.045057545668115546,1.2,0.0,0.0,0.0,0.0,0.0
19.895833333333332,0.3324300978379262,0.04504578005089518,1.2,0.0,0.0,0.0,0.0,0.0
19.90625,0.3325169033934818,0.04503402057664636,1.2,0.0,0.0,0.0,0.0,0.0
19.916666666666668,0.33260370894903735,0.04502226724055937,1.2,0.0,0.0,0.0,0.0,0.0
19.927083333333332,0.3326905145045929,0.04501052003782951,1.2,0.0,0.0,0.0,0.0,0.0
19.9375,0.3327773200601485,0.044998778963657074,1.2,0.0,0.0,0.0,0.0,0.0
19.947916666666668,0.33286412561570405,0.04498704401324739,1.2,0.0,0.0,0.0,0.0,0.0
19.958333333333332,0.3329509311712596,0.04497531518181078,1.2,0.0,0.0,0.0,0.0,0.0
19.96875,0.3330377367268152,0.04496359246456253,1.2,0.0,0.0,0.0,0.0,0.0
19.979166666666668,0.33312454228237076,0.04495187585672295,1.2,0.0,0.0,0.0,0.0,0.0
19.989583333333332,0.33321134783792633,0.044940165353517324,1.2,0.0,0.0,0.0,0.0,0.0
20.0,0.3332981533934819,0.04492846095017589,1.2,0.0,0.0,0.0,0.0,0.0
20.010416666666668,0.33338495894903747,0.04491676264193388,1.2,0.0,0.0,0.0,0.0,0.0
20.020833333333332,0.33347176450459304,0.04490507042403147,1.2,0.0,0.0,0.0,0.0,0.0
20.03125,0.3335585700601486,0.04489338429171378,1.2,0.0,0.0,0.0,0.0,0.0
20.041666666666668,0.3336453756157042,0.04488170424023091,1.2,0.0,0.0,0.0,0.0,0.0
20.052083333333332,0.33373218117125975,0.044870030264837886,1.2,0.0,0.0,0.0,0.0,0.0
20.0625,0.3338189867268153,0.044858362360794664,1.2,0.0,0.0,0.0,0.0,0.0
20.072916666666668,0.3339057922823709,0.04484670052336613,1.2,0.0,0.0,0.0,0.0,0.0
20.083333333333332,0.33399259783792645,0.04483504474782211,1.2,0.0,0.0,0.0,0.0,0.0
20.09375,0.334079403393482,0.044823395029437316,1.2,0.0,0.0,0.0,0.0,0.0
20.104166666666668,0.33416619807999204,0.044811751363112676,1.2,0.0,0.0,0.0,0.0,0.0
20.114583333333332,0.33425295601819055,0.04480011374285397,1.2,0.0,0.0,0.0,0.0,0.0
20.125,0.33433965126668475,0.04478848216177267,1.2,0.0,0.0,0.0,0.0,0.0
20.135416666666668,0.3344262579474387,0.044776856612091236,1.2,0.0,0.0,0.0,0.0,0.0
20.145833333333332,0.33451275027666494,0.04476523708514936,1.2,0.0,0.0,0.0,0.0,0.0
20.15625,0.3345991025954994,0.044753623571411244,1.2,0.0,0.0,0.0,0.0,0.0
20.166666666666668,0.3346852894003817,0.04474201606047403,1.2,0.0,0.0,0.0,0.0,0.0
20.177083333333332,0.3347712853730656,0.044730414541077054,1.2,0.0,0.0,0.0,0.0,0.0
20.1875,0.33485706541018345,0.04471881900111222,1.2,0.0,0.0,0.0,0.0,0.0
20.197916666666668,0.3349426046522931,0.04470722942763527,1.2,0.0,0.0,0.0,0.0,0.0
20.208333333333332,0.3350278785123356,0.04469564580687795,1.2,0.0,0.0,0.0,0.0,0.0
20.21875,0.335112862703436,0.04468406812426117,1.2,0.0,0.0,0.0,0.0,0.0
20.229166666666668,0.33519753326598073,0.04467249636440896,1.2,0.0,0.0,0.0,0.0,0.0
20.239583333333332,0.33528186659391057,0.044660930511163266,1.2,0.0,0.0,0.0,0.0,0.0
20.25,0.33536583946016807,0.044649370547599626,1.2,0.0,0.0,0.0,0.0,0.0
20.260416666666668,0.3354494290412449,0.044637816456043505,1.2,0.0,0.0,0.0,0.0,0.0
20.270833333333332,0.3355145192316475,0.044628674834404636,1.2,0.0,0.021712450954300685,0.0,0.0,0.0
20.28125,0.3355544576104219,0.04462283712519719,1.2,0.0,0.05149552586152395,0.0,0.0,0.0
20.291666666666668,0.33557486314128193,0.04461956980424398,1.2,0.0,0.07468138462684848,0.0,0.0,0.0
20.302083333333332,0.33558783923258656,0.04461727602667621,1.2,0.0,0.08346461522975682,0.0,0.0,0.0
20.3125,0.33556265846845496,0.04462004622189624,1.2,0.0,0.12916794389277755,0.0,0.0,0.0
20.322916666666668,0.33553058289380544,0.044623751937215676,1.2,0.0,0.13760582936909707,0.0,0.0,0.0
20.333333333333332,0.33546649930671885,0.044631739125835776,1.2,0.0,0.1762206941126565,0.0,0.0,0.0
20.34375,0.33541935311817855,0.04463751919123562,1.2,0.0,0.1562931354631625,0.0,0.0,0.0
20.354166666666668,0.33533417393597365,0.04464839540171272,1.2,0.0,0.20221418692241488,0.0,0.0,0.0
20.364583333333332,0.3352167394859968,0.04466362809074454,1.2,0.0,0.24140570439456294,0.0,0.0,0.0
20.375,0.33513305046550257,0.044674441307769756,1.2,0.0,0.2015308951071035,0.0,0.0,0.0
20.385416666666668,0.3350219061025284,0.04468896704706646,1.2,0.0,0.2348841164909571,0.0,0.0,0.0
20.395833333333332,0.3348739332636081,0.04470847379544877,1.2,0.0,0.2795737611941566,0.0,0.0,0.0
20.40625,0.33475876076618005,0.04472367973428739,1.2,0.0,0.24079368547814953,0.0,0.0,0.0
20.416666666666668,0.33457323859589067,0.0447483465207785,1.2,0.0,0.3256022915825708,0.0,0.0,0.0
20.427083333333332,0.33440797460544197,0.0447703852933399,1.2,0.0,0.30180367991254886,0.0,0.0,0.0
20.4375,0.3342522766985186,0.04479120133467946,1.2,0.0,0.2906598361315804,0.0,0.0,0.0
20.447916666666668,0.33406176511456315,0.04481673053113327,1.2,0.0,0.332648908942542,0.0,0.0,0.0
20.458333333333332,0.3339114643307988,0.04483690262973878,1.2,0.0,0.28451971529373193,0.0,0.0,0.0
20.46875,0.33374070559382807,0.044859843471938755,1.2,0.0,0.30907715103160227,0.0,0.0,0.0
20.479166666666668,0.3335484979098346,0.044885694005435635,1.2,0.0,0.33481588745886237,0.0,0.0,0.0
20.489583333333332,0.33332832606290247,0.044915342149254474,1.2,0.0,0.36837288298523757,0.0,0.0,0.0
20.5,0.3331088922721736,0.04494492990274394,1.2,0.0,0.36748721554132896,0.0,0.0,0.0
20.510416666666668,0.3329302227070227,0.0449690499451245,1.2,0.0,0.3185701448477129,0.0,0.0,0.0
20.520833333333332,0.3327214865991753,0.04499726172235321,1.2,0.0,0.35464999608357806,0.0,0.0,0.0
20.53125,0.33256031537087627,0.04501906908663176,1.2,0.0,0.29757214062547527,0.0,0.0,0.0
20.541666666666668,0.33237703328564466,0.045043893873037186,1.2,0.0,0.3241051689445745,0.0,0.0,0.0
20.552083333333332,0.3321664434491655,0.04507245120154577,1.2,0.0,0.3568744704416338,0.0,0.0,0.0
20.5625,0.33194294393913015,0.04510279879875659,1.2,0.0,0.3723660787091065,0.0,0.0,0.0
20.572916666666668,0.3317387028546201,0.0451305671732689,1.2,0.0,0.34925596807871395,0.0,0.0,0.0
20.583333333333332,0.331542356478156,0.04515729444705187,1.2,0.0,0.33978231842360257,0.0,0.0,0.0
20.59375,0.3313478262919607,0.045183805732775896,1.2,0.0,0.33760289010101674,0.0,0.0,0.0
20.604166666666668,0.3311993356985307,0.04520406353345214,1.2,0.0,0.28235537878263606,0.0,0.0,0.0
20.614583333333332,0.3310350499617697,0.04522649735997003,1.2,0.0,0.30130955077986615,0.0,0.0,0.0
20.625,0.33088070786793544,0.045247593640694,1.2,0.0,0.2893771792677362,0.0,0.0,0.0
20.635416666666668,0.33075181243102697,0.045265226827065706,1.2,0.0,0.2588411909568426,0.0,0.0,0.0
20.645833333333332,0.33064496702188634,0.045279853941229097,1.2,0.0,0.23238115763544687,0.0,0.0,0.0
20.65625,0.3305637279531008,0.04529098188073931,1.2,0.0,0.20165354920929313,0.0,0.0,0.0
20.666666666666668,0.33050837383466614,0.045298567293314364,1.2,0.0,0.17059160878825008,0.0,0.0,0.0
20.677083333333332,0.3304324190814606,0.045308979835488324,1.2,0.0,0.19531237051332298,0.0,0.0,0.0
20.6875,0.33037719330745163,0.04531655367391198,1.2,0.0,0.17043759547743143,0.0,0.0,0.0
20.697916666666668,0.3303433866141385,0.04532119128100249,1.2,0.0,0.1447346986424235,0.0,0.0,0.0
20.708333333333332,0.3303447698873089,0.04532100150476365,1.2,0.0,0.10250673886219788,0.0,0.0,0.0
20.71875,0.3303465519885738,0.04532075701420176,1.2,0.0,0.1020281451487616,0.0,0.0,0.0
20.729166666666668,0.330367971215866,0.04531781866763031,1.2,0.0,0.07846359391605333,0.0,0.0,0.0
20.739583333333332,0.3304146456537455,0.045311417063645554,1.2,0.0,0.0481573412112197,0.0,0.0,0.0
20.75,0.33048016690045484,0.04530243358798339,1.2,0.0,0.02554117061549682,0.0,0.0,0.0
20.760416666666668,0.3305669724560104,0.04529053735138598,1.2,0.0,0.0,0.0,0.0,0.0
20.770833333333332,0.330653778011566,0.045278647360956,1.2,0.0,0.0,0.0,0.0,0.0
20.78125,0.33074058356712155,0.045266763611775354,1.2,0.0,0.0,0.0,0.0,0.0
20.791666666666668,0.3308273891226771,0.045254886098931135,1.2,0.0,0.0,0.0,0.0,0.0
20.802083333333332,0.3309141946782327,0.0452430148175156,1.2,0.0,0.0,0.0,0.0,0.0
20.8125,0.33100100023378826,0.04523114976262614,1.2,0.0,0.0,0.0,0.0,0.0
20.822916666666668,0.3310878057893438,0.045219290929365275,1.2,0.0,0.0,0.0,0.0,0.0
20.833333333333332,0.3311746113448994,0.04520743831284068,1.2,0.0,0.0,0.0,0.0,0.0
20.84375,0.33126141690045496,0.045195591908165154,1.2,0.0,0.0,0.0,0.0,0.0
20.854166666666668,0.33134822245601053,0.04518375171045662,1.2,0.0,0.0,0.0,0.0,0.0
20.864583333333332,0.3314350280115661,0.045171917714838104,1.2,0.0,0.0,0.0,0.0,0.0
20.875,0.33152183356712167,0.04516008991643775,1.2,0.0,0.0,0.0,0.0,0.0
20.885416666666668,0.33160863912267724,0.0451482683103888,1.2,0.0,0.0,0.0,0.0,0.0
20.895833333333332,0.3316954446782328,0.0451364528918296,1.2,0.0,0.0,0.0,0.0,0.0
20.90625,0.3317822502337884,0.04512464365590356,1.2,0.0,0.0,0.0,0.0,0.0
20.916666666666668,0.33186905578934395,0.04511284059775919,1.2,0.0,0.0,0.0,0.0,0.0
20.927083333333332,0.3319558613448995,0.045101043712550075,1.2,0.0,0.0,0.0,0.0,0.0
20.9375,0.3320426669004551,0.04508925299543486,1.2,0.0,0.0,0.0,0.0,0.0
20.947916666666668,0.33212947245601065,0.04507746844157726,1.2,0.0,0.0,0.0,0.0,0.0
20.958333333333332,0.3322162780115662,0.04506569004614604,1.2,0.0,0.0,0.0,0.0,0.0
20.96875,0.3323030835671218,0.045053917804315,1.2,0.0,0.0,0.0,0.0,0.0
20.979166666666668,0.33238988912267736,0.04504215171126301,1.2,0.0,0.0,0.0,0.0,0.0
20.989583333333332,0.33247669467823293,0.04503039176217396,1.2,0.0,0.0,0.0,0.0,0.0
21.0,0.3325635002337885,0.04501863795223675,1.2,0.0,0.0,0.0,0.0,0.0
21.010416666666668,0.33265030578934407,0.04500689027664533,1.2,0.0,0.0,0.0,0.0,0.0
21.020833333333332,0.33273711134489964,0.044995148730598664,1.2,0.0,0.0,0.0,0.0,0.0
21.03125,0.3328239169004552,0.044983413309300696,1.2,0.0,0.0,0.0,0.0,0.0
21.041666666666668,0.3329107224560108,0.04497168400796041,1.2,0.0,0.0,0.0,0.0,0.0
21.052083333333332,0.33299752801156635,0.04495996082179175,1.2,0.0,0.0,0.0,0.0,0.0
21.0625,0.3330843335671219,0.044948243746013694,1.2,0.0,0.0,0.0,0.0,0.0
21.072916666666668,0.3331711391226775,0.04493653277585015,1.2,0.0,0.0,0.0,0.0,0.0
21.083333333333332,0.33325794467823305,0.04492482790653003,1.2,0.0,0.0,0.0,0.0,0.0
21.09375,0.3333447502337886,0.044913129133287225,1.2,0.0,0.0,0.0,0.0,0.0
21.104166666666668,0.3334315557893442,0.04490143645136057,1.2,0.0,0.0,0.0,0.0,0.0
21.114583333333332,0.33351836134489976,0.044889749855993866,1.2,0.0,0.0,0.0,0.0,0.0
21.125,0.33360516690045533,0.044878069342435864,1.2,0.0,0.0,0.0,0.0,0.0
21.135416666666668,0.3336919724560109,0.04486639490594026,1.2,0.0,0.0,0.0,0.0,0.0
21.145833333333332,0.33377877801156647,0.04485472654176568,1.2,0.0,0.0,0.0,0.0,0.0
21.15625,0.33386558356712204,0.04484306424517569,1.2,0.0,0.0,0.0,0.0,0.0
21.166666666666668,0.3339523891226776,0.04483140801143876,1.2,0.0,0.0,0.0,0.0,0.0
21.177083333333332,0.3340391946782332,0.044819757835828325,1.2,0.0,0.0,0.0,0.0,0.0
21.1875,0.33412599758548683,0.04480811371353039,1.2,0.0,0.0,0.0,0.0,0.0
21.197916666666668,0.3342127757733785,0.04479647563896757,1.2,0.0,0.0,0.0,0.0,0.0
21.208333333333332,0.33429950328167823,0.044784843605666286,1.2,0.0,0.0,0.0,0.0,0.0
21.21875,0.3343861541991523,0.0447732176062616,1.2,0.0,0.0,0.0,0.0,0.0
21.229166666666668,0.33447270269452867,0.04476159763250288,1.2,0.0,0.0,0.0,0.0,0.0
21.239583333333332,0.33455912304728175,0.04474998367526073,1.2,0.0,0.0,0.0,0.0,0.0
21.25,0.33464538967815904,0.04473837572453483,1.2,0.0,0.0,0.0,0.0,0.0
21.260416666666668,0.334731477179372,0.04472677376946283,1.2,0.0,0.0,0.0,0.0,0.0
21.270833333333332,0.3347973659605466,0.044717848226830594,1.2,0.0,0.023993260595922928,0.0,0.0,0.0
21.28125,0.33484994320550676,0.04471068037712765,1.2,0.0,0.03975871786483621,0.0,0.0,0.0
21.291666666666668,0.33487363512328117,0.04470735087517192,1.2,0.0,0.07424193959038265,0.0,0.0,0.0
21.302083333333332,0.3348781729511227,0.044706569403013416,1.2,0.0,0.09714237298261887,0.0,0.0,0.0
21.3125,0.334878544828284,0.04470634227382973,1.2,0.0,0.1021250689810552,0.0,0.0,0.0
21.322916666666668,0.33486362264595165,0.044708156835833755,1.2,0.0,0.12047658893574051,0.0,0.0,0.0
21.333333333333332,0.3348328232233662,0.0447120976121759,1.2,0.0,0.13958305674089566,0.0,0.0,0.0
21.34375,0.33475470524994816,0.044722371871354465,1.2,0.0,0.19647340564755758,0.0,0.0,0.0
21.354166666666668,0.3346593072274505,0.04473498921912429,1.2,0.0,0.2174660115899266,0.0,0.0,0.0
21.364583333333332,0.33455276822157826,0.04474913496603449,1.2,0.0,0.2311142449263772,0.0,0.0,0.0
21.375,0.33444107013750995,0.04476400999710882,1.2,0.0,0.23757227501025505,0.0,0.0,0.0
21.385416666666668,0.3343318603380652,0.044778587297314994,1.2,0.0,0.23481597794016587,0.0,0.0,0.0
21.395833333333332,0.33418558045239555,0.04479816236439199,1.2,0.0,0.27947470244958483,0.0,0.0,0.0
21.40625,0.3340672662872328,0.044814020240883365,1.2,0.0,0.24607241910801844,0.0,0.0,0.0
21.416666666666668,0.33387708716131326,0.04483954562721794,1.2,0.0,0.33237225747712,0.0,0.0,0.0
21.427083333333332,0.33372274000763585,0.04486028396899108,1.2,0.0,0.2893832510795177,0.0,0.0,0.0
21.4375,0.3335454677746771,0.04488412624381917,1.2,0.0,0.31689334621717796,0.0,0.0,0.0
21.447916666666668,0.3333231660026004,0.04491406061928359,1.2,0.0,0.37092879315863747,0.0,0.0,0.0
21.458333333333332,0.33309502800484186,0.04494482242297146,1.2,0.0,0.37793226397692453,0.0,0.0,0.0
21.46875,0.332896727931834,0.04497159517505939,1.2,0.0,0.34212675427608347,0.0,0.0,0.0
21.479166666666668,0.3327116913683764,0.044996605986642756,1.2,0.0,0.3262105428157805,0.0,0.0,0.0
21.489583333333332,0.3325206231904043,0.045022461283791865,1.2,0.0,0.333448480233162,0.0,0.0,0.0
21.5,0.33231858459860714,0.04504983343539154,1.2,0.0,0.34661297682329484,0.0,0.0,0.0
21.510416666666668,0.332118651111231,0.04507695317189027,1.2,0.0,0.3440868515180098,0.0,0.0,0.0
21.520833333333332,0.3319394852237908,0.04510128366789227,1.2,0.0,0.31916573159490735,0.0,0.0,0.0
21.53125,0.33177724477767667,0.04512333838230616,1.2,0.0,0.298855202003648,0.0,0.0,0.0
21.541666666666668,0.331542669574903,0.04515526433700884,1.2,0.0,0.38565690999500973,0.0,0.0,0.0
21.552083333333332,0.3313078403793848,0.04518727014280422,1.2,0.0,0.3859617012885091,0.0,0.0,0.0
21.5625,0.3311252788976107,0.045212183538187574,1.2,0.0,0.3232404447956618,0.0,0.0,0.0
21.572916666666668,0.33096214718141753,0.04523446868818505,1.2,0.0,0.29992472609841786,0.0,0.0,0.0
21.583333333333332,0.33080227911216487,0.04525632932104483,1.2,0.0,0.29600834976987533,0.0,0.0,0.0
21.59375,0.33059919778460367,0.04528412949569937,1.2,0.0,0.3478642597401049,0.0,0.0,0.0
21.604166666666668,0.33043877656503895,0.045306114007796106,1.2,0.0,0.2966721301443419,0.0,0.0,0.0
21.614583333333332,0.3302940796765101,0.04532596193766116,1.2,0.0,0.27780293290127955,0.0,0.0,0.0
21.625,0.33017330299992054,0.045342542076019766,1.2,0.0,0.24909867857414766,0.0,0.0,0.0
21.635416666666668,0.33007468673610085,0.045356089046664015,1.2,0.0,0.22250618325028884,0.0,0.0,0.0
21.645833333333332,0.3299512772324603,0.04537305328600042,1.2,0.0,0.25225807103534165,0.0,0.0,0.0
21.65625,0.3298713405013607,0.045384048401714866,1.2,0.0,0.20009074398622737,0.0,0.0,0.0
21.666666666666668,0.329812965349383,0.045392081138450995,1.2,0.0,0.1742168490399004,0.0,0.0,0.0
21.677083333333332,0.32977505259463946,0.045397299661883744,1.2,0.0,0.14966197235886927,0.0,0.0,0.0
21.6875,0.3297419096379655,0.04540186262671118,1.2,0.0,0.1439382146753994,0.0,0.0,0.0
21.697916666666668,0.32970270195019963,0.04540726173943706,1.2,0.0,0.15121589198571891,0.0,0.0,0.0
21.708333333333332,0.3296989343358063,0.04540778062814149,1.2,0.0,0.10868780393861405,0.0,0.0,0.0
21.71875,0.32970153653396567,0.04540742224326888,1.2,0.0,0.10104402887546671,0.0,0.0,0.0
21.729166666666668,0.3297315491471774,0.04540328919805603,1.2,0.0,0.06815153081256788,0.0,0.0,0.0
21.739583333333332,0.3297764428069828,0.04539710828409518,1.2,0.0,0.050294274900182165,0.0,0.0,0.0
21.75,0.3298436137021785,0.04538786340477643,1.2,0.0,0.02356159243180388,0.0,0.0,0.0
21.760416666666668,0.3299304192577341,0.04537592173929679,1.2,0.0,0.0,0.0,0.0,0.0
21.770833333333332,0.33001722481328966,0.045363986355931106,1.2,0.0,0.0,0.0,0.0,0.0
21.78125,0.3301040303688452,0.04535205724972346,1.2,0.0,0.0,0.0,0.0,0.0
21.791666666666668,0.3301908359244008,0.04534013441572315,1.2,0.0,0.0,0.0,0.0,0.0
21.802083333333332,0.33027764147995636,0.04532821784898468,1.2,0.0,0.0,0.0,0.0,0.0
21.8125,0.33036444703551193,0.045316307544567745,1.2,0.0,0.0,0.0,0.0,0.0
21.822916666666668,0.3304512525910675,0.04530440349753724,1.2,0.0,0.0,0.0,0.0,0.0
21.833333333333332,0.33053805814662307,0.04529250570296324,1.2,0.0,0.0,0.0,0.0,0.0
21.84375,0.33062486370217864,0.045280614155920995,1.2,0.0,0.0,0.0,0.0,0.0
21.854166666666668,0.3307116692577342,0.045268728851490934,1.2,0.0,0.0,0.0,0.0,0.0
21.864583333333332,0.3307984748132898,0.04525684978475864,1.2,0.0,0.0,0.0,0.0,0.0
21.875,0.33088528036884535,0.04524497695081486,1.2,0.0,0.0,0.0,0.0,0.0
21.885416666666668,0.3309720859244009,0.04523311034475548,1.2,0.0,0.0,0.0,0.0,0.0
21.895833333333332,0.3310588914799565,0.04522124996168155,1.2,0.0,0.0,0.0,0.0,0.0
21.90625,0.33114569703551205,0.04520939579669924,1.2,0.0,0.0,0.0,0.0,0.0
21.916666666666668,0.3312325025910676,0.045197547844919854,1.2,0.0,0.0,0.0,0.0,0.0
21.927083333333332,0.3313193081466232,0.045185706101459826,1.2,0.0,0.0,0.0,0.0,0.0
21.9375,0.33140611370217876,0.04517387056144069,1.2,0.0,0.0,0.0,0.0,0.0
21.947916666666668,0.33149291925773433,0.04516204121998911,1.2,0.0,0.0,0.0,0.0,0.0
21.958333333333332,0.3315797248132899,0.045150218072236833,1.2,0.0,0.0,0.0,0.0,0.0
21.96875,0.33166653036884547,0.04513840111332073,1.2,0.0,0.0,0.0,0.0,0.0
21.979166666666668,0.33175333592440104,0.04512659033838273,1.2,0.0,0.0,0.0,0.0,0.0
21.989583333333332,0.3318401414799566,0.04511478574256988,1.2,0.0,0.0,0.0,0.0,0.0
22.0,0.3319269470355122,0.045102987321034266,1.2,0.0,0.0,0.0,0.0,0.0
22.010416666666668,0.33201375259106775,0.04509119506893307,1.2,0.0,0.0,0.0,0.0,0.0
22.020833333333332,0.3321005581466233,0.04507940898142852,1.2,0.0,0.0,0.0,0.0,0.0
22.03125,0.3321873637021789,0.045067629053687934,1.2,0.0,0.0,0.0,0.0,0.0
22.041666666666668,0.33227416925773445,0.045055855280883635,1.2,0.0,0.0,0.0,0.0,0.0
22.052083333333332,0.33236097481329,0.04504408765819302,1.2,0.0,0.0,0.0,0.0,0.0
22.0625,0.3324477803688456,0.045032326180798506,1.2,0.0,0.0,0.0,0.0,0.0
22.072916666666668,0.33253458592440116,0.04502057084388756,1.2,0.0,0.0,0.0,0.0,0.0
22.083333333333332,0.33262139147995673,0.04500882164265265,1.2,0.0,0.0,0.0,0.0,0.0
22.09375,0.3327081970355123,0.04499707857229128,1.2,0.0,0.0,0.0,0.0,0.0
22.104166666666668,0.33279500259106787,0.04498534162800596,1.2,0.0,0.0,0.0,0.0,0.0
22.114583333333332,0.33288180814662344,0.04497361080500419,1.2,0.0,0.0,0.0,0.0,0.0
22.125,0.332968613702179,0.044961886098498494,1.2,0.0,0.0,0.0,0.0,0.0
22.135416666666668,0.3330554192577346,0.044950167503706354,1.2,0.0,0.0,0.0,0.0,0.0
22.145833333333332,0.33314222481329014,0.04493845501585027,1.2,0.0,0.0,0.0,0.0,0.0
22.15625,0.3332290303688457,0.04492674863015769,1.2,0.0,0.0,0.0,0.0,0.0
22.166666666666668,0.3333158359244013,0.044915048341861066,1.2,0.0,0.0,0.0,0.0,0.0
22.177083333333332,0.33340264147995685,0.04490335414619779,1.2,0.0,0.0,0.0,0.0,0.0
22.1875,0.3334894470355124,0.04489166603841022,1.2,0.0,0.0,0.0,0.0,0.0
22.197916666666668,0.333576252591068,0.04487998401374567,1.2,0.0,0.0,0.0,0.0,0.0
22.208333333333332,0.33366305814662356,0.04486830806745639,1.2,0.0,0.0,0.0,0.0,0.0
22.21875,0.33374986370217913,0.04485663819479958,1.2,0.0,0.0,0.0,0.0,0.0
22.229166666666668,0.3338366692577347,0.04484497439103736,1.2,0.0,0.0,0.0,0.0,0.0
22.239583333333332,0.33392347481329027,0.04483331665143679,1.2,0.0,0.0,0.0,0.0,0.0
22.25,0.33401028036884584,0.04482166497126985,1.2,0.0,0.0,0.0,0.0,0.0
22.260416666666668,0.3340970857422088,0.04481001934580708,1.2,0.0,0.0,0.0,0.0,0.0
22.270833333333332,0.3341664275831568,0.04480071877850972,1.2,0.0,0.020936958838892374,0.0,0.0,0.0
22.28125,0.334218921672044,0.04479367575386702,1.2,0.0,0.04111646125286409,0.0,0.0,0.0
22.291666666666668,0.3342501285998887,0.044789482565028856,1.2,0.0,0.0666192079735704,0.0,0.0,0.0
22.302083333333332,0.3342516924935311,0.04478925855194215,1.2,0.0,0.10216056838413831,0.0,0.0,0.0
22.3125,0.3342369257668128,0.044791222725713065,1.2,0.0,0.12175568932312833,0.0,0.0,0.0
22.322916666666668,0.3342150345118901,0.04479414360465684,1.2,0.0,0.13032004934099178,0.0,0.0,0.0
22.333333333333332,0.33418591640322726,0.04479803589932791,1.2,0.0,0.13901274136007521,0.0,0.0,0.0
22.34375,0.33410529351901924,0.04480883811517974,1.2,0.0,0.20084262378071424,0.0,0.0,0.0
22.354166666666668,0.334030978546701,0.04481880458946171,1.2,0.0,0.1933216984979174,0.0,0.0,0.0
22.364583333333332,0.3339573479027983,0.044828685980945526,1.2,0.0,0.192521454093502,0.0,0.0,0.0
22.375,0.3338764360634788,0.04483954979475569,1.2,0.0,0.20126087385007013,0.0,0.0,0.0
22.385416666666668,0.3337467637384518,0.04485697153275225,1.2,0.0,0.25977345669903407,0.0,0.0,0.0
22.395833333333332,0.3336467067775746,0.04487042364288716,1.2,0.0,0.22423501971935195,0.0,0.0,0.0
22.40625,0.333498930484669,0.04489030612004357,1.2,0.0,0.28149821815339204,0.0,0.0,0.0
22.416666666666668,0.33333851389551916,0.04491190923367576,1.2,0.0,0.2966665736464884,0.0,0.0,0.0
22.427083333333332,0.33317024824938263,0.04493459172548329,1.2,0.0,0.30608544203047905,0.0,0.0,0.0
22.4375,0.33298637781054713,0.04495940398102895,1.2,0.0,0.32481119326926766,0.0,0.0,0.0
22.447916666666668,0.33279869607078416,0.044984758825436365,1.2,0.0,0.32938475438225867,0.0,0.0,0.0
22.458333333333332,0.3325788504584922,0.045014495237821424,1.2,0.0,0.36798140141699764,0.0,0.0,0.0
22.46875,0.33238589118938466,0.04504062740627555,1.2,0.0,0.3357177895957511,0.0,0.0,0.0
22.479166666666668,0.33214385675921826,0.045073448674430194,1.2,0.0,0.3946079828663398,0.0,0.0,0.0
22.489583333333332,0.33194797032247014,0.0451000470514114,1.2,0.0,0.3392303907644069,0.0,0.0,0.0
22.5,0.3317682192891982,0.045124482122604996,1.2,0.0,0.3198679065929749,0.0,0.0,0.0
22.510416666666668,0.3315780705423844,0.0451503594784633,1.2,0.0,0.33234516284320603,0.0,0.0,0.0
22.520833333333332,0.33136863097718205,0.045178896493659984,1.2,0.0,0.35549414490951975,0.0,0.0,0.0
22.53125,0.33115913012245324,0.04520747797177785,1.2,0.0,0.35556769234123825,0.0,0.0,0.0
22.541666666666668,0.33098714940185014,0.04523096774971118,1.2,0.0,0.31054353139036744,0.0,0.0,0.0
22.552083333333332,0.330782273551982,0.045258982349340636,1.2,0.0,0.3500176865084444,0.0,0.0,0.0
22.5625,0.3305939591441939,0.04528476297304069,1.2,0.0,0.3301439560123385,0.0,0.0,0.0
22.572916666666668,0.3303881676194403,0.04531296985613664,1.2,0.0,0.3511164963710605,0.0,0.0,0.0
22.583333333333332,0.33018837072934126,0.045340388721429835,1.2,0.0,0.34392293478550495,0.0,0.0,0.0
22.59375,0.33001096988048007,0.045364761921659495,1.2,0.0,0.3170476853000863,0.0,0.0,0.0
22.604166666666668,0.32983009064537333,0.04538964001395584,1.2,0.0,0.32122174879476445,0.0,0.0,0.0
22.614583333333332,0.32965785284922283,0.04541335493989041,1.2,0.0,0.3108520220472593,0.0,0.0,0.0
22.625,0.32950657668251243,0.04543420416943215,1.2,0.0,0.2856980667191597,0.0,0.0,0.0
22.635416666666668,0.32940255430204923,0.045448551884744094,1.2,0.0,0.228993523222474,0.0,0.0,0.0
22.645833333333332,0.3293219821378598,0.04545967136167928,1.2,0.0,0.20085326369401757,0.0,0.0,0.0
22.65625,0.3292077643945655,0.04547544347168215,1.2,0.0,0.24122795861980373,0.0,0.0,0.0
22.666666666666668,0.32910863159561893,0.04548914140471061,1.2,0.0,0.22312602540257068,0.0,0.0,0.0
22.677083333333332,0.3290417582389465,0.04549838646708251,1.2,0.0,0.18441469467360455,0.0,0.0,0.0
22.6875,0.3289931581006614,0.045505107664224775,1.2,0.0,0.1624868326087793,0.0,0.0,0.0
22.697916666666668,0.3289782048563878,0.04550717603526138,1.2,0.0,0.12211055979493769,0.0,0.0,0.0
22.708333333333332,0.32896047095966313,0.045509629277007066,1.2,0.0,0.12544734273628178,0.0,0.0,0.0
22.71875,0.3289697209848495,0.045508349629701614,1.2,0.0,0.09306663644304478,0.0,0.0,0.0
22.729166666666668,0.32899737987293753,0.04550452373190886,1.2,0.0,0.07097600096100772,0.0,0.0,0.0
22.739583333333332,0.32904059712172623,0.04549854702161737,1.2,0.0,0.05230596812024014,0.0,0.0,0.0
22.75,0.32910944236502526,0.04548902934106422,1.2,0.0,0.021552374707826626,0.0,0.0,0.0
22.760416666666668,0.32919624792058083,0.045477034366976345,1.2,0.0,0.0,0.0,0.0,0.0
22.770833333333332,0.3292830534761364,0.04546504571711547,1.2,0.0,0.0,0.0,0.0,0.0
22.78125,0.32936985903169197,0.04545306338648134,1.2,0.0,0.0,0.0,0.0,0.0
22.791666666666668,0.32945666458724754,0.04544108737007897,1.2,0.0,0.0,0.0,0.0,0.0
22.802083333333332,0.3295434701428031,0.04542911766291864,1.2,0.0,0.0,0.0,0.0,0.0
22.8125,0.3296302756983587,0.04541715426001588,1.2,0.0,0.0,0.0,0.0,0.0
22.822916666666668,0.32971708125391425,0.04540519715639146,1.2,0.0,0.0,0.0,0.0,0.0
22.833333333333332,0.3298038868094698,0.04539324634707141,1.2,0.0,0.0,0.0,0.0,0.0
22.84375,0.3298906923650254,0.04538130182708699,1.2,0.0,0.0,0.0,0.0,0.0
22.854166666666668,0.32997749792058095,0.045369363591474685,1.2,0.0,0.0,0.0,0.0,0.0
22.864583333333332,0.3300643034761365,0.045357431635276196,1.2,0.0,0.0,0.0,0.0,0.0
22.875,0.3301511090316921,0.04534550595353846,1.2,0.0,0.0,0.0,0.0,0.0
22.885416666666668,0.33023791458724766,0.04533358654131359,1.2,0.0,0.0,0.0,0.0,0.0
22.895833333333332,0.33032472014280323,0.04532167339365894,1.2,0.0,0.0,0.0,0.0,0.0
22.90625,0.3304115256983588,0.04530976650563701,1.2,0.0,0.0,0.0,0.0,0.0
22.916666666666668,0.33049833125391437,0.045297865872315525,1.2,0.0,0.0,0.0,0.0,0.0
22.927083333333332,0.33058513680946994,0.04528597148876738,1.2,0.0,0.0,0.0,0.0,0.0
22.9375,0.3306719423650255,0.04527408335007064,1.2,0.0,0.0,0.0,0.0,0.0
22.947916666666668,0.3307587479205811,0.04526220145130854,1.2,0.0,0.0,0.0,0.0,0.0
22.958333333333332,0.33084555347613664,0.04525032578756947,1.2,0.0,0.0,0.0,0.0,0.0
22.96875,0.3309323590316922,0.04523845635394698,1.2,0.0,0.0,0.0,0.0,0.0
22.979166666666668,0.3310191645872478,0.04522659314553976,1.2,0.0,0.0,0.0,0.0,0.0
22.989583333333332,0.33110597014280335,0.045214736157451654,1.2,0.0,0.0,0.0,0.0,0.0
23.0,0.3311927756983589,0.04520288538479163,1.2,0.0,0.0,0.0,0.0,0.0
23.010416666666668,0.3312795812539145,0.045191040822673764,1.2,0.0,0.0,0.0,0.0,0.0
23.020833333333332,0.33136638680947006,0.04517920246621728,1.2,0.0,0.0,0.0,0.0,0.0
23.03125,0.33145319236502563,0.04516737031054651,1.2,0.0,0.0,0.0,0.0,0.0
23.041666666666668,0.3315399979205812,0.045155544350790874,1.2,0.0,0.0,0.0,0.0,0.0
23.052083333333332,0.33162680347613677,0.04514372458208492,1.2,0.0,0.0,0.0,0.0,0.0
23.0625,0.33171360903169234,0.04513191099956825,1.2,0.0,0.0,0.0,0.0,0.0
23.072916666666668,0.3318004145872479,0.0451201035983856,1.2,0.0,0.0,0.0,0.0,0.0
23.083333333333332,0.3318872201428035,0.04510830237368675,1.2,0.0,0.0,0.0,0.0,0.0
23.09375,0.33197402569835904,0.04509650732062656,1.2,0.0,0.0,0.0,0.0,0.0
23.104166666666668,0.3320608312539146,0.04508471843436496,1.2,0.0,0.0,0.0,0.0,0.0
23.114583333333332,0.3321476368094702,0.045072935710066944,1.2,0.0,0.0,0.0,0.0,0.0
23.125,0.33223444236502575,0.04506115914290257,1.2,0.0,0.0,0.0,0.0,0.0
23.135416666666668,0.3323212479205813,0.0450493887280469,1.2,0.0,0.0,0.0,0.0,0.0
23.145833333333332,0.3324080534761369,0.04503762446068009,1.2,0.0,0.0,0.0,0.0,0.0
23.15625,0.33249485903169246,0.045025866335987284,1.2,0.0,0.0,0.0,0.0,0.0
23.166666666666668,0.332581664587248,0.045014114349158675,1.2,0.0,0.0,0.0,0.0,0.0
23.177083333333332,0.3326684701428036,0.04500236849538948,1.2,0.0,0.0,0.0,0.0,0.0
23.1875,0.33275527569835917,0.044990628769879915,1.2,0.0,0.0,0.0,0.0,0.0
23.197916666666668,0.33284208125391473,0.04497889516783521,1.2,0.0,0.0,0.0,0.0,0.0
23.208333333333332,0.3329288868094703,0.044967167684465605,1.2,0.0,0.0,0.0,0.0,0.0
23.21875,0.3330156923650259,0.04495544631498632,1.2,0.0,0.0,0.0,0.0,0.0
23.229166666666668,0.33310249792058144,0.04494373105461757,1.2,0.0,0.0,0.0,0.0,0.0
23.239583333333332,0.333189303476137,0.04493202189858454,1.2,0.0,0.0,0.0,0.0,0.0
23.25,0.3332761090316926,0.04492031884211742,1.2,0.0,0.0,0.0,0.0,0.0
23.260416666666668,0.33336291458724815,0.044908621880451326,1.2,0.0,0.0,0.0,0.0,0.0
23.270833333333332,0.3334284338283534,0.044899797261654106,1.2,0.0,0.025543577340332673,0.0,0.0,0.0
23.28125,0.3334737963548297,0.04489368953065897,1.2,0.0,0.04973163489512904,0.0,0.0,0.0
23.291666666666668,0.333508014453947,0.04488908341430936,1.2,0.0,0.06310494772592808,0.0,0.0,0.0
23.302083333333332,0.3335274923850216,0.04488646190186223,1.2,0.0,0.0807931493771504,0.0,0.0,0.0
23.3125,0.3335242703973066,0.044886895524364874,1.2,0.0,0.10803305192471653,0.0,0.0,0.0
23.322916666666668,0.33350538619664893,0.04488943717189761,1.2,0.0,0.12682770745586572,0.0,0.0,0.0
23.333333333333332,0.33345958627366373,0.044895602634970055,1.2,0.0,0.15912657424893978,0.0,0.0,0.0
23.34375,0.3334162725171361,0.04490143497538647,1.2,0.0,0.15614317449981793,0.0,0.0,0.0
23.354166666666668,0.3333381500040226,0.044911958262152885,1.2,0.0,0.19791368240285714,0.0,0.0,0.0
23.364583333333332,0.3332688868880882,0.044921292293304126,1.2,0.0,0.18728240578799346,0.0,0.0,0.0
23.375,0.33316514533176617,0.044935279965303436,1.2,0.0,0.22865653425309698,0.0,0.0,0.0
23.385416666666668,0.33307498877031533,0.04494744302307147,1.2,0.0,0.21235454040769933,0.0,0.0,0.0
23.395833333333332,0.3329585198159103,0.04496316564730398,1.2,0.0,0.24392941195271356,0.0,0.0,0.0
23.40625,0.33281287185662156,0.04498284275078606,1.2,0.0,0.27894421781316237,0.0,0.0,0.0
23.416666666666668,0.33268751940362834,0.044999791717466646,1.2,0.0,0.2545896102585367,0.0,0.0,0.0
23.427083333333332,0.3325402995716019,0.045019713699212635,1.2,0.0,0.28083046509834886,0.0,0.0,0.0
23.4375,0.3324021734710401,0.04503842115060125,1.2,0.0,0.26991798734080386,0.0,0.0,0.0
23.447916666666668,0.33225756508995646,0.04505802321193397,1.2,0.0,0.27769672396707434,0.0,0.0,0.0
23.458333333333332,0.3320797524474002,0.045082149603611364,1.2,0.0,0.3175418377341936,0.0,0.0,0.0
23.46875,0.33191838536028034,0.04510406696487696,1.2,0.0,0.2978071712104729,0.0,0.0,0.0
23.479166666666668,0.3316906474899378,0.04513503529103298,1.2,0.0,0.377452111077716,0.0,0.0,0.0
23.489583333333332,0.33145717031374416,0.04516682823905452,1.2,0.0,0.38433927809903146,0.0,0.0,0.0
23.5,0.3312130156783057,0.04520012309753112,1.2,0.0,0.3971522291928113,0.0,0.0,0.0
23.510416666666668,0.3309722822526056,0.045232999507607737,1.2,0.0,0.39304677750677314,0.0,0.0,0.0
23.520833333333332,0.33074825621749804,0.04526363721875276,1.2,0.0,0.3729979087957338,0.0,0.0,0.0
23.53125,0.3305158658278205,0.045295462723604525,1.2,0.0,0.3830351342797382,0.0,0.0,0.0
23.541666666666668,0.33031550684113276,0.045322937525195416,1.2,0.0,0.34459745069194453,0.0,0.0,0.0
23.552083333333332,0.3300847015665114,0.04535462870322489,1.2,0.0,0.3811329962123047,0.0,0.0,0.0
23.5625,0.3299055328859617,0.045379260387666466,1.2,0.0,0.3191690833263124,0.0,0.0,0.0
23.572916666666668,0.3297160517546385,0.045405338928735696,1.2,0.0,0.3315440242545605,0.0,0.0,0.0
23.583333333333332,0.32954688037470203,0.04542864755127316,1.2,0.0,0.3071723225904234,0.0,0.0,0.0
23.59375,0.3293935814437862,0.04544978992773367,1.2,0.0,0.2881253837656409,0.0,0.0,0.0
23.604166666666668,0.3292411489895623,0.04547083232490641,1.2,0.0,0.28708561173536,0.0,0.0,0.0
23.614583333333332,0.3291096859847791,0.045488995668320445,1.2,0.0,0.26192227240656724,0.0,0.0,0.0
23.625,0.3289766628385901,0.045507389341806474,1.2,0.0,0.2637944420934354,0.0,0.0,0.0
23.635416666666668,0.3288615469878864,0.04552331890817071,1.2,0.0,0.2423056875111686,0.0,0.0,0.0
23.645833333333332,0.32878296202796853,0.04553419978888807,1.2,0.0,0.19846861856810946,0.0,0.0,0.0
23.65625,0.3286790302388406,0.045548598184937644,1.2,0.0,0.22888481362016502,0.0,0.0,0.0
23.666666666666668,0.32860347139339785,0.045559071596785045,1.2,0.0,0.19483728119797383,0.0,0.0,0.0
23.677083333333332,0.32856599685077803,0.045564267829464745,1.2,0.0,0.14913611781047842,0.0,0.0,0.0
23.6875,0.32853328369116774,0.04556880481624819,1.2,0.0,0.14342245819901384,0.0,0.0,0.0
23.697916666666668,0.3284937405016455,0.045574290265932564,1.2,0.0,0.15161849409335026,0.0,0.0,0.0
23.708333333333332,0.328481666292025,0.04557596546911875,1.2,0.0,0.11865571821122693,0.0,0.0,0.0
23.71875,0.3284851945126431,0.045575475943064776,1.2,0.0,0.09993280192500476,0.0,0.0,0.0
23.729166666666668,0.32852030198364884,0.045570605499166535,1.2,0.0,0.06203770145975182,0.0,0.0,0.0
23.739583333333332,0.3285722956391877,0.04556339435447641,1.2,0.0,0.04177428001999067,0.0,0.0,0.0
23.75,0.32863735584459186,0.04555437418758761,1.2,0.0,0.02609442018170783,0.0,0.0,0.0
23.760416666666668,0.32872416140014743,0.0455423447318199,1.2,0.0,0.0,0.0,0.0,0.0
23.770833333333332,0.328810966955703,0.045530321627565346,1.2,0.0,0.0,0.0,0.0,0.0
23.78125,0.32889777251125857,0.045518304869794905,1.2,0.0,0.0,0.0,0.0,0.0
23.791666666666668,0.32898457806681414,0.045506294453484857,1.2,0.0,0.0,0.0,0.0,0.0
23.802083333333332,0.3290713836223697,0.045494290373616755,1.2,0.0,0.0,0.0,0.0,0.0
23.8125,0.3291581891779253,0.045482292625177466,1.2,0.0,0.0,0.0,0.0,0.0
23.822916666666668,0.32924499473348084,0.04547030120315915,1.2,0.0,0.0,0.0,0.0,0.0
23.833333333333332,0.3293318002890364,0.045458316102559224,1.2,0.0,0.0,0.0,0.0,0.0
23.84375,0.329418605844592,0.045446337318380395,1.2,0.0,0.0,0.0,0.0,0.0
23.854166666666668,0.32950541140014755,0.04543436484563063,1.2,0.0,0.0,0.0,0.0,0.0
23.864583333333332,0.3295922169557031,0.04542239867932316,1.2,0.0,0.0,0.0,0.0,0.0
23.875,0.3296790225112587,0.04541043881447647,1.2,0.0,0.0,0.0,0.0,0.0
23.885416666666668,0.32976582806681426,0.04539848524611427,1.2,0.0,0.0,0.0,0.0,0.0
23.895833333333332,0.32985263362236983,0.045386537969265534,1.2,0.0,0.0,0.0,0.0,0.0
23.90625,0.3299394391779254,0.04537459697896446,1.2,0.0,0.0,0.0,0.0,0.0
23.916666666666668,0.33002624473348097,0.04536266227025046,1.2,0.0,0.0,0.0,0.0,0.0
23.927083333333332,0.33011305028903654,0.04535073383816818,1.2,0.0,0.0,0.0,0.0,0.0
23.9375,0.3301998558445921,0.04533881167776745,1.2,0.0,0.0,0.0,0.0,0.0
23.947916666666668,0.3302866614001477,0.045326895784103344,1.2,0.0,0.0,0.0,0.0,0.0
23.958333333333332,0.33037346695570324,0.04531498615223609,1.2,0.0,0.0,0.0,0.0,0.0
23.96875,0.3304602725112588,0.04530308277723115,1.2,0.0,0.0,0.0,0.0,0.0
23.979166666666668,0.3305470780668144,0.04529118565415913,1.2,0.0,0.0,0.0,0.0,0.0
23.989583333333332,0.33063388362236995,0.04527929477809582,1.2,0.0,0.0,0.0,0.0,0.0
24.0,0.3307206891779255,0.045267410144122215,1.2,0.0,0.0,0.0,0.0,0.0
24.010416666666668,0.3308074947334811,0.04525553174732444,1.2,0.0,0.0,0.0,0.0,0.0
24.020833333333332,0.33089430028903666,0.045243659582793784,1.2,0.0,0.0,0.0,0.0,0.0
24.03125,0.3309811058445922,0.045231793645626676,1.2,0.0,0.0,0.0,0.0,0.0
24.041666666666668,0.3310679114001478,0.0452199339309247,1.2,0.0,0.0,0.0,0.0,0.0
24.052083333333332,0.33115471695570337,0.04520808043379458,1.2,0.0,0.0,0.0,0.0,0.0
24.0625,0.33124152251125893,0.04519623314934816,1.2,0.0,0.0,0.0,0.0,0.0
24.072916666666668,0.3313283280668145,0.04518439207270241,1.2,0.0,0.0,0.0,0.0,0.0
24.083333333333332,0.3314151336223701,0.04517255719897941,1.2,0.0,0.0,0.0,0.0,0.0
24.09375,0.33150193917792564,0.04516072852330636,1.2,0.0,0.0,0.0,0.0,0.0
24.104166666666668,0.3315887447334812,0.045148906040815555,1.2,0.0,0.0,0.0,0.0,0.0
24.114583333333332,0.3316755502890368,0.045137089746644384,1.2,0.0,0.0,0.0,0.0,0.0
24.125,0.33176235584459235,0.045125279635935336,1.2,0.0,0.0,0.0,0.0,0.0
24.135416666666668,0.3318491614001479,0.045113475703835976,1.2,0.0,0.0,0.0,0.0,0.0
24.145833333333332,0.3319359669557035,0.045101677945498936,1.2,0.0,0.0,0.0,0.0,0.0
24.15625,0.33202277251125906,0.04508988635608194,1.2,0.0,0.0,0.0,0.0,0.0
24.166666666666668,0.3321095780668146,0.04507810093074774,1.2,0.0,0.0,0.0,0.0,0.0
24.177083333333332,0.3321963836223702,0.045066321664664184,1.2,0.0,0.0,0.0,0.0,0.0
24.1875,0.33228318917792576,0.045054548553004135,1.2,0.0,0.0,0.0,0.0,0.0
24.197916666666668,0.33236999473348133,0.04504278159094553,1.2,0.0,0.0,0.0,0.0,0.0
24.208333333333332,0.3324568002890369,0.04503102077367131,1.2,0.0,0.0,0.0,0.0,0.0
24.21875,0.33254360584459247,0.04501926609636947,1.2,0.0,0.0,0.0,0.0,0.0
24.229166666666668,0.33263041140014804,0.045007517554233024,1.2,0.0,0.0,0.0,0.0,0.0
24.239583333333332,0.33943041140014807,0.04410585668623264,1.2,8.16,0.0,0.0,0.0,1.0
24.25,0.3461795745367517,0.04323948602913155,1.2,8.16,0.0,0.0,0.0,1.0
24.260416666666668,0.35302384698703865,0.062466499449663926,1.2,8.52,0.0,5.0,1.0,1.0
24.270833333333332,0.35948098044406684,0.08470547370968383,1.2,8.52,0.022768496908248007,5.0,1.0,1.0
24.28125,0.3654237314556842,0.10685114722624252,1.2,8.52,0.045541731545824034,5.0,1.0,1.0
24.291666666666668,0.3707605063517128,0.1283924387419897,1.2,8.52,0.07314449624160144,5.0,1.0,1.0
24.302083333333332,0.37544739746731737,0.14929288554940137,1.2,8.52,0.10024352543285617,5.0,1.0,1.0
24.3125,0.37948243591766434,0.16959703833022366,1.2,8.52,0.12418596082068428,5.0,1.0,1.0
24.322916666666668,0.3828942164133698,0.18935833500022223,1.2,8.52,0.14647248463320078,5.0,1.0,1.0
24.333333333333332,0.3857445259391626,0.20861943525656992,1.2,8.52,0.1541365058029817,5.0,1.0,1.0
24.34375,0.3880656725016564,0.22743796710998637,1.2,8.52,0.1957263073450814,5.0,1.0,1.0
24.354166666666668,0.38293842020033625,0.2274902989711048,1.2,0.0,0.20990036000286103,0.0,0.0,0.0
24.364583333333332,0.3787399771988676,0.22753219100715588,1.2,0.0,0.18786002247427094,0.0,0.0,0.0
24.375,0.3751737234987505,0.22760228262687202,1.2,0.0,0.24285403484199186,0.0,0.0,0.0
24.385416666666668,0.37212873627494264,0.22767720247118536,1.2,0.0,0.2511590078565607,0.0,0.0,0.0
24.395833333333332,0.36946543009457095,0.22777400819758267,1.2,0.0,0.2926776055790376,0.0,0.0,0.0
24.40625,0.3671561390789505,0.22786146176486052,1.2,0.0,0.27332967713218675,0.0,0.0,0.0
24.416666666666668,0.36509930701722504,0.22796237540327194,1.2,0.0,0.29819771957342267,0.0,0.0,0.0
24.427083333333332,0.3632973925675479,0.22804684117137097,1.2,0.0,0.26569960344526833,0.0,0.0,0.0
24.4375,0.36161210232491614,0.22817649974555476,1.2,0.0,0.35088497780420363,0.0,0.0,0.0
24.447916666666668,0.36008956489841937,0.22830841872766608,1.2,0.0,0.35398721658272825,0.0,0.0,0.0
24.458333333333332,0.3587383775595232,0.22842156471769032,1.2,0.0,0.31750864913856514,0.0,0.0,0.0
24.46875,0.35748902136330146,0.2285457457152173,1.2,0.0,0.33738462924929147,0.0,0.0,0.0
24.479166666666668,0.3562963763240633,0.22870066059152785,1.2,0.0,0.3939761779944701,0.0,0.0,0.0
24.489583333333332,0.35526047562246077,0.22881582747788037,1.2,0.0,0.3188450644416224,0.0,0.0,0.0
24.5,0.35431258107680846,0.22892475885513638,1.2,0.0,0.30657796589147324,0.0,0.0,0.0
24.510416666666668,0.3533939173974857,0.22905909667451377,1.2,0.0,0.35302136538163026,0.0,0.0,0.0
24.520833333333332,0.35254540524756595,0.22918911409296822,1.2,0.0,0.34429881148200764,0.0,0.0,0.0
24.53125,0.35170700525725024,0.22934908964172898,1.2,0.0,0.3987593032762247,0.0,0.0,0.0
24.541666666666668,0.3510092143500683,0.22945185701586143,1.2,0.0,0.2929040816426531,0.0,0.0,0.0
24.552083333333332,0.35030675997321836,0.22958528476409576,1.2,0.0,0.34861345972757307,0.0,0.0,0.0
24.5625,0.3496342420289315,0.22972588126911878,1.2,0.0,0.3611030945364451,0.0,0.0,0.0
24.572916666666668,0.34906669166401727,0.2298220825719994,1.2,0.0,0.2795792253812654,0.0,0.0,0.0
24.583333333333332,0.34850309704683297,0.22993567979158427,1.2,0.0,0.3108777837091227,0.0,0.0,0.0
24.59375,0.3479797569256377,0.23004188869206152,1.2,0.0,0.29704781014957266,0.0,0.0,0.0
24.604166666666668,0.347492572241522,0.23014137202216725,1.2,0.0,0.28449757146043936,0.0,0.0,0.0
24.614583333333332,0.34702946712054844,0.23024036360400854,1.2,0.0,0.2832895888633656,0.0,0.0,0.0
24.625,0.3466298803810065,0.23031138561562944,1.2,0.0,0.232476148152193,0.0,0.0,0.0
24.635416666666668,0.3462330408213852,0.23039244111225693,1.2,0.0,0.2503900467967205,0.0,0.0,0.0
24.645833333333332,0.34588190857505163,0.23045449150427805,1.2,0.0,0.21595214669277052,0.0,0.0,0.0
24.65625,0.34557414515086887,0.23049742684854627,1.2,0.0,0.1814262321213503,0.0,0.0,0.0
24.666666666666668,0.34527795647186227,0.23054098780160293,1.2,0.0,0.18247020554264876,0.0,0.0,0.0
24.677083333333332,0.34500841079588224,0.23057458465890898,1.2,0.0,0.1645005714916066,0.0,0.0,0.0
24.6875,0.3447704536934758,0.2305940096315492,1.2,0.0,0.13902127984122375,0.0,0.0,0.0
24.697916666666668,0.3445415043582566,0.23061339979603873,1.2,0.0,0.13893278979525442,0.0,0.0,0.0
24.708333333333332,0.344337322770382,0.23062184883626852,1.2,0.0,0.11930535277229039,0.0,0.0,0.0
24.71875,0.34416198033508905,0.23061590209529986,1.2,0.0,0.09351732624055799,0.0,0.0,0.0
24.729166666666668,0.34402141626887844,0.23059079305948343,1.2,0.0,0.0592189627959232,0.0,0.0,0.0
24.739583333333332,0.3438940310184887,0.23056012012041646,1.2,0.0,0.04927337009241303,0.0,0.0,0.0
24.75,0.3437913382072088,0.2305158153683585,1.2,0.0,0.02489056293632344,0.0,0.0,0.0
24.760416666666668,0.3437128724844286,0.23045759801597143,1.2,0.0,0.0,0.0,0.0,0.0
24.770833333333332,0.34363704504624304,0.23039938252344477,1.2,0.0,0.0,0.0,0.0,0.0
24.78125,0.343563747015455,0.2303411693197137,1.2,0.0,0.0,0.0,0.0,0.0
24.791666666666668,0.34349287517425026,0.23028295881633726,1.2,0.0,0.0,0.0,0.0,0.0
24.802083333333332,0.34342433160079117,0.23022475140837104,1.2,0.0,0.0,0.0,0.0,0.0
24.8125,0.3433580233335978,0.23016654747518606,1.2,0.0,0.0,0.0,0.0,0.0
24.822916666666668,0.34329386206126256,0.23010834738123767,1.2,0.0,0.0,0.0,0.0,0.0
24.833333333333332,0.34323176383529086,0.23005015147678756,1.2,0.0,0.0,0.0,0.0,0.0
24.84375,0.3431716488040752,0.22999196009858316,1.2,0.0,0.0,0.0,0.0,0.0
24.854166666666668,0.34311344096620694,0.22993377357049655,1.2,0.0,0.0,0.0,0.0,0.0
24.864583333333332,0.3430570679415005,0.22987559220412637,1.2,0.0,0.0,0.0,0.0,0.0
24.875,0.3430024607582599,0.22981741629936514,1.2,0.0,0.0,0.0,0.0,0.0
24.885416666666668,0.34294955365545604,0.2297592461449341,1.2,0.0,0.0,0.0,0.0,0.0
24.895833333333332,0.3428982838986054,0.2297010820188881,1.2,0.0,0.0,0.0,0.0,0.0
24.90625,0.3428485916082527,0.22964292418909263,1.2,0.0,0.0,0.0,0.0,0.0
24.916666666666668,0.3428004196000599,0.2295847729136744,1.2,0.0,0.0,0.0,0.0,0.0
24.927083333333332,0.34275371323559134,0.22952662844144758,1.2,0.0,0.0,0.0,0.0,0.0
24.9375,0.34270842028296816,0.22946849101231703,1.2,0.0,0.0,0.0,0.0,0.0
24.947916666666668,0.34266449078663536,0.22941036085766023,1.2,0.0,0.0,0.0,0.0,0.0
24.958333333333332,0.34262187694555163,0.22935223820068926,1.2,0.0,0.0,0.0,0.0,0.0
24.96875,0.34258053299917113,0.22929412325679382,1.2,0.0,0.0,0.0,0.0,0.0
24.979166666666668,0.3425404151206392,0.22923601623386658,1.2,0.0,0.0,0.0,0.0,0.0
24.989583333333332,0.3425014813166736,0.2291779173326121,1.2,0.0,0.0,0.0,0.0,0.0
25.0,0.34246369133364524,0.2291198267468404,1.2,0.0,0.0,0.0,0.0,0.0
25.010416666666668,0.34242700656941466,0.22906174466374535,1.2,0.0,0.0,0.0,0.0,0.0
25.020833333333332,0.34239138999051344,0.22900367126417007,1.2,0.0,0.0,0.0,0.0,0.0
25.03125,0.3423568060542958,0.22894560672285877,1.2,0.0,0.0,0.0,0.0,0.0
25.041666666666668,0.3423232206357138,0.22888755120869686,1.2,0.0,0.0,0.0,0.0,0.0
25.052083333333332,0.3422906009583972,0.22882950488493928,1.2,0.0,0.0,0.0,0.0,0.0
25.0625,0.3422589155297444,0.22877146790942823,1.2,0.0,0.0,0.0,0.0,0.0
25.072916666666668,0.34222813407975305,0.2287134404348007,1.2,0.0,0.0,0.0,0.0,0.0
25.083333333333332,0.34219822750334017,0.22865542260868627,1.2,0.0,0.0,0.0,0.0,0.0
25.09375,0.3421691678059204,0.22859741457389568,1.2,0.0,0.0,0.0,0.0,0.0
25.104166666666668,0.34214092805202806,0.2285394164686014,1.2,0.0,0.0,0.0,0.0,0.0
25.114583333333332,0.3421134823167858,0.2284814284265092,1.2,0.0,0.0,0.0,0.0,0.0
25.125,0.34208680564003524,0.22842345057702276,1.2,0.0,0.0,0.0,0.0,0.0
25.135416666666668,0.3420608739829608,0.22836548304540077,1.2,0.0,0.0,0.0,0.0,0.0
25.145833333333332,0.3420356641870484,0.228307525952907,1.2,0.0,0.0,0.0,0.0,0.0
25.15625,0.34201115393523246,0.2282495794169539,1.2,0.0,0.0,0.0,0.0,0.0
25.166666666666668,0.341987321715096,0.2281916435512404,1.2,0.0,0.0,0.0,0.0,0.0
25.177083333333332,0.3419641467839965,0.22813371846588312,1.2,0.0,0.0,0.0,0.0,0.0
25.1875,0.3419416091360012,0.22807580426754254,1.2,0.0,0.0,0.0,0.0,0.0
25.197916666666668,0.34191968947052104,0.22801790105954398,1.2,0.0,0.0,0.0,0.0,0.0
25.208333333333332,0.3418983691625428,0.2279600089419929,1.2,0.0,0.0,0.0,0.0,0.0
25.21875,0.3418776302343633,0.22790212801188617,1.2,0.0,0.0,0.0,0.0,0.0
25.229166666666668,0.3418574553287379,0.2278442583632183,1.2,0.0,0.0,0.0,0.0,0.0
25.239583333333332,0.3418378276833606,0.2277864000870837,1.2,0.0,0.0,0.0,0.0,0.0
25.25,0.3418187311065981,0.2277285532717744,1.2,0.0,0.0,0.0,0.0,0.0
25.260416666666668,0.34180014995440683,0.22767071800287456,1.2,0.0,0.0,0.0,0.0,0.0
25.270833333333332,0.34176527079692454,0.22762408190232505,1.2,0.0,0.02015797372788258,0.0,0.0,0.0
25.28125,0.3417072487458804,0.2275934872450936,1.2,0.0,0.049052553635100055,0.0,0.0,0.0
25.291666666666668,0.3416338856464206,0.2275741412204859,1.2,0.0,0.06931896884254811,0.0,0.0,0.0
25.302083333333332,0.34155222854751977,0.2275616112051957,1.2,0.0,0.08160001850639999,0.0,0.0,0.0
25.3125,0.34144173153762747,0.22756972358218336,1.2,0.0,0.11877319382682372,0.0,0.0,0.0
25.322916666666668,0.34133794904606235,0.22757526634033418,1.2,0.0,0.11414314509873648,0.0,0.0,0.0
25.333333333333332,0.3412041419981929,0.22760260074459185,1.2,0.0,0.15334571200894093,0.0,0.0,0.0
25.34375,0.34107117995418296,0.22763162367405976,1.2,0.0,0.1563570270595601,0.0,0.0,0.0
25.354166666666668,0.34093216142395144,0.22766689059863365,1.2,0.0,0.16755133331904393,0.0,0.0,0.0
25.364583333333332,0.340771335563363,0.22771899105251692,1.2,0.0,0.19774728986522078,0.0,0.0,0.0
25.375,0.34056268079122654,0.2278056568093776,1.2,0.0,0.25970111209620744,0.0,0.0,0.0
25.385416666666668,0.3403670179815068,0.22788692005244807,1.2,0.0,0.24986626747263835,0.0,0.0,0.0
25.395833333333332,0.34016964489447277,0.22797232689045038,1.2,0.0,0.25715208811054713,0.0,0.0,0.0
25.40625,0.33996369248919833,0.22806643104184435,1.2,0.0,0.2725660257791477,0.0,0.0,0.0
25.416666666666668,0.33975319554157574,0.2281665747176826,1.2,0.0,0.2831888948335895,0.0,0.0,0.0
25.427083333333332,0.3395511879652558,0.2282639744606597,1.2,0.0,0.27810379208295055,0.0,0.0,0.0
25.4375,0.33934810769961626,0.22836484365464885,1.2,0.0,0.284115010348711,0.0,0.0,0.0
25.447916666666668,0.33911334967581935,0.22848972922660588,1.2,0.0,0.3267072151404158,0.0,0.0,0.0
25.458333333333332,0.33888276996287875,0.22861480549877616,1.2,0.0,0.32677375038901174,0.0,0.0,0.0
25.46875,0.3386787784840353,0.22872476018095983,1.2,0.0,0.2996359882759339,0.0,0.0,0.0
25.479166666666668,0.3384153698483433,0.22887728420658826,1.2,0.0,0.3749714951581362,0.0,0.0,0.0
25.489583333333332,0.338220475230642,0.22898642827361027,1.2,0.0,0.2977101631902193,0.0,0.0,0.0
25.5,0.3379435910904155,0.22915323494826476,1.2,0.0,0.3995793533080521,0.0,0.0,0.0
25.510416666666668,0.3377482455020949,0.2292675818698076,1.2,0.0,0.30640935621911936,0.0,0.0,0.0
25.520833333333332,0.33748687084637513,0.2294286901691482,1.2,0.0,0.38875257472257657,0.0,0.0,0.0
25.53125,0.3372480393712849,0.22957690759602867,1.2,0.0,0.36561280008225305,0.0,0.0,0.0
25.541666666666668,0.3370168782686861,0.22972198634180974,1.2,0.0,0.35973585183381324,0.0,0.0,0.0
25.552083333333332,0.33677189777326627,0.22987839196632515,1.2,0.0,0.3793150048606001,0.0,0.0,0.0
25.5625,0.33658135365289005,0.22999948342282886,1.2,0.0,0.3169250351093357,0.0,0.0,0.0
25.572916666666668,0.3363978904592723,0.23011706568659757,1.2,0.0,0.3105380457597355,0.0,0.0,0.0
25.583333333333332,0.33622984282385193,0.2302252941890611,1.2,0.0,0.2939291369839709,0.0,0.0,0.0
25.59375,0.33603244647177694,0.23035466334687446,1.2,0.0,0.33075637176999767,0.0,0.0,0.0
25.604166666666668,0.33584053332900415,0.23048141306241587,1.2,0.0,0.3259170308133684,0.0,0.0,0.0
25.614583333333332,0.335661186992476,0.23060055112471042,1.2,0.0,0.31237446724081813,0.0,0.0,0.0
25.625,0.33554156872108587,0.23067948927000548,1.2,0.0,0.2419999665875463,0.0,0.0,0.0
25.635416666666668,0.33544708592070804,0.23074164574619815,1.2,0.0,0.21262993165439792,0.0,0.0,0.0
25.645833333333332,0.3353164380050238,0.23082906450814447,1.2,0.0,0.2566122181882571,0.0,0.0,0.0
25.65625,0.33523307270417196,0.23088440965233462,1.2,0.0,0.20061997657712308,0.0,0.0,0.0
25.666666666666668,0.33516255343737744,0.23093118283196942,1.2,0.0,0.18564441568777929,0.0,0.0,0.0
25.677083333333332,0.3351010348088934,0.23097197208466405,1.2,0.0,0.1751931289370028,0.0,0.0,0.0
25.6875,0.3350657888722481,0.23099482767505414,1.2,0.0,0.14395396910900218,0.0,0.0,0.0
25.697916666666668,0.33505346580226036,0.2310019734982142,1.2,0.0,0.11660451823183372,0.0,0.0,0.0
25.708333333333332,0.33504590888457914,0.2310058646552254,1.2,0.0,0.11093916069014416,0.0,0.0,0.0
25.71875,0.3350496974008625,0.23100195238274385,1.2,0.0,0.09735745922223883,0.0,0.0,0.0
25.729166666666668,0.3350781810946906,0.23098100628794846,1.2,0.0,0.06770682237869001,0.0,0.0,0.0
25.739583333333332,0.3351237868716427,0.230948191687661,1.2,0.0,0.047034939916952276,0.0,0.0,0.0
25.75,0.3351892472548604,0.2309015888869326,1.2,0.0,0.023001669883740052,0.0,0.0,0.0
25.760416666666668,0.335273614676266,0.23084180625023046,1.2,0.0,0.0,0.0,0.0,0.0
25.770833333333332,0.3353576238955748,0.2307820540638802,1.2,0.0,0.0,0.0,0.0,0.0
25.78125,0.33544125204865827,0.2307223322369048,1.2,0.0,0.0,0.0,0.0,0.0
25.791666666666668,0.3355244766962617,0.2306626406745303,1.2,0.0,0.0,0.0,0.0,0.0
25.802083333333332,0.33560727584669725,0.2306029792782773,1.2,0.0,0.0,0.0,0.0,0.0
25.8125,0.33568962797749563,0.23054334794605646,1.2,0.0,0.0,0.0,0.0,0.0
25.822916666666668,0.3357715120559751,0.23048374657226642,1.2,0.0,0.0,0.0,0.0,0.0
25.833333333333332,0.3358529075586917,0.23042417504789536,1.2,0.0,0.0,0.0,0.0,0.0
25.84375,0.33593379448973826,0.23036463326062495,1.2,0.0,0.0,0.0,0.0,0.0
25.854166666666668,0.3360141533978643,0.23030512109493692,1.2,0.0,0.0,0.0,0.0,0.0
25.864583333333332,0.33609396539239306,0.23024563843222204,1.2,0.0,0.0,0.0,0.0,0.0
25.875,0.3361732121579171,0.23018618515089107,1.2,0.0,0.0,0.0,0.0,0.0
25.885416666666668,0.33625187596775713,0.23012676112648753,1.2,0.0,0.0,0.0,0.0,0.0
25.895833333333332,0.33632993969617364,0.23006736623180218,1.2,0.0,0.0,0.0,0.0,0.0
25.90625,0.3364073868293259,0.23000800033698882,1.2,0.0,0.0,0.0,0.0,0.0
25.916666666666668,0.3364842014749759,0.2299486633096813,1.2,0.0,0.0,0.0,0.0,0.0
25.927083333333332,0.336560368370939,0.22988935501511157,1.2,0.0,0.0,0.0,0.0,0.0
25.9375,0.3366358728922889,0.22983007531622823,1.2,0.0,0.0,0.0,0.0,0.0
25.947916666666668,0.3367107010573253,0.2297708240738158,1.2,0.0,0.0,0.0,0.0,0.0
25.958333333333332,0.33678483953231936,0.22971160114661432,1.2,0.0,0.0,0.0,0.0,0.0
25.96875,0.3368582756350538,0.2296524063914387,1.2,0.0,0.0,0.0,0.0,0.0
25.979166666666668,0.33693099733717835,0.22959323966329845,1.2,0.0,0.0,0.0,0.0,0.0
25.989583333333332,0.33700299326540434,0.22953410081551653,1.2,0.0,0.0,0.0,0.0,0.0
26.0,0.33707425270156577,0.22947498969984828,1.2,0.0,0.0,0.0,0.0,0.0
26.010416666666668,0.3371447655815762,0.22941590616659918,1.2,0.0,0.0,0.0,0.0,0.0
26.020833333333332,0.3372145224933136,0.22935685006474205,1.2,0.0,0.0,0.0,0.0,0.0
26.03125,0.3372835146734682,0.22929782124203305,1.2,0.0,0.0,0.0,0.0,0.0
26.041666666666668,0.3373517340033898,0.22923881954512643,1.2,0.0,0.0,0.0,0.0,0.0
26.052083333333332,0.33741917300397295,0.22917984481968814,1.2,0.0,0.0,0.0,0.0,0.0
26.0625,0.3374858248296209,0.22912089691050783,1.2,0.0,0.0,0.0,0.0,0.0
26.072916666666668,0.3375516832613297,0.22906197566160882,1.2,0.0,0.0,0.0,0.0,0.0
26.083333333333332,0.3376167426989354,0.22900308091635713,1.2,0.0,0.0,0.0,0.0,0.0
26.09375,0.33768099815256875,0.22894421251756766,1.2,0.0,0.0,0.0,0.0,0.0
26.104166666666668,0.3377444452333623,0.22888537030760892,1.2,0.0,0.0,0.0,0.0,0.0
26.114583333333332,0.33780708014345445,0.2288265541285056,1.2,0.0,0.0,0.0,0.0,0.0
26.125,0.337868899665338,0.22876776382203856,1.2,0.0,0.0,0.0,0.0,0.0
26.135416666666668,0.33792990115059734,0.2287089992298431,1.2,0.0,0.0,0.0,0.0,0.0
26.145833333333332,0.3379900825080821,0.22865026019350398,1.2,0.0,0.0,0.0,0.0,0.0
26.15625,0.33804944219156197,0.22859154655464886,1.2,0.0,0.0,0.0,0.0,0.0
26.166666666666668,0.3381079791869092,0.22853285815503843,1.2,0.0,0.0,0.0,0.0,0.0
26.177083333333332,0.33816569299885324,0.22847419483665468,1.2,0.0,0.0,0.0,0.0,0.0
26.1875,0.3382225836373524,0.2284155564417858,1.2,0.0,0.0,0.0,0.0,0.0
26.197916666666668,0.33827865160362675,0.22835694281310875,1.2,0.0,0.0,0.0,0.0,0.0
26.208333333333332,0.33833389787589385,0.2282983537937692,1.2,0.0,0.0,0.0,0.0,0.0
26.21875,0.3383883238948508,0.22823978922745852,1.2,0.0,0.0,0.0,0.0,0.0
26.229166666666668,0.3384419315489423,0.22818124895848804,1.2,0.0,0.0,0.0,0.0,0.0
26.239583333333332,0.3384947231594546,0.2281227328318603,1.2,0.0,0.0,0.0,0.0,0.0
26.25,0.3385467014654737,0.22806424069333817,1.2,0.0,0.0,0.0,0.0,0.0
26.260416666666668,0.33859786960874483,0.2280057723895103,1.2,0.0,0.0,0.0,0.0,0.0
26.270833333333332,0.33863095949518573,0.22795895405382482,1.2,0.0,0.020725947939345277,0.0,0.0,0.0
26.28125,0.33864560269992555,0.22792421034370483,1.2,0.0,0.042230228841950275,0.0,0.0,0.0
26.291666666666668,0.33864672576422006,0.2278984140874385,1.2,0.0,0.05817338999771764,0.0,0.0,0.0
26.302083333333332,0.3386261337045185,0.2278872215470199,1.2,0.0,0.08420995023172083,0.0,0.0,0.0
26.3125,0.3385959688639421,0.22788269293033542,1.2,0.0,0.09609229719488312,0.0,0.0,0.0
26.322916666666668,0.3385311349583748,0.22790182388195246,1.2,0.0,0.13827064892421925,0.0,0.0,0.0
26.333333333333332,0.33845768986387587,0.2279274458669009,1.2,0.0,0.14982821173538668,0.0,0.0,0.0
26.34375,0.33835112628424374,0.22797615546649672,1.2,0.0,0.1909361093974521,0.0,0.0,0.0
26.354166666666668,0.33824251533690286,0.22802736173872157,1.2,0.0,0.19533482387808865,0.0,0.0,0.0
26.364583333333332,0.3381176288323102,0.2280906598398614,1.2,0.0,0.2167963284957314,0.0,0.0,0.0
26.375,0.33797986001231917,0.22816390981280804,1.2,0.0,0.23441495804231416,0.0,0.0,0.0
26.385416666666668,0.3378365246279578,0.22824227271377112,1.2,0.0,0.2434026228326251,0.0,0.0,0.0
26.395833333333332,0.3376624853424431,0.2283427626993149,1.2,0.0,0.2825649863151676,0.0,0.0,0.0
26.40625,0.33752028574523557,0.22842332089479225,1.2,0.0,0.24705724836178167,0.0,0.0,0.0
26.416666666666668,0.3373437692631226,0.22852837870110929,1.2,0.0,0.29035043932881044,0.0,0.0,0.0
26.427083333333332,0.3371704898479884,0.22863276050969933,1.2,0.0,0.2889724176209939,0.0,0.0,0.0
26.4375,0.336975524333689,0.2287532843815776,1.2,0.0,0.31733084224865404,0.0,0.0,0.0
26.447916666666668,0.33677607290553435,0.22887839334309618,1.2,0.0,0.3251927639806352,0.0,0.0,0.0
26.458333333333332,0.3366036448568674,0.22898660462250092,1.2,0.0,0.2951378310316241,0.0,0.0,0.0
26.46875,0.336402562184148,0.22911552526337486,1.2,0.0,0.33144232227058246,0.0,0.0,0.0
26.479166666666668,0.33619311241506655,0.22925148369164047,1.2,0.0,0.3435653042148847,0.0,0.0,0.0
26.489583333333332,0.33599862166636013,0.2293785272051531,1.2,0.0,0.3276057201175757,0.0,0.0,0.0
26.5,0.335785403458736,0.22951947481732085,1.2,0.0,0.35176517413792546,0.0,0.0,0.0
26.510416666666668,0.3356129449215243,0.22963365792832674,1.2,0.0,0.3045226330201901,0.0,0.0,0.0
26.520833333333332,0.3354270656891496,0.22975784064730267,1.2,0.0,0.32183987055773716,0.0,0.0,0.0
26.53125,0.3352524965961001,0.2298750716701751,1.2,0.0,0.30943666564866523,0.0,0.0,0.0
26.541666666666668,0.3350300875035517,0.230025818245851,1.2,0.0,0.3678123316234705,0.0,0.0,0.0
26.552083333333332,0.33486239213923996,0.23013975609239387,1.2,0.0,0.30320606218924673,0.0,0.0,0.0
26.5625,0.3346849614341035,0.23026088133266695,1.2,0.0,0.31554498942755854,0.0,0.0,0.0
26.572916666666668,0.33446192126737784,0.2304138768912949,1.2,0.0,0.3708442969506294,0.0,0.0,0.0
26.583333333333332,0.33425846753651084,0.23055386978273987,1.2,0.0,0.34786974562214484,0.0,0.0,0.0
26.59375,0.3341158344764176,0.23065221307732348,1.2,0.0,0.27518813925837604,0.0,0.0,0.0
26.604166666666668,0.33396839781847926,0.23075402287883423,1.2,0.0,0.28106289934076434,0.0,0.0,0.0
26.614583333333332,0.33380007369146303,0.23087038435541216,1.2,0.0,0.30615561908613775,0.0,0.0,0.0
26.625,0.3336797957786859,0.23095360368215478,1.2,0.0,0.24850016199925462,0.0,0.0,0.0
26.635416666666668,0.3335845730399306,0.23101953009616005,1.2,0.0,0.21843395317298187,0.0,0.0,0.0
26.645833333333332,0.3334604276330467,0.2311055373437531,1.2,0.0,0.2531411549273972,0.0,0.0,0.0
26.65625,0.33335824399080133,0.23117637766636262,1.2,0.0,0.22678703736107947,0.0,0.0,0.0
26.666666666666668,0.3332726508282758,0.23123574982671385,1.2,0.0,0.20687846169728943,0.0,0.0,0.0
26.677083333333332,0.3332266685920217,0.23126765824786105,1.2,0.0,0.15934535017155574,0.0,0.0,0.0
26.6875,0.33320357432957964,0.23128368735560606,1.2,0.0,0.1318797815971252,0.0,0.0,0.0
26.697916666666668,0.333182542631511,0.23129828682604126,1.2,0.0,0.12940470434905293,0.0,0.0,0.0
26.708333333333332,0.3331875867753687,0.23129478518948846,1.2,0.0,0.09811369403740905,0.0,0.0,0.0
26.71875,0.33320208368296345,0.23128472204975362,1.2,0.0,0.08677037755296634,0.0,0.0,0.0
26.729166666666668,0.33323670136405886,0.23126069546229377,1.2,0.0,0.0626254493521826,0.0,0.0,0.0
26.739583333333332,0.3332882582270033,0.23122492139679318,1.2,0.0,0.04229843113334096,0.0,0.0,0.0
26.75,0.3333574489478486,0.23117692901192424,1.2,0.0,0.02113780165232295,0.0,0.0,0.0
26.760416666666668,0.33344425450340415,0.2311167467131337,1.2,0.0,0.0,0.0,0.0,0.0
26.770833333333332,0.3335310600589597,0.23105659574070828,1.2,0.0,0.0,0.0,0.0,0.0
26.78125,0.3336178656145153,0.2309964760701951,1.2,0.0,0.0,0.0,0.0,0.0
26.791666666666668,0.33370467117007085,0.2309363876771668,1.2,0.0,0.0,0.0,0.0,0.0
26.802083333333332,0.3337914767256264,0.2308763305372213,1.2,0.0,0.0,0.0,0.0,0.0
26.8125,0.333878282281182,0.2308163046259821,1.2,0.0,0.0,0.0,0.0,0.0
26.822916666666668,0.33396508783673756,0.23075630991909785,1.2,0.0,0.0,0.0,0.0,0.0
26.833333333333332,0.33405189339229313,0.23069634639224257,1.2,0.0,0.0,0.0,0.0,0.0
26.84375,0.33413869430550375,0.23063641402028298,1.2,0.0,0.0,0.0,0.0,0.0
26.854166666666668,0.33422546669983605,0.2305765127738338,1.2,0.0,0.0,0.0,0.0,0.0
26.864583333333332,0.3343121846202892,0.23051664261890023,1.2,0.0,0.0,0.0,0.0,0.0
26.875,0.33439882216539674,0.23045680351690295,1.2,0.0,0.0,0.0,0.0,0.0
26.885416666666668,0.3344853535181704,0.2303969954247087,1.2,0.0,0.0,0.0,0.0,0.0
26.895833333333332,0.33457175297685204,0.23033721829466638,1.2,0.0,0.0,0.0,0.0,0.0
26.90625,0.33465799498539595,0.23027747207464835,1.2,0.0,0.0,0.0,0.0,0.0
26.916666666666668,0.33474405416360425,0.2302177567080967,1.2,0.0,0.0,0.0,0.0,0.0
26.927083333333332,0.3348299053368411,0.2301580721340748,1.2,0.0,0.0,0.0,0.0,0.0
26.9375,0.3349155235652511,0.23009841828732408,1.2,0.0,0.0,0.0,0.0,0.0
26.947916666666668,0.3350008841724114,0.23003879509832495,1.2,0.0,0.0,0.0,0.0,0.0
26.958333333333332,0.33508596277334773,0.22997920249336304,1.2,0.0,0.0,0.0,0.0,0.0
26.96875,0.3351707353018481,0.22991964039459958,1.2,0.0,0.0,0.0,0.0,0.0
26.979166666666668,0.335255178037011,0.22986010872014656,1.2,0.0,0.0,0.0,0.0,0.0
26.989583333333332,0.3353392676289668,0.22980060738414557,1.2,0.0,0.0,0.0,0.0,0.0
27.0,0.3354229811237165,0.22974113629685108,1.2,0.0,0.0,0.0,0.0,0.0
27.010416666666668,0.33550629598703297,0.22968169536471733,1.2,0.0,0.0,0.0,0.0,0.0
27.020833333333332,0.33558919012737665,0.2296222844904889,1.2,0.0,0.0,0.0,0.0,0.0
27.03125,0.33567164191777843,0.2295629035732948,1.2,0.0,0.0,0.0,0.0,0.0
27.041666666666668,0.3357536302166491,0.2295035525087456,1.2,0.0,0.0,0.0,0.0,0.0
27.052083333333332,0.3358351343874773,0.2294442311890337,1.2,0.0,0.0,0.0,0.0,0.0
27.0625,0.335916134317383,0.2293849395030364,1.2,0.0,0.0,0.0,0.0,0.0
27.072916666666668,0.3359966104344977,0.2293256773364214,1.2,0.0,0.0,0.0,0.0,0.0
27.083333333333332,0.3360765437241465,0.22926644457175485,1.2,0.0,0.0,0.0,0.0,0.0
27.09375,0.33615591574381265,0.22920724108861143,1.2,0.0,0.0,0.0,0.0,0.0
27.104166666666668,0.33623470863686766,0.22914806676368613,1.2,0.0,0.0,0.0,0.0,0.0
27.114583333333332,0.3363129051450572,0.22908892147090792,1.2,0.0,0.0,0.0,0.0,0.0
27.125,0.3363904886197342,0.22902980508155488,1.2,0.0,0.0,0.0,0.0,0.0
27.135416666666668,0.3364674430318374,0.22897071746437042,1.2,0.0,0.0,0.0,0.0,0.0
27.145833333333332,0.3365437529806162,0.22891165848568068,1.2,0.0,0.0,0.0,0.0,0.0
27.15625,0.3366194037011073,0.22885262800951225,1.2,0.0,0.0,0.0,0.0,0.0
27.166666666666668,0.33669438107037236,0.22879362589771116,1.2,0.0,0.0,0.0,0.0,0.0
27.177083333333332,0.33676867161250945,0.22873465201006146,1.2,0.0,0.0,0.0,0.0,0.0
27.1875,0.3368422625024554,0.22867570620440447,1.2,0.0,0.0,0.0,0.0,0.0
27.197916666666668,0.3369151415685986,0.22861678833675766,1.2,0.0,0.0,0.0,0.0,0.0
27.208333333333332,0.33698729729422533,0.22855789826143363,1.2,0.0,0.0,0.0,0.0,0.0
27.21875,0.33705871881782684,0.22849903583115808,1.2,0.0,0.0,0.0,0.0,0.0
27.229166666666668,0.3371293959322949,0.22844020089718745,1.2,0.0,0.0,0.0,0.0,0.0
27.239583333333332,0.3371993190830386,0.22838139330942592,1.2,0.0,0.0,0.0,0.0,0.0
27.25,0.33726847936505605,0.228322612916541,1.2,0.0,0.0,0.0,0.0,0.0
27.260416666666668,0.3373368685189976,0.22826385956607823,1.2,0.0,0.0,0.0,0.0,0.0
27.270833333333332,0.3373849522221717,0.22821834084865344,1.2,0.0,0.02343204490345946,0.0,0.0,0.0
27.28125,0.3374090162188878,0.2281887041487552,1.2,0.0,0.051587072654412224,0.0,0.0,0.0
27.291666666666668,0.3374224130831673,0.2281660957364121,1.2,0.0,0.06404942207001718,0.0,0.0,0.0
27.302083333333332,0.3374029546913931,0.22816559967735778,1.2,0.0,0.10328640376824832,0.0,0.0,0.0
27.3125,0.3373855840661855,0.22816384652377492,1.2,0.0,0.101055827453282,0.0,0.0,0.0
27.322916666666668,0.337327785867773,0.22818957523343494,1.2,0.0,0.1498128571306885,0.0,0.0,0.0
27.333333333333332,0.33727244223902153,0.22821410293731867,1.2,0.0,0.14767006641442712,0.0,0.0,0.0
27.34375,0.33718017941710676,0.22826405426253887,1.2,0.0,0.19272874893809422,0.0,0.0,0.0
27.354166666666668,0.3370886399475674,0.22831423523680316,1.2,0.0,0.19309229144270984,0.0,0.0,0.0
27.364583333333332,0.3369999989834762,0.22836314694474502,1.2,0.0,0.19080118865130563,0.0,0.0,0.0
27.375,0.33687629444844347,0.22843648684062265,1.2,0.0,0.23399394933827672,0.0,0.0,0.0
27.385416666666668,0.33676126388575134,0.22850484155475648,1.2,0.0,0.22508896017219357,0.0,0.0,0.0
27.395833333333332,0.3366124221196628,0.2285969581367069,1.2,0.0,0.2670039294051139,0.0,0.0,0.0
27.40625,0.33646047598641493,0.22869219942966904,1.2,0.0,0.2723837646970016,0.0,0.0,0.0
27.416666666666668,0.3363124645944626,0.22878575029756515,1.2,0.0,0.26925663313979137,0.0,0.0,0.0
27.427083333333332,0.33612360877421,0.22890802211201408,1.2,0.0,0.3197313692959555,0.0,0.0,0.0
27.4375,0.3359404797456151,0.22902750786135484,1.2,0.0,0.3145923193071987,0.0,0.0,0.0
27.447916666666668,0.33573444296143923,0.22916363153435776,1.2,0.0,0.3436212507360658,0.0,0.0,0.0
27.458333333333332,0.33551530535802077,0.22930976473126508,1.2,0.0,0.36090857909858254,0.0,0.0,0.0
27.46875,0.33531649333775465,0.22944301749816182,1.2,0.0,0.3379910774626065,0.0,0.0,0.0
27.479166666666668,0.3351212125090863,0.22957467223241923,1.2,0.0,0.33491830857580185,0.0,0.0,0.0
27.489583333333332,0.33491164646423743,0.22971683967748704,1.2,0.0,0.3530453394137117,0.0,0.0,0.0
27.5,0.33466710867931343,0.22988370795372495,1.2,0.0,0.39589272532521574,0.0,0.0,0.0
27.510416666666668,0.33448078074652593,0.23001124111145532,1.2,0.0,0.3268395505266676,0.0,0.0,0.0
27.520833333333332,0.3342634595782038,0.23016050856845363,1.2,0.0,0.3644738916749162,0.0,0.0,0.0
27.53125,0.3340879217780683,0.23028135798025265,1.2,0.0,0.31466843738566685,0.0,0.0,0.0
27.541666666666668,0.33391178364838114,0.23040282197436124,1.2,0.0,0.31551643085565007,0.0,0.0,0.0
27.552083333333332,0.3337359076115987,0.23052424233779273,1.2,0.0,0.3152179108055589,0.0,0.0,0.0
27.5625,0.33352759351925765,0.2306682227737096,1.2,0.0,0.35414357747591657,0.0,0.0,0.0
27.572916666666668,0.33331052710008585,0.23081844402705506,1.2,0.0,0.3646463696727951,0.0,0.0,0.0
27.583333333333332,0.33317256951336593,0.23091401958885757,1.2,0.0,0.2697157707305361,0.0,0.0,0.0
27.59375,0.33300447186575666,0.23103058289887982,1.2,0.0,0.30588384379780764,0.0,0.0,0.0
27.604166666666668,0.33282181007411193,0.23115737885671575,1.2,0.0,0.32336081664036415,0.0,0.0,0.0
27.614583333333332,0.33265826873820514,0.23127102036241567,1.2,0.0,0.3004162697548354,0.0,0.0,0.0
27.625,0.332494541255894,0.23138490320016827,1.2,0.0,0.30063964544005944,0.0,0.0,0.0
27.635416666666668,0.3323684092354988,0.2314727125241552,1.2,0.0,0.2555250911408772,0.0,0.0,0.0
27.645833333333332,0.332283192935192,0.23153207528640946,1.2,0.0,0.2064262270348495,0.0,0.0,0.0
27.65625,0.33221794892011736,0.23157754568395827,1.2,0.0,0.18245948475624518,0.0,0.0,0.0
27.666666666666668,0.3321570867775856,0.23161997833451317,1.2,0.0,0.17720123770478513,0.0,0.0,0.0
27.677083333333332,0.33210309244550196,0.23165763581591542,1.2,0.0,0.16895986516702294,0.0,0.0,0.0
27.6875,0.3320686788799937,0.23168164339546954,1.2,0.0,0.1454629452766001,0.0,0.0,0.0
27.697916666666668,0.33204274812698603,0.231699736485908,1.2,0.0,0.13528357027586962,0.0,0.0,0.0
27.708333333333332,0.3320344849927397,0.2317055026521165,1.2,0.0,0.11408242776231141,0.0,0.0,0.0
27.71875,0.3320556021302068,0.23169076729779634,1.2,0.0,0.07882610170616783,0.0,0.0,0.0
27.729166666666668,0.33209242053707516,0.23166508021669938,1.2,0.0,0.059984578424597715,0.0,0.0,0.0
27.739583333333332,0.3321397262922348,0.23163208479129177,1.2,0.0,0.047399760475082625,0.0,0.0,0.0
27.75,0.33220798950990127,0.23158448824960123,1.2,0.0,0.022250805466912573,0.0,0.0,0.0
27.760416666666668,0.33229479506545684,0.23152399130394008,1.2,0.0,0.0,0.0,0.0,0.0
27.770833333333332,0.3323816006210124,0.23146352595732633,1.2,0.0,0.0,0.0,0.0,0.0
27.78125,0.332468406176568,0.231403092185009,1.2,0.0,0.0,0.0,0.0,0.0
27.791666666666668,0.33255521173212355,0.23134268996226298,1.2,0.0,0.0,0.0,0.0,0.0
27.802083333333332,0.3326420172876791,0.2312823192643889,1.2,0.0,0.0,0.0,0.0,0.0
27.8125,0.3327288228432347,0.23122198006671327,1.2,0.0,0.0,0.0,0.0,0.0
27.822916666666668,0.33281562839879025,0.2311616723445882,1.2,0.0,0.0,0.0,0.0,0.0
27.833333333333332,0.3329024339543458,0.23110139607339164,1.2,0.0,0.0,0.0,0.0,0.0
27.84375,0.3329892395099014,0.23104115122852714,1.2,0.0,0.0,0.0,0.0,0.0
27.854166666666668,0.33307604506545696,0.23098093778542395,1.2,0.0,0.0,0.0,0.0,0.0
27.864583333333332,0.33316285062101253,0.23092075571953682,1.2,0.0,0.0,0.0,0.0,0.0
27.875,0.3332496561765681,0.23086060500634623,1.2,0.0,0.0,0.0,0.0,0.0
27.885416666666668,0.33333646173212367,0.23080048562135805,1.2,0.0,0.0,0.0,0.0,0.0
27.895833333333332,0.33342326728767924,0.23074039754010373,1.2,0.0,0.0,0.0,0.0,0.0
27.90625,0.3335100728432348,0.23068034073814023,1.2,0.0,0.0,0.0,0.0,0.0
27.916666666666668,0.3335968783987904,0.23062031519104986,1.2,0.0,0.0,0.0,0.0,0.0
27.927083333333332,0.33368368395434594,0.23056032087444042,1.2,0.0,0.0,0.0,0.0,0.0
27.9375,0.3337704895099015,0.23050035776394504,1.2,0.0,0.0,0.0,0.0,0.0
27.947916666666668,0.3338572950654571,0.2304404258352222,1.2,0.0,0.0,0.0,0.0,0.0
27.958333333333332,0.33394410062101265,0.23038052506395573,1.2,0.0,0.0,0.0,0.0,0.0
27.96875,0.3340309061765682,0.2303206554258547,1.2,0.0,0.0,0.0,0.0,0.0
27.979166666666668,0.33411771008546415,0.2302608168963585,1.2,0.0,0.0,0.0,0.0,0.0
27.989583333333332,0.33420449175517347,0.23020100944724733,1.2,0.0,0.0,0.0,0.0,0.0
28.0,0.3342912252224119,0.23014123304569437,1.2,0.0,0.0,0.0,0.0,0.0
28.010416666666668,0.334377884569928,0.23008148765428946,1.2,0.0,0.0,0.0,0.0,0.0
28.020833333333332,0.33446444395748204,0.23002177323106837,1.2,0.0,0.0,0.0,0.0,0.0
28.03125,0.3345508776526512,0.22996208972954746,1.2,0.0,0.0,0.0,0.0,0.0
28.041666666666668,0.3346371600613842,0.22990243709876365,1.2,0.0,0.0,0.0,0.0,0.0
28.052083333333332,0.3347232657582278,0.2298428152833194,1.2,0.0,0.0,0.0,0.0,0.0
28.0625,0.33480916951614925,0.22978322422343306,1.2,0.0,0.0,0.0,0.0,0.0
28.072916666666668,0.3348948463358814,0.22972366385499415,1.2,0.0,0.0,0.0,0.0,0.0
28.083333333333332,0.3349802714747182,0.2296641341096232,1.2,0.0,0.0,0.0,0.0,0.0
28.09375,0.3350654204746906,0.22960463491473662,1.2,0.0,0.0,0.0,0.0,0.0
28.104166666666668,0.33515026919005614,0.22954516619361617,1.2,0.0,0.0,0.0,0.0,0.0
28.114583333333332,0.33523479381403753,0.22948572786548255,1.2,0.0,0.0,0.0,0.0,0.0
28.125,0.3353189709047498,0.22942631984557335,1.2,0.0,0.0,0.0,0.0,0.0
28.135416666666668,0.33540277741025715,0.22936694204522529,1.2,0.0,0.0,0.0,0.0,0.0
28.145833333333332,0.33548619069270563,0.22930759437195983,1.2,0.0,0.0,0.0,0.0,0.0
28.15625,0.33556918855148155,0.22924827672957288,1.2,0.0,0.0,0.0,0.0,0.0
28.166666666666668,0.33565174924534785,0.22918898901822798,1.2,0.0,0.0,0.0,0.0,0.0
28.177083333333332,0.3357338515135168,0.22912973113455237,1.2,0.0,0.0,0.0,0.0,0.0
28.1875,0.33581547459561994,0.22907050297173648,1.2,0.0,0.0,0.0,0.0,0.0
28.197916666666668,0.3358965982505409,0.22901130441963619,1.2,0.0,0.0,0.0,0.0,0.0
28.208333333333332,0.33597720277408183,0.2289521353648774,1.2,0.0,0.0,0.0,0.0,0.0
28.21875,0.3360572690154371,0.22889299569096347,1.2,0.0,0.0,0.0,0.0,0.0
28.229166666666668,0.3361367783924537,0.22883388527838455,1.2,0.0,0.0,0.0,0.0,0.0
28.239583333333332,0.3362157129056613,0.22877480400472883,1.2,0.0,0.0,0.0,0.0,0.0
28.25,0.3362940551510595,0.22871575174479572,1.2,0.0,0.0,0.0,0.0,0.0
28.260416666666668,0.3363717883316542,0.22865672837071022,1.2,0.0,0.0,0.0,0.0,0.0
28.270833333333332,0.33643174051307767,0.22860939069805283,1.2,0.0,0.020586905594584835,0.0,0.0,0.0
28.28125,0.3364658894258827,0.22857926216703667,1.2,0.0,0.05095508360177211,0.0,0.0,0.0
28.291666666666668,0.3364836288943076,0.2285600905582777,1.2,0.0,0.07030043177301919,0.0,0.0,0.0
28.302083333333332,0.3364759673425743,0.22855807161090494,1.2,0.0,0.10060002157860058,0.0,0.0,0.0
28.3125,0.3364695585492529,0.22855524616197345,1.2,0.0,0.09917531782661757,0.0,0.0,0.0
28.322916666666668,0.33642600773754555,0.22857769039990009,1.2,0.0,0.14381130658202712,0.0,0.0,0.0
28.333333333333332,0.33637158333070727,0.2286077792706163,1.2,0.0,0.15730067672194806,0.0,0.0,0.0
28.34375,0.3363026856197728,0.22864802273354498,1.2,0.0,0.17520878800522535,0.0,0.0,0.0
28.354166666666668,0.3361983500291412,0.22871276459940926,1.2,0.0,0.21840045651272996,0.0,0.0,0.0
28.364583333333332,0.3360762316989749,0.22879020111307674,1.2,0.0,0.24071123647166548,0.0,0.0,0.0
28.375,0.33596775931835987,0.22885900893177932,1.2,0.0,0.22541596087927326,0.0,0.0,0.0
28.385416666666668,0.3358282907654024,0.22894950452362436,1.2,0.0,0.26351882015003386,0.0,0.0,0.0
28.395833333333332,0.3357137070575133,0.22902371830384224,1.2,0.0,0.23475222957601774,0.0,0.0,0.0
28.40625,0.33554470276271897,0.22913561547266323,1.2,0.0,0.30089652083248214,0.0,0.0,0.0
28.416666666666668,0.33535931055474644,0.22925947494275198,1.2,0.0,0.3217012113979934,0.0,0.0,0.0
28.427083333333332,0.3352205823703806,0.22935217357642765,1.2,0.0,0.2668181250988954,0.0,0.0,0.0
28.4375,0.33505095376867366,0.2294665312302591,1.2,0.0,0.30463901653544717,0.0,0.0,0.0
28.447916666666668,0.33490107088041476,0.22956792292916015,1.2,0.0,0.28174126122720144,0.0,0.0,0.0
28.458333333333332,0.3346806103388011,0.22971818363635518,1.2,0.0,0.3670396911849262,0.0,0.0,0.0
28.46875,0.33445155090688494,0.22987496470542534,1.2,0.0,0.37807970675767427,0.0,0.0,0.0
28.479166666666668,0.33427029715852125,0.22999936970955678,1.2,0.0,0.32124936335251536,0.0,0.0,0.0
28.489583333333332,0.33402461968978103,0.23016844914664317,1.2,0.0,0.3988284898262809,0.0,0.0,0.0
28.5,0.3337940207861388,0.23032745844044714,1.2,0.0,0.38088409714667953,0.0,0.0,0.0
28.510416666666668,0.33360991166407866,0.23045456913073895,1.2,0.0,0.32509761313884306,0.0,0.0,0.0
28.520833333333332,0.33343049300141664,0.23057857653697703,1.2,0.0,0.3194690618611101,0.0,0.0,0.0
28.53125,0.3332273400208672,0.2307191494115539,1.2,0.0,0.34795024332603475,0.0,0.0,0.0
28.541666666666668,0.3330027517299925,0.23087475419010065,1.2,0.0,0.37367261571629823,0.0,0.0,0.0
28.552083333333332,0.33284792896971266,0.2309821445735508,1.2,0.0,0.2899539790024709,0.0,0.0,0.0
28.5625,0.3326964536316269,0.23108730980167128,1.2,0.0,0.2859370723695447,0.0,0.0,0.0
28.572916666666668,0.3325038503709354,0.2312211674075985,1.2,0.0,0.3352905794965031,0.0,0.0,0.0
28.583333333333332,0.3323213272423919,0.23134816259990504,1.2,0.0,0.3231944209188378,0.0,0.0,0.0
28.59375,0.33218915352302436,0.2314402130079192,1.2,0.0,0.26277512990770785,0.0,0.0,0.0
28.604166666666668,0.33202354949468854,0.23155564889085983,1.2,0.0,0.30289150066966514,0.0,0.0,0.0
28.614583333333332,0.3318938608097836,0.2316461300691308,1.2,0.0,0.2597930885526084,0.0,0.0,0.0
28.625,0.3317560670235873,0.23174234352381248,1.2,0.0,0.2695192101022643,0.0,0.0,0.0
28.635416666666668,0.33163727967665985,0.23182535004884725,1.2,0.0,0.24671148297958434,0.0,0.0,0.0
28.645833333333332,0.3315449672604073,0.23188989742650296,1.2,0.0,0.21494156616977733,0.0,0.0,0.0
28.65625,0.3314490163087714,0.23195702707612634,1.2,0.0,0.21930780862973842,0.0,0.0,0.0
28.666666666666668,0.33137011428012214,0.2320122580073632,1.2,0.0,0.1988491010457636,0.0,0.0,0.0
28.677083333333332,0.33129289448668314,0.23206633685703612,1.2,0.0,0.19683041879347557,0.0,0.0,0.0
28.6875,0.3312693357173836,0.2320828406402202,1.2,0.0,0.13243718982615604,0.0,0.0,0.0
28.697916666666668,0.33123775915529424,0.2321049648637569,1.2,0.0,0.14205854117389716,0.0,0.0,0.0
28.708333333333332,0.33123135949010774,0.23210944932460487,1.2,0.0,0.11184626489046022,0.0,0.0,0.0
28.71875,0.33124340896686405,0.23210100599459785,1.2,0.0,0.08970729455911701,0.0,0.0,0.0
28.729166666666668,0.3312734798913346,0.23207993732401458,1.2,0.0,0.06808155730200109,0.0,0.0,0.0
28.739583333333332,0.3313233908408038,0.23204497652636247,1.2,0.0,0.04427352730362196,0.0,0.0,0.0
28.75,0.3313907330868689,0.23199782243197412,1.2,0.0,0.02335597138855139,0.0,0.0,0.0
28.760416666666668,0.33147753864242446,0.2319370680896245,1.2,0.0,0.0,0.0,0.0,0.0
28.770833333333332,0.33156434419798003,0.23187634555898523,1.2,0.0,0.0,0.0,0.0,0.0
28.78125,0.3316511497535356,0.23181565481507738,1.2,0.0,0.0,0.0,0.0,0.0
28.791666666666668,0.33173795530909117,0.23175499583294806,1.2,0.0,0.0,0.0,0.0,0.0
28.802083333333332,0.33182476086464674,0.23169436858767067,1.2,0.0,0.0,0.0,0.0,0.0
28.8125,0.3319115664202023,0.23163377305434452,1.2,0.0,0.0,0.0,0.0,0.0
28.822916666666668,0.3319983719757579,0.23157320920809504,1.2,0.0,0.0,0.0,0.0,0.0
28.833333333333332,0.33208517753131345,0.23151267702407366,1.2,0.0,0.0,0.0,0.0,0.0
28.84375,0.332171983086869,0.23145217647745778,1.2,0.0,0.0,0.0,0.0,0.0
28.854166666666668,0.3322587886424246,0.23139170754345076,1.2,0.0,0.0,0.0,0.0,0.0
28.864583333333332,0.33234559419798015,0.2313312701972818,1.2,0.0,0.0,0.0,0.0,0.0
28.875,0.3324323997535357,0.2312708644142061,1.2,0.0,0.0,0.0,0.0,0.0
28.885416666666668,0.3325192053090913,0.2312104901695046,1.2,0.0,0.0,0.0,0.0,0.0
28.895833333333332,0.33260601086464686,0.231150147438484,1.2,0.0,0.0,0.0,0.0,0.0
28.90625,0.33269281642020243,0.23108983619647688,1.2,0.0,0.0,0.0,0.0,0.0
28.916666666666668,0.332779621975758,0.23102955641884151,1.2,0.0,0.0,0.0,0.0,0.0
28.927083333333332,0.33286642753131357,0.23096930808096186,1.2,0.0,0.0,0.0,0.0,0.0
28.9375,0.33295323308686914,0.23090909115824762,1.2,0.0,0.0,0.0,0.0,0.0
28.947916666666668,0.3330400386424247,0.23084890562613403,1.2,0.0,0.0,0.0,0.0,0.0
28.958333333333332,0.3331268441979803,0.230788751460082,1.2,0.0,0.0,0.0,0.0,0.0
28.96875,0.33321364975353585,0.230728628635578,1.2,0.0,0.0,0.0,0.0,0.0
28.979166666666668,0.3333004553090914,0.23066853712813404,1.2,0.0,0.0,0.0,0.0,0.0
28.989583333333332,0.333387260864647,0.2306084769132876,1.2,0.0,0.0,0.0,0.0,0.0
29.0,0.33347406642020255,0.23054844796660165,1.2,0.0,0.0,0.0,0.0,0.0
29.010416666666668,0.3335608719757581,0.23048845026366463,1.2,0.0,0.0,0.0,0.0,0.0
29.020833333333332,0.3336476775313137,0.23042848378009034,1.2,0.0,0.0,0.0,0.0,0.0
29.03125,0.33373448308686926,0.23036854849151797,1.2,0.0,0.0,0.0,0.0,0.0
29.041666666666668,0.33382128864242483,0.23030864437361206,1.2,0.0,0.0,0.0,0.0,0.0
29.052083333333332,0.3339080941979804,0.23024877140206246,1.2,0.0,0.0,0.0,0.0,0.0
29.0625,0.33399489975353597,0.23018892955258424,1.2,0.0,0.0,0.0,0.0,0.0
29.072916666666668,0.33408170530909154,0.23012911880091777,1.2,0.0,0.0,0.0,0.0,0.0
29.083333333333332,0.33416849935627657,0.23006933912076985,1.2,0.0,0.0,0.0,0.0,0.0
29.09375,0.33425525596666966,0.2300095904812431,1.2,0.0,0.0,0.0,0.0,0.0
29.104166666666668,0.3343419492001581,0.2299498728468493,1.2,0.0,0.0,0.0,0.0,0.0
29.114583333333332,0.3344285531808073,0.22989018617753673,1.2,0.0,0.0,0.0,0.0,0.0
29.125,0.3345150421277478,0.22983053042872204,1.2,0.0,0.0,0.0,0.0,0.0
29.135416666666668,0.3346013903858432,0.22977090555132834,1.2,0.0,0.0,0.0,0.0,0.0
29.145833333333332,0.3346875724560619,0.2297113114918283,1.2,0.0,0.0,0.0,0.0,0.0
29.15625,0.33477356302547634,0.22965174819229164,1.2,0.0,0.0,0.0,0.0,0.0
29.166666666666668,0.33485933699681497,0.22959221559043883,1.2,0.0,0.0,0.0,0.0,0.0
29.177083333333332,0.3349448695174943,0.22953271361969876,1.2,0.0,0.0,0.0,0.0,0.0
29.1875,0.33503013600806003,0.22947324220927176,1.2,0.0,0.0,0.0,0.0,0.0
29.197916666666668,0.33511511218996937,0.22941380128419694,1.2,0.0,0.0,0.0,0.0,0.0
29.208333333333332,0.3351997741126488,0.22935439076542402,1.2,0.0,0.0,0.0,0.0,0.0
29.21875,0.33528409817976496,0.22929501056988963,1.2,0.0,0.0,0.0,0.0,0.0
29.229166666666668,0.33536806117464923,0.22923566061059736,1.2,0.0,0.0,0.0,0.0,0.0
29.239583333333332,0.3354516402848202,0.22917634079670243,1.2,0.0,0.0,0.0,0.0,0.0
29.25,0.33553481312555217,0.2291170510335994,1.2,0.0,0.0,0.0,0.0,0.0
29.260416666666668,0.33561755776244057,0.22905779122301376,1.2,0.0,0.0,0.0,0.0,0.0
29.270833333333332,0.3356834707236453,0.22900973684033551,1.2,0.0,0.019658411131068608,0.0,0.0,0.0
29.28125,0.3357239715775554,0.22897877701166106,1.2,0.0,0.04970283406976981,0.0,0.0,0.0
29.291666666666668,0.33575337596861815,0.2289552294524877,1.2,0.0,0.06273310190684324,0.0,0.0,0.0
29.302083333333332,0.3357573414126117,0.2289489113867209,1.2,0.0,0.09304831674402572,0.0,0.0,0.0
29.3125,0.3357540772917172,0.22894750687046653,1.2,0.0,0.10169499529077805,0.0,0.0,0.0
29.322916666666668,0.3357218193007923,0.22896588824600264,1.2,0.0,0.1365113499729182,0.0,0.0,0.0
29.333333333333332,0.33568047956982694,0.2289905998128167,1.2,0.0,0.14764139032592571,0.0,0.0,0.0
29.34375,0.3356167341781152,0.2290307715115225,1.2,0.0,0.1748191441241399,0.0,0.0,0.0
29.354166666666668,0.33553105111295617,0.22908618232188904,1.2,0.0,0.2015791531510495,0.0,0.0,0.0
29.364583333333332,0.3354130541203313,0.22916401392342975,1.2,0.0,0.24091381526510341,0.0,0.0,0.0
29.375,0.33527779116128925,0.2292541140867865,1.2,0.0,0.26235162722656896,0.0,0.0,0.0
29.385416666666668,0.33518000566702844,0.22931907155308684,1.2,0.0,0.218131612557718,0.0,0.0,0.0
29.395833333333332,0.33507269095923,0.2293908734487079,1.2,0.0,0.2300638502831234,0.0,0.0,0.0
29.40625,0.3349183212505067,0.22949524508662109,1.2,0.0,0.2870299509666599,0.0,0.0,0.0
29.416666666666668,0.3347766286916613,0.2295913812179916,1.2,0.0,0.27245318577182154,0.0,0.0,0.0
29.427083333333332,0.3346157653429682,0.22970104166561817,1.2,0.0,0.29595495287712487,0.0,0.0,0.0
29.4375,0.33442234200425547,0.2298334472894526,1.2,0.0,0.33549029583002954,0.0,0.0,0.0
29.447916666666668,0.33426888618915734,0.22993874756475308,1.2,0.0,0.28794464757522775,0.0,0.0,0.0
29.458333333333332,0.33405064392374906,0.23008888556027363,1.2,0.0,0.3659078196245165,0.0,0.0,0.0
29.46875,0.33384069927213145,0.2302335800618465,1.2,0.0,0.3560949428280327,0.0,0.0,0.0
29.479166666666668,0.3336531977186278,0.23036296336830206,1.2,0.0,0.3291685308710766,0.0,0.0,0.0
29.489583333333332,0.3334941696247027,0.23047281291384772,1.2,0.0,0.29500037937676776,0.0,0.0,0.0
29.5,0.3333306797310598,0.2305858537407565,1.2,0.0,0.300354539038166,0.0,0.0,0.0
29.510416666666668,0.33315356561633186,0.23070843987990985,1.2,0.0,0.31670360434017736,0.0,0.0,0.0
29.520833333333332,0.3329440185386625,0.23085364230637984,1.2,0.0,0.35562315986985943,0.0,0.0,0.0
29.53125,0.3327326600514362,0.23100028518959131,1.2,0.0,0.357796851338237,0.0,0.0,0.0
29.541666666666668,0.3325335078425739,0.23113862979534786,1.2,0.0,0.34314931730142006,0.0,0.0,0.0
29.552083333333332,0.3323312015773862,0.23127933519018457,1.2,0.0,0.3469341848918987,0.0,0.0,0.0
29.5625,0.3321491684526087,0.23140608697546605,1.2,0.0,0.3226064163996684,0.0,0.0,0.0
29.572916666666668,0.3319375893733128,0.23155358665128817,1.2,0.0,0.35806156182178756,0.0,0.0,0.0
29.583333333333332,0.3317709576831194,0.23166988424943688,1.2,0.0,0.3041246948987268,0.0,0.0,0.0
29.59375,0.33160273659998263,0.23178740969346126,1.2,0.0,0.30603196643082464,0.0,0.0,0.0
29.604166666666668,0.3314476930507171,0.2318958344718725,1.2,0.0,0.2902189257853184,0.0,0.0,0.0
29.614583333333332,0.3313265595178599,0.23198061596879002,1.2,0.0,0.2495269060953319,0.0,0.0,0.0
29.625,0.33118281362801816,0.2320813043460134,1.2,0.0,0.2766617344767353,0.0,0.0,0.0
29.635416666666668,0.3310745255637708,0.23215721364514427,1.2,0.0,0.23411234376345766,0.0,0.0,0.0
29.645833333333332,0.330940328869333,0.23225135366962396,1.2,0.0,0.26520269999203777,0.0,0.0,0.0
29.65625,0.3308239545746329,0.2323330529755621,1.2,0.0,0.24381582030682236,0.0,0.0,0.0
29.666666666666668,0.33073556251741426,0.23239514607603207,1.2,0.0,0.21023713532902683,0.0,0.0,0.0
29.677083333333332,0.3306805928248046,0.23243377758335654,1.2,0.0,0.17013029779823488,0.0,0.0,0.0
29.6875,0.3306304490035659,0.23246902877642753,1.2,0.0,0.1643392521530631,0.0,0.0,0.0
29.697916666666668,0.33061536327868496,0.23247963615951067,1.2,0.0,0.12226953652382588,0.0,0.0,0.0
29.708333333333332,0.3306220490618579,0.23247493499561706,1.2,0.0,0.09614372685918224,0.0,0.0,0.0
29.71875,0.330644382192832,0.23245923264756255,1.2,0.0,0.07736690949772121,0.0,0.0,0.0
29.729166666666668,0.330675385450222,0.23243743787922003,1.2,0.0,0.06696275779862393,0.0,0.0,0.0
29.739583333333332,0.3307254707699867,0.23240223737478244,1.2,0.0,0.044064282949025826,0.0,0.0,0.0
29.75,0.33079404109207466,0.23235406269721529,1.2,0.0,0.02188228016109005,0.0,0.0,0.0
29.760416666666668,0.33088084664763023,0.2322931053353662,1.2,0.0,0.0,0.0,0.0,0.0
29.770833333333332,0.3309676522031858,0.23223217994907502,1.2,0.0,0.0,0.0,0.0,0.0
29.78125,0.33105445775874137,0.23217128651318888,1.2,0.0,0.0,0.0,0.0,0.0
29.791666666666668,0.33114126331429694,0.23211042500258122,1.2,0.0,0.0,0.0,0.0,0.0
29.802083333333332,0.3312280688698525,0.23204959539215197,1.2,0.0,0.0,0.0,0.0,0.0
29.8125,0.3313148744254081,0.23198879765682726,1.2,0.0,0.0,0.0,0.0,0.0
29.822916666666668,0.33140167998096365,0.2319280317715595,1.2,0.0,0.0,0.0,0.0,0.0
29.833333333333332,0.3314884855365192,0.23186729771132733,1.2,0.0,0.0,0.0,0.0,0.0
29.84375,0.3315752910920748,0.23180659545113566,1.2,0.0,0.0,0.0,0.0,0.0
29.854166666666668,0.33166209664763036,0.23174592496601548,1.2,0.0,0.0,0.0,0.0,0.0
29.864583333333332,0.3317489022031859,0.231685286231024,1.2,0.0,0.0,0.0,0.0,0.0
29.875,0.3318357077587415,0.23162467922124447,1.2,0.0,0.0,0.0,0.0,0.0
29.885416666666668,0.33192251331429706,0.2315641039117862,1.2,0.0,0.0,0.0,0.0,0.0
29.895833333333332,0.33200931886985263,0.23150356027778454,1.2,0.0,0.0,0.0,0.0,0.0
29.90625,0.3320961244254082,0.2314430482944009,1.2,0.0,0.0,0.0,0.0,0.0
29.916666666666668,0.33218292998096377,0.23138256793682255,1.2,0.0,0.0,0.0,0.0,0.0
29.927083333333332,0.33226973553651934,0.23132211918026277,1.2,0.0,0.0,0.0,0.0,0.0
29.9375,0.3323565410920749,0.23126170199996068,1.2,0.0,0.0,0.0,0.0,0.0
29.947916666666668,0.3324433466476305,0.2312013163711813,1.2,0.0,0.0,0.0,0.0,0.0
29.958333333333332,0.33253015220318605,0.23114096226921546,1.2,0.0,0.0,0.0,0.0,0.0
29.96875,0.3326169577587416,0.2310806396693798,1.2,0.0,0.0,0.0,0.0,0.0
29.979166666666668,0.3327037633142972,0.23102034854701675,1.2,0.0,0.0,0.0,0.0,0.0
29.989583333333332,0.33279056886985275,0.23096008887749436,1.2,0.0,0.0,0.0,0.0,0.0
30.0,0.3328773744254083,0.23089986063620646,1.2,0.0,0.0,0.0,0.0,0.0
30.010416666666668,0.3329641799809639,0.23083966379857254,1.2,0.0,0.0,0.0,0.0,0.0
30.020833333333332,0.33305098553651946,0.2307794983400377,1.2,0.0,0.0,0.0,0.0,0.0
30.03125,0.33313779109207503,0.23071936423607256,1.2,0.0,0.0,0.0,0.0,0.0
30.041666666666668,0.3332245966476306,0.23065926146217344,1.2,0.0,0.0,0.0,0.0,0.0
30.052083333333332,0.33331140220318617,0.23059918999386209,1.2,0.0,0.0,0.0,0.0,0.0
30.0625,0.33339820775874174,0.23053914980668577,1.2,0.0,0.0,0.0,0.0,0.0
30.072916666666668,0.3334850133142973,0.23047914087621724,1.2,0.0,0.0,0.0,0.0,0.0
30.083333333333332,0.3335718188698529,0.2304191631780546,1.2,0.0,0.0,0.0,0.0,0.0
30.09375,0.33365862442540845,0.23035921668782147,1.2,0.0,0.0,0.0,0.0,0.0
30.104166666666668,0.333745429980964,0.23029930138116672,1.2,0.0,0.0,0.0,0.0,0.0
30.114583333333332,0.3338322355365196,0.2302394172337646,1.2,0.0,0.0,0.0,0.0,0.0
30.125,0.33391904109207515,0.2301795642213146,1.2,0.0,0.0,0.0,0.0,0.0
30.135416666666668,0.3340058466476307,0.2301197423195416,1.2,0.0,0.0,0.0,0.0,0.0
30.145833333333332,0.33409265214425754,0.23005995150418504,1.2,0.0,0.0,0.0,0.0,0.0
30.15625,0.3341794429010904,0.2300001917483843,1.2,0.0,0.0,0.0,0.0,0.0
30.166666666666668,0.3342661929473338,0.22994046302067006,1.2,0.0,0.0,0.0,0.0,0.0
30.177083333333332,0.3343528763492608,0.2298807652849869,1.2,0.0,0.0,0.0,0.0,0.0
30.1875,0.3344394672412276,0.22982109850072038,1.2,0.0,0.0,0.0,0.0,0.0
30.197916666666668,0.33452593985653634,0.22976146262273042,1.2,0.0,0.0,0.0,0.0,0.0
30.208333333333332,0.3346122685580705,0.22970185760138984,1.2,0.0,0.0,0.0,0.0,0.0
30.21875,0.3346984278686238,0.22964228338262757,1.2,0.0,0.0,0.0,0.0,0.0
30.229166666666668,0.3347843925008468,0.2295827399079776,1.2,0.0,0.0,0.0,0.0,0.0
30.239583333333332,0.3348701373867375,0.22952322711463272,1.2,0.0,0.0,0.0,0.0,0.0
30.25,0.33495563770660275,0.22946374493550298,1.2,0.0,0.0,0.0,0.0,0.0
30.260416666666668,0.3350408689174199,0.2294042932992792,1.2,0.0,0.0,0.0,0.0,0.0
30.270833333333332,0.3351083865505674,0.2293567943639451,1.2,0.0,0.020904275956741426,0.0,0.0,0.0
30.28125,0.33515441708367816,0.2293238448968056,1.2,0.0,0.04638860354192836,0.0,0.0,0.0
30.291666666666668,0.3351760523713977,0.22930747040184155,1.2,0.0,0.07544742771917869,0.0,0.0,0.0
30.302083333333332,0.33517907708940325,0.22930376988618834,1.2,0.0,0.09767580745883044,0.0,0.0,0.0
30.3125,0.33518114363194007,0.22930071655779477,1.2,0.0,0.09881088152620272,0.0,0.0,0.0
30.322916666666668,0.3351662384816253,0.22930926840010254,1.2,0.0,0.11916682294040541,0.0,0.0,0.0
30.333333333333332,0.33510371079331036,0.2293504512210255,1.2,0.0,0.17638624789075646,0.0,0.0,0.0
30.34375,0.3350528976328491,0.2293837963445763,1.2,0.0,0.16262243272158258,0.0,0.0,0.0
30.354166666666668,0.33496077981883676,0.22944557061062126,1.2,0.0,0.21241471203120244,0.0,0.0,0.0
30.364583333333332,0.334866467622634,0.2295091015802993,1.2,0.0,0.2154317026964372,0.0,0.0,0.0
30.375,0.33473801701370337,0.229596284811247,1.2,0.0,0.25675429814620726,0.0,0.0,0.0
30.385416666666668,0.33464583959787814,0.22965888236525075,1.2,0.0,0.21365281641119646,0.0,0.0,0.0
30.395833333333332,0.33453259451209955,0.229736132243725,1.2,0.0,0.23919790258787543,0.0,0.0,0.0
30.40625,0.3344007530457724,0.22982637249548754,1.2,0.0,0.2617896292353142,0.0,0.0,0.0
30.416666666666668,0.33422491676143107,0.22994709414921258,1.2,0.0,0.3148379707269273,0.0,0.0,0.0
30.427083333333332,0.33403023168200396,0.23008105572152093,1.2,0.0,0.33768411223495487,0.0,0.0,0.0
30.4375,0.3338182391770815,0.23022716845924573,1.2,0.0,0.35855578188878284,0.0,0.0,0.0
30.447916666666668,0.3336682420162056,0.23033066473871394,1.2,0.0,0.28416325971771944,0.0,0.0,0.0
30.458333333333332,0.3334553862639417,0.23047769252393493,1.2,0.0,0.35959356938332304,0.0,0.0,0.0
30.46875,0.33328133270220367,0.23059805769098377,1.2,0.0,0.3130309407523551,0.0,0.0,0.0
30.479166666666668,0.3330623479728532,0.23074967330757792,1.2,0.0,0.36694834188720515,0.0,0.0,0.0
30.489583333333332,0.3328329508715389,0.230908711966603,1.2,0.0,0.37944318824382745,0.0,0.0,0.0
30.5,0.33266673759930354,0.23102408296185364,1.2,0.0,0.30362259334909575,0.0,0.0,0.0
30.510416666666668,0.332427033726827,0.23119066799165844,1.2,0.0,0.39181131363849764,0.0,0.0,0.0
30.520833333333332,0.33224412458384694,0.231317944544706,1.2,0.0,0.32365763824275745,0.0,0.0,0.0
30.53125,0.3320770306076467,0.23143433872906052,1.2,0.0,0.30467943810696696,0.0,0.0,0.0
30.541666666666668,0.33192019226513947,0.2315436956736857,1.2,0.0,0.2923726776753252,0.0,0.0,0.0
30.552083333333332,0.3317130520445513,0.2316882845341542,1.2,0.0,0.3527349313724814,0.0,0.0,0.0
30.5625,0.3315427966317631,0.23180726218929343,1.2,0.0,0.3084731620124889,0.0,0.0,0.0
30.572916666666668,0.33133660052936437,0.23195151958160928,1.2,0.0,0.3516019895451382,0.0,0.0,0.0
30.583333333333332,0.33113656248359985,0.23209164040771565,1.2,0.0,0.3442123215840579,0.0,0.0,0.0
30.59375,0.33093816600281295,0.23223077868007966,1.2,0.0,0.3422424436109162,0.0,0.0,0.0
30.604166666666668,0.3308152658409334,0.23231705402236366,1.2,0.0,0.2516468609221163,0.0,0.0,0.0
30.614583333333332,0.3306450248921808,0.232436668329886,1.2,0.0,0.3084558051698438,0.0,0.0,0.0
30.625,0.3305051187709552,0.23253506109553382,1.2,0.0,0.27205401213742364,0.0,0.0,0.0
30.635416666666668,0.3303696599977481,0.23263040554727266,1.2,0.0,0.26671719451513826,0.0,0.0,0.0
30.645833333333332,0.3302461313690041,0.23271742099506093,1.2,0.0,0.25240102115942303,0.0,0.0,0.0
30.65625,0.33017830421070554,0.2327652271687294,1.2,0.0,0.18555925662495643,0.0,0.0,0.0
30.666666666666668,0.33008885258302273,0.23282830481668773,1.2,0.0,0.21150861988604966,0.0,0.0,0.0
30.677083333333332,0.3300391777492912,0.23286334825428393,1.2,0.0,0.16377646714450225,0.0,0.0,0.0
30.6875,0.32998817890989623,0.23289933669646945,1.2,0.0,0.16536527394060438,0.0,0.0,0.0
30.697916666666668,0.3299759748485774,0.23290795040777815,1.2,0.0,0.11881154024930884,0.0,0.0,0.0
30.708333333333332,0.32997054438521967,0.23291178347140135,1.2,0.0,0.11068322269589562,0.0,0.0,0.0
30.71875,0.3299716235965055,0.23291102170582104,1.2,0.0,0.10287161312364622,0.0,0.0,0.0
30.729166666666668,0.3300028185419695,0.23288900478289845,1.2,0.0,0.06673273210985883,0.0,0.0,0.0
30.739583333333332,0.33005018709080797,0.23285558073216775,1.2,0.0,0.04732440806049509,0.0,0.0,0.0
30.75,0.33011910757405727,0.23280696640242088,1.2,0.0,0.021462086767496096,0.0,0.0,0.0
30.760416666666668,0.33020591312961284,0.2327457653843524,1.2,0.0,0.0,0.0,0.0,0.0
30.770833333333332,0.3302927186851684,0.23268459653525447,1.2,0.0,0.0,0.0,0.0,0.0
30.78125,0.330379524240724,0.23262345982977042,1.2,0.0,0.0,0.0,0.0,0.0
30.791666666666668,0.33046632979627955,0.23256235524257018,1.2,0.0,0.0,0.0,0.0,0.0
30.802083333333332,0.3305531353518351,0.2325012827483503,1.2,0.0,0.0,0.0,0.0,0.0
30.8125,0.3306399409073907,0.23244024232183386,1.2,0.0,0.0,0.0,0.0,0.0
30.822916666666668,0.33072674646294625,0.23237923393777055,1.2,0.0,0.0,0.0,0.0,0.0
30.833333333333332,0.3308135520185018,0.23231825757093655,1.2,0.0,0.0,0.0,0.0,0.0
30.84375,0.3309003575740574,0.2322573131961344,1.2,0.0,0.0,0.0,0.0,0.0
30.854166666666668,0.33098716312961296,0.23219640078819326,1.2,0.0,0.0,0.0,0.0,0.0
30.864583333333332,0.33107396868516853,0.23213552032196855,1.2,0.0,0.0,0.0,0.0,0.0
30.875,0.3311607742407241,0.23207467177234206,1.2,0.0,0.0,0.0,0.0,0.0
30.885416666666668,0.33124757979627967,0.23201385511422198,1.2,0.0,0.0,0.0,0.0,0.0
30.895833333333332,0.33133438535183524,0.23195307032254275,1.2,0.0,0.0,0.0,0.0,0.0
30.90625,0.3314211909073908,0.23189231737226507,1.2,0.0,0.0,0.0,0.0,0.0
30.916666666666668,0.3315079964629464,0.23183159623837585,1.2,0.0,0.0,0.0,0.0,0.0
30.927083333333332,0.33159480201850194,0.23177090689588825,1.2,0.0,0.0,0.0,0.0,0.0
30.9375,0.3316816075740575,0.23171024931984155,1.2,0.0,0.0,0.0,0.0,0.0
30.947916666666668,0.3317684131296131,0.23164962348530116,1.2,0.0,0.0,0.0,0.0,0.0
30.958333333333332,0.33185521868516865,0.23158902936735856,1.2,0.0,0.0,0.0,0.0,0.0
30.96875,0.3319420242407242,0.2315284669411313,1.2,0.0,0.0,0.0,0.0,0.0
30.979166666666668,0.3320288297962798,0.23146793618176295,1.2,0.0,0.0,0.0,0.0,0.0
30.989583333333332,0.33211563535183536,0.23140743706442307,1.2,0.0,0.0,0.0,0.0,0.0
31.0,0.33220244090739093,0.23134696956430717,1.2,0.0,0.0,0.0,0.0,0.0
31.010416666666668,0.3322892464629465,0.2312865336566367,1.2,0.0,0.0,0.0,0.0,0.0
31.020833333333332,0.33237605201850207,0.23122612931665895,1.2,0.0,0.0,0.0,0.0,0.0
31.03125,0.33246285757405764,0.2311657565196471,1.2,0.0,0.0,0.0,0.0,0.0
31.041666666666668,0.3325496631296132,0.23110541524090014,1.2,0.0,0.0,0.0,0.0,0.0
31.052083333333332,0.3326364686851688,0.23104510545574283,1.2,0.0,0.0,0.0,0.0,0.0
31.0625,0.33272327424072434,0.2309848271395257,1.2,0.0,0.0,0.0,0.0,0.0
31.072916666666668,0.3328100797962799,0.230924580267625,1.2,0.0,0.0,0.0,0.0,0.0
31.083333333333332,0.3328968853518355,0.2308643648154426,1.2,0.0,0.0,0.0,0.0,0.0
31.09375,0.33298369090739105,0.2308041807584061,1.2,0.0,0.0,0.0,0.0,0.0
31.104166666666668,0.3330704964629466,0.23074402807196873,1.2,0.0,0.0,0.0,0.0,0.0
31.114583333333332,0.3331573020185022,0.23068390673160918,1.2,0.0,0.0,0.0,0.0,0.0
31.125,0.33324410757405776,0.2306238167128318,1.2,0.0,0.0,0.0,0.0,0.0
31.135416666666668,0.3333309131296133,0.23056375799116646,1.2,0.0,0.0,0.0,0.0,0.0
31.145833333333332,0.3334177186851689,0.23050373054216847,1.2,0.0,0.0,0.0,0.0,0.0
31.15625,0.33350452424072446,0.23044373434141857,1.2,0.0,0.0,0.0,0.0,0.0
31.166666666666668,0.33359132979628003,0.23038376936452298,1.2,0.0,0.0,0.0,0.0,0.0
31.177083333333332,0.3336781353518356,0.23032383558711322,1.2,0.0,0.0,0.0,0.0,0.0
31.1875,0.33376494090739117,0.23026393298484626,1.2,0.0,0.0,0.0,0.0,0.0
31.197916666666668,0.33385174646294674,0.23020406153340434,1.2,0.0,0.0,0.0,0.0,0.0
31.208333333333332,0.3339385520185023,0.23014422120849495,1.2,0.0,0.0,0.0,0.0,0.0
31.21875,0.3340253575740579,0.23008441198585092,1.2,0.0,0.0,0.0,0.0,0.0
31.229166666666668,0.3341121620211313,0.2300246338410319,1.2,0.0,0.0,0.0,0.0,0.0
31.239583333333332,0.3341989458894144,0.22996488674614235,1.2,0.0,0.0,0.0,0.0,0.0
31.25,0.3342856832137364,0.22990517066868327,1.2,0.0,0.0,0.0,0.0,0.0
31.260416666666668,0.3343723480729754,0.22984548557157525,1.2,0.0,0.0,0.0,0.0,0.0
31.270833333333332,0.33443853482169345,0.2297998339537159,1.2,0.0,0.02445575922204129,0.0,0.0,0.0
31.28125,0.3344841782822503,0.22976824787090744,1.2,0.0,0.04899667926555845,0.0,0.0,0.0
31.291666666666668,0.33451887653475704,0.22974413738241325,1.2,0.0,0.06204380452962224,0.0,0.0,0.0
31.302083333333332,0.3345359456220902,0.22973209636152245,1.2,0.0,0.08312680368240077,0.0,0.0,0.0
31.3125,0.33452152292691345,0.2297416610658197,1.2,0.0,0.12087969631408046,0.0,0.0,0.0
31.322916666666668,0.3345120165869281,0.22974786796233326,1.2,0.0,0.11501162074180823,0.0,0.0,0.0
31.333333333333332,0.3344640006586607,0.22978054031194461,1.2,0.0,0.16124345188615904,0.0,0.0,0.0
31.34375,0.3343871978416289,0.22983306178902943,1.2,0.0,0.19588466606754198,0.0,0.0,0.0
31.354166666666668,0.34130160850967967,0.25081385921990906,1.2,8.52,0.22239705648144148,5.0,1.0,1.0
31.364583333333332,0.34814985746904786,0.27094689204521627,1.2,8.52,0.19181239688177512,5.0,1.0,1.0
31.375,0.35472421328352427,0.2903286513838818,1.2,8.52,0.21658392908667903,5.0,1.0,1.0
31.385416666666668,0.36088082363094204,0.30902623343215163,1.2,8.52,0.24358148951006312,5.0,1.0,1.0
31.395833333333332,0.3665314032990834,0.32708439145002255,1.2,8.52,0.24451616271244564,5.0,1.0,1.0
31.40625,0.37155320553995075,0.34460736161534833,1.2,8.52,0.3045632886097499,5.0,1.0,1.0
31.416666666666668,0.37599601574071967,0.3615787948696465,1.2,8.52,0.27127761456885713,5.0,1.0,1.0
31.427083333333332,0.3797726111975447,0.3781284933131467,1.2,8.52,0.33961605310121235,5.0,1.0,1.0
31.4375,0.38301411674215635,0.39420770970500235,1.2,8.52,0.29602371174772757,5.0,1.0,1.0
31.447916666666668,0.3856758744812574,0.40994141603639506,1.2,8.52,0.3561138482585518,5.0,1.0,1.0
31.458333333333332,0.3878661630474336,0.42532028062651495,1.2,8.52,0.36744349180802066,5.0,1.0,1.0
31.46875,0.38391978113122743,0.4255361618395596,1.5,0.0,0.4159545473306391,0.0,0.0,0.0
31.479166666666668,0.3805146967460181,0.425740955108965,1.5,0.0,0.39716869391263715,0.0,0.0,0.0
31.489583333333332,0.3775338741994479,0.42594779613755496,1.5,0.0,0.397639000694628,0.0,0.0,0.0
31.5,0.37489050214040126,0.42616709957097704,1.5,0.0,0.41299239610016,0.0,0.0,0.0
31.510416666666668,0.3725420193397602,0.42638063186081676,1.5,0.0,0.40282792148885926,0.0,0.0,0.0
31.520833333333332,0.3704310829865482,0.42659968308343194,1.5,0.0,0.40865847725852283,0.0,0.0,0.0
31.53125,0.36853861724217984,0.4268039434354435,1.5,0.0,0.3865028452353529,0.0,0.0,0.0
31.541666666666668,0.3668322942771569,0.4269947173506366,1.5,0.0,0.36651488185968595,0.0,0.0,0.0
31.552083333333332,0.3652502966766679,0.42721481715018444,1.5,0.0,0.4054032443260421,0.0,0.0,0.0
31.5625,0.36381557177422613,0.4274168786821857,1.5,0.0,0.3794871989983244,0.0,0.0,0.0
31.572916666666668,0.3624902913963957,0.42762429379358025,1.5,0.0,0.385619151748694,0.0,0.0,0.0
31.583333333333332,0.3612772560136671,0.4278179021295031,1.5,0.0,0.36587785327142314,0.0,0.0,0.0
31.59375,0.36020204281645823,0.42795236511713874,1.5,0.0,0.2853048288182624,0.0,0.0,0.0
31.604166666666668,0.35918714143103275,0.42810397084110186,1.5,0.0,0.307758771035503,0.0,0.0,0.0
31.614583333333332,0.35825965311062913,0.4282321471925796,1.5,0.0,0.27579007909031583,0.0,0.0,0.0
31.625,0.3573674166922378,0.42838949329646187,1.5,0.0,0.3142597053686977,0.0,0.0,0.0
31.635416666666668,0.35654867403882384,0.4285249695010503,1.5,0.0,0.2845776687690472,0.0,0.0,0.0
31.645833333333332,0.3557905117295683,0.428646354657414,1.5,0.0,0.2654181781453879,0.0,0.0,0.0
31.65625,0.35511682119779386,0.42871850517131244,1.5,0.0,0.199804894739716,0.0,0.0,0.0
31.666666666666668,0.3544918897301638,0.42877702575655036,1.5,0.0,0.1815883691549221,0.0,0.0,0.0
31.677083333333332,0.3539109538007449,0.42882307942046427,1.5,0.0,0.164986701855977,0.0,0.0,0.0
31.6875,0.3533680058800034,0.4288599361086335,1.5,0.0,0.15276097057132348,0.0,0.0,0.0
31.697916666666668,0.3528533741368977,0.4288959471314585,1.5,0.0,0.1515727676897898,0.0,0.0,0.0
31.708333333333332,0.3523748767378008,0.4289189834209609,1.5,0.0,0.1344487329000068,0.0,0.0,0.0
31.71875,0.3519432444379547,0.4289130030978084,1.5,0.0,0.09631535892998927,0.0,0.0,0.0
31.729166666666668,0.35154452128283065,0.4288915929017528,1.5,0.0,0.07608959903354215,0.0,0.0,0.0
31.739583333333332,0.35118426758125776,0.4288455229136856,1.5,0.0,0.04380995076137538,0.0,0.0,0.0
31.75,0.35085268728238955,0.4287841388935977,1.5,0.0,0.023814195659540828,0.0,0.0,0.0
31.760416666666668,0.3505505828269833,0.42870450521044295,1.5,0.0,0.0,0.0,0.0,0.0
31.770833333333332,0.3502615256719671,0.4286248206104732,1.5,0.0,0.0,0.0,0.0,0.0
31.78125,0.34998473139497716,0.42854508781285294,1.5,0.0,0.0,0.0,0.0,0.0
31.791666666666668,0.3497194772549684,0.42846530938289484,1.5,0.0,0.0,0.0,0.0,0.0
31.802083333333332,0.34946509622126554,0.42838548774343904,1.5,0.0,0.0,0.0,0.0,0.0
31.8125,0.34922097168514227,0.4283056251851939,1.5,0.0,0.0,0.0,0.0,0.0
31.822916666666668,0.34898653276438746,0.42822572387615077,1.5,0.0,0.0,0.0,0.0,0.0
31.833333333333332,0.3487612501245235,0.4281457858701703,1.5,0.0,0.0,0.0,0.0,0.0
31.84375,0.34854463225139226,0.42806581311482805,1.5,0.0,0.0,0.0,0.0,0.0
31.854166666666668,0.34833622211910326,0.42798580745859227,1.5,0.0,0.0,0.0,0.0,0.0
31.864583333333332,0.34813559420515894,0.4279057706574046,1.5,0.0,0.0,0.0,0.0,0.0
31.875,0.34794235181118016,0.4278257043807197,1.5,0.0,0.0,0.0,0.0,0.0
31.885416666666668,0.34775612465326183,0.4277456102170581,1.5,0.0,0.0,0.0,0.0,0.0
31.895833333333332,0.3475765666907553,0.4276654896791184,1.5,0.0,0.0,0.0,0.0,0.0
31.90625,0.3474033541663423,0.4275853442084897,1.5,0.0,0.0,0.0,0.0,0.0
31.916666666666668,0.3472361838337443,0.4275051751800024,1.5,0.0,0.0,0.0,0.0,0.0
31.927083333333332,0.3470747713523957,0.42742498390574957,1.5,0.0,0.0,0.0,0.0,0.0
31.9375,0.34691884983097615,0.427344771638808,1.5,0.0,0.0,0.0,0.0,0.0
31.947916666666668,0.34676816850391173,0.4272645395766873,1.5,0.0,0.0,0.0,0.0,0.0
31.958333333333332,0.346622491526865,0.4271842888645282,1.5,0.0,0.0,0.0,0.0,0.0
31.96875,0.34648159687889446,0.4271040205980744,1.5,0.0,0.0,0.0,0.0,0.0
31.979166666666668,0.3463452753604017,0.42702373582643405,1.5,0.0,0.0,0.0,0.0,0.0
31.989583333333332,0.3462133296772358,0.4269434355546514,1.5,0.0,0.0,0.0,0.0,0.0
32.0,0.34608557360241937,0.426863120746102,1.5,0.0,0.0,0.0,0.0,0.0
32.010416666666664,0.34596183120791424,0.42678279232472716,1.5,0.0,0.0,0.0,0.0,0.0
32.020833333333336,0.34584193615967984,0.42670245117711936,1.5,0.0,0.0,0.0,0.0,0.0
32.03125,0.3457257310700127,0.4266220981544719,1.5,0.0,0.0,0.0,0.0,0.0
32.041666666666664,0.3456130669017997,0.4265417340744013,1.5,0.0,0.0,0.0,0.0,0.0
32.052083333333336,0.34550380241988565,0.42646135972265475,1.5,0.0,0.0,0.0,0.0,0.0
32.0625,0.34539780368525674,0.42638097585470874,1.5,0.0,0.0,0.0,0.0,0.0
32.072916666666664,0.34529494358818547,0.42630058319726905,1.5,0.0,0.0,0.0,0.0,0.0
32.083333333333336,0.34519510141687365,0.42622018244967835,1.5,0.0,0.0,0.0,0.0,0.0
32.09375,0.3450981624584785,0.4261397742852384,1.5,0.0,0.0,0.0,0.0,0.0
32.104166666666664,0.3450040176297162,0.4260593593524531,1.5,0.0,0.0,0.0,0.0,0.0
32.114583333333336,0.3449125631345112,0.42597893827619804,1.5,0.0,0.0,0.0,0.0,0.0
32.125,0.344823700146405,0.4258985116588215,1.5,0.0,0.0,0.0,0.0,0.0
32.135416666666664,0.34473733451365757,0.425818080081182,1.5,0.0,0.0,0.0,0.0,0.0
32.145833333333336,0.3446533764851672,0.42573764410362674,1.5,0.0,0.0,0.0,0.0,0.0
32.15625,0.34457174045551314,0.4256572042669142,1.5,0.0,0.0,0.0,0.0,0.0
32.166666666666664,0.3444923447275781,0.4255767610930859,1.5,0.0,0.0,0.0,0.0,0.0
32.177083333333336,0.34441511129135133,0.4254963150862898,1.5,0.0,0.0,0.0,0.0,0.0
32.1875,0.3443399656176371,0.42541586673355863,1.5,0.0,0.0,0.0,0.0,0.0
32.197916666666664,0.34426683646550804,0.42533541650554707,1.5,0.0,0.0,0.0,0.0,0.0
32.208333333333336,0.34419565570244537,0.42525496485722836,1.5,0.0,0.0,0.0,0.0,0.0
32.21875,0.34412635813619874,0.42517451222855496,1.5,0.0,0.0,0.0,0.0,0.0
32.229166666666664,0.3440588813574837,0.42509405904508435,1.5,0.0,0.0,0.0,0.0,0.0
32.239583333333336,0.3439931655927087,0.425013605718573,1.5,0.0,0.0,0.0,0.0,0.0
32.25,0.34392915356599224,0.42493315264753956,1.5,0.0,0.0,0.0,0.0,0.0
32.260416666666664,0.3438667903697924,0.4248527002177996,1.5,0.0,0.0,0.0,0.0,0.0
32.270833333333336,0.3437885206553359,0.42479387447042966,1.5,0.0,0.028004301105671953,0.0,0.0,0.0
32.28125,0.3437028223347307,0.42474668181479536,1.5,0.0,0.043072569374670265,0.0,0.0,0.0
32.291666666666664,0.34359579673344737,0.4247285138393885,1.5,0.0,0.0806517002088999,0.0,0.0,0.0
32.302083333333336,0.3434736618400386,0.42473232607037303,1.5,0.0,0.10909932701182022,0.0,0.0,0.0
32.3125,0.3433549103011196,0.42473567940852436,1.5,0.0,0.10850402476066011,0.0,0.0,0.0
32.322916666666664,0.3432201740763129,0.4247623926507951,1.5,0.0,0.13870494204797787,0.0,0.0,0.0
32.333333333333336,0.3430693247530736,0.42481307573116645,1.5,0.0,0.16966327544470136,0.0,0.0,0.0
32.34375,0.3429017267548584,0.4248889584263508,1.5,0.0,0.20216857365503285,0.0,0.0,0.0
32.354166666666664,0.3427232176856439,0.42498324893345174,1.5,0.0,0.22585698730205234,0.0,0.0,0.0
32.364583333333336,0.34256021843114276,0.4250634102109514,1.5,0.0,0.2075498086569603,0.0,0.0,0.0
32.375,0.34236328624674484,0.4251902846546836,1.5,0.0,0.2676703715857204,0.0,0.0,0.0
32.385416666666664,0.3421435768296132,0.4253509392594444,1.5,0.0,0.3110084242167533,0.0,0.0,0.0
32.395833333333336,0.34194452500871003,0.4254918845987515,1.5,0.0,0.28545880039686156,0.0,0.0,0.0
32.40625,0.3417414987611061,0.4256430639649713,1.5,0.0,0.29844257204138225,0.0,0.0,0.0
32.416666666666664,0.34153979282325586,0.42579787242269823,1.5,0.0,0.3029181673698774,0.0,0.0,0.0
32.427083333333336,0.3413157602394849,0.42598566339722216,1.5,0.0,0.3450171673835599,0.0,0.0,0.0
32.4375,0.341101334634185,0.4261670314429994,1.5,0.0,0.3365308527520634,0.0,0.0,0.0
32.447916666666664,0.34086692696138166,0.4263785811242197,1.5,0.0,0.37489728416392476,0.0,0.0,0.0
32.458333333333336,0.34067370511205763,0.42654410713991064,1.5,0.0,0.3157733976021293,0.0,0.0,0.0
32.46875,0.34046964742001745,0.4267276098672854,1.5,0.0,0.33852314364192465,0.0,0.0,0.0
32.479166666666664,0.34026097759334845,0.42692143711512714,1.5,0.0,0.35145077881624515,0.0,0.0,0.0
32.489583333333336,0.3400686808895306,0.4270992191402496,1.5,0.0,0.3307492404640596,0.0,0.0,0.0
32.5,0.33982693729573066,0.42734319998799836,1.5,0.0,0.41476902053157905,0.0,0.0,0.0
32.510416666666664,0.3396138725925808,0.4275560646337022,1.5,0.0,0.37483169343710004,0.0,0.0,0.0
32.520833333333336,0.339388629975078,0.42778848862294194,1.5,0.0,0.39935905262522736,0.0,0.0,0.0
32.53125,0.3391675114362269,0.42802003030869845,1.5,0.0,0.3978872110584312,0.0,0.0,0.0
32.541666666666664,0.3389856493062801,0.42820606507244563,1.5,0.0,0.3399055974336139,0.0,0.0,0.0
32.552083333333336,0.33880511611013886,0.428393617582264,1.5,0.0,0.34159908081989815,0.0,0.0,0.0
32.5625,0.3386076145833709,0.4286057206848459,1.5,0.0,0.3724049322741527,0.0,0.0,0.0
32.572916666666664,0.338411266493443,0.4288196352764023,1.5,0.0,0.37440517952398306,0.0,0.0,0.0
32.583333333333336,0.33820533299013844,0.4290488435597029,1.5,0.0,0.39340515259685593,0.0,0.0,0.0
32.59375,0.33805057590552984,0.4292162387879222,1.5,0.0,0.3151936549559923,0.0,0.0,0.0
32.604166666666664,0.3378654760951685,0.4294244363086456,1.5,0.0,0.3663850940389608,0.0,0.0,0.0
32.614583333333336,0.337744404006064,0.42955381029969525,1.5,0.0,0.26697190197754717,0.0,0.0,0.0
32.625,0.3376055406424343,0.4297074289686569,1.5,0.0,0.2973439126145302,0.0,0.0,0.0
32.635416666666664,0.33747523867516205,0.42985194094162965,1.5,0.0,0.28575705783111205,0.0,0.0,0.0
32.645833333333336,0.33735495727611076,0.42998530500082044,1.5,0.0,0.27163279983573896,0.0,0.0,0.0
32.65625,0.33725950086586465,0.43008845208789415,1.5,0.0,0.2336123372890107,0.0,0.0,0.0
32.666666666666664,0.33718011191775354,0.4301721947223284,1.5,0.0,0.2092105504120347,0.0,0.0,0.0
32.677083333333336,0.33712129430806703,0.4302305623498142,1.5,0.0,0.177353991612862,0.0,0.0,0.0
32.6875,0.33707432555086125,0.430274434184914,1.5,0.0,0.15916255220746167,0.0,0.0,0.0
32.697916666666664,0.3370265572772224,0.4303198177788297,1.5,0.0,0.16104376722974745,0.0,0.0,0.0
32.708333333333336,0.3370078507644298,0.4303285813166827,1.5,0.0,0.11514782415890562,0.0,0.0,0.0
32.71875,0.3370065645960471,0.4303152871402396,1.5,0.0,0.08750879200343645,0.0,0.0,0.0
32.729166666666664,0.33701103144552236,0.43029466053338605,1.5,0.0,0.07831996585481343,0.0,0.0,0.0
32.739583333333336,0.33703473925997407,0.4302494269185113,1.5,0.0,0.047478816248235155,0.0,0.0,0.0
32.75,0.33707356482139866,0.4301846700398669,1.5,0.0,0.022993912201094736,0.0,0.0,0.0
32.760416666666664,0.3371264549491521,0.43010159493838923,1.5,0.0,0.0,0.0,0.0,0.0
32.770833333333336,0.33717892109996556,0.4300185488042207,1.5,0.0,0.0,0.0,0.0,0.0
32.78125,0.33723095952567383,0.4299355315174613,1.5,0.0,0.0,0.0,0.0,0.0
32.791666666666664,0.33728256668198986,0.4298525429575271,1.5,0.0,0.0,0.0,0.0,0.0
32.802083333333336,0.33733373922738047,0.4297695830032015,1.5,0.0,0.0,0.0,0.0,0.0
32.8125,0.3373844740217755,0.429686651532685,1.5,0.0,0.0,0.0,0.0,0.0
32.822916666666664,0.3374347681251155,0.42960374842364474,1.5,0.0,0.0,0.0,0.0,0.0
32.833333333333336,0.33748461879574365,0.42952087355326457,1.5,0.0,0.0,0.0,0.0,0.0
32.84375,0.33753402348864747,0.42943802679829274,1.5,0.0,0.0,0.0,0.0,0.0
32.854166666666664,0.3375829798535564,0.4293552080350903,1.5,0.0,0.0,0.0,0.0,0.0
32.864583333333336,0.337631485732901,0.4292724171396783,1.5,0.0,0.0,0.0,0.0,0.0
32.875,0.33767953915963966,0.42918965398778464,1.5,0.0,0.0,0.0,0.0,0.0
32.885416666666664,0.3377271383549588,0.4291069184548898,1.5,0.0,0.0,0.0,0.0,0.0
32.895833333333336,0.3377742817258533,0.4290242104162726,1.5,0.0,0.0,0.0,0.0,0.0
32.90625,0.33782096786259197,0.42894152974705396,1.5,0.0,0.0,0.0,0.0,0.0
32.916666666666664,0.33786719553607597,0.4288588763222413,1.5,0.0,0.0,0.0,0.0,0.0
32.927083333333336,0.33791296369509427,0.4287762500167713,1.5,0.0,0.0,0.0,0.0,0.0
32.9375,0.33795827146348395,0.42869365070555177,1.5,0.0,0.0,0.0,0.0,0.0
32.947916666666664,0.33800311813720063,0.42861107826350364,1.5,0.0,0.0,0.0,0.0,0.0
32.958333333333336,0.3380475031813051,0.42852853256560075,1.5,0.0,0.0,0.0,0.0,0.0
32.96875,0.33809142622687244,0.4284460134869097,1.5,0.0,0.0,0.0,0.0,0.0
32.979166666666664,0.33813488706782924,0.42836352090262886,1.5,0.0,0.0,0.0,0.0,0.0
32.989583333333336,0.3381778856577251,0.42828105468812605,1.5,0.0,0.0,0.0,0.0,0.0
33.0,0.33822042210644404,0.42819861471897536,1.5,0.0,0.0,0.0,0.0,0.0
33.010416666666664,0.3382624966768614,0.4281162008709935,1.5,0.0,0.0,0.0,0.0,0.0
33.020833333333336,0.3383041097814523,0.42803381302027477,1.5,0.0,0.0,0.0,0.0,0.0
33.03125,0.33834526197885645,0.42795145104322546,1.5,0.0,0.0,0.0,0.0,0.0
33.041666666666664,0.3383859539704054,0.42786911481659723,1.5,0.0,0.0,0.0,0.0,0.0
33.052083333333336,0.33842618659661716,0.42778680421751897,1.5,0.0,0.0,0.0,0.0,0.0
33.0625,0.3384659608336633,0.427704519123529,1.5,0.0,0.0,0.0,0.0,0.0
33.072916666666664,0.33850527778981354,0.42762225941260545,1.5,0.0,0.0,0.0,0.0,0.0
33.083333333333336,0.33854413870186284,0.4275400249631953,1.5,0.0,0.0,0.0,0.0,0.0
33.09375,0.33858254493154594,0.4274578156542438,1.5,0.0,0.0,0.0,0.0,0.0
33.104166666666664,0.33862049796194305,0.42737563136522166,1.5,0.0,0.0,0.0,0.0,0.0
33.114583333333336,0.33865799939388236,0.42729347197615214,1.5,0.0,0.0,0.0,0.0,0.0
33.125,0.33869505094234265,0.4272113373676371,1.5,0.0,0.0,0.0,0.0,0.0
33.135416666666664,0.33873165443286063,0.42712922742088166,1.5,0.0,0.0,0.0,0.0,0.0
33.145833333333336,0.3387678117979469,0.4270471420177183,1.5,0.0,0.0,0.0,0.0,0.0
33.15625,0.33880352507351436,0.4269650810406302,1.5,0.0,0.0,0.0,0.0,0.0
33.166666666666664,0.3388387963953225,0.42688304437277336,1.5,0.0,0.0,0.0,0.0,0.0
33.177083333333336,0.3388736279954416,0.426801031897998,1.5,0.0,0.0,0.0,0.0,0.0
33.1875,0.33890802219873944,0.42671904350086914,1.5,0.0,0.0,0.0,0.0,0.0
33.197916666666664,0.3389419814193947,0.4266370790666861,1.5,0.0,0.0,0.0,0.0,0.0
33.208333333333336,0.33897550815743865,0.42655513848150134,1.5,0.0,0.0,0.0,0.0,0.0
33.21875,0.33900860499532975,0.4264732216321382,1.5,0.0,0.0,0.0,0.0,0.0
33.229166666666664,0.3390412745945623,0.42639132840620814,1.5,0.0,0.0,0.0,0.0,0.0
33.239583333333336,0.33907351969231264,0.42630945869212683,1.5,0.0,0.0,0.0,0.0,0.0
33.25,0.33910534309812507,0.42622761237912954,1.5,0.0,0.0,0.0,0.0,0.0
33.260416666666664,0.33913674769063945,0.4261457893572859,1.5,0.0,0.0,0.0,0.0,0.0
33.270833333333336,0.33915261131437885,0.42608299058141863,1.5,0.0,0.02420015997478605,0.0,0.0,0.0
33.28125,0.33915498799121857,0.42603688012236934,1.5,0.0,0.0454416106345655,0.0,0.0,0.0
33.291666666666664,0.33913894795393157,0.4260138683312606,1.5,0.0,0.07485767491954555,0.0,0.0,0.0
33.302083333333336,0.3391038586662294,0.4260150550416763,1.5,0.0,0.10567804687652373,0.0,0.0,0.0
33.3125,0.33906321202635686,0.42602380828262454,1.5,0.0,0.11531332247212202,0.0,0.0,0.0
33.322916666666664,0.33899062954521697,0.42607337018763475,1.5,0.0,0.1672655679176524,0.0,0.0,0.0
33.333333333333336,0.3389165505469778,0.4261260161825678,1.5,0.0,0.1711695830704326,0.0,0.0,0.0
33.34375,0.33882578897739174,0.4262008570961816,1.5,0.0,0.1993799346296655,0.0,0.0,0.0
33.354166666666664,0.3387312161339777,0.4262819659656159,1.5,0.0,0.20730716683336817,0.0,0.0,0.0
33.364583333333336,0.3386243485437348,0.4263800643837102,1.5,0.0,0.22884850853668537,0.0,0.0,0.0
33.375,0.33848655557985663,0.4265188093110214,1.5,0.0,0.2803973921538733,0.0,0.0,0.0
33.385416666666664,0.3383313807975651,0.4266816217521688,1.5,0.0,0.31080536797367464,0.0,0.0,0.0
33.395833333333336,0.33820739596081,0.4268074388377469,1.5,0.0,0.2637320820449579,0.0,0.0,0.0
33.40625,0.33804662360092375,0.4269815278929859,1.5,0.0,0.3247821929178154,0.0,0.0,0.0
33.416666666666664,0.3379145222788103,0.4271216959062313,1.5,0.0,0.281653716163447,0.0,0.0,0.0
33.427083333333336,0.33778078228147335,0.4272657569322978,1.5,0.0,0.28645118762606075,0.0,0.0,0.0
33.4375,0.33760713891144123,0.42746212523757754,1.5,0.0,0.35242561330210137,0.0,0.0,0.0
33.447916666666664,0.3374130597219661,0.42768668785505715,1.5,0.0,0.3877767659552506,0.0,0.0,0.0
33.458333333333336,0.33725243298525376,0.4278712866761587,1.5,0.0,0.33707137307203505,0.0,0.0,0.0
33.46875,0.33706039538603394,0.4280977012136303,1.5,0.0,0.38954360463003296,0.0,0.0,0.0
33.479166666666664,0.33689047457377225,0.42829823706841064,1.5,0.0,0.35666461410060674,0.0,0.0,0.0
33.489583333333336,0.33670541766117,0.4285198936723437,1.5,0.0,0.3829741814134395,0.0,0.0,0.0
33.5,0.33653158828197066,0.4287291879312658,1.5,0.0,0.3671523731913541,0.0,0.0,0.0
33.510416666666664,0.33638319294201563,0.42890776057044816,1.5,0.0,0.3283411291710081,0.0,0.0,0.0
33.520833333333336,0.33617073442808937,0.4291694594212142,1.5,0.0,0.43235096342644425,0.0,0.0,0.0
33.53125,0.33597416484072906,0.4294127727558317,1.5,0.0,0.4089301771101723,0.0,0.0,0.0
33.541666666666664,0.3357994202074108,0.4296297885606572,1.5,0.0,0.3756957354218454,0.0,0.0,0.0
33.552083333333336,0.33563730675713765,0.42983194180151824,1.5,0.0,0.35684996236501876,0.0,0.0,0.0
33.5625,0.335456822280031,0.4300587613794356,1.5,0.0,0.387396152200681,0.0,0.0,0.0
33.572916666666664,0.33528665117308165,0.43027351339605824,1.5,0.0,0.3720500015118273,0.0,0.0,0.0
33.583333333333336,0.3351625713329174,0.4304300562597032,1.5,0.0,0.2992697611200855,0.0,0.0,0.0
33.59375,0.33499648024920575,0.4306412179526624,1.5,0.0,0.36711642261808297,0.0,0.0,0.0
33.604166666666664,0.33484016367161257,0.43084060707280886,1.5,0.0,0.3522190419282946,0.0,0.0,0.0
33.614583333333336,0.3347193678742362,0.4309949170252178,1.5,0.0,0.2959797089068595,0.0,0.0,0.0
33.625,0.33461451796445096,0.4311291054917191,1.5,0.0,0.27085599783426734,0.0,0.0,0.0
33.635416666666664,0.3345072109382154,0.43126677870543306,1.5,0.0,0.2750767060167216,0.0,0.0,0.0
33.645833333333336,0.33443083271078433,0.4313648436558445,1.5,0.0,0.22583963438028096,0.0,0.0,0.0
33.65625,0.3343312986164546,0.43149295605892485,1.5,0.0,0.26303723470916734,0.0,0.0,0.0
33.666666666666664,0.3342626510536732,0.4315813886325935,1.5,0.0,0.21377571070389684,0.0,0.0,0.0
33.677083333333336,0.33419456866602604,0.4316691955568566,1.5,0.0,0.2129557774223502,0.0,0.0,0.0
33.6875,0.33416808856345975,0.43170333860142074,1.5,0.0,0.1464565166060814,0.0,0.0,0.0
33.697916666666664,0.33413030270048055,0.43175211152893334,1.5,0.0,0.16456559927122427,0.0,0.0,0.0
33.708333333333336,0.33412565001705596,0.4317580952895677,1.5,0.0,0.11157583635688567,0.0,0.0,0.0
33.71875,0.334122463708567,0.43176218630798313,1.5,0.0,0.10923209998941322,0.0,0.0,0.0
33.729166666666664,0.33414402227017315,0.4317343044870819,1.5,0.0,0.06964194327173434,0.0,0.0,0.0
33.739583333333336,0.33417454191492435,0.4316948402119943,1.5,0.0,0.0552923255272849,0.0,0.0,0.0
33.75,0.33422453411219133,0.43163021785367534,1.5,0.0,0.024116128775438245,0.0,0.0,0.0
33.760416666666664,0.33428957309512836,0.43154615622596326,1.5,0.0,0.0,0.0,0.0,0.0
33.770833333333336,0.33435456884639864,0.43146212730727307,1.5,0.0,0.0,0.0,0.0,0.0
33.78125,0.33441951046728696,0.4313781310649267,1.5,0.0,0.0,0.0,0.0,0.0
33.791666666666664,0.3344843870926989,0.43129416746356014,1.5,0.0,0.0,0.0,0.0,0.0
33.802083333333336,0.3345491878984196,0.4312102364651402,1.5,0.0,0.0,0.0,0.0,0.0
33.8125,0.3346139021083173,0.43112633802898337,1.5,0.0,0.0,0.0,0.0,0.0
33.822916666666664,0.33467851900148154,0.4310424721117767,1.5,0.0,0.0,0.0,0.0,0.0
33.833333333333336,0.33474302791928556,0.43095863866759954,1.5,0.0,0.0,0.0,0.0,0.0
33.84375,0.3348074182723639,0.43087483764794765,1.5,0.0,0.0,0.0,0.0,0.0
33.854166666666664,0.33487167954749475,0.4307910690017587,1.5,0.0,0.0,0.0,0.0,0.0
33.864583333333336,0.33493580131437833,0.4307073326754397,1.5,0.0,0.0,0.0,0.0,0.0
33.875,0.3349997732323016,0.4306236286128951,1.5,0.0,0.0,0.0,0.0,0.0
33.885416666666664,0.33506358505668066,0.4305399567555576,1.5,0.0,0.0,0.0,0.0,0.0
33.895833333333336,0.3351272266454721,0.4304563170424199,1.5,0.0,0.0,0.0,0.0,0.0
33.90625,0.3351906879654457,0.4303727094100673,1.5,0.0,0.0,0.0,0.0,0.0
33.916666666666664,0.335253959098309,0.43028913379271266,1.5,0.0,0.0,0.0,0.0,0.0
33.927083333333336,0.3353170302466778,0.43020559012223264,1.5,0.0,0.0,0.0,0.0,0.0
33.9375,0.3353798917398841,0.43012207832820415,1.5,0.0,0.0,0.0,0.0,0.0
33.947916666666664,0.335442534039615,0.4300385983379439,1.5,0.0,0.0,0.0,0.0,0.0
33.958333333333336,0.3355049477453764,0.4299551500765474,1.5,0.0,0.0,0.0,0.0,0.0
33.96875,0.3355671235997747,0.4298717334669299,1.5,0.0,0.0,0.0,0.0,0.0
33.979166666666664,0.3356290524936108,0.429788348429869,1.5,0.0,0.0,0.0,0.0,0.0
33.989583333333336,0.3356907254707821,0.429704994884047,1.5,0.0,0.0,0.0,0.0,0.0
34.0,0.3357521337329862,0.4296216727460954,1.5,0.0,0.0,0.0,0.0,0.0
34.010416666666664,0.33581326864422256,0.4295383819306401,1.5,0.0,0.0,0.0,0.0,0.0
34.020833333333336,0.33587412173508857,0.42945512235034705,1.5,0.0,0.0,0.0,0.0,0.0
34.03125,0.33593468470686505,0.4293718939159693,1.5,0.0,0.0,0.0,0.0,0.0
34.041666666666664,0.33599494943538954,0.4292886965363942,1.5,0.0,0.0,0.0,0.0,0.0
34.052083333333336,0.3360549079747136,0.42920553011869217,1.5,0.0,0.0,0.0,0.0,0.0
34.0625,0.33611455256054235,0.42912239456816564,1.5,0.0,0.0,0.0,0.0,0.0
34.072916666666664,0.3361738756134542,0.42903928978839845,1.5,0.0,0.0,0.0,0.0,0.0
34.083333333333336,0.3362328697418995,0.4289562156813061,1.5,0.0,0.0,0.0,0.0,0.0
34.09375,0.3362915277449769,0.4288731721471865,1.5,0.0,0.0,0.0,0.0,0.0
34.104166666666664,0.3363498426149873,0.42879015908477125,1.5,0.0,0.0,0.0,0.0,0.0
34.114583333333336,0.3364078075397645,0.4287071763912772,1.5,0.0,0.0,0.0,0.0,0.0
34.125,0.33646541590478396,0.42862422396245803,1.5,0.0,0.0,0.0,0.0,0.0
34.135416666666664,0.3365226612950488,0.42854130169265653,1.5,0.0,0.0,0.0,0.0,0.0
34.145833333333336,0.3365795374967559,0.4284584094748573,1.5,0.0,0.0,0.0,0.0,0.0
34.15625,0.33663603849874174,0.42837554720073906,1.5,0.0,0.0,0.0,0.0,0.0
34.166666666666664,0.3366921584937115,0.4282927147607273,1.5,0.0,0.0,0.0,0.0,0.0
34.177083333333336,0.3367478918792519,0.4282099120440471,1.5,0.0,0.0,0.0,0.0,0.0
34.1875,0.336803233258632,0.4281271389387764,1.5,0.0,0.0,0.0,0.0,0.0
34.197916666666664,0.33685817744139307,0.4280443953318979,1.5,0.0,0.0,0.0,0.0,0.0
34.208333333333336,0.33691271944373247,0.4279616811093525,1.5,0.0,0.0,0.0,0.0,0.0
34.21875,0.33696685448868335,0.42787899615609154,1.5,0.0,0.0,0.0,0.0,0.0
34.229166666666664,0.33702057800609514,0.427796340356129,1.5,0.0,0.0,0.0,0.0,0.0
34.239583333333336,0.33707388563241814,0.4277137135925941,1.5,0.0,0.0,0.0,0.0,0.0
34.25,0.33712677321029677,0.42763111574778273,1.5,0.0,0.0,0.0,0.0,0.0
34.260416666666664,0.33717923678797596,0.4275485467032095,1.5,0.0,0.0,0.0,0.0,0.0
34.270833333333336,0.3372163880486193,0.42748487448450373,1.5,0.0,0.023815311849798654,0.0,0.0,0.0
34.28125,0.3372408894175877,0.4274368618991117,1.5,0.0,0.043563607359249114,0.0,0.0,0.0
34.291666666666664,0.3372508113906088,0.42740707501041364,1.5,0.0,0.06656334967593346,0.0,0.0,0.0
34.302083333333336,0.3372481713389396,0.4273931047411238,1.5,0.0,0.08652934413612316,0.0,0.0,0.0
34.3125,0.33722568020266547,0.42740432098074127,1.5,0.0,0.11832657329088339,0.0,0.0,0.0
34.322916666666664,0.3371915318745432,0.4274305532494316,1.5,0.0,0.13727928974514836,0.0,0.0,0.0
34.333333333333336,0.3371404678764318,0.4274785961892976,1.5,0.0,0.16479768745437942,0.0,0.0,0.0
34.34375,0.3370685077648428,0.4275536859372684,1.5,0.0,0.19890035213333326,0.0,0.0,0.0
34.354166666666664,0.33700554838806723,0.42761811670600175,1.5,0.0,0.18542346229904966,0.0,0.0,0.0
34.364583333333336,0.3369124205778897,0.42772149312322927,1.5,0.0,0.23448406005330047,0.0,0.0,0.0
34.375,0.33682793408859374,0.4278148521288518,1.5,0.0,0.22179805624327242,0.0,0.0,0.0
34.385416666666664,0.33672419646385543,0.4279335159109182,1.5,0.0,0.2536031491706147,0.0,0.0,0.0
34.395833333333336,0.33659027364294347,0.42809158340434045,1.5,0.0,0.3030909533116469,0.0,0.0,0.0
34.40625,0.33646077165900407,0.42824531617320133,1.5,0.0,0.29748995745925005,0.0,0.0,0.0
34.416666666666664,0.33629306465549247,0.4284489091976316,1.5,0.0,0.35997115831635534,0.0,0.0,0.0
34.427083333333336,0.33613810900642105,0.4286377536254201,1.5,0.0,0.34121825434689973,0.0,0.0,0.0
34.4375,0.335991655118918,0.42881705017221006,1.5,0.0,0.3290358687041707,0.0,0.0,0.0
34.447916666666664,0.33585597906621045,0.4289837315977465,1.5,0.0,0.31304251558439294,0.0,0.0,0.0
34.458333333333336,0.335678645479821,0.42920466510351285,1.5,0.0,0.3807744892729838,0.0,0.0,0.0
34.46875,0.3355173718430323,0.4294063109504746,1.5,0.0,0.35637523797617066,0.0,0.0,0.0
34.479166666666664,0.33534763539888124,0.42961984344561255,1.5,0.0,0.3709819993685279,0.0,0.0,0.0
34.489583333333336,0.33518181904832683,0.4298293691232253,1.5,0.0,0.36571584352517084,0.0,0.0,0.0
34.5,0.3349917414928047,0.43007094139979585,1.5,0.0,0.4054014298093436,0.0,0.0,0.0
34.510416666666664,0.33482512407797477,0.4302833221283905,1.5,0.0,0.36871987204077794,0.0,0.0,0.0
34.520833333333336,0.33464033863585796,0.4305197889309574,1.5,0.0,0.39841495124610893,0.0,0.0,0.0
34.53125,0.33449109780694747,0.430711192807002,1.5,0.0,0.3421037623123809,0.0,0.0,0.0
34.541666666666664,0.3343367965041256,0.43090957058799495,1.5,0.0,0.3505498316363584,0.0,0.0,0.0
34.552083333333336,0.33417407541158284,0.43111920647647056,1.5,0.0,0.36428575980767747,0.0,0.0,0.0
34.5625,0.3340013265446235,0.43134213512333364,1.5,0.0,0.38050216797024927,0.0,0.0,0.0
34.572916666666664,0.3338565341342232,0.4315292066947566,1.5,0.0,0.33583451966682154,0.0,0.0,0.0
34.583333333333336,0.33369862028398084,0.43173341622509037,1.5,0.0,0.3568288270545204,0.0,0.0,0.0
34.59375,0.33353110556135884,0.4319502526827992,1.5,0.0,0.3721902228618423,0.0,0.0,0.0
34.604166666666664,0.3333970693823643,0.43212391036219205,1.5,0.0,0.31862455305792015,0.0,0.0,0.0
34.614583333333336,0.333286624637656,0.43226710787278577,1.5,0.0,0.28087825819995715,0.0,0.0,0.0
34.625,0.3331881174592077,0.4323949077879127,1.5,0.0,0.2617781521839708,0.0,0.0,0.0
34.635416666666664,0.3330706825054691,0.43254736274315186,1.5,0.0,0.2920625926483897,0.0,0.0,0.0
34.645833333333336,0.33299198274875086,0.43264959154738913,1.5,0.0,0.23008627741590545,0.0,0.0,0.0
34.65625,0.3328905278535974,0.43278144996712736,1.5,0.0,0.26649449891217997,0.0,0.0,0.0
34.666666666666664,0.332833339286399,0.4328558119618925,1.5,0.0,0.19566837418412514,0.0,0.0,0.0
34.677083333333336,0.3327855962708718,0.432917911529852,1.5,0.0,0.1805554915102057,0.0,0.0,0.0
34.6875,0.3327495088197508,0.4329648624751055,1.5,0.0,0.16190658846021327,0.0,0.0,0.0
34.697916666666664,0.332731596774706,0.43298817040917204,1.5,0.0,0.13282593873839119,0.0,0.0,0.0
34.708333333333336,0.33270874859071675,0.4330179051048318,1.5,0.0,0.1407237610494518,0.0,0.0,0.0
34.71875,0.33271458882707566,0.4330103042150651,1.5,0.0,0.09482228849241386,0.0,0.0,0.0
34.729166666666664,0.3327347818981264,0.4329840256042483,1.5,0.0,0.07185775298550987,0.0,0.0,0.0
34.739583333333336,0.3327653188547434,0.43294429185299305,1.5,0.0,0.0553075360793763,0.0,0.0,0.0
34.75,0.3328136154622402,0.4328814646741754,1.5,0.0,0.026892094671819602,0.0,0.0,0.0
34.760416666666664,0.33287871962890686,0.4327968020467342,1.5,0.0,0.0,0.0,0.0,0.0
34.770833333333336,0.3329438237955735,0.43271217252932187,1.5,0.0,0.0,0.0,0.0,0.0
34.78125,0.3330089279622402,0.43262757610251906,1.5,0.0,0.0,0.0,0.0,0.0
34.791666666666664,0.33307403212890685,0.4325430127469217,1.5,0.0,0.0,0.0,0.0,0.0
34.802083333333336,0.3331391362955735,0.43245848244314083,1.5,0.0,0.0,0.0,0.0,0.0
34.8125,0.3332042404622402,0.43237398517180253,1.5,0.0,0.0,0.0,0.0,0.0
34.822916666666664,0.33326934462890684,0.4322895209135483,1.5,0.0,0.0,0.0,0.0,0.0
34.833333333333336,0.3333344487955735,0.4322050896490346,1.5,0.0,0.0,0.0,0.0,0.0
34.84375,0.33339955296224016,0.43212069135893283,1.5,0.0,0.0,0.0,0.0,0.0
34.854166666666664,0.3334646571289068,0.4320363260239298,1.5,0.0,0.0,0.0,0.0,0.0
34.864583333333336,0.3335297612955735,0.43195199362472725,1.5,0.0,0.0,0.0,0.0,0.0
34.875,0.33359486546224015,0.43186769414204196,1.5,0.0,0.0,0.0,0.0,0.0
34.885416666666664,0.3336599696289068,0.43178342755660576,1.5,0.0,0.0,0.0,0.0,0.0
34.895833333333336,0.3337250737955735,0.43169919384916555,1.5,0.0,0.0,0.0,0.0,0.0
34.90625,0.33379017796224014,0.43161499300048334,1.5,0.0,0.0,0.0,0.0,0.0
34.916666666666664,0.3338552821289068,0.43153082499133594,1.5,0.0,0.0,0.0,0.0,0.0
34.927083333333336,0.33392038629557347,0.4314466898025153,1.5,0.0,0.0,0.0,0.0,0.0
34.9375,0.33398549046224013,0.43136258741482836,1.5,0.0,0.0,0.0,0.0,0.0
34.947916666666664,0.3340505946289068,0.4312785178090969,1.5,0.0,0.0,0.0,0.0,0.0
34.958333333333336,0.3341156954859135,0.43119448096532526,1.5,0.0,0.0,0.0,0.0,0.0
34.96875,0.3341807823461548,0.43111047686084797,1.5,0.0,0.0,0.0,0.0,0.0
34.979166666666664,0.3342458442569967,0.43102650547026966,1.5,0.0,0.0,0.0,0.0,0.0
34.989583333333336,0.33431087027983564,0.4309425667654755,1.5,0.0,0.0,0.0,0.0,0.0
35.0,0.33437584949745364,0.4308586607156437,1.5,0.0,0.0,0.0,0.0,0.0
35.010416666666664,0.3344407710213468,0.43077478728725954,1.5,0.0,0.0,0.0,0.0,0.0
35.020833333333336,0.33450562399901546,0.4306909464441309,1.5,0.0,0.0,0.0,0.0,0.0
35.03125,0.3345703976212059,0.43060713814740625,1.5,0.0,0.0,0.0,0.0,0.0
35.041666666666664,0.33463508112909346,0.43052336235559385,1.5,0.0,0.0,0.0,0.0,0.0
35.052083333333336,0.33469966382139726,0.4304396190245828,1.5,0.0,0.0,0.0,0.0,0.0
35.0625,0.3347641350614158,0.4303559081076658,1.5,0.0,0.0,0.0,0.0,0.0
35.072916666666664,0.3348284842839742,0.43027222955556366,1.5,0.0,0.0,0.0,0.0,0.0
35.083333333333336,0.334892701002274,0.4301885833164513,1.5,0.0,0.0,0.0,0.0,0.0
35.09375,0.3349567748146346,0.43010496933598524,1.5,0.0,0.0,0.0,0.0,0.0
35.104166666666664,0.3350206954111195,0.4300213875573329,1.5,0.0,0.0,0.0,0.0,0.0
35.114583333333336,0.3350844525800365,0.42993783792120316,1.5,0.0,0.0,0.0,0.0,0.0
35.125,0.33514803621430433,0.429854320365879,1.5,0.0,0.0,0.0,0.0,0.0
35.135416666666664,0.3352114363176779,0.42977083482725026,1.5,0.0,0.0,0.0,0.0,0.0
35.145833333333336,0.3352746430108232,0.42968738123884953,1.5,0.0,0.0,0.0,0.0,0.0
35.15625,0.33533764653723525,0.4296039595318876,1.5,0.0,0.0,0.0,0.0,0.0
35.166666666666664,0.3354004372689915,0.4295205696352919,1.5,0.0,0.0,0.0,0.0,0.0
35.177083333333336,0.33546300571233395,0.42943721147574493,1.5,0.0,0.0,0.0,0.0,0.0
35.1875,0.33552534251307403,0.4293538849777242,1.5,0.0,0.0,0.0,0.0,0.0
35.197916666666664,0.33558743846181316,0.4292705900635441,1.5,0.0,0.0,0.0,0.0,0.0
35.208333333333336,0.33564928449897474,0.42918732665339776,1.5,0.0,0.0,0.0,0.0,0.0
35.21875,0.33571087171964137,0.42910409466540006,1.5,0.0,0.0,0.0,0.0,0.0
35.229166666666664,0.33577219137819314,0.4290208940156328,1.5,0.0,0.0,0.0,0.0,0.0
35.239583333333336,0.33583323489274225,0.42893772461818946,1.5,0.0,0.0,0.0,0.0,0.0
35.25,0.3358939938493603,0.42885458638522167,1.5,0.0,0.0,0.0,0.0,0.0
35.260416666666664,0.33595446000609497,0.42877147922698566,1.5,0.0,0.0,0.0,0.0,0.0
35.270833333333336,0.335999660531945,0.4287074959912284,1.5,0.0,0.02394362372386066,0.0,0.0,0.0
35.28125,0.33602804774815437,0.42866468345627884,1.5,0.0,0.05047518639986956,0.0,0.0,0.0
35.291666666666664,0.3360450650785063,0.4286361924091234,1.5,0.0,0.06843047970271841,0.0,0.0,0.0
35.302083333333336,0.3360349253942797,0.4286422287656458,1.5,0.0,0.11173831516335604,0.0,0.0,0.0
35.3125,0.3360265402466072,0.42864609546625865,1.5,0.0,0.10901663782472157,0.0,0.0,0.0
35.322916666666664,0.3359951929799577,0.4286793126751808,1.5,0.0,0.14582647932827572,0.0,0.0,0.0
35.333333333333336,0.33595639949232214,0.4287222456362311,1.5,0.0,0.15800123283312434,0.0,0.0,0.0
35.34375,0.33590292277811756,0.42878418331266804,1.5,0.0,0.1818115167093474,0.0,0.0,0.0
35.354166666666664,0.33581822397245,0.4288863517043912,1.5,0.0,0.23219380643491486,0.0,0.0,0.0
35.364583333333336,0.33573267797906337,0.4289901732987508,1.5,0.0,0.23420130831154706,0.0,0.0,0.0
35.375,0.33563213701791356,0.4291137190308709,1.5,0.0,0.25882165196704654,0.0,0.0,0.0
35.385416666666664,0.3355437291624612,0.4292223757244754,1.5,0.0,0.24010852283603967,0.0,0.0,0.0
35.395833333333336,0.3354265263595786,0.42936840935980986,1.5,0.0,0.2867612667705304,0.0,0.0,0.0
35.40625,0.3353219192343417,0.42949898624601707,1.5,0.0,0.267328338130763,0.0,0.0,0.0
35.416666666666664,0.33517452854072993,0.42968496029144493,1.5,0.0,0.33637680915633894,0.0,0.0,0.0
35.427083333333336,0.33501299189037986,0.42988985824254367,1.5,0.0,0.3597715194248765,0.0,0.0,0.0
35.4375,0.3348791279570527,0.430059998420381,1.5,0.0,0.31622617276446174,0.0,0.0,0.0
35.447916666666664,0.3347338947982737,0.43024530750028706,1.5,0.0,0.3349409038847683,0.0,0.0,0.0
35.458333333333336,0.3345928434123234,0.43042578681037696,1.5,0.0,0.32873468677004014,0.0,0.0,0.0
35.46875,0.33443818574241124,0.4306242481682768,1.5,0.0,0.35089187137280003,0.0,0.0,0.0
35.479166666666664,0.33423466766558435,0.4308861387630719,1.5,0.0,0.42939838796772317,0.0,0.0,0.0
35.489583333333336,0.3340630668263346,0.4311073836452649,1.5,0.0,0.37861408918872075,0.0,0.0,0.0
35.5,0.3338616473661106,0.43136746502992374,1.5,0.0,0.4264295749832844,0.0,0.0,0.0
35.510416666666664,0.33372167410486536,0.4315483939762899,1.5,0.0,0.32812388465907666,0.0,0.0,0.0
35.520833333333336,0.33353537903994446,0.4317894338812731,1.5,0.0,0.4022387705401302,0.0,0.0,0.0
35.53125,0.3333433861733554,0.4320381278545521,1.5,0.0,0.4113552532091076,0.0,0.0,0.0
35.541666666666664,0.3331764791074636,0.43225456034842674,1.5,0.0,0.37121797209355056,0.0,0.0,0.0
35.552083333333336,0.3329787644235764,0.4325112225830471,1.5,0.0,0.42051016088625137,0.0,0.0,0.0
35.5625,0.33280947137819045,0.43273123177248346,1.5,0.0,0.3750355392841554,0.0,0.0,0.0
35.572916666666664,0.3326722597030047,0.43290971307197545,1.5,0.0,0.3237053469638906,0.0,0.0,0.0
35.583333333333336,0.332515905110359,0.43311327452813275,1.5,0.0,0.35433401489978145,0.0,0.0,0.0
35.59375,0.33239078150999773,0.4332763136233418,1.5,0.0,0.3043644272447257,0.0,0.0,0.0
35.604166666666664,0.33223514314674135,0.4334792855776372,1.5,0.0,0.3531880478768953,0.0,0.0,0.0
35.614583333333336,0.3320847152634147,0.43367564321892055,1.5,0.0,0.34485127998928833,0.0,0.0,0.0
35.625,0.33196464524758423,0.43383250161360815,1.5,0.0,0.29627869199546253,0.0,0.0,0.0
35.635416666666664,0.33185700763868087,0.43397321490898355,1.5,0.0,0.27638684091203947,0.0,0.0,0.0
35.645833333333336,0.33177116806239765,0.43408549735083524,1.5,0.0,0.24150998871978163,0.0,0.0,0.0
35.65625,0.33168795068517015,0.4341944053063622,1.5,0.0,0.237314470230651,0.0,0.0,0.0
35.666666666666664,0.3316059794103088,0.4343017359069863,1.5,0.0,0.23532070644487846,0.0,0.0,0.0
35.677083333333336,0.33156610311721807,0.4343539678545467,1.5,0.0,0.1679687356118418,0.0,0.0,0.0
35.6875,0.33153300527833973,0.4343973305889211,1.5,0.0,0.15712320887199374,0.0,0.0,0.0
35.697916666666664,0.3314958496388622,0.4344460199182836,1.5,0.0,0.1636156898307585,0.0,0.0,0.0
35.708333333333336,0.33149468766995543,0.4344475427564634,1.5,0.0,0.10602581691752572,0.0,0.0,0.0
35.71875,0.3314897152335236,0.43445405958847977,1.5,0.0,0.11212256495756567,0.0,0.0,0.0
35.729166666666664,0.3315015297948833,0.434438575846525,1.5,0.0,0.0852633684912183,0.0,0.0,0.0
35.739583333333336,0.3315326467525829,0.434397800354518,1.5,0.0,0.054379534347229634,0.0,0.0,0.0
35.75,0.33158210875404903,0.43433300136786956,1.5,0.0,0.025027464320863838,0.0,0.0,0.0
35.760416666666664,0.3316472129207157,0.4342477394177966,1.5,0.0,0.0,0.0,0.0,0.0
35.770833333333336,0.33171231708738236,0.43416251093593045,1.5,0.0,0.0,0.0,0.0,0.0
35.78125,0.331777421254049,0.4340773159025687,1.5,0.0,0.0,0.0,0.0,0.0
35.791666666666664,0.3318425254207157,0.43399215429802473,1.5,0.0,0.0,0.0,0.0,0.0
35.802083333333336,0.33190762958738235,0.43390702610262727,1.5,0.0,0.0,0.0,0.0,0.0
35.8125,0.331972733754049,0.4338219312967202,1.5,0.0,0.0,0.0,0.0,0.0
35.822916666666664,0.3320378379207157,0.4337368698606632,1.5,0.0,0.0,0.0,0.0,0.0
35.833333333333336,0.33210294208738234,0.4336518417748312,1.5,0.0,0.0,0.0,0.0,0.0
35.84375,0.332168046254049,0.43356684701961434,1.5,0.0,0.0,0.0,0.0,0.0
35.854166666666664,0.33223315042071566,0.4334818855754184,1.5,0.0,0.0,0.0,0.0,0.0
35.864583333333336,0.3322982545873823,0.43339695742266443,1.5,0.0,0.0,0.0,0.0,0.0
35.875,0.332363358754049,0.4333120625417887,1.5,0.0,0.0,0.0,0.0,0.0
35.885416666666664,0.33242846292071565,0.43322720091324307,1.5,0.0,0.0,0.0,0.0,0.0
35.895833333333336,0.3324935670873823,0.4331423725174944,1.5,0.0,0.0,0.0,0.0,0.0
35.90625,0.332558671254049,0.433057577335025,1.5,0.0,0.0,0.0,0.0,0.0
35.916666666666664,0.33262377542071564,0.4329728153463325,1.5,0.0,0.0,0.0,0.0,0.0
35.927083333333336,0.3326888795873823,0.43288808653192956,1.5,0.0,0.0,0.0,0.0,0.0
35.9375,0.33275398375404897,0.43280339087234454,1.5,0.0,0.0,0.0,0.0,0.0
35.947916666666664,0.33281908792071563,0.4327187283481207,1.5,0.0,0.0,0.0,0.0,0.0
35.958333333333336,0.3328841920873823,0.4326340989398166,1.5,0.0,0.0,0.0,0.0,0.0
35.96875,0.33294929625404895,0.43254950262800584,1.5,0.0,0.0,0.0,0.0,0.0
35.979166666666664,0.3330144004207156,0.43246493939327757,1.5,0.0,0.0,0.0,0.0,0.0
35.989583333333336,0.3330795045873823,0.43238040921623583,1.5,0.0,0.0,0.0,0.0,0.0
36.0,0.33314460875404894,0.43229591207749984,1.5,0.0,0.0,0.0,0.0,0.0
36.010416666666664,0.3332097129207156,0.4322114479577042,1.5,0.0,0.0,0.0,0.0,0.0
36.020833333333336,0.33327481708738227,0.43212701683749843,1.5,0.0,0.0,0.0,0.0,0.0
36.03125,0.33333992125404893,0.4320426186975471,1.5,0.0,0.0,0.0,0.0,0.0
36.041666666666664,0.3334050254207156,0.43195825351853007,1.5,0.0,0.0,0.0,0.0,0.0
36.052083333333336,0.33347012958738226,0.43187392128114227,1.5,0.0,0.0,0.0,0.0,0.0
36.0625,0.3335352337540489,0.4317896219660936,1.5,0.0,0.0,0.0,0.0,0.0
36.072916666666664,0.3336003379207156,0.431705355554109,1.5,0.0,0.0,0.0,0.0,0.0
36.083333333333336,0.33366544208738225,0.4316211220259286,1.5,0.0,0.0,0.0,0.0,0.0
36.09375,0.3337305462540489,0.43153692136230754,1.5,0.0,0.0,0.0,0.0,0.0
36.104166666666664,0.3337956504207156,0.4314527535440158,1.5,0.0,0.0,0.0,0.0,0.0
36.114583333333336,0.33386075458738224,0.43136861855183845,1.5,0.0,0.0,0.0,0.0,0.0
36.125,0.3339258587540489,0.43128451636657567,1.5,0.0,0.0,0.0,0.0,0.0
36.135416666666664,0.33399096292071556,0.4312004469690425,1.5,0.0,0.0,0.0,0.0,0.0
36.145833333333336,0.3340560670873822,0.43111641034006887,1.5,0.0,0.0,0.0,0.0,0.0
36.15625,0.33412116718970414,0.4310324064594779,1.5,0.0,0.0,0.0,0.0,0.0
36.166666666666664,0.3341862523742551,0.4309484353043825,1.5,0.0,0.0,0.0,0.0,0.0
36.177083333333336,0.3342513116892969,0.4308644968491675,1.5,0.0,0.0,0.0,0.0,0.0
36.1875,0.3343163341977406,0.43078059106550026,1.5,0.0,0.0,0.0,0.0,0.0
36.197916666666664,0.3343813089845003,0.43069671792234315,1.5,0.0,0.0,0.0,0.0,0.0
36.208333333333336,0.33444622516381844,0.43061287738596804,1.5,0.0,0.0,0.0,0.0,0.0
36.21875,0.33451107188655244,0.4305290694199715,1.5,0.0,0.0,0.0,0.0,0.0
36.229166666666664,0.3345758383474119,0.43044529398529335,1.5,0.0,0.0,0.0,0.0,0.0
36.239583333333336,0.3346405137921363,0.4303615510402359,1.5,0.0,0.0,0.0,0.0,0.0
36.25,0.3347050875246034,0.4302778405404849,1.5,0.0,0.0,0.0,0.0,0.0
36.260416666666664,0.3347695489138578,0.4301941624391331,1.5,0.0,0.0,0.0,0.0,0.0
36.270833333333336,0.33481803631106,0.43013087915158493,1.5,0.0,0.025361743984979562,0.0,0.0,0.0
36.28125,0.3348537061609115,0.4300839486396515,1.5,0.0,0.04571057671025308,0.0,0.0,0.0
36.291666666666664,0.3348772185921838,0.43005254133917165,1.5,0.0,0.06503908904303493,0.0,0.0,0.0
36.302083333333336,0.3348856876484287,0.43004038791131494,1.5,0.0,0.08902429719739775,0.0,0.0,0.0
36.3125,0.3348679443191672,0.43006187157134096,1.5,0.0,0.13093322821437883,0.0,0.0,0.0
36.322916666666664,0.3348495682797252,0.43008422176981104,1.5,0.0,0.13200993221849858,0.0,0.0,0.0
36.333333333333336,0.3348043352920365,0.4301411285689099,1.5,0.0,0.1750463393688107,0.0,0.0,0.0
36.34375,0.33473522426718344,0.430228862674114,1.5,0.0,0.21340595928330366,0.0,0.0,0.0
36.354166666666664,0.33466514348996124,0.4303180565662231,1.5,0.0,0.2151776723553801,0.0,0.0,0.0
36.364583333333336,0.33460410269013713,0.4303958225320197,1.5,0.0,0.20091672698390411,0.0,0.0,0.0
36.375,0.3344892095791511,0.4305430513065482,1.5,0.0,0.2872406979325821,0.0,0.0,0.0
36.385416666666664,0.3343911273769662,0.4306689379811671,1.5,0.0,0.2606030998450217,0.0,0.0,0.0
36.395833333333336,0.3342749412156134,0.4308183736140729,1.5,0.0,0.28974805598817444,0.0,0.0,0.0
36.40625,0.3341449365892333,0.4309858646311056,1.5,0.0,0.3120176913894682,0.0,0.0,0.0
36.416666666666664,0.33403250944719703,0.43113088884895673,1.5,0.0,0.2840066378391988,0.0,0.0,0.0
36.427083333333336,0.33386033654535624,0.4313532227381981,1.5,0.0,0.3796411232920552,0.0,0.0,0.0
36.4375,0.33374211957235034,0.43150601517672454,1.5,0.0,0.293313823476125,0.0,0.0,0.0
36.447916666666664,0.3336075862753148,0.4316800277870507,1.5,0.0,0.3194199419235716,0.0,0.0,0.0
36.458333333333336,0.3334412651694342,0.43189535056532663,1.5,0.0,0.3702804360756628,0.0,0.0,0.0
36.46875,0.3332952605521819,0.43208454832123794,1.5,0.0,0.33777405427030344,0.0,0.0,0.0
36.479166666666664,0.33313649821257496,0.4322904661782351,1.5,0.0,0.358186410037725,0.0,0.0,0.0
36.489583333333336,0.3329933586408231,0.4324762893203354,1.5,0.0,0.333189981469678,0.0,0.0,0.0
36.5,0.3327892149765958,0.43274158425905346,1.5,0.0,0.43079652943029545,0.0,0.0,0.0
36.510416666666664,0.3325843078466565,0.4330081988705787,1.5,0.0,0.43201807456957364,0.0,0.0,0.0
36.520833333333336,0.3324005768749049,0.4332475396620505,1.5,0.0,0.3981362214692647,0.0,0.0,0.0
36.53125,0.33223013110380945,0.43346981092542913,1.5,0.0,0.3768799004193627,0.0,0.0,0.0
36.541666666666664,0.3320515962226068,0.43370287555176695,1.5,0.0,0.3898224765908249,0.0,0.0,0.0
36.552083333333336,0.33191372676669634,0.43388302591813355,1.5,0.0,0.32475779612345645,0.0,0.0,0.0
36.5625,0.33174000383029306,0.4341102382906172,1.5,0.0,0.3821233649119363,0.0,0.0,0.0
36.572916666666664,0.3315549747101327,0.4343524998809123,1.5,0.0,0.4002132589232703,0.0,0.0,0.0
36.583333333333336,0.3313957373428951,0.43456120850549707,1.5,0.0,0.3589464542467654,0.0,0.0,0.0
36.59375,0.3312303712250752,0.43477816234261024,1.5,0.0,0.3687524551785241,0.0,0.0,0.0
36.604166666666664,0.331089558512561,0.43496307391957584,1.5,0.0,0.3294670066893967,0.0,0.0,0.0
36.614583333333336,0.33096124828203866,0.435131704575198,1.5,0.0,0.3094630355024277,0.0,0.0,0.0
36.625,0.3308525648975379,0.43527464312660824,1.5,0.0,0.27806008186792525,0.0,0.0,0.0
36.635416666666664,0.33074531227895076,0.4354157920516171,1.5,0.0,0.27577085640606724,0.0,0.0,0.0
36.645833333333336,0.33065073611426765,0.43554033420790755,1.5,0.0,0.25548853015962125,0.0,0.0,0.0
36.65625,0.3305618678186525,0.4356574249281051,1.5,0.0,0.24635593965088845,0.0,0.0,0.0
36.666666666666664,0.33047543053280026,0.4357713730219512,1.5,0.0,0.24246632403022933,0.0,0.0,0.0
36.677083333333336,0.33040467539484897,0.4358646921118719,1.5,0.0,0.2173748873887065,0.0,0.0,0.0
36.6875,0.33035806195291256,0.4359261925135808,1.5,0.0,0.17874817376488056,0.0,0.0,0.0
36.697916666666664,0.33033355553895744,0.43595853251522,1.5,0.0,0.14337692899488846,0.0,0.0,0.0
36.708333333333336,0.3303286536883395,0.4359650018407784,1.5,0.0,0.11200962765531979,0.0,0.0,0.0
36.71875,0.33033582230764036,0.43595554096213424,1.5,0.0,0.09269687578532787,0.0,0.0,0.0
36.729166666666664,0.3303593186775641,0.435924534200461,1.5,0.0,0.06657247478871359,0.0,0.0,0.0
36.739583333333336,0.3303892732190007,0.43588501136911817,1.5,0.0,0.05623940036806358,0.0,0.0,0.0
36.75,0.3304370373108766,0.4358220049582758,1.5,0.0,0.02774411966526165,0.0,0.0,0.0
36.760416666666664,0.33050214147754325,0.4357361542938264,1.5,0.0,0.0,0.0,0.0,0.0
36.770833333333336,0.3305672456442099,0.4356503374454071,1.5,0.0,0.0,0.0,0.0,0.0
36.78125,0.3306323498108766,0.43556455439304187,1.5,0.0,0.0,0.0,0.0,0.0
36.791666666666664,0.33069745397754324,0.4354788051167707,1.5,0.0,0.0,0.0,0.0,0.0
36.802083333333336,0.3307625581442099,0.43539308959664896,1.5,0.0,0.0,0.0,0.0,0.0
36.8125,0.33082766231087657,0.43530740781274785,1.5,0.0,0.0,0.0,0.0,0.0
36.822916666666664,0.33089276647754323,0.43522175974515437,1.5,0.0,0.0,0.0,0.0,0.0
36.833333333333336,0.3309578706442099,0.435136145373971,1.5,0.0,0.0,0.0,0.0,0.0
36.84375,0.33102297481087656,0.43505056467931597,1.5,0.0,0.0,0.0,0.0,0.0
36.854166666666664,0.3310880789775432,0.43496501764132295,1.5,0.0,0.0,0.0,0.0,0.0
36.864583333333336,0.3311531831442099,0.4348795042401416,1.5,0.0,0.0,0.0,0.0,0.0
36.875,0.33121828731087655,0.434794024455937,1.5,0.0,0.0,0.0,0.0,0.0
36.885416666666664,0.3312833914775432,0.43470857826888976,1.5,0.0,0.0,0.0,0.0,0.0
36.895833333333336,0.3313484956442099,0.4346231656591961,1.5,0.0,0.0,0.0,0.0,0.0
36.90625,0.33141359981087654,0.4345377866070679,1.5,0.0,0.0,0.0,0.0,0.0
36.916666666666664,0.3314787039775432,0.4344524410927324,1.5,0.0,0.0,0.0,0.0,0.0
36.927083333333336,0.33154380814420986,0.4343671290964325,1.5,0.0,0.0,0.0,0.0,0.0
36.9375,0.3316089123108765,0.43428185059842667,1.5,0.0,0.0,0.0,0.0,0.0
36.947916666666664,0.3316740164775432,0.4341966055789888,1.5,0.0,0.0,0.0,0.0,0.0
36.958333333333336,0.33173912064420985,0.43411139401840826,1.5,0.0,0.0,0.0,0.0,0.0
36.96875,0.3318042248108765,0.43402621589698986,1.5,0.0,0.0,0.0,0.0,0.0
36.979166666666664,0.3318693289775432,0.433941071195054,1.5,0.0,0.0,0.0,0.0,0.0
36.989583333333336,0.33193443314420984,0.43385595989293635,1.5,0.0,0.0,0.0,0.0,0.0
37.0,0.3319995373108765,0.43377088197098806,1.5,0.0,0.0,0.0,0.0,0.0
37.010416666666664,0.33206464147754317,0.4336858374095757,1.5,0.0,0.0,0.0,0.0,0.0
37.020833333333336,0.33212974564420983,0.43360082618908147,1.5,0.0,0.0,0.0,0.0,0.0
37.03125,0.3321948498108765,0.43351584828990253,1.5,0.0,0.0,0.0,0.0,0.0
37.041666666666664,0.33225995397754315,0.4334309036924516,1.5,0.0,0.0,0.0,0.0,0.0
37.052083333333336,0.3323250581442098,0.4333459923771567,1.5,0.0,0.0,0.0,0.0,0.0
37.0625,0.3323901623108765,0.43326111432446135,1.5,0.0,0.0,0.0,0.0,0.0
37.072916666666664,0.33245526647754314,0.43317626951482413,1.5,0.0,0.0,0.0,0.0,0.0
37.083333333333336,0.3325203706442098,0.43309145792871917,1.5,0.0,0.0,0.0,0.0,0.0
37.09375,0.33258547481087647,0.4330066795466358,1.5,0.0,0.0,0.0,0.0,0.0
37.104166666666664,0.33265057897754313,0.4329219343490786,1.5,0.0,0.0,0.0,0.0,0.0
37.114583333333336,0.3327156831442098,0.43283722231656735,1.5,0.0,0.0,0.0,0.0,0.0
37.125,0.33278078731087646,0.43275254342963715,1.5,0.0,0.0,0.0,0.0,0.0
37.135416666666664,0.3328458914775431,0.4326678976688384,1.5,0.0,0.0,0.0,0.0,0.0
37.145833333333336,0.3329109956442098,0.4325832850147366,1.5,0.0,0.0,0.0,0.0,0.0
37.15625,0.33297609981087645,0.43249870544791236,1.5,0.0,0.0,0.0,0.0,0.0
37.166666666666664,0.3330412039775431,0.4324141589489618,1.5,0.0,0.0,0.0,0.0,0.0
37.177083333333336,0.3331063081442098,0.43232964549849584,1.5,0.0,0.0,0.0,0.0,0.0
37.1875,0.33317141231087644,0.4322451650771408,1.5,0.0,0.0,0.0,0.0,0.0
37.197916666666664,0.3332365164775431,0.43216071766553804,1.5,0.0,0.0,0.0,0.0,0.0
37.208333333333336,0.33330162064420976,0.43207630324434415,1.5,0.0,0.0,0.0,0.0,0.0
37.21875,0.3333667248108764,0.4319919217942306,1.5,0.0,0.0,0.0,0.0,0.0
37.229166666666664,0.3334318289775431,0.4319075732958842,1.5,0.0,0.0,0.0,0.0,0.0
37.239583333333336,0.33349693314420975,0.43182325773000674,1.5,0.0,0.0,0.0,0.0,0.0
37.25,0.3335620373108764,0.43173897507731507,1.5,0.0,0.0,0.0,0.0,0.0
37.260416666666664,0.3336271414775431,0.43165472531854104,1.5,0.0,0.0,0.0,0.0,0.0
37.270833333333336,0.3336767727815503,0.4315905207090328,1.5,0.0,0.024756580255144444,0.0,0.0,0.0
37.28125,0.3337105801855478,0.4315467973272719,1.5,0.0,0.05007482027068104,0.0,0.0,0.0
37.291666666666664,0.33372927488412174,0.4315226231300895,1.5,0.0,0.07425514894835943,0.0,0.0,0.0
37.302083333333336,0.3337233638266785,0.43153026645174414,1.5,0.0,0.11362435857581789,0.0,0.0,0.0
37.3125,0.33370129707927443,0.4315588023593668,1.5,0.0,0.13947346251320247,0.0,0.0,0.0
37.322916666666664,0.3336758510191547,0.43159171295567295,1.5,0.0,0.14488036285827,0.0,0.0,0.0
37.333333333333336,0.33362205522253763,0.4316613061364844,1.5,0.0,0.19023994125394889,0.0,0.0,0.0
37.34375,0.33356931638540244,0.43172955376659794,1.5,0.0,0.18854880608296473,0.0,0.0,0.0
37.354166666666664,0.3334982787572832,0.43182151539111613,1.5,0.0,0.21782687165739933,0.0,0.0,0.0
37.364583333333336,0.3334200415369147,0.4319228425785995,1.5,0.0,0.22934621925632248,0.0,0.0,0.0
37.375,0.33332248885411636,0.43204925238731134,1.5,0.0,0.2602509591439407,0.0,0.0,0.0
37.385416666666664,0.33320228838317223,0.43220511123167893,1.5,0.0,0.29648742017730184,0.0,0.0,0.0
37.395833333333336,0.3330729305177655,0.43237296975599643,1.5,0.0,0.311139251317483,0.0,0.0,0.0
37.40625,0.33292740112659935,0.4325619688435824,1.5,0.0,0.33701369253246244,0.0,0.0,0.0
37.416666666666664,0.33277805574578073,0.4327560956222241,1.5,0.0,0.3431192759764701,0.0,0.0,0.0
37.427083333333336,0.3326612023918241,0.4329081091448562,1.5,0.0,0.2911320329972502,0.0,0.0,0.0
37.4375,0.3324943305842831,0.4331253764845586,1.5,0.0,0.37116155873220974,0.0,0.0,0.0
37.447916666666664,0.3323286616749062,0.43334129348787703,1.5,0.0,0.3692369216697115,0.0,0.0,0.0
37.458333333333336,0.3321729998764746,0.4335443644331498,1.5,0.0,0.3532255441572498,0.0,0.0,0.0
37.46875,0.3320281979739112,0.43373343888284605,1.5,0.0,0.33584971076806047,0.0,0.0,0.0
37.479166666666664,0.33186484879420863,0.43394692940981366,1.5,0.0,0.3655253541908033,0.0,0.0,0.0
37.489583333333336,0.33166999897832034,0.4342018649769775,1.5,0.0,0.4159263720879016,0.0,0.0,0.0
37.5,0.33152855912338103,0.4343871082904317,1.5,0.0,0.3304704345695422,0.0,0.0,0.0
37.510416666666664,0.3313232814069994,0.434656241184555,1.5,0.0,0.432611012877294,0.0,0.0,0.0
37.520833333333336,0.331126503747624,0.4349145431833536,1.5,0.0,0.41901092166730947,0.0,0.0,0.0
37.53125,0.3309699846766709,0.43512021869290035,1.5,0.0,0.35459718019162345,0.0,0.0,0.0
37.541666666666664,0.33078042288623033,0.435369574948608,1.5,0.0,0.40746553137156954,0.0,0.0,0.0
37.552083333333336,0.33058802228391626,0.4356229578989963,1.5,0.0,0.4120076303691967,0.0,0.0,0.0
37.5625,0.3304305999232896,0.43583049556164477,1.5,0.0,0.3560424436693186,0.0,0.0,0.0
37.572916666666664,0.33025447863228663,0.43606291944838416,1.5,0.0,0.38596073227144406,0.0,0.0,0.0
37.583333333333336,0.33008909637826145,0.43628139703309216,1.5,0.0,0.36877827310692796,0.0,0.0,0.0
37.59375,0.32993476581682746,0.43648547238350466,1.5,0.0,0.35109556496109506,0.0,0.0,0.0
37.604166666666664,0.3297712206066078,0.4367019409649881,1.5,0.0,0.3658390030181659,0.0,0.0,0.0
37.614583333333336,0.3296496358803082,0.4368630098095659,1.5,0.0,0.2987022287459894,0.0,0.0,0.0
37.625,0.32951544280273737,0.4370409195040693,1.5,0.0,0.31887559078001426,0.0,0.0,0.0
37.635416666666664,0.32940365722157117,0.4371892325907917,1.5,0.0,0.283023596532572,0.0,0.0,0.0
37.645833333333336,0.32931107339913473,0.4373121457071455,1.5,0.0,0.2523007825649595,0.0,0.0,0.0
37.65625,0.329232872602181,0.4374160179542926,1.5,0.0,0.2292879417926848,0.0,0.0,0.0
37.666666666666664,0.3291706463592695,0.437498706844349,1.5,0.0,0.2037286553250054,0.0,0.0,0.0
37.677083333333336,0.3291257730802204,0.43755835577846963,1.5,0.0,0.17596391314525228,0.0,0.0,0.0
37.6875,0.32909368817894263,0.43760101541356045,1.5,0.0,0.1555025087110958,0.0,0.0,0.0
37.697916666666664,0.32907743122847477,0.4376226336023426,1.5,0.0,0.13017778741528194,0.0,0.0,0.0
37.708333333333336,0.3290540268748789,0.43765376002542783,1.5,0.0,0.1416136324200694,0.0,0.0,0.0
37.71875,0.32904834658951476,0.43766131514087936,1.5,0.0,0.11325512324931247,0.0,0.0,0.0
37.729166666666664,0.3290685962020577,0.43763438315113945,1.5,0.0,0.07176728659794257,0.0,0.0,0.0
37.739583333333336,0.3291021916335134,0.4375897085294092,1.5,0.0,0.05041397633757108,0.0,0.0,0.0
37.75,0.32915315250653515,0.43752195905351277,1.5,0.0,0.02262926983181708,0.0,0.0,0.0
37.760416666666664,0.3292182566732018,0.4374354374163764,1.5,0.0,0.0,0.0,0.0,0.0
37.770833333333336,0.3292833608398685,0.4373489499924421,1.5,0.0,0.0,0.0,0.0,0.0
37.78125,0.32934846500653514,0.4372624967614206,1.5,0.0,0.0,0.0,0.0,0.0
37.791666666666664,0.3294135691732018,0.43717607770303857,1.5,0.0,0.0,0.0,0.0,0.0
37.802083333333336,0.32947867333986847,0.4370896927970385,1.5,0.0,0.0,0.0,0.0,0.0
37.8125,0.32954377750653513,0.43700334202317936,1.5,0.0,0.0,0.0,0.0,0.0
37.822916666666664,0.3296088816732018,0.4369170253612359,1.5,0.0,0.0,0.0,0.0,0.0
37.833333333333336,0.32967398583986846,0.4368307427909987,1.5,0.0,0.0,0.0,0.0,0.0
37.84375,0.3297390900065351,0.43674449429227435,1.5,0.0,0.0,0.0,0.0,0.0
37.854166666666664,0.3298041941732018,0.4366582798448856,1.5,0.0,0.0,0.0,0.0,0.0
37.864583333333336,0.32986929833986844,0.43657209942867087,1.5,0.0,0.0,0.0,0.0,0.0
37.875,0.3299344025065351,0.4364859530234845,1.5,0.0,0.0,0.0,0.0,0.0
37.885416666666664,0.32999950667320177,0.436399840609197,1.5,0.0,0.0,0.0,0.0,0.0
37.895833333333336,0.33006461083986843,0.4363137621656946,1.5,0.0,0.0,0.0,0.0,0.0
37.90625,0.3301297150065351,0.4362277176728794,1.5,0.0,0.0,0.0,0.0,0.0
37.916666666666664,0.33019481917320176,0.43614170711066913,1.5,0.0,0.0,0.0,0.0,0.0
37.927083333333336,0.3302599233398684,0.43605573045899776,1.5,0.0,0.0,0.0,0.0,0.0
37.9375,0.3303250275065351,0.4359697876978148,1.5,0.0,0.0,0.0,0.0,0.0
37.947916666666664,0.33039013167320175,0.43588387880708557,1.5,0.0,0.0,0.0,0.0,0.0
37.958333333333336,0.3304552358398684,0.43579800376679134,1.5,0.0,0.0,0.0,0.0,0.0
37.96875,0.3305203400065351,0.4357121625569292,1.5,0.0,0.0,0.0,0.0,0.0
37.979166666666664,0.33058544417320174,0.43562635515751164,1.5,0.0,0.0,0.0,0.0,0.0
37.989583333333336,0.3306505483398684,0.4355405815485671,1.5,0.0,0.0,0.0,0.0,0.0
38.0,0.33071565250653506,0.43545484171013993,1.5,0.0,0.0,0.0,0.0,0.0
38.010416666666664,0.3307807566732017,0.43536913562229,1.5,0.0,0.0,0.0,0.0,0.0
38.020833333333336,0.3308458608398684,0.4352834632650928,1.5,0.0,0.0,0.0,0.0,0.0
38.03125,0.33091096500653505,0.4351978246186397,1.5,0.0,0.0,0.0,0.0,0.0
38.041666666666664,0.3309760691732017,0.4351122196630376,1.5,0.0,0.0,0.0,0.0,0.0
38.052083333333336,0.3310411733398684,0.43502664837840904,1.5,0.0,0.0,0.0,0.0,0.0
38.0625,0.33110627750653504,0.43494111074489217,1.5,0.0,0.0,0.0,0.0,0.0
38.072916666666664,0.3311713816732017,0.43485560674264095,1.5,0.0,0.0,0.0,0.0,0.0
38.083333333333336,0.33123648583986837,0.4347701363518248,1.5,0.0,0.0,0.0,0.0,0.0
38.09375,0.33130159000653503,0.4346846995526287,1.5,0.0,0.0,0.0,0.0,0.0
38.104166666666664,0.3313666941732017,0.43459929632525324,1.5,0.0,0.0,0.0,0.0,0.0
38.114583333333336,0.33143179833986836,0.4345139266499146,1.5,0.0,0.0,0.0,0.0,0.0
38.125,0.331496902506535,0.4344285905068445,1.5,0.0,0.0,0.0,0.0,0.0
38.135416666666664,0.3315620066732017,0.4343432878762901,1.5,0.0,0.0,0.0,0.0,0.0
38.145833333333336,0.33162711083986834,0.43425801873851416,1.5,0.0,0.0,0.0,0.0,0.0
38.15625,0.331692215006535,0.4341727830737949,1.5,0.0,0.0,0.0,0.0,0.0
38.166666666666664,0.33175731917320167,0.4340875808624261,1.5,0.0,0.0,0.0,0.0,0.0
38.177083333333336,0.33182242333986833,0.43400241208471674,1.5,0.0,0.0,0.0,0.0,0.0
38.1875,0.331887527506535,0.4339172767209916,1.5,0.0,0.0,0.0,0.0,0.0
38.197916666666664,0.33195263167320166,0.4338321747515908,1.5,0.0,0.0,0.0,0.0,0.0
38.208333333333336,0.3320177358398683,0.4337471061568696,1.5,0.0,0.0,0.0,0.0,0.0
38.21875,0.332082840006535,0.4336620709171991,1.5,0.0,0.0,0.0,0.0,0.0
38.229166666666664,0.33214794417320165,0.4335770690129655,1.5,0.0,0.0,0.0,0.0,0.0
38.239583333333336,0.3322130483398683,0.4334921004245705,1.5,0.0,0.0,0.0,0.0,0.0
38.25,0.332278152506535,0.4334071651324309,1.5,0.0,0.0,0.0,0.0,0.0
38.260416666666664,0.33234325667320164,0.43332226311697924,1.5,0.0,0.0,0.0,0.0,0.0
38.270833333333336,0.33239193362478986,0.43325880547950346,1.5,0.0,0.026283544125547516,0.0,0.0,0.0
38.28125,0.33242732295834687,0.43321268189300893,1.5,0.0,0.047543732975415046,0.0,0.0,0.0
38.291666666666664,0.3324439890030425,0.4331909641235261,1.5,0.0,0.07750099515365186,0.0,0.0,0.0
38.302083333333336,0.33244647400329985,0.4331877260694587,1.5,0.0,0.10019066625487416,0.0,0.0,0.0
38.3125,0.3324301611165054,0.4332089832932689,1.5,0.0,0.13026728553772515,0.0,0.0,0.0
38.322916666666664,0.3324003461568682,0.4332478403778078,1.5,0.0,0.1518706020862147,0.0,0.0,0.0
38.333333333333336,0.332364275395329,0.4332948598100829,1.5,0.0,0.161879885129431,0.0,0.0,0.0
38.34375,0.3323142944496004,0.4333600284989848,1.5,0.0,0.18413617983237682,0.0,0.0,0.0
38.354166666666664,0.3322653005565618,0.433423929227854,1.5,0.0,0.18255689552844742,0.0,0.0,0.0
38.364583333333336,0.33217385546345846,0.43354324774407543,1.5,0.0,0.2504788156319917,0.0,0.0,0.0
38.375,0.3320951525080871,0.4336459927995846,1.5,0.0,0.23009139526085157,0.0,0.0,0.0
38.385416666666664,0.33196614153636744,0.43381451929645704,1.5,0.0,0.3105842214180865,0.0,0.0,0.0
38.395833333333336,0.3318607167541687,0.43395233253828575,1.5,0.0,0.27284631818458455,0.0,0.0,0.0
38.40625,0.331707564399696,0.4341526922182871,1.5,0.0,0.34921043382298106,0.0,0.0,0.0
38.416666666666664,0.3315465892026269,0.4343634855651769,1.5,0.0,0.3617269819771987,0.0,0.0,0.0
38.427083333333336,0.33137605594352815,0.4345870183748002,1.5,0.0,0.37701988122471025,0.0,0.0,0.0
38.4375,0.3312490170774597,0.4347536888830163,1.5,0.0,0.30742885237624823,0.0,0.0,0.0
38.447916666666664,0.3311066750486836,0.43494058853426737,1.5,0.0,0.33191391270841947,0.0,0.0,0.0
38.458333333333336,0.33092679139199344,0.4351770115303609,1.5,0.0,0.3919805173709085,0.0,0.0,0.0
38.46875,0.3360425633302905,0.4480808342284368,1.5,8.52,0.334764898724724,5.0,1.0,1.0
38.479166666666664,0.3411207812912241,0.4606412851450184,1.5,8.52,0.3862205710701759,5.0,1.0,1.0
38.489583333333336,0.3461278644009262,0.47285016003385805,1.5,8.52,0.40377322366253704,5.0,1.0,1.0
38.5,0.3509959907164353,0.48473258501496636,1.5,8.52,0.42672505143383954,5.0,1.0,1.0
38.510416666666664,0.35567711893945453,0.4962946630955297,1.5,8.52,0.43262661485291504,5.0,1.0,1.0
38.520833333333336,0.3601448515335081,0.5075225547164999,1.5,8.52,0.399557605005985,5.0,1.0,1.0
38.53125,0.3643281198245695,0.5184765702401957,1.5,8.52,0.41271382460057354,5.0,1.0,1.0
38.541666666666664,0.3682140068756961,0.5291528919485865,1.5,8.52,0.39981419074613866,5.0,1.0,1.0
38.552083333333336,0.3717887132688311,0.5395621936288386,1.5,8.52,0.3788697875740526,5.0,1.0,1.0
38.5625,0.37503165628561536,0.5497387877226495,1.5,8.52,0.3772350870360392,5.0,1.0,1.0
38.572916666666664,0.37796058630636087,0.5596755338413106,1.5,8.52,0.3508791776812377,5.0,1.0,1.0
38.583333333333336,0.3753322202858729,0.5598689932065934,1.5,0.0,0.31174846352196645,0.0,0.0,0.0
38.59375,0.37298481730572675,0.5600770766763098,1.5,0.0,0.3259670546236919,0.0,0.0,0.0
38.604166666666664,0.3709123666348719,0.5602393065362108,1.5,0.0,0.27606603917964906,0.0,0.0,0.0
38.614583333333336,0.3690333966467217,0.5604174211063572,1.5,0.0,0.2918870898400699,0.0,0.0,0.0
38.625,0.3673321691301418,0.5605919026349906,1.5,0.0,0.28715220843521533,0.0,0.0,0.0
38.635416666666664,0.36580580845229277,0.5607296326991554,1.5,0.0,0.24796455524319136,0.0,0.0,0.0
38.645833333333336,0.3644248016981602,0.5608420601900508,1.5,0.0,0.22107539040283997,0.0,0.0,0.0
38.65625,0.3631269473833852,0.560998100406278,1.5,0.0,0.2658161902232579,0.0,0.0,0.0
38.666666666666664,0.3619782682248384,0.561078358318972,1.5,0.0,0.18702361816736957,0.0,0.0,0.0
38.677083333333336,0.3608950450220727,0.5611889587038666,1.5,0.0,0.21799071364812891,0.0,0.0,0.0
38.6875,0.3599286349999038,0.5612375713340875,1.5,0.0,0.15405240263564787,0.0,0.0,0.0
38.697916666666664,0.3590437030490154,0.5612621184372095,1.5,0.0,0.12929251925891255,0.0,0.0,0.0
38.708333333333336,0.3582181660576564,0.5612850392299079,1.5,0.0,0.12757289788822318,0.0,0.0,0.0
38.71875,0.35745777819611424,0.561288273764187,1.5,0.0,0.10746255907378889,0.0,0.0,0.0
38.729166666666664,0.3567656989552706,0.5612577882719579,1.5,0.0,0.07316319568322534,0.0,0.0,0.0
38.739583333333336,0.3561311449012926,0.5612017758758536,1.5,0.0,0.047300793849929496,0.0,0.0,0.0
38.75,0.3555474345293322,0.5611235653668437,1.5,0.0,0.024886672833263058,0.0,0.0,0.0
38.760416666666664,0.3550122423700814,0.5610206633320397,1.5,0.0,0.0,0.0,0.0,0.0
38.770833333333336,0.35450650002849093,0.5609176333938972,1.5,0.0,0.0,0.0,0.0,0.0
38.78125,0.3540279063251685,0.5608144831211692,1.5,0.0,0.0,0.0,0.0,0.0
38.791666666666664,0.353574394805478,0.5607112195361511,1.5,0.0,0.0,0.0,0.0,0.0
38.802083333333336,0.3531441044126183,0.5606078491662868,1.5,0.0,0.0,0.0,0.0,0.0
38.8125,0.3527353544667117,0.5605043780897855,1.5,0.0,0.0,0.0,0.0,0.0
38.822916666666664,0.3523466232276694,0.5604008119760697,1.5,0.0,0.0,0.0,0.0,0.0
38.833333333333336,0.3519765294551605,0.5602971561217448,1.5,0.0,0.0,0.0,0.0,0.0
38.84375,0.35162381648653784,0.5601934154826735,1.5,0.0,0.0,0.0,0.0,0.0
38.854166666666664,0.35128733843937837,0.5600895947026557,1.5,0.0,0.0,0.0,0.0,0.0
38.864583333333336,0.3509660482141559,0.5599856981391353,1.5,0.0,0.0,0.0,0.0,0.0
38.875,0.35065898702812537,0.5598817298862993,1.5,0.0,0.0,0.0,0.0,0.0
38.885416666666664,0.3503652752565577,0.5597776937958807,1.5,0.0,0.0,0.0,0.0,0.0
38.895833333333336,0.3500841043941875,0.5596735934959364,1.5,0.0,0.0,0.0,0.0,0.0
38.90625,0.34981472997980567,0.5595694324078312,1.5,0.0,0.0,0.0,0.0,0.0
38.916666666666664,0.3495564653516582,0.5594652137616322,1.5,0.0,0.0,0.0,0.0,0.0
38.927083333333336,0.3493086761217396,0.5593609406100879,1.5,0.0,0.0,0.0,0.0,0.0
38.9375,0.34907077527400787,0.559256615841348,1.5,0.0,0.0,0.0,0.0,0.0
38.947916666666664,0.348842218805652,0.5591522421905558,1.5,0.0,0.0,0.0,0.0,0.0
38.958333333333336,0.34862250184232907,0.5590478222504337,1.5,0.0,0.0,0.0,0.0,0.0
38.96875,0.34841115516817195,0.5589433584809632,1.5,0.0,0.0,0.0,0.0,0.0
38.979166666666664,0.3482077421196884,0.5588388532182536,1.5,0.0,0.0,0.0,0.0,0.0
38.989583333333336,0.34801185579969546,0.5587343086826768,1.5,0.0,0.0,0.0,0.0,0.0
39.0,0.34782311657338305,0.5586297269863444,1.5,0.0,0.0,0.0,0.0,0.0
39.010416666666664,0.34764116981365706,0.5585251101399848,1.5,0.0,0.0,0.0,0.0,0.0
39.020833333333336,0.3474656838672186,0.5584204600592823,1.5,0.0,0.0,0.0,0.0,0.0
39.03125,0.34729634821651933,0.558315778570725,1.5,0.0,0.0,0.0,0.0,0.0
39.041666666666664,0.34713287181588676,0.5582110674170087,1.5,0.0,0.0,0.0,0.0,0.0
39.052083333333336,0.3469749815828249,0.558106328262034,1.5,0.0,0.0,0.0,0.0,0.0
39.0625,0.34682242102783106,0.5580015626955368,1.5,0.0,0.0,0.0,0.0,0.0
39.072916666666664,0.3466749490080854,0.5578967722373802,1.5,0.0,0.0,0.0,0.0,0.0
39.083333333333336,0.34653233859211696,0.5577919583415398,1.5,0.0,0.0,0.0,0.0,0.0
39.09375,0.34639437602406314,0.5576871223998077,1.5,0.0,0.0,0.0,0.0,0.0
39.104166666666664,0.3462608597774578,0.5575822657452383,1.5,0.0,0.0,0.0,0.0,0.0
39.114583333333336,0.3461315996896303,0.557477389655358,1.5,0.0,0.0,0.0,0.0,0.0
39.125,0.3460064161688012,0.5573724953551571,1.5,0.0,0.0,0.0,0.0,0.0
39.135416666666664,0.34588513946683597,0.5572675840198827,1.5,0.0,0.0,0.0,0.0,0.0
39.145833333333336,0.34576760901138964,0.5571626567776472,1.5,0.0,0.0,0.0,0.0,0.0
39.15625,0.3456536727918486,0.5570577147118669,1.5,0.0,0.0,0.0,0.0,0.0
39.166666666666664,0.3455431867940722,0.5569527588635458,1.5,0.0,0.0,0.0,0.0,0.0
39.177083333333336,0.3454360144794609,0.5568477902334127,1.5,0.0,0.0,0.0,0.0,0.0
39.1875,0.3453320263043407,0.5567428097839268,1.5,0.0,0.0,0.0,0.0,0.0
39.197916666666664,0.3452310992760639,0.5566378184411578,1.5,0.0,0.0,0.0,0.0,0.0
39.208333333333336,0.3451331165425889,0.5565328170965527,1.5,0.0,0.0,0.0,0.0,0.0
39.21875,0.3450379670126249,0.5564278066085957,1.5,0.0,0.0,0.0,0.0,0.0
39.229166666666664,0.34494554500371455,0.5563227878043696,1.5,0.0,0.0,0.0,0.0,0.0
39.239583333333336,0.344855749915881,0.5562177614810256,1.5,0.0,0.0,0.0,0.0,0.0
39.25,0.3447684859286965,0.5561127284071679,1.5,0.0,0.0,0.0,0.0,0.0
39.260416666666664,0.3446836617198302,0.5560076893241577,1.5,0.0,0.0,0.0,0.0,0.0
39.270833333333336,0.3445847940730068,0.5559290960628996,1.5,0.0,0.026233808496026342,0.0,0.0,0.0
39.28125,0.3444734954467877,0.555874937889882,1.5,0.0,0.05047332973275615,0.0,0.0,0.0
39.291666666666664,0.34435275384557856,0.5558409011366581,1.5,0.0,0.07043058998979629,0.0,0.0,0.0
39.302083333333336,0.3442249441301362,0.555823517039455,1.5,0.0,0.08694147902404471,0.0,0.0,0.0
39.3125,0.34407988886431784,0.5558394775032894,1.5,0.0,0.11997506470381213,0.0,0.0,0.0
39.322916666666664,0.3439177706407399,0.5558891777146117,1.5,0.0,0.15336874480638887,0.0,0.0,0.0
39.333333333333336,0.34373877994735536,0.5559729728376426,1.5,0.0,0.18707134482457405,0.0,0.0,0.0
39.34375,0.34356372499720367,0.5560578156372469,1.5,0.0,0.1880524947779355,0.0,0.0,0.0
39.354166666666664,0.34338014359058067,0.5561635988859536,1.5,0.0,0.2086849123853159,0.0,0.0,0.0
39.364583333333336,0.3431846754231645,0.5562960131176307,1.5,0.0,0.2348980851500788,0.0,0.0,0.0
39.375,0.3429735867995658,0.5564614864792413,1.5,0.0,0.26739772642812115,0.0,0.0,0.0
39.385416666666664,0.3427451474061388,0.5566633350558009,1.5,0.0,0.3030882360694137,0.0,0.0,0.0
39.395833333333336,0.3425243585046748,0.5568614586893611,1.5,0.0,0.2992207791723548,0.0,0.0,0.0
39.40625,0.3422940855470043,0.5570832354095933,1.5,0.0,0.32228299262270577,0.0,0.0,0.0
39.416666666666664,0.34206946128835813,0.5573042015780316,1.5,0.0,0.3212567484246207,0.0,0.0,0.0
39.427083333333336,0.3418695226833034,0.5574928900759739,1.5,0.0,0.2893634666755688,0.0,0.0,0.0
39.4375,0.34164821272391094,0.5577233614088338,1.5,0.0,0.33015015914125323,0.0,0.0,0.0
39.447916666666664,0.3413934624092909,0.5580159843197575,1.5,0.0,0.39075906900216856,0.0,0.0,0.0
39.458333333333336,0.34113719300953194,0.5583195696167121,1.5,0.0,0.4011165432357231,0.0,0.0,0.0
39.46875,0.34093438683944144,0.5585438329282489,1.5,0.0,0.3232786699572228,0.0,0.0,0.0
39.479166666666664,0.34073378407514965,0.5587707549009805,1.5,0.0,0.3256568428005289,0.0,0.0,0.0
39.489583333333336,0.3404873476520273,0.5590789683262511,1.5,0.0,0.4046627703318642,0.0,0.0,0.0
39.5,0.34026281184461765,0.5593584924021252,1.5,0.0,0.37636191184267725,0.0,0.0,0.0
39.510416666666664,0.3400121173036958,0.5596874858741203,1.5,0.0,0.42413825844281466,0.0,0.0,0.0
39.520833333333336,0.3398245652577102,0.5599194123385961,1.5,0.0,0.32947614583539137,0.0,0.0,0.0
39.53125,0.33959927472491325,0.5602185431719542,1.5,0.0,0.39445019481081883,0.0,0.0,0.0
39.541666666666664,0.33938431202897923,0.5605064681350608,1.5,0.0,0.3832497972366423,0.0,0.0,0.0
39.552083333333336,0.3391688119519443,0.5608006570124284,1.5,0.0,0.3889939011734098,0.0,0.0,0.0
39.5625,0.338962252567329,0.5610852523651241,1.5,0.0,0.37939339648920506,0.0,0.0,0.0
39.572916666666664,0.33875959189685934,0.5613681864542359,1.5,0.0,0.37748452318067743,0.0,0.0,0.0
39.583333333333336,0.3385547384543883,0.5616592942849479,1.5,0.0,0.3850687565730539,0.0,0.0,0.0
39.59375,0.33839455496800147,0.5618806434787008,1.5,0.0,0.3175440295618698,0.0,0.0,0.0
39.604166666666664,0.33824105596683035,0.5620941551596889,1.5,0.0,0.30981437431223113,0.0,0.0,0.0
39.614583333333336,0.33809493909491856,0.5622984165822174,1.5,0.0,0.30074512975945644,0.0,0.0,0.0
39.625,0.3379640413502032,0.5624801302326954,1.5,0.0,0.27891424659364633,0.0,0.0,0.0
39.635416666666664,0.33785758262774246,0.5626235434287638,1.5,0.0,0.24199407250380978,0.0,0.0,0.0
39.645833333333336,0.3377535379282503,0.5627648095188418,1.5,0.0,0.23985418922524282,0.0,0.0,0.0
39.65625,0.33763689226288984,0.5629288694272904,1.5,0.0,0.26165392015960115,0.0,0.0,0.0
39.666666666666664,0.3375374786134847,0.563066145615136,1.5,0.0,0.23586602929823333,0.0,0.0,0.0
39.677083333333336,0.33747525991239463,0.5631429606576532,1.5,0.0,0.17782956155910917,0.0,0.0,0.0
39.6875,0.33742491052845003,0.5632009299381051,1.5,0.0,0.159741270307623,0.0,0.0,0.0
39.697916666666664,0.3373723624827109,0.5632633344703405,1.5,0.0,0.1639778306068729,0.0,0.0,0.0
39.708333333333336,0.33735031467565224,0.5632755957699118,1.5,0.0,0.11591634896426714,0.0,0.0,0.0
39.71875,0.33734516055780756,0.5632599695952626,1.5,0.0,0.08919306742532558,0.0,0.0,0.0
39.729166666666664,0.33734676049349727,0.5632331413411872,1.5,0.0,0.07845797060285159,0.0,0.0,0.0
39.739583333333336,0.33736424549848665,0.5631797723548644,1.5,0.0,0.053019711042684985,0.0,0.0,0.0
39.75,0.33740096370409783,0.5630940575018322,1.5,0.0,0.022003846376813376,0.0,0.0,0.0
39.760416666666664,0.33745111314202736,0.5629854202268584,1.5,0.0,0.0,0.0,0.0,0.0
39.770833333333336,0.33750081829373985,0.5628768199075624,1.5,0.0,0.0,0.0,0.0,0.0
39.78125,0.33755007667809983,0.5627682563822428,1.5,0.0,0.0,0.0,0.0,0.0
39.791666666666664,0.33759888600806154,0.562659729488711,1.5,0.0,0.0,0.0,0.0,0.0
39.802083333333336,0.3376472441885841,0.5625512390643532,1.5,0.0,0.0,0.0,0.0,0.0
39.8125,0.3376951493144163,0.562442784946191,1.5,0.0,0.0,0.0,0.0,0.0
39.822916666666664,0.337742599667757,0.5623343669709411,1.5,0.0,0.0,0.0,0.0,0.0
39.833333333333336,0.3377895937157972,0.5622259849750751,1.5,0.0,0.0,0.0,0.0,0.0
39.84375,0.33783613010814995,0.562117638794877,1.5,0.0,0.0,0.0,0.0,0.0
39.854166666666664,0.3378822076741742,0.5620093282665,1.5,0.0,0.0,0.0,0.0,0.0
39.864583333333336,0.3379278254201989,0.561901053226023,1.5,0.0,0.0,0.0,0.0,0.0
39.875,0.33797298252665287,0.5617928135095052,1.5,0.0,0.0,0.0,0.0,0.0
39.885416666666664,0.3380176783451074,0.5616846089530396,1.5,0.0,0.0,0.0,0.0,0.0
39.895833333333336,0.3380619123952367,0.5615764393928064,1.5,0.0,0.0,0.0,0.0,0.0
39.90625,0.338105684361703,0.5614683046651241,1.5,0.0,0.0,0.0,0.0,0.0
39.916666666666664,0.3381489940909717,0.5613602046064998,1.5,0.0,0.0,0.0,0.0,0.0
39.927083333333336,0.3381918415880624,0.561252139053679,1.5,0.0,0.0,0.0,0.0,0.0
39.9375,0.3382342270132421,0.561144107843693,1.5,0.0,0.0,0.0,0.0,0.0
39.947916666666664,0.33827615067866523,0.561036110813906,1.5,0.0,0.0,0.0,0.0,0.0
39.958333333333336,0.3383176130449679,0.5609281478020613,1.5,0.0,0.0,0.0,0.0,0.0
39.96875,0.33835861471781925,0.5608202186463253,1.5,0.0,0.0,0.0,0.0,0.0
39.979166666666664,0.3383991564444378,0.5607123231853306,1.5,0.0,0.0,0.0,0.0,0.0
39.989583333333336,0.33843923911007634,0.5606044612582186,1.5,0.0,0.0,0.0,0.0,0.0
40.0,0.3384788637344812,0.5604966327046801,1.5,0.0,0.0,0.0,0.0,0.0
40.010416666666664,0.3385180314683306,0.5603888373649949,1.5,0.0,0.0,0.0,0.0,0.0
40.020833333333336,0.33855674358965715,0.56028107508007,1.5,0.0,0.0,0.0,0.0,0.0
40.03125,0.33859500150025884,0.560173345691477,1.5,0.0,0.0,0.0,0.0,0.0
40.041666666666664,0.3386328067221034,0.5600656490414888,1.5,0.0,0.0,0.0,0.0,0.0
40.052083333333336,0.33867016089373025,0.5599579849731126,1.5,0.0,0.0,0.0,0.0,0.0
40.0625,0.3387070657666544,0.5598503533301248,1.5,0.0,0.0,0.0,0.0,0.0
40.072916666666664,0.3387435232017758,0.5597427539571034,1.5,0.0,0.0,0.0,0.0,0.0
40.083333333333336,0.33877953516579945,0.5596351866994582,1.5,0.0,0.0,0.0,0.0,0.0
40.09375,0.33881510372766815,0.5595276514034617,1.5,0.0,0.0,0.0,0.0,0.0
40.104166666666664,0.3388502310550133,0.5594201479162775,1.5,0.0,0.0,0.0,0.0,0.0
40.114583333333336,0.3388849194106257,0.559312676085988,1.5,0.0,0.0,0.0,0.0,0.0
40.125,0.3389191711489511,0.5592052357616204,1.5,0.0,0.0,0.0,0.0,0.0
40.135416666666664,0.3389529887126121,0.5590978267931725,1.5,0.0,0.0,0.0,0.0,0.0
40.145833333333336,0.3389863746289606,0.5589904490316375,1.5,0.0,0.0,0.0,0.0,0.0
40.15625,0.339019331506663,0.5588831023290259,1.5,0.0,0.0,0.0,0.0,0.0
40.166666666666664,0.3390518620323211,0.5587757865383882,1.5,0.0,0.0,0.0,0.0,0.0
40.177083333333336,0.3390839689671309,0.5586685015138354,1.5,0.0,0.0,0.0,0.0,0.0
40.1875,0.33911565514358166,0.5585612471105594,1.5,0.0,0.0,0.0,0.0,0.0
40.197916666666664,0.33914692346219827,0.5584540231848513,1.5,0.0,0.0,0.0,0.0,0.0
40.208333333333336,0.3391777768883275,0.5583468295941195,1.5,0.0,0.0,0.0,0.0,0.0
40.21875,0.3392082184489714,0.5582396661969061,1.5,0.0,0.0,0.0,0.0,0.0
40.229166666666664,0.3392382512296688,0.558132532852903,1.5,0.0,0.0,0.0,0.0,0.0
40.239583333333336,0.3392678783714267,0.5580254294229662,1.5,0.0,0.0,0.0,0.0,0.0
40.25,0.3392971030677037,0.5579183557691302,1.5,0.0,0.0,0.0,0.0,0.0
40.260416666666664,0.3393259285614457,0.5578113117546207,1.5,0.0,0.0,0.0,0.0,0.0
40.270833333333336,0.3393403839121519,0.5577272638240451,1.5,0.0,0.022358768038574544,0.0,0.0,0.0
40.28125,0.33933270023248263,0.5576792867146635,1.5,0.0,0.057462255727974504,0.0,0.0,0.0
40.291666666666664,0.3393208813414238,0.5576382826113873,1.5,0.0,0.06424824389225604,0.0,0.0,0.0
40.302083333333336,0.33928074958681087,0.5576440789706177,1.5,0.0,0.10980930108663764,0.0,0.0,0.0
40.3125,0.3392296678152991,0.5576687807641478,1.5,0.0,0.1282094754176989,0.0,0.0,0.0
40.322916666666664,0.33916364413799,0.5577191980161915,1.5,0.0,0.15322718293117857,0.0,0.0,0.0
40.333333333333336,0.3390839539821539,0.5577935693277861,1.5,0.0,0.17651309042410304,0.0,0.0,0.0
40.34375,0.3389783295230763,0.5579123864036035,1.5,0.0,0.21969733204294634,0.0,0.0,0.0
40.354166666666664,0.33887053191614724,0.5580371068300034,1.5,0.0,0.22537301594992568,0.0,0.0,0.0
40.364583333333336,0.3387423913736768,0.558197676178982,1.5,0.0,0.26011800277285163,0.0,0.0,0.0
40.375,0.338602974974534,0.5583795719780351,1.5,0.0,0.2807075913552897,0.0,0.0,0.0
40.385416666666664,0.3384862958428816,0.558526860431839,1.5,0.0,0.24702324853452742,0.0,0.0,0.0
40.395833333333336,0.3383703358346375,0.5586753145477056,1.5,0.0,0.2480665507381196,0.0,0.0,0.0
40.40625,0.3382373045426419,0.5588542568632313,1.5,0.0,0.27750517623318816,0.0,0.0,0.0
40.416666666666664,0.33810559709246824,0.5590335851849412,1.5,0.0,0.2777558514466454,0.0,0.0,0.0
40.427083333333336,0.3379657214411759,0.5592289064205119,1.5,0.0,0.2930980913018623,0.0,0.0,0.0
40.4375,0.33779747937558696,0.559473770790323,1.5,0.0,0.34081986098169803,0.0,0.0,0.0
40.447916666666664,0.33759138711406245,0.5597844177974393,1.5,0.0,0.4040820786425978,0.0,0.0,0.0
40.458333333333336,0.33741710153936905,0.560045896042045,1.5,0.0,0.3563415500124326,0.0,0.0,0.0
40.46875,0.33722841783647206,0.5603341769877366,1.5,0.0,0.3819054102804525,0.0,0.0,0.0
40.479166666666664,0.33707359305298834,0.5605691484517232,1.5,0.0,0.33032506680351853,0.0,0.0,0.0
40.489583333333336,0.3368570214098485,0.5609092228308201,1.5,0.0,0.43113847442109304,0.0,0.0,0.0
40.5,0.3366937026042884,0.5611637194243607,1.5,0.0,0.34859096034309284,0.0,0.0,0.0
40.510416666666664,0.3364758075206769,0.5615114717342257,1.5,0.0,0.43778834669686173,0.0,0.0,0.0
40.520833333333336,0.33629560237730155,0.5617991269507736,1.5,0.0,0.37981463240371605,0.0,0.0,0.0
40.53125,0.33608082482612645,0.5621467636939604,1.5,0.0,0.43690920836265484,0.0,0.0,0.0
40.541666666666664,0.33587799862404416,0.5624768570730709,1.5,0.0,0.4197315282159825,0.0,0.0,0.0
40.552083333333336,0.33568128259443913,0.562798839035641,1.5,0.0,0.4116163099611023,0.0,0.0,0.0
40.5625,0.33554589906833354,0.5630197829079828,1.5,0.0,0.3149327312609302,0.0,0.0,0.0
40.572916666666664,0.33540726205238414,0.5632473144700704,1.5,0.0,0.3210421387891596,0.0,0.0,0.0
40.583333333333336,0.33527679146081324,0.5634621966758729,1.5,0.0,0.30882281582934984,0.0,0.0,0.0
40.59375,0.3351402821281235,0.5636881624211844,1.5,0.0,0.3192092347940898,0.0,0.0,0.0
40.604166666666664,0.3350209570247486,0.5638861038287332,1.5,0.0,0.2923970371807869,0.0,0.0,0.0
40.614583333333336,0.33489904036692014,0.5640891117751768,1.5,0.0,0.29707701785774965,0.0,0.0,0.0
40.625,0.33480432850005976,0.5642469246606365,1.5,0.0,0.25403358958233324,0.0,0.0,0.0
40.635416666666664,0.33469478198313074,0.5644301940829376,1.5,0.0,0.2781027692072868,0.0,0.0,0.0
40.645833333333336,0.33460429591036134,0.5645817784982886,1.5,0.0,0.24794578295402842,0.0,0.0,0.0
40.65625,0.33454273663900047,0.5646848704970426,1.5,0.0,0.2019060715210232,0.0,0.0,0.0
40.666666666666664,0.33447956842541693,0.5647908712163145,1.5,0.0,0.20462644998933008,0.0,0.0,0.0
40.677083333333336,0.33442753056825325,0.5648782520699942,1.5,0.0,0.1869514696209461,0.0,0.0,0.0
40.6875,0.3344016000605033,0.5649216552273842,1.5,0.0,0.14527735974294967,0.0,0.0,0.0
40.697916666666664,0.33437774282074767,0.5649616090529537,1.5,0.0,0.14200460723734543,0.0,0.0,0.0
40.708333333333336,0.33436167172749165,0.5649884522084351,1.5,0.0,0.12958523585047588,0.0,0.0,0.0
40.71875,0.33437363059022934,0.5649679596471744,1.5,0.0,0.08476188886768302,0.0,0.0,0.0
40.729166666666664,0.3343858637284655,0.5649469859624429,1.5,0.0,0.08430485733107114,0.0,0.0,0.0
40.739583333333336,0.33441559038088176,0.5648964418538478,1.5,0.0,0.056296014485459976,0.0,0.0,0.0
40.75,0.33446297697682725,0.5648160303657411,1.5,0.0,0.027990819335646237,0.0,0.0,0.0
40.760416666666664,0.3345278040072446,0.5647061086296807,1.5,0.0,0.0,0.0,0.0,0.0
40.770833333333336,0.33459254799364724,0.5645962295518758,1.5,0.0,0.0,0.0,0.0,0.0
40.78125,0.3346571981961095,0.5644863930767416,1.5,0.0,0.0,0.0,0.0,0.0
40.791666666666664,0.3347217439346668,0.5643765991452692,1.5,0.0,0.0,0.0,0.0,0.0
40.802083333333336,0.33478617459632226,0.5642668476950552,1.5,0.0,0.0,0.0,0.0,0.0
40.8125,0.33485047964196174,0.5641571386603359,1.5,0.0,0.0,0.0,0.0,0.0
40.822916666666664,0.3349146486131674,0.5640474719720211,1.5,0.0,0.0,0.0,0.0,0.0
40.833333333333336,0.33497867113892094,0.5639378475577314,1.5,0.0,0.0,0.0,0.0,0.0
40.84375,0.3350425369421875,0.5638282653418369,1.5,0.0,0.0,0.0,0.0,0.0
40.854166666666664,0.33510623584637106,0.5637187252454985,1.5,0.0,0.0,0.0,0.0,0.0
40.864583333333336,0.3351697577816338,0.5636092271867106,1.5,0.0,0.0,0.0,0.0,0.0
40.875,0.3352330927910706,0.5634997710803455,1.5,0.0,0.0,0.0,0.0,0.0
40.885416666666664,0.33529623103673095,0.5633903568382003,1.5,0.0,0.0,0.0,0.0,0.0
40.895833333333336,0.3353591628054816,0.5632809843690445,1.5,0.0,0.0,0.0,0.0,0.0
40.90625,0.33542187851470195,0.5631716535786712,1.5,0.0,0.0,0.0,0.0,0.0
40.916666666666664,0.33548436871780624,0.5630623643699469,1.5,0.0,0.0,0.0,0.0,0.0
40.927083333333336,0.33554662410958586,0.562953116642866,1.5,0.0,0.0,0.0,0.0,0.0
40.9375,0.3356086355313663,0.5628439102946042,1.5,0.0,0.0,0.0,0.0,0.0
40.947916666666664,0.3356703939759726,0.562734745219576,1.5,0.0,0.0,0.0,0.0,0.0
40.958333333333336,0.3357318905924994,0.5626256213094903,1.5,0.0,0.0,0.0,0.0,0.0
40.96875,0.33579311669087974,0.5625165384534103,1.5,0.0,0.0,0.0,0.0,0.0
40.979166666666664,0.3358540637462492,0.5624074965378124,1.5,0.0,0.0,0.0,0.0,0.0
40.989583333333336,0.33591472340310147,0.5622984954466479,1.5,0.0,0.0,0.0,0.0,0.0
41.0,0.33597508747923194,0.5621895350614045,1.5,0.0,0.0,0.0,0.0,0.0
41.010416666666664,0.3360351479694667,0.5620806152611691,1.5,0.0,0.0,0.0,0.0,0.0
41.020833333333336,0.33609489704917406,0.5619717359226925,1.5,0.0,0.0,0.0,0.0,0.0
41.03125,0.33615432707755705,0.5618628969204534,1.5,0.0,0.0,0.0,0.0,0.0
41.041666666666664,0.3362134306007252,0.5617540981267242,1.5,0.0,0.0,0.0,0.0,0.0
41.052083333333336,0.3362722003545445,0.561645339411637,1.5,0.0,0.0,0.0,0.0,0.0
41.0625,0.33633062926726454,0.5615366206432504,1.5,0.0,0.0,0.0,0.0,0.0
41.072916666666664,0.33638871046192304,0.5614279416876172,1.5,0.0,0.0,0.0,0.0,0.0
41.083333333333336,0.3364464372585278,0.5613193024088518,1.5,0.0,0.0,0.0,0.0,0.0
41.09375,0.33650380317601614,0.5612107026691985,1.5,0.0,0.0,0.0,0.0,0.0
41.104166666666664,0.3365608019339934,0.5611021423291003,1.5,0.0,0.0,0.0,0.0,0.0
41.114583333333336,0.3366174274542515,0.560993621247267,1.5,0.0,0.0,0.0,0.0,0.0
41.125,0.336673673862069,0.5608851392807453,1.5,0.0,0.0,0.0,0.0,0.0
41.135416666666664,0.33672953548729545,0.5607766962849868,1.5,0.0,0.0,0.0,0.0,0.0
41.145833333333336,0.33678500686522167,0.5606682921139177,1.5,0.0,0.0,0.0,0.0,0.0
41.15625,0.33684008273723903,0.5605599266200076,1.5,0.0,0.0,0.0,0.0,0.0
41.166666666666664,0.336894758051291,0.5604515996543391,1.5,0.0,0.0,0.0,0.0,0.0
41.177083333333336,0.33694902796211956,0.560343311066676,1.5,0.0,0.0,0.0,0.0,0.0
41.1875,0.3370028878313115,0.5602350607055322,1.5,0.0,0.0,0.0,0.0,0.0
41.197916666666664,0.3370563332271468,0.5601268484182406,1.5,0.0,0.0,0.0,0.0,0.0
41.208333333333336,0.33710935992425484,0.5600186740510201,1.5,0.0,0.0,0.0,0.0,0.0
41.21875,0.3371619639030818,0.5599105374490446,1.5,0.0,0.0,0.0,0.0,0.0
41.229166666666664,0.33721414134917455,0.5598024384565093,1.5,0.0,0.0,0.0,0.0,0.0
41.239583333333336,0.3372658886522857,0.5596943769166978,1.5,0.0,0.0,0.0,0.0,0.0
41.25,0.33731720240530444,0.5595863526720481,1.5,0.0,0.0,0.0,0.0,0.0
41.260416666666664,0.3373680794030195,0.5594783655642186,1.5,0.0,0.0,0.0,0.0,0.0
41.270833333333336,0.3374013147356851,0.5593989341041884,1.5,0.0,0.027523048053026782,0.0,0.0,0.0
41.28125,0.33742396629329635,0.5593365833359614,1.5,0.0,0.04399166887108205,0.0,0.0,0.0
41.291666666666664,0.33742933135037967,0.5593025639675766,1.5,0.0,0.07133024417896144,0.0,0.0,0.0
41.302083333333336,0.3374240803596308,0.5592860641363635,1.5,0.0,0.08823985858288573,0.0,0.0,0.0
41.3125,0.3373932990050022,0.5593119612824593,1.5,0.0,0.12916288700224357,0.0,0.0,0.0
41.322916666666664,0.337341735750644,0.5593727697827365,1.5,0.0,0.16284803649785973,0.0,0.0,0.0
41.333333333333336,0.33727263884877284,0.5594634219136813,1.5,0.0,0.19162028635672906,0.0,0.0,0.0
41.34375,0.33718704782714404,0.5595824593685141,1.5,0.0,0.21895633520626162,0.0,0.0,0.0
41.354166666666664,0.33709022449753373,0.5597213890797038,1.5,0.0,0.23807178610055554,0.0,0.0,0.0
41.364583333333336,0.3369815403467191,0.5598814039952624,1.5,0.0,0.2583064191232856,0.0,0.0,0.0
41.375,0.33690085019884086,0.5599963988449437,1.5,0.0,0.214881149697173,0.0,0.0,0.0
41.385416666666664,0.3367669986704101,0.5602008834467475,1.5,0.0,0.3009212622769147,0.0,0.0,0.0
41.395833333333336,0.3366410356709916,0.5603940243113189,1.5,0.0,0.2898690248055921,0.0,0.0,0.0
41.40625,0.33652248570861387,0.560576421952721,1.5,0.0,0.27941737958400814,0.0,0.0,0.0
41.416666666666664,0.3363991787067933,0.5607681918524904,1.5,0.0,0.288294958208908,0.0,0.0,0.0
41.427083333333336,0.3362402291244534,0.5610208699344444,1.5,0.0,0.34657852213319046,0.0,0.0,0.0
41.4375,0.33608168766643,0.5612746914285186,1.5,0.0,0.3474510381858472,0.0,0.0,0.0
41.447916666666664,0.33594771969234916,0.5614891537247803,1.5,0.0,0.309550933555869,0.0,0.0,0.0
41.458333333333336,0.3358146353853864,0.5617034724479317,1.5,0.0,0.30925376662273607,0.0,0.0,0.0
41.46875,0.3356194706156295,0.5620229809783259,1.5,0.0,0.4096183196131507,0.0,0.0,0.0
41.479166666666664,0.33547846882992205,0.5622535187395766,1.5,0.0,0.32434401248903466,0.0,0.0,0.0
41.489583333333336,0.3352753075572294,0.5625894788047747,1.5,0.0,0.42470282462983433,0.0,0.0,0.0
41.5,0.33508072250949744,0.562912650096357,1.5,0.0,0.41213821311722515,0.0,0.0,0.0
41.510416666666664,0.33493297685391027,0.5631584241921903,1.5,0.0,0.3381435710035197,0.0,0.0,0.0
41.520833333333336,0.3347438392047484,0.5634747277529627,1.5,0.0,0.40498622645984966,0.0,0.0,0.0
41.53125,0.33459779523753336,0.5637194663349407,1.5,0.0,0.33669241706810293,0.0,0.0,0.0
41.541666666666664,0.3343933719189047,0.5640633037219034,1.5,0.0,0.43050471269016266,0.0,0.0,0.0
41.552083333333336,0.3342549424735654,0.5642965691382197,1.5,0.0,0.32533366773866895,0.0,0.0,0.0
41.5625,0.33405990440556604,0.5646258869960316,1.5,0.0,0.4160931198582739,0.0,0.0,0.0
41.572916666666664,0.33391587965467234,0.564869413848061,1.5,0.0,0.33459884453944283,0.0,0.0,0.0
41.583333333333336,0.33375641605259077,0.5651392996303427,1.5,0.0,0.35930842999717083,0.0,0.0,0.0
41.59375,0.3336085358870071,0.5653898114854574,1.5,0.0,0.3407749316005064,0.0,0.0,0.0
41.604166666666664,0.3334749600847184,0.5656162824554394,1.5,0.0,0.3178879503286463,0.0,0.0,0.0
41.614583333333336,0.3333383006651537,0.5658481693784315,1.5,0.0,0.32282173797021185,0.0,0.0,0.0
41.625,0.3332466851358994,0.5660037312544455,1.5,0.0,0.25075151347350244,0.0,0.0,0.0
41.635416666666664,0.3331658004287587,0.5661411434557704,1.5,0.0,0.23358219809174383,0.0,0.0,0.0
41.645833333333336,0.33307304649435227,0.5662988020205734,1.5,0.0,0.2525729617169453,0.0,0.0,0.0
41.65625,0.3329768997083445,0.5664623203000156,1.5,0.0,0.25800152427908296,0.0,0.0,0.0
41.666666666666664,0.33292528591741727,0.5665501396066434,1.5,0.0,0.1867487321502385,0.0,0.0,0.0
41.677083333333336,0.33285375485655827,0.5666718925744997,1.5,0.0,0.21861636404105406,0.0,0.0,0.0
41.6875,0.3328171556779743,0.5667342082497616,1.5,0.0,0.16272535240099834,0.0,0.0,0.0
41.697916666666664,0.33279306976191664,0.5667752256681132,1.5,0.0,0.14270413235891288,0.0,0.0,0.0
41.708333333333336,0.3327758885221857,0.5668044883081109,1.5,0.0,0.13165665023619236,0.0,0.0,0.0
41.71875,0.3327878915778081,0.5667840446983151,1.5,0.0,0.08496177767084695,0.0,0.0,0.0
41.729166666666664,0.3328093460984883,0.5667475070224633,1.5,0.0,0.06983943357833322,0.0,0.0,0.0
41.739583333333336,0.33284272790671904,0.5666906661934217,1.5,0.0,0.050755773497472276,0.0,0.0,0.0
41.75,0.332891323206353,0.5666079409891172,1.5,0.0,0.026414187252316305,0.0,0.0,0.0
41.760416666666664,0.33295642737301967,0.5664971501024061,1.5,0.0,0.0,0.0,0.0,0.0
41.770833333333336,0.33302153153968633,0.5663864025339053,1.5,0.0,0.0,0.0,0.0,0.0
41.78125,0.333086635706353,0.5662756982582141,1.5,0.0,0.0,0.0,0.0,0.0
41.791666666666664,0.33315173987301966,0.5661650372499517,1.5,0.0,0.0,0.0,0.0,0.0
41.802083333333336,0.3332168440396863,0.5660544194837576,1.5,0.0,0.0,0.0,0.0,0.0
41.8125,0.333281948206353,0.5659438449342904,1.5,0.0,0.0,0.0,0.0,0.0
41.822916666666664,0.33334705237301965,0.5658333135762289,1.5,0.0,0.0,0.0,0.0,0.0
41.833333333333336,0.3334121565396863,0.5657228253842717,1.5,0.0,0.0,0.0,0.0,0.0
41.84375,0.333477260706353,0.5656123803331371,1.5,0.0,0.0,0.0,0.0,0.0
41.854166666666664,0.33354236487301964,0.565501978397563,1.5,0.0,0.0,0.0,0.0,0.0
41.864583333333336,0.3336074690396863,0.5653916195523072,1.5,0.0,0.0,0.0,0.0,0.0
41.875,0.33367257320635296,0.5652813037721471,1.5,0.0,0.0,0.0,0.0,0.0
41.885416666666664,0.3337376773730196,0.56517103103188,1.5,0.0,0.0,0.0,0.0,0.0
41.895833333333336,0.3338027815396863,0.5650608013063224,1.5,0.0,0.0,0.0,0.0,0.0
41.90625,0.33386788570635295,0.5649506145703109,1.5,0.0,0.0,0.0,0.0,0.0
41.916666666666664,0.3339329898730196,0.5648404707987015,1.5,0.0,0.0,0.0,0.0,0.0
41.927083333333336,0.3339980940396863,0.5647303699663699,1.5,0.0,0.0,0.0,0.0,0.0
41.9375,0.33406319820635294,0.5646203120482112,1.5,0.0,0.0,0.0,0.0,0.0
41.947916666666664,0.3341282972090456,0.56451029701744,1.5,0.0,0.0,0.0,0.0,0.0
41.958333333333336,0.33419338009388255,0.5644003248436892,1.5,0.0,0.0,0.0,0.0,0.0
41.96875,0.334258435910371,0.5642903954930198,1.5,0.0,0.0,0.0,0.0,0.0
41.979166666666664,0.3343234537234739,0.5641805089279361,1.5,0.0,0.0,0.0,0.0,0.0
41.989583333333336,0.33438842262096113,0.5640706651074011,1.5,0.0,0.0,0.0,0.0,0.0
42.0,0.3344533317207313,0.5639608639868562,1.5,0.0,0.0,0.0,0.0,0.0
42.010416666666664,0.3345181701780931,0.5638511055182417,1.5,0.0,0.0,0.0,0.0,0.0
42.020833333333336,0.3345829271929968,0.5637413896500209,1.5,0.0,0.0,0.0,0.0,0.0
42.03125,0.33464759201720484,0.5636317163272055,1.5,0.0,0.0,0.0,0.0,0.0
42.041666666666664,0.33471215396139165,0.5635220854913842,1.5,0.0,0.0,0.0,0.0,0.0
42.052083333333336,0.3347766024021634,0.5634124970807518,1.5,0.0,0.0,0.0,0.0,0.0
42.0625,0.3348409267889868,0.5633029510301426,1.5,0.0,0.0,0.0,0.0,0.0
42.072916666666664,0.3349051166510187,0.5631934472710648,1.5,0.0,0.0,0.0,0.0,0.0
42.083333333333336,0.3349691616038261,0.5630839857317363,1.5,0.0,0.0,0.0,0.0,0.0
42.09375,0.3350330513559884,0.5629745663371243,1.5,0.0,0.0,0.0,0.0,0.0
42.104166666666664,0.33509677571557245,0.5628651890089847,1.5,0.0,0.0,0.0,0.0,0.0
42.114583333333336,0.3351603245964727,0.5627558536659062,1.5,0.0,0.0,0.0,0.0,0.0
42.125,0.3352236880246077,0.5626465602233525,1.5,0.0,0.0,0.0,0.0,0.0
42.135416666666664,0.3352868561439652,0.5625373085937106,1.5,0.0,0.0,0.0,0.0,0.0
42.145833333333336,0.3353498192224888,0.5624280986863375,1.5,0.0,0.0,0.0,0.0,0.0
42.15625,0.3354125676577989,0.5623189304076096,1.5,0.0,0.0,0.0,0.0,0.0
42.166666666666664,0.33547509198274084,0.5622098036609748,1.5,0.0,0.0,0.0,0.0,0.0
42.177083333333336,0.3355373828707543,0.5621007183470047,1.5,0.0,0.0,0.0,0.0,0.0
42.1875,0.33559943114105834,0.5619916743634489,1.5,0.0,0.0,0.0,0.0,0.0
42.197916666666664,0.33566122776364565,0.5618826716052906,1.5,0.0,0.0,0.0,0.0,0.0
42.208333333333336,0.3357227638640818,0.5617737099648041,1.5,0.0,0.0,0.0,0.0,0.0
42.21875,0.33578403072810425,0.5616647893316126,1.5,0.0,0.0,0.0,0.0,0.0
42.229166666666664,0.3358450198060174,0.561555909592748,1.5,0.0,0.0,0.0,0.0,0.0
42.239583333333336,0.335905722716879,0.5614470706327116,1.5,0.0,0.0,0.0,0.0,0.0
42.25,0.335966131252476,0.5613382723335356,1.5,0.0,0.0,0.0,0.0,0.0
42.260416666666664,0.3360262373810849,0.5612295145748463,1.5,0.0,0.0,0.0,0.0,0.0
42.270833333333336,0.33607227902958176,0.5611437618762923,1.5,0.0,0.022006754295454296,0.0,0.0,0.0
42.28125,0.3361046351443935,0.5610804718929331,1.5,0.0,0.043513242113473106,0.0,0.0,0.0
42.291666666666664,0.33611759648561035,0.561049275458084,1.5,0.0,0.07426529964175457,0.0,0.0,0.0
42.302083333333336,0.336112211173634,0.5610485869704211,1.5,0.0,0.10350673429813803,0.0,0.0,0.0
42.3125,0.3361016941203723,0.5610565139493278,1.5,0.0,0.11176464260433515,0.0,0.0,0.0
42.322916666666664,0.3360622122020562,0.5611128945320186,1.5,0.0,0.15820010643122495,0.0,0.0,0.0
42.333333333333336,0.336008894390311,0.5611927497204992,1.5,0.0,0.18067762580988622,0.0,0.0,0.0
42.34375,0.33595280424693513,0.5612777294585464,1.5,0.0,0.18556239051468965,0.0,0.0,0.0
42.354166666666664,0.3358859595167856,0.5613811903837057,1.5,0.0,0.20322941666209984,0.0,0.0,0.0
42.364583333333336,0.33579976687257046,0.5615175969125061,1.5,0.0,0.23471690627055,0.0,0.0,0.0
42.375,0.3357172994129759,0.5616485263941203,1.5,0.0,0.22941379615361612,0.0,0.0,0.0
42.385416666666664,0.33560622302654125,0.5618280353539131,1.5,0.0,0.27578808800575955,0.0,0.0,0.0
42.395833333333336,0.33550819040103425,0.5619866108890113,1.5,0.0,0.25568175662226766,0.0,0.0,0.0
42.40625,0.33539205695899627,0.5621762774792453,1.5,0.0,0.28527466205990437,0.0,0.0,0.0
42.416666666666664,0.3352553587738757,0.5624012998724286,1.5,0.0,0.3188750168578095,0.0,0.0,0.0
42.427083333333336,0.33512303373548363,0.5626199474740183,1.5,0.0,0.3126266331152196,0.0,0.0,0.0
42.4375,0.33495385905271036,0.5629013701644788,1.5,0.0,0.3722371227333258,0.0,0.0,0.0
42.447916666666664,0.334819357777253,0.563125517220839,1.5,0.0,0.3174865196598176,0.0,0.0,0.0
42.458333333333336,0.3346253976435643,0.5634504629846414,1.5,0.0,0.4131140742331391,0.0,0.0,0.0
42.46875,0.33444811386525397,0.5637482840511349,1.5,0.0,0.38701160300531806,0.0,0.0,0.0
42.479166666666664,0.3342608488672637,0.5640636783214219,1.5,0.0,0.40337525886015546,0.0,0.0,0.0
42.489583333333336,0.3340664596867417,0.5643917515244935,1.5,0.0,0.4150485977121486,0.0,0.0,0.0
42.5,0.3338584512700112,0.5647433826158096,1.5,0.0,0.4369709962780291,0.0,0.0,0.0
42.510416666666664,0.3336989937177729,0.56501324437485,1.5,0.0,0.3592987502478925,0.0,0.0,0.0
42.520833333333336,0.3335286152559401,0.5653018735451474,1.5,0.0,0.3767722055991594,0.0,0.0,0.0
42.53125,0.3333746840332631,0.5655628939907422,1.5,0.0,0.3504566229498765,0.0,0.0,0.0
42.541666666666664,0.33317339499558385,0.5659045827701839,1.5,0.0,0.42622912695348597,0.0,0.0,0.0
42.552083333333336,0.33298142906414047,0.5662308303949983,1.5,0.0,0.41131215697605206,0.0,0.0,0.0
42.5625,0.3327876316273903,0.5665605724680521,1.5,0.0,0.4142425654669253,0.0,0.0,0.0
42.572916666666664,0.33261138514211,0.5668607856118482,1.5,0.0,0.3861610431150279,0.0,0.0,0.0
42.583333333333336,0.3324724940777034,0.5670975928644373,1.5,0.0,0.3263923697172728,0.0,0.0,0.0
42.59375,0.33233578122331753,0.5673308796033809,1.5,0.0,0.32290723368405955,0.0,0.0,0.0
42.604166666666664,0.33222924317972813,0.5675128091692504,1.5,0.0,0.27462753640969106,0.0,0.0,0.0
42.614583333333336,0.33212750754471204,0.567686646851192,1.5,0.0,0.2669436826923699,0.0,0.0,0.0
42.625,0.33199001906211567,0.5679217454119447,1.5,0.0,0.32414823882082044,0.0,0.0,0.0
42.635416666666664,0.33189434103802407,0.5680854650772748,1.5,0.0,0.25725150521322104,0.0,0.0,0.0
42.645833333333336,0.3317899038774923,0.568264280744113,1.5,0.0,0.2712661235174725,0.0,0.0,0.0
42.65625,0.33172512877788135,0.5683752442262168,1.5,0.0,0.20780682604421638,0.0,0.0,0.0
42.666666666666664,0.3316685844823222,0.5684721432974633,1.5,0.0,0.19463753956128846,0.0,0.0,0.0
42.677083333333336,0.3316128875496195,0.568567622562285,1.5,0.0,0.19328175899106415,0.0,0.0,0.0
42.6875,0.3315663672376066,0.5686473952588417,1.5,0.0,0.17859916588733898,0.0,0.0,0.0
42.697916666666664,0.33153818249727474,0.5686957371392701,1.5,0.0,0.14926225119762132,0.0,0.0,0.0
42.708333333333336,0.3315166067956471,0.568732748888576,1.5,0.0,0.13868778927092398,0.0,0.0,0.0
42.71875,0.3315143421679173,0.5687366339933517,1.5,0.0,0.10779007103429744,0.0,0.0,0.0
42.729166666666664,0.33152745839316555,0.5687141330583326,1.5,0.0,0.08318070626951274,0.0,0.0,0.0
42.739583333333336,0.331557952817502,0.5686618266366279,1.5,0.0,0.055375587728369875,0.0,0.0,0.0
42.75,0.3316061122678472,0.5685792393742406,1.5,0.0,0.02711154611430646,0.0,0.0,0.0
42.760416666666664,0.33167121643451386,0.5684676322291848,1.5,0.0,0.0,0.0,0.0,0.0
42.770833333333336,0.3317363206011805,0.5683560688905483,1.5,0.0,0.0,0.0,0.0,0.0
42.78125,0.3318014247678472,0.5682445493325449,1.5,0.0,0.0,0.0,0.0,0.0
42.791666666666664,0.33186652893451385,0.5681330735294081,1.5,0.0,0.0,0.0,0.0,0.0
42.802083333333336,0.3319316331011805,0.5680216414553924,1.5,0.0,0.0,0.0,0.0,0.0
42.8125,0.3319967372678472,0.5679102530847718,1.5,0.0,0.0,0.0,0.0,0.0
42.822916666666664,0.33206184143451384,0.5677989083918412,1.5,0.0,0.0,0.0,0.0,0.0
42.833333333333336,0.3321269456011805,0.5676876073509148,1.5,0.0,0.0,0.0,0.0,0.0
42.84375,0.33219204976784716,0.5675763499363278,1.5,0.0,0.0,0.0,0.0,0.0
42.854166666666664,0.3322571539345138,0.5674651361224348,1.5,0.0,0.0,0.0,0.0,0.0
42.864583333333336,0.3323222581011805,0.5673539658836106,1.5,0.0,0.0,0.0,0.0,0.0
42.875,0.33238736226784715,0.5672428391942509,1.5,0.0,0.0,0.0,0.0,0.0
42.885416666666664,0.3324524664345138,0.5671317560287703,1.5,0.0,0.0,0.0,0.0,0.0
42.895833333333336,0.3325175706011805,0.5670207163616042,1.5,0.0,0.0,0.0,0.0,0.0
42.90625,0.33258267476784714,0.5669097201672076,1.5,0.0,0.0,0.0,0.0,0.0
42.916666666666664,0.3326477789345138,0.5667987674200559,1.5,0.0,0.0,0.0,0.0,0.0
42.927083333333336,0.33271288310118047,0.5666878580946441,1.5,0.0,0.0,0.0,0.0,0.0
42.9375,0.33277798726784713,0.5665769921654873,1.5,0.0,0.0,0.0,0.0,0.0
42.947916666666664,0.3328430914345138,0.5664661696071206,1.5,0.0,0.0,0.0,0.0,0.0
42.958333333333336,0.33290819560118046,0.566355390394099,1.5,0.0,0.0,0.0,0.0,0.0
42.96875,0.3329732997678471,0.5662446545009975,1.5,0.0,0.0,0.0,0.0,0.0
42.979166666666664,0.3330384039345138,0.5661339619024105,1.5,0.0,0.0,0.0,0.0,0.0
42.989583333333336,0.33310350810118045,0.5660233125729529,1.5,0.0,0.0,0.0,0.0,0.0
43.0,0.3331686122678471,0.5659127064872592,1.5,0.0,0.0,0.0,0.0,0.0
43.010416666666664,0.33323371643451377,0.5658021436199836,1.5,0.0,0.0,0.0,0.0,0.0
43.020833333333336,0.33329882060118043,0.5656916239458,1.5,0.0,0.0,0.0,0.0,0.0
43.03125,0.3333639247678471,0.5655811474394026,1.5,0.0,0.0,0.0,0.0,0.0
43.041666666666664,0.33342902893451376,0.5654707140755048,1.5,0.0,0.0,0.0,0.0,0.0
43.052083333333336,0.3334941331011804,0.5653603238288399,1.5,0.0,0.0,0.0,0.0,0.0
43.0625,0.3335592372678471,0.5652499766741613,1.5,0.0,0.0,0.0,0.0,0.0
43.072916666666664,0.33362434143451375,0.5651396725862418,1.5,0.0,0.0,0.0,0.0,0.0
43.083333333333336,0.3336894456011804,0.5650294115398736,1.5,0.0,0.0,0.0,0.0,0.0
43.09375,0.3337545497678471,0.5649191935098691,1.5,0.0,0.0,0.0,0.0,0.0
43.104166666666664,0.33381965393451374,0.56480901847106,1.5,0.0,0.0,0.0,0.0,0.0
43.114583333333336,0.3338847581011804,0.5646988863982979,1.5,0.0,0.0,0.0,0.0,0.0
43.125,0.33394986226784706,0.5645887972664536,1.5,0.0,0.0,0.0,0.0,0.0
43.135416666666664,0.3340149664345137,0.5644787510504181,1.5,0.0,0.0,0.0,0.0,0.0
43.145833333333336,0.33408007031157194,0.5643687477250059,1.5,0.0,0.0,0.0,0.0,0.0
43.15625,0.33414516618894385,0.5642587872625147,1.5,0.0,0.0,0.0,0.0,0.0
43.166666666666664,0.33421024310943837,0.5641488696316627,1.5,0.0,0.0,0.0,0.0,0.0
43.177083333333336,0.3342752901258612,0.5640389947976014,1.5,0.0,0.0,0.0,0.0,0.0
43.1875,0.3343402963083813,0.563929162721931,1.5,0.0,0.0,0.0,0.0,0.0
43.197916666666664,0.3344052507518753,0.5638193733627166,1.5,0.0,0.0,0.0,0.0,0.0
43.208333333333336,0.33447014258324,0.5637096266745075,1.5,0.0,0.0,0.0,0.0,0.0
43.21875,0.3345349609686614,0.5635999226083604,1.5,0.0,0.0,0.0,0.0,0.0
43.229166666666664,0.334599695120832,0.5634902611118621,1.5,0.0,0.0,0.0,0.0,0.0
43.239583333333336,0.33466433430610326,0.5633806421291566,1.5,0.0,0.0,0.0,0.0,0.0
43.25,0.3347288678515663,0.5632710656009731,1.5,0.0,0.0,0.0,0.0,0.0
43.260416666666664,0.3347932851520486,0.5631615314646574,1.5,0.0,0.0,0.0,0.0,0.0
43.270833333333336,0.33484083043705426,0.5630801976345317,1.5,0.0,0.026792383942262625,0.0,0.0,0.0
43.28125,0.33487662870186524,0.5630184674296794,1.5,0.0,0.04542689076451065,0.0,0.0,0.0
43.291666666666664,0.3348956935445408,0.562984745687136,1.5,0.0,0.0720731791242209,0.0,0.0,0.0
43.302083333333336,0.33489100805050614,0.5629908787043183,1.5,0.0,0.11000381894421564,0.0,0.0,0.0
43.3125,0.3348718629748504,0.5630213399705611,1.5,0.0,0.13315646770577225,0.0,0.0,0.0
43.322916666666664,0.33483588634924116,0.5630801815222349,1.5,0.0,0.16015676639507773,0.0,0.0,0.0
43.333333333333336,0.33480702979225546,0.5631271933239019,1.5,0.0,0.14889175470296015,0.0,0.0,0.0
43.34375,0.334762022069318,0.5632014875166453,1.5,0.0,0.17483169434967485,0.0,0.0,0.0
43.354166666666664,0.3347106009505156,0.5632867480762918,1.5,0.0,0.18523921718832828,0.0,0.0,0.0
43.364583333333336,0.3346460016532849,0.5633943847292777,1.5,0.0,0.20648095167652897,0.0,0.0,0.0
43.375,0.3345654399291171,0.5635291387448589,1.5,0.0,0.23220212524301542,0.0,0.0,0.0
43.385416666666664,0.3344594698050859,0.5637069907941465,1.5,0.0,0.2730574601144427,0.0,0.0,0.0
43.395833333333336,0.3343261309359773,0.5639313531157965,1.5,0.0,0.31707213181087157,0.0,0.0,0.0
43.40625,0.3341873611227229,0.5641652910414132,1.5,0.0,0.32597833958446504,0.0,0.0,0.0
43.416666666666664,0.33407485038248597,0.5643552156901821,1.5,0.0,0.28411123150655776,0.0,0.0,0.0
43.427083333333336,0.33391116433741264,0.5646318550934083,1.5,0.0,0.366052748806897,0.0,0.0,0.0
43.4375,0.33376124977509547,0.5648854691288413,1.5,0.0,0.34402996637413485,0.0,0.0,0.0
43.447916666666664,0.33358491122690465,0.5651840770099769,1.5,0.0,0.38630834377201195,0.0,0.0,0.0
43.458333333333336,0.33340301773776093,0.5654924224606972,1.5,0.0,0.395196249296615,0.0,0.0,0.0
43.46875,0.33326462186220496,0.5657272563248181,1.5,0.0,0.32560006755620363,0.0,0.0,0.0
43.479166666666664,0.3331145017591885,0.5659822047991421,1.5,0.0,0.34435883149295926,0.0,0.0,0.0
43.489583333333336,0.33292289922124074,0.5663079367542777,1.5,0.0,0.41073072738307925,0.0,0.0,0.0
43.5,0.3327608171322299,0.5665837756412105,1.5,0.0,0.36349800908404384,0.0,0.0,0.0
43.510416666666664,0.3325510517868409,0.5669411632986862,1.5,0.0,0.4397912192889718,0.0,0.0,0.0
43.520833333333336,0.33240530129140183,0.5671897512577667,1.5,0.0,0.33736745936922025,0.0,0.0,0.0
43.53125,0.33224334513329923,0.5674662349688009,1.5,0.0,0.3632965196307907,0.0,0.0,0.0
43.541666666666664,0.3320672996030126,0.5677670772811101,1.5,0.0,0.3858395151252669,0.0,0.0,0.0
43.552083333333336,0.331872141907811,0.5681009531936123,1.5,0.0,0.4164189789892397,0.0,0.0,0.0
43.5625,0.3317345508252765,0.5683365802181244,1.5,0.0,0.32431239872192597,0.0,0.0,0.0
43.572916666666664,0.3315838719443073,0.5685948446488368,1.5,0.0,0.34525287621739664,0.0,0.0,0.0
43.583333333333336,0.33141367325824733,0.5688868485800816,1.5,0.0,0.3764845643625661,0.0,0.0,0.0
43.59375,0.3312648013449739,0.5691425089256432,1.5,0.0,0.34236172790420366,0.0,0.0,0.0
43.604166666666664,0.33112243460506613,0.5693872128631319,1.5,0.0,0.33195345051905795,0.0,0.0,0.0
43.614583333333336,0.33098869219728433,0.569617284822095,1.5,0.0,0.31815451911753473,0.0,0.0,0.0
43.625,0.33085797674851386,0.5698423293555369,1.5,0.0,0.3133113846994319,0.0,0.0,0.0
43.635416666666664,0.33076111845747164,0.5700091988909959,1.5,0.0,0.2591399323341973,0.0,0.0,0.0
43.645833333333336,0.33068398227298645,0.570142160682558,1.5,0.0,0.227584561842974,0.0,0.0,0.0
43.65625,0.3305914758627905,0.5703016983852421,1.5,0.0,0.2521769229802132,0.0,0.0,0.0
43.666666666666664,0.33054283276618435,0.5703856246963258,1.5,0.0,0.1819956212364608,0.0,0.0,0.0
43.677083333333336,0.33047634339429993,0.5705003820236686,1.5,0.0,0.2105496616817299,0.0,0.0,0.0
43.6875,0.33044313530612496,0.5705577148139913,1.5,0.0,0.15729960774663393,0.0,0.0,0.0
43.697916666666664,0.3304288826829087,0.5705823250843355,1.5,0.0,0.12697086381270145,0.0,0.0,0.0
43.708333333333336,0.33042670429882204,0.5705860867278132,1.5,0.0,0.10765208120532842,0.0,0.0,0.0
43.71875,0.3304305116803225,0.5705795121566576,1.5,0.0,0.09807485626596056,0.0,0.0,0.0
43.729166666666664,0.33044582176555604,0.5705530762921732,1.5,0.0,0.07967053029299792,0.0,0.0,0.0
43.739583333333336,0.33047531692394766,0.5705021540220543,1.5,0.0,0.056974413240026306,0.0,0.0,0.0
43.75,0.33052384859087186,0.5704183857232263,1.5,0.0,0.026515999587957365,0.0,0.0,0.0
43.760416666666664,0.3305889527575385,0.5703060510146885,1.5,0.0,0.0,0.0,0.0,0.0
43.770833333333336,0.3306540569242052,0.57019376054246,1.5,0.0,0.0,0.0,0.0,0.0
43.78125,0.33071916109087185,0.5700815142804164,1.5,0.0,0.0,0.0,0.0,0.0
43.791666666666664,0.3307842652575385,0.5699693122024536,1.5,0.0,0.0,0.0,0.0,0.0
43.802083333333336,0.3308493694242052,0.5698571542824881,1.5,0.0,0.0,0.0,0.0,0.0
43.8125,0.33091447359087184,0.569745040494457,1.5,0.0,0.0,0.0,0.0,0.0
43.822916666666664,0.3309795777575385,0.5696329708123178,1.5,0.0,0.0,0.0,0.0,0.0
43.833333333333336,0.33104468192420516,0.5695209452100485,1.5,0.0,0.0,0.0,0.0,0.0
43.84375,0.3311097860908718,0.5694089636616477,1.5,0.0,0.0,0.0,0.0,0.0
43.854166666666664,0.3311748902575385,0.5692970261411344,1.5,0.0,0.0,0.0,0.0,0.0
43.864583333333336,0.33123999442420515,0.5691851326225478,1.5,0.0,0.0,0.0,0.0,0.0
43.875,0.3313050985908718,0.5690732830799478,1.5,0.0,0.0,0.0,0.0,0.0
43.885416666666664,0.3313702027575385,0.5689614774874144,1.5,0.0,0.0,0.0,0.0,0.0
43.895833333333336,0.33143530692420514,0.5688497158190485,1.5,0.0,0.0,0.0,0.0,0.0
43.90625,0.3315004110908718,0.5687379980489705,1.5,0.0,0.0,0.0,0.0,0.0
43.916666666666664,0.33156551525753847,0.5686263241513221,1.5,0.0,0.0,0.0,0.0,0.0
43.927083333333336,0.33163061942420513,0.5685146941002645,1.5,0.0,0.0,0.0,0.0,0.0
43.9375,0.3316957235908718,0.5684031078699795,1.5,0.0,0.0,0.0,0.0,0.0
43.947916666666664,0.33176082775753846,0.5682915654346692,1.5,0.0,0.0,0.0,0.0,0.0
43.958333333333336,0.3318259319242051,0.568180066768556,1.5,0.0,0.0,0.0,0.0,0.0
43.96875,0.3318910360908718,0.5680686118458824,1.5,0.0,0.0,0.0,0.0,0.0
43.979166666666664,0.33195614025753845,0.567957200640911,1.5,0.0,0.0,0.0,0.0,0.0
43.989583333333336,0.3320212444242051,0.567845833127925,1.5,0.0,0.0,0.0,0.0,0.0
44.0,0.33208634859087177,0.5677345092812274,1.5,0.0,0.0,0.0,0.0,0.0
44.010416666666664,0.33215145275753843,0.5676232290751413,1.5,0.0,0.0,0.0,0.0,0.0
44.020833333333336,0.3322165569242051,0.5675119924840101,1.5,0.0,0.0,0.0,0.0,0.0
44.03125,0.33228166109087176,0.5674007994821973,1.5,0.0,0.0,0.0,0.0,0.0
44.041666666666664,0.3323467652575384,0.5672896500440867,1.5,0.0,0.0,0.0,0.0,0.0
44.052083333333336,0.3324118694242051,0.5671785441440815,1.5,0.0,0.0,0.0,0.0,0.0
44.0625,0.33247697359087175,0.5670674817566058,1.5,0.0,0.0,0.0,0.0,0.0
44.072916666666664,0.3325420777575384,0.5669564628561031,1.5,0.0,0.0,0.0,0.0,0.0
44.083333333333336,0.3326071819242051,0.5668454874170372,1.5,0.0,0.0,0.0,0.0,0.0
44.09375,0.33267228609087174,0.5667345554138917,1.5,0.0,0.0,0.0,0.0,0.0
44.104166666666664,0.3327373902575384,0.5666236668211704,1.5,0.0,0.0,0.0,0.0,0.0
44.114583333333336,0.33280249442420506,0.5665128216133969,1.5,0.0,0.0,0.0,0.0,0.0
44.125,0.3328675985908717,0.5664020197651147,1.5,0.0,0.0,0.0,0.0,0.0
44.135416666666664,0.3329327027575384,0.5662912612508874,1.5,0.0,0.0,0.0,0.0,0.0
44.145833333333336,0.33299780692420505,0.5661805460452982,1.5,0.0,0.0,0.0,0.0,0.0
44.15625,0.3330629110908717,0.5660698741229505,1.5,0.0,0.0,0.0,0.0,0.0
44.166666666666664,0.3331280152575384,0.5659592454584672,1.5,0.0,0.0,0.0,0.0,0.0
44.177083333333336,0.33319311942420504,0.5658486600264915,1.5,0.0,0.0,0.0,0.0,0.0
44.1875,0.3332582235908717,0.565738117801686,1.5,0.0,0.0,0.0,0.0,0.0
44.197916666666664,0.33332332775753837,0.5656276187587332,1.5,0.0,0.0,0.0,0.0,0.0
44.208333333333336,0.33338843192420503,0.5655171628723354,1.5,0.0,0.0,0.0,0.0,0.0
44.21875,0.3334535360908717,0.5654067501172149,1.5,0.0,0.0,0.0,0.0,0.0
44.229166666666664,0.33351864025753836,0.5652963804681133,1.5,0.0,0.0,0.0,0.0,0.0
44.239583333333336,0.333583744424205,0.565186053899792,1.5,0.0,0.0,0.0,0.0,0.0
44.25,0.3336488485908717,0.5650757703870325,1.5,0.0,0.0,0.0,0.0,0.0
44.260416666666664,0.33371395275753835,0.5649655299046357,1.5,0.0,0.0,0.0,0.0,0.0
44.270833333333336,0.33376109062826304,0.5648857384823869,1.5,0.0,0.02874607350713775,0.0,0.0,0.0
44.28125,0.33379941513498473,0.5648208822654498,1.5,0.0,0.042847455911980595,0.0,0.0,0.0
44.291666666666664,0.3338240723849098,0.5647791628964498,1.5,0.0,0.0647150667865801,0.0,0.0,0.0
44.302083333333336,0.33383308106671133,0.5647639219989616,1.5,0.0,0.08975277578419508,0.0,0.0,0.0
44.3125,0.3338299213008178,0.5647692676006131,1.5,0.0,0.10922229209636236,0.0,0.0,0.0
44.322916666666664,0.3338038273169445,0.5648134165256848,1.5,0.0,0.14591704086388724,0.0,0.0,0.0
44.333333333333336,0.33376366197848645,0.5648813865434691,1.5,0.0,0.1684312081995709,0.0,0.0,0.0
44.34375,0.33371793548589496,0.5649587873715044,1.5,0.0,0.17732905481307973,0.0,0.0,0.0
44.354166666666664,0.3336336825204021,0.5651014571788743,1.5,0.0,0.23897141145521078,0.0,0.0,0.0
44.364583333333336,0.3335489022272961,0.5652450926903521,1.5,0.0,0.23981513563621026,0.0,0.0,0.0
44.375,0.3334399965764871,0.5654297087691611,1.5,0.0,0.27841570796105297,0.0,0.0,0.0
44.385416666666664,0.33335411617291993,0.5655753776816541,1.5,0.0,0.24157531237413382,0.0,0.0,0.0
44.395833333333336,0.3332406819290803,0.5657678980394035,1.5,0.0,0.28566145681009647,0.0,0.0,0.0
44.40625,0.33312440293092466,0.5659653825941039,1.5,0.0,0.2902130637156688,0.0,0.0,0.0
44.416666666666664,0.33296270764520125,0.5662402299933676,1.5,0.0,0.3628791238241201,0.0,0.0,0.0
44.427083333333336,0.3328085963712877,0.5665024347685352,1.5,0.0,0.35074470492833804,0.0,0.0,0.0
44.4375,0.3326766978120744,0.5667270397842404,1.5,0.0,0.31520436140791847,0.0,0.0,0.0
44.447916666666664,0.332506568829717,0.5670170090768538,1.5,0.0,0.3763730384384659,0.0,0.0,0.0
44.458333333333336,0.33232312308561307,0.5673300082331687,1.5,0.0,0.3976798572329633,0.0,0.0,0.0
44.46875,0.33216206999103753,0.5676050855575422,1.5,0.0,0.3618516179874867,0.0,0.0,0.0
44.479166666666664,0.3319701806831257,0.5679331793243099,1.5,0.0,0.4111895593255797,0.0,0.0,0.0
44.489583333333336,0.33182302536720804,0.5681850436617263,1.5,0.0,0.33961517213497006,0.0,0.0,0.0
44.5,0.33162126539911985,0.5685307301669007,1.5,0.0,0.42698261560779593,0.0,0.0,0.0
44.510416666666664,0.3314216137358002,0.5688732187108634,1.5,0.0,0.42360932797810136,0.0,0.0,0.0
44.520833333333336,0.3312266464533266,0.5692080699878113,1.5,0.0,0.41611431862444886,0.0,0.0,0.0
44.53125,0.331088086230673,0.5694462833219475,1.5,0.0,0.3258630229125088,0.0,0.0,0.0
44.541666666666664,0.3309251890703483,0.5697265919402524,1.5,0.0,0.3648021231862022,0.0,0.0,0.0
44.552083333333336,0.33074910154176806,0.5700299087053579,1.5,0.0,0.38590671239505425,0.0,0.0,0.0
44.5625,0.3305678330840077,0.5703424873415315,1.5,0.0,0.39419619908322034,0.0,0.0,0.0
44.572916666666664,0.3304427470580942,0.5705583851809798,1.5,0.0,0.3043043081283041,0.0,0.0,0.0
44.583333333333336,0.33027714032460587,0.5708444731322723,1.5,0.0,0.3691374402479629,0.0,0.0,0.0
44.59375,0.33013799889920814,0.5710850637759937,1.5,0.0,0.3267929473030661,0.0,0.0,0.0
44.604166666666664,0.3299826026570549,0.5713540005991656,1.5,0.0,0.3528006541117724,0.0,0.0,0.0
44.614583333333336,0.3298767288258629,0.5715373764839261,1.5,0.0,0.27356479657396277,0.0,0.0,0.0
44.625,0.32975947546884943,0.5717405993813307,1.5,0.0,0.2917720378881866,0.0,0.0,0.0
44.635416666666664,0.329658647310263,0.5719154698186606,1.5,0.0,0.2654917204049718,0.0,0.0,0.0
44.645833333333336,0.32955832971243465,0.5720895609610182,1.5,0.0,0.2646748231920342,0.0,0.0,0.0
44.65625,0.32949263446921057,0.5722036259170188,1.5,0.0,0.2092790558251919,0.0,0.0,0.0
44.666666666666664,0.32941789699181506,0.572333445990391,1.5,0.0,0.22374663049951363,0.0,0.0,0.0
44.677083333333336,0.3293787202394829,0.5724015201077739,1.5,0.0,0.16684947039813233,0.0,0.0,0.0
44.6875,0.32934559331874375,0.5724590945832557,1.5,0.0,0.15716973984926808,0.0,0.0,0.0
44.697916666666664,0.3293062216878543,0.5725275374084648,1.5,0.0,0.1671612760898051,0.0,0.0,0.0
44.708333333333336,0.3292841196843761,0.5725659662450431,1.5,0.0,0.1395298722317696,0.0,0.0,0.0
44.71875,0.3292859206055855,0.5725628347835141,1.5,0.0,0.10128519273169699,0.0,0.0,0.0
44.729166666666664,0.32930461835061975,0.5725303249634135,1.5,0.0,0.0742502746118465,0.0,0.0,0.0
44.739583333333336,0.32933931285197576,0.5724700113192155,1.5,0.0,0.04865546449706698,0.0,0.0,0.0
44.75,0.3293875984659045,0.5723860917482265,1.5,0.0,0.026909684380748335,0.0,0.0,0.0
44.760416666666664,0.32945270263257115,0.5722729807638057,1.5,0.0,0.0,0.0,0.0,0.0
44.770833333333336,0.3295178067992378,0.5721599144749749,1.5,0.0,0.0,0.0,0.0,0.0
44.78125,0.3295829109659045,0.572046892855247,1.5,0.0,0.0,0.0,0.0,0.0
44.791666666666664,0.32964801513257114,0.5719339158781565,1.5,0.0,0.0,0.0,0.0,0.0
44.802083333333336,0.3297131192992378,0.5718209835172581,1.5,0.0,0.0,0.0,0.0,0.0
44.8125,0.32977822346590446,0.5717080957461277,1.5,0.0,0.0,0.0,0.0,0.0
44.822916666666664,0.3298433276325711,0.5715952525383621,1.5,0.0,0.0,0.0,0.0,0.0
44.833333333333336,0.3299084317992378,0.5714824538675789,1.5,0.0,0.0,0.0,0.0,0.0
44.84375,0.32997353596590445,0.5713696997074165,1.5,0.0,0.0,0.0,0.0,0.0
44.854166666666664,0.3300386401325711,0.5712569900315339,1.5,0.0,0.0,0.0,0.0,0.0
44.864583333333336,0.3301037442992378,0.5711443248136113,1.5,0.0,0.0,0.0,0.0,0.0
44.875,0.33016884846590444,0.5710317040273495,1.5,0.0,0.0,0.0,0.0,0.0
44.885416666666664,0.3302339526325711,0.5709191276464699,1.5,0.0,0.0,0.0,0.0,0.0
44.895833333333336,0.33029905679923777,0.5708065956447147,1.5,0.0,0.0,0.0,0.0,0.0
44.90625,0.33036416096590443,0.5706941079958467,1.5,0.0,0.0,0.0,0.0,0.0
44.916666666666664,0.3304292651325711,0.5705816646736497,1.5,0.0,0.0,0.0,0.0,0.0
44.927083333333336,0.33049436929923776,0.5704692656519277,1.5,0.0,0.0,0.0,0.0,0.0
44.9375,0.3305594734659044,0.5703569109045057,1.5,0.0,0.0,0.0,0.0,0.0
44.947916666666664,0.3306245776325711,0.5702446004052292,1.5,0.0,0.0,0.0,0.0,0.0
44.958333333333336,0.33068968179923774,0.5701323341279642,1.5,0.0,0.0,0.0,0.0,0.0
44.96875,0.3307547859659044,0.5700201120465973,1.5,0.0,0.0,0.0,0.0,0.0
44.979166666666664,0.33081989013257107,0.5699079341350359,1.5,0.0,0.0,0.0,0.0,0.0
44.989583333333336,0.33088499429923773,0.5697958003672078,1.5,0.0,0.0,0.0,0.0,0.0
45.0,0.3309500984659044,0.569683710717061,1.5,0.0,0.0,0.0,0.0,0.0
45.010416666666664,0.33101520263257106,0.5695716651585645,1.5,0.0,0.0,0.0,0.0,0.0
45.020833333333336,0.3310803067992377,0.5694596636657074,1.5,0.0,0.0,0.0,0.0,0.0
45.03125,0.3311454109659044,0.5693477062124996,1.5,0.0,0.0,0.0,0.0,0.0
45.041666666666664,0.33121051513257105,0.569235792772971,1.5,0.0,0.0,0.0,0.0,0.0
45.052083333333336,0.3312756192992377,0.5691239233211722,1.5,0.0,0.0,0.0,0.0,0.0
45.0625,0.3313407234659044,0.5690120978311741,1.5,0.0,0.0,0.0,0.0,0.0
45.072916666666664,0.33140582763257104,0.5689003162770682,1.5,0.0,0.0,0.0,0.0,0.0
45.083333333333336,0.3314709317992377,0.5687885786329658,1.5,0.0,0.0,0.0,0.0,0.0
45.09375,0.33153603596590436,0.5686768848729993,1.5,0.0,0.0,0.0,0.0,0.0
45.104166666666664,0.331601140132571,0.5685652349713209,1.5,0.0,0.0,0.0,0.0,0.0
45.114583333333336,0.3316662442992377,0.5684536289021032,1.5,0.0,0.0,0.0,0.0,0.0
45.125,0.33173134846590435,0.568342066639539,1.5,0.0,0.0,0.0,0.0,0.0
45.135416666666664,0.331796452632571,0.5682305481578417,1.5,0.0,0.0,0.0,0.0,0.0
45.145833333333336,0.3318615567992377,0.5681190734312445,1.5,0.0,0.0,0.0,0.0,0.0
45.15625,0.33192666096590434,0.5680076424340007,1.5,0.0,0.0,0.0,0.0,0.0
45.166666666666664,0.331991765132571,0.5678962551403847,1.5,0.0,0.0,0.0,0.0,0.0
45.177083333333336,0.33205686929923767,0.56778491152469,1.5,0.0,0.0,0.0,0.0,0.0
45.1875,0.33212197346590433,0.5676736115612308,1.5,0.0,0.0,0.0,0.0,0.0
45.197916666666664,0.332187077632571,0.5675623552243415,1.5,0.0,0.0,0.0,0.0,0.0
45.208333333333336,0.33225218179923766,0.5674511424883765,1.5,0.0,0.0,0.0,0.0,0.0
45.21875,0.3323172859659043,0.5673399733277102,1.5,0.0,0.0,0.0,0.0,0.0
45.229166666666664,0.332382390132571,0.567228847716737,1.5,0.0,0.0,0.0,0.0,0.0
45.239583333333336,0.33244749429923764,0.5671177656298717,1.5,0.0,0.0,0.0,0.0,0.0
45.25,0.3325125984659043,0.567006727041549,1.5,0.0,0.0,0.0,0.0,0.0
45.260416666666664,0.33257770263257097,0.5668957319262233,1.5,0.0,0.0,0.0,0.0,0.0
45.270833333333336,0.33262923522074844,0.5668079055982894,1.5,0.0,0.021714525582731233,0.0,0.0,0.0
45.28125,0.3326642307924454,0.566748278608482,1.5,0.0,0.04817375195155264,0.0,0.0,0.0
45.291666666666664,0.3326788209845817,0.5667234229045531,1.5,0.0,0.0808223592486236,0.0,0.0,0.0
45.302083333333336,0.33268451237022123,0.5667137277085618,1.5,0.0,0.09506044964341866,0.0,0.0,0.0
45.3125,0.3326693574837715,0.5667395445804789,1.5,0.0,0.12841448498621116,0.0,0.0,0.0
45.322916666666664,0.3326510895229256,0.5667706678087993,1.5,0.0,0.13339540402013517,0.0,0.0,0.0
45.333333333333336,0.33260005586875463,0.5668576322507614,1.5,0.0,0.18582051334022953,0.0,0.0,0.0
45.34375,0.33252932970762944,0.5669781980494801,1.5,0.0,0.21732852446700543,0.0,0.0,0.0
45.354166666666664,0.3324572976665683,0.5671010426888649,1.5,0.0,0.21941793236455462,0.0,0.0,0.0
45.364583333333336,0.3323749167506564,0.5672416017411784,1.5,0.0,0.235976132125726,0.0,0.0,0.0
45.375,0.3322588138955012,0.5674398158043444,1.5,0.0,0.28993123491492057,0.0,0.0,0.0
45.385416666666664,0.33214425097490824,0.5676355366767318,1.5,0.0,0.28746733961545223,0.0,0.0,0.0
45.395833333333336,0.3320318781979667,0.5678276470906273,1.5,0.0,0.2839631097731043,0.0,0.0,0.0
45.40625,0.33190563143670615,0.5680436313783572,1.5,0.0,0.30616148468356436,0.0,0.0,0.0
45.416666666666664,0.3317493088889659,0.568311297430118,1.5,0.0,0.35428274305099305,0.0,0.0,0.0
45.427083333333336,0.3315811951365501,0.5685994348340258,1.5,0.0,0.37314867053194645,0.0,0.0,0.0
45.4375,0.33143777425918564,0.5688454811092131,1.5,0.0,0.33364007044982313,0.0,0.0,0.0
45.447916666666664,0.33130232355175127,0.5690780497251258,1.5,0.0,0.3208877985616591,0.0,0.0,0.0
45.458333333333336,0.331114581454079,0.5694007172027266,1.5,0.0,0.4045540229422545,0.0,0.0,0.0
45.46875,0.3309415153330486,0.5696984857475373,1.5,0.0,0.3810724603153293,0.0,0.0,0.0
45.479166666666664,0.3307706736313578,0.569992732688136,1.5,0.0,0.37751338937193224,0.0,0.0,0.0
45.489583333333336,0.33059900272530646,0.5702887141280575,1.5,0.0,0.37884011634887316,0.0,0.0,0.0
45.5,0.33041221980072616,0.5706110998858973,1.5,0.0,0.40301934599514055,0.0,0.0,0.0
45.510416666666664,0.3302084017661489,0.5709633042279572,1.5,0.0,0.43027552199027347,0.0,0.0,0.0
45.520833333333336,0.33005794484677564,0.5712235778592106,1.5,0.0,0.3448977376639038,0.0,0.0,0.0
45.53125,0.3298911532503691,0.5715123861267785,1.5,0.0,0.3710332209171579,0.0,0.0,0.0
45.541666666666664,0.32974785333702666,0.5717607506713154,1.5,0.0,0.33344652801453367,0.0,0.0,0.0
45.552083333333336,0.32957653418908994,0.5720579610442252,1.5,0.0,0.3782773033654217,0.0,0.0,0.0
45.5625,0.3294476390746166,0.5722817765087442,1.5,0.0,0.3103988498239728,0.0,0.0,0.0
45.572916666666664,0.32927693842962386,0.5725784534301028,1.5,0.0,0.37728769865507883,0.0,0.0,0.0
45.583333333333336,0.33440414257700796,0.5834239332465952,1.5,8.52,0.3164733641854513,5.0,1.0,1.0
45.59375,0.33952549298567114,0.5939517388752854,1.5,8.52,0.3255014651620446,5.0,1.0,1.0
45.604166666666664,0.3445987291825351,0.6041833395579669,1.5,8.52,0.33966288912244696,5.0,1.0,1.0
45.614583333333336,0.3495608232022422,0.6141293474461761,1.5,8.52,0.34826776447238034,5.0,1.0,1.0
45.625,0.35439911855631817,0.623719936030078,1.5,8.52,0.27781747585389954,5.0,1.0,1.0
45.635416666666664,0.35900313154203317,0.6330661284373338,1.5,8.52,0.2927493446132577,5.0,1.0,1.0
45.645833333333336,0.3633566699745202,0.6421335986821584,1.5,8.52,0.26108596885153157,5.0,1.0,1.0
45.65625,0.3674292215784551,0.6509295005746714,1.5,8.52,0.22109492133376896,5.0,1.0,1.0
45.666666666666664,0.3711668629951931,0.65952146939564,1.5,8.52,0.2279907847708488,5.0,1.0,1.0
45.677083333333336,0.37457061319871254,0.667903694019577,1.5,8.52,0.2163674021916494,5.0,1.0,1.0
45.6875,0.37765180118469394,0.6760677721062903,1.5,8.52,0.18509486515704607,5.0,1.0,1.0
45.697916666666664,0.3751546009044274,0.676128234512207,1.5,0.0,0.15784826652343992,0.0,0.0,0.0
45.708333333333336,0.37295020938948187,0.676154624815054,1.5,0.0,0.12745755965453084,0.0,0.0,0.0
45.71875,0.37098606030353143,0.676159405042851,1.5,0.0,0.1083630982229642,0.0,0.0,0.0
45.729166666666664,0.369236614104659,0.6761241727656921,1.5,0.0,0.07338328244502576,0.0,0.0,0.0
45.739583333333336,0.3676674616707614,0.6760576535824848,1.5,0.0,0.04629105096798931,0.0,0.0,0.0
45.75,0.36625343114022524,0.6759625884341457,1.5,0.0,0.021764376680776885,0.0,0.0,0.0
45.760416666666664,0.36497352259302174,0.6758420098762677,1.5,0.0,0.0,0.0,0.0,0.0
45.770833333333336,0.3637982439296238,0.6757210633582856,1.5,0.0,0.0,0.0,0.0,0.0
45.78125,0.3627153110896545,0.6755997774478649,1.5,0.0,0.0,0.0,0.0,0.0
45.791666666666664,0.361714306287628,0.675478177721931,1.5,0.0,0.0,0.0,0.0,0.0
45.802083333333336,0.3607863342621834,0.6753562871742969,1.5,0.0,0.0,0.0,0.0,0.0
45.8125,0.3599237521914377,0.6752341265555216,1.5,0.0,0.0,0.0,0.0,0.0
45.822916666666664,0.359119955415572,0.6751117146581838,1.5,0.0,0.0,0.0,0.0,0.0
45.833333333333336,0.35836920590717536,0.6749890685578348,1.5,0.0,0.0,0.0,0.0,0.0
45.84375,0.35766649382120896,0.674866203817702,1.5,0.0,0.0,0.0,0.0,0.0
45.854166666666664,0.35700742488537285,0.6747431346635375,1.5,0.0,0.0,0.0,0.0,0.0
45.864583333333336,0.35638812815309096,0.6746198741337214,1.5,0.0,0.0,0.0,0.0,0.0
45.875,0.3558051799335313,0.6744964342087307,1.5,0.0,0.0,0.0,0.0,0.0
45.885416666666664,0.355255540671268,0.6743728259233094,1.5,0.0,0.0,0.0,0.0,0.0
45.895833333333336,0.354736502265836,0.6742490594640531,1.5,0.0,0.0,0.0,0.0,0.0
45.90625,0.35424564386395363,0.6741251442546425,1.5,0.0,0.0,0.0,0.0,0.0
45.916666666666664,0.35378079457092665,0.6740010890305624,1.5,0.0,0.0,0.0,0.0,0.0
45.927083333333336,0.35334000184586,0.673876901904835,1.5,0.0,0.0,0.0,0.0,0.0
45.9375,0.35292150459179356,0.6737525904260399,1.5,0.0,0.0,0.0,0.0,0.0
45.947916666666664,0.35252371014425454,0.6736281616296868,1.5,0.0,0.0,0.0,0.0,0.0
45.958333333333336,0.3521451745128988,0.6735036220838396,1.5,0.0,0.0,0.0,0.0,0.0
45.96875,0.35178458535048684,0.6733789779297501,1.5,0.0,0.0,0.0,0.0,0.0
45.979166666666664,0.3514407472186004,0.6732542349181445,1.5,0.0,0.0,0.0,0.0,0.0
45.989583333333336,0.35111256879567393,0.6731293984417134,1.5,0.0,0.0,0.0,0.0,0.0
46.0,0.3507990517342244,0.6730044735642721,1.5,0.0,0.0,0.0,0.0,0.0
46.010416666666664,0.3504992809237676,0.6728794650469968,1.5,0.0,0.0,0.0,0.0,0.0
46.020833333333336,0.35021241595624675,0.6727543773720799,1.5,0.0,0.0,0.0,0.0,0.0
46.03125,0.34993768362375705,0.6726292147641075,1.5,0.0,0.0,0.0,0.0,0.0
46.041666666666664,0.3496743713054021,0.6725039812094168,1.5,0.0,0.0,0.0,0.0,0.0
46.052083333333336,0.3494218211224169,0.6723786804736586,1.5,0.0,0.0,0.0,0.0,0.0
46.0625,0.3491794247591521,0.6722533161177636,1.5,0.0,0.0,0.0,0.0,0.0
46.072916666666664,0.34894661886285505,0.6721278915124834,1.5,0.0,0.0,0.0,0.0,0.0
46.083333333333336,0.3487228809479826,0.6720024098516547,1.5,0.0,0.0,0.0,0.0,0.0
46.09375,0.34850772574149574,0.6718768741643231,1.5,0.0,0.0,0.0,0.0,0.0
46.104166666666664,0.34830070191459206,0.6717512873258394,1.5,0.0,0.0,0.0,0.0,0.0
46.114583333333336,0.3481013891539226,0.6716256520680344,1.5,0.0,0.0,0.0,0.0,0.0
46.125,0.3479093955317611,0.6714999709885596,1.5,0.0,0.0,0.0,0.0,0.0
46.135416666666664,0.34772435514004296,0.6713742465594776,1.5,0.0,0.0,0.0,0.0,0.0
46.145833333333336,0.3475459259578257,0.6712484811351721,1.5,0.0,0.0,0.0,0.0,0.0
46.15625,0.3473737879256822,0.6711226769596426,1.5,0.0,0.0,0.0,0.0,0.0
46.166666666666664,0.3472076412039243,0.6709968361732386,1.5,0.0,0.0,0.0,0.0,0.0
46.177083333333336,0.3470472045944598,0.6708709608188871,1.5,0.0,0.0,0.0,0.0,0.0
46.1875,0.3468922141085893,0.6707450528478557,1.5,0.0,0.0,0.0,0.0,0.0
46.197916666666664,0.34674242166520386,0.670619114125095,1.5,0.0,0.0,0.0,0.0,0.0
46.208333333333336,0.34659759390571315,0.6704931464341948,1.5,0.0,0.0,0.0,0.0,0.0
46.21875,0.3464575111136468,0.6703671514819884,1.5,0.0,0.0,0.0,0.0,0.0
46.229166666666664,0.34632196622828,0.6702411309028341,1.5,0.0,0.0,0.0,0.0,0.0
46.239583333333336,0.3461907639428541,0.6701150862626012,1.5,0.0,0.0,0.0,0.0,0.0
46.25,0.3460637198790322,0.669989019062384,1.5,0.0,0.0,0.0,0.0,0.0
46.260416666666664,0.34594065983016076,0.669862930741967,1.5,0.0,0.0,0.0,0.0,0.0
46.270833333333336,0.34580553996432445,0.6697675764401881,1.5,0.0,0.025406563842531864,0.0,0.0,0.0
46.28125,0.34565712533191884,0.6697059939160735,1.5,0.0,0.053315741050278205,0.0,0.0,0.0
46.291666666666664,0.34549635693712216,0.6696770618731541,1.5,0.0,0.08028534437130389,0.0,0.0,0.0
46.302083333333336,0.3453201337906628,0.6696874209108536,1.5,0.0,0.11271331576190106,0.0,0.0,0.0
46.3125,0.3451344601663383,0.6697262102636552,1.5,0.0,0.13615183926221777,0.0,0.0,0.0
46.322916666666664,0.3449492602924169,0.6697745686843821,1.5,0.0,0.14401865681551682,0.0,0.0,0.0
46.333333333333336,0.3447656835207198,0.6698300760326676,1.5,0.0,0.1498824158558783,0.0,0.0,0.0
46.34375,0.3445457989183712,0.6699662293347729,1.5,0.0,0.21622146964488406,0.0,0.0,0.0
46.354166666666664,0.3443289870634526,0.6701083059716217,1.5,0.0,0.2209990735779773,0.0,0.0,0.0
46.364583333333336,0.3441203853180522,0.670245906267941,1.5,0.0,0.21722556551582486,0.0,0.0,0.0
46.375,0.34391456008549587,0.6703889548183067,1.5,0.0,0.22160769255845317,0.0,0.0,0.0
46.385416666666664,0.3436930480165777,0.6705731236225833,1.5,0.0,0.2552372646804897,0.0,0.0,0.0
46.395833333333336,0.3434510754204862,0.670808385311886,1.5,0.0,0.29695907626338136,0.0,0.0,0.0
46.40625,0.3432081838050697,0.6710573985698756,1.5,0.0,0.3080123904573751,0.0,0.0,0.0
46.416666666666664,0.34297349365155133,0.6713020930235322,1.5,0.0,0.30426570278873927,0.0,0.0,0.0
46.427083333333336,0.3427182676218473,0.6715980902805695,1.5,0.0,0.34595031240688623,0.0,0.0,0.0
46.4375,0.3424755990426751,0.6718812511405907,1.5,0.0,0.3351993311477376,0.0,0.0,0.0
46.447916666666664,0.34223093972969554,0.6721792331398693,1.5,0.0,0.3470159129284915,0.0,0.0,0.0
46.458333333333336,0.3419832748360883,0.6724938580643667,1.5,0.0,0.36028040947789375,0.0,0.0,0.0
46.46875,0.3417410461512964,0.6728083728073012,1.5,0.0,0.3598896797268259,0.0,0.0,0.0
46.479166666666664,0.3415249832830068,0.6730813882805643,1.5,0.0,0.3259037524954523,0.0,0.0,0.0
46.489583333333336,0.3412453809296384,0.6734884769411551,1.5,0.0,0.4343903275177334,0.0,0.0,0.0
46.5,0.3409899330308876,0.6738589557329385,1.5,0.0,0.4042865177996816,0.0,0.0,0.0
46.510416666666664,0.3407516424056464,0.6742052655854743,1.5,0.0,0.38435740991664297,0.0,0.0,0.0
46.520833333333336,0.3404887338389152,0.6746091503487653,1.5,0.0,0.43052000429682014,0.0,0.0,0.0
46.53125,0.3402873019797398,0.6749005630831567,1.5,0.0,0.3393583846499274,0.0,0.0,0.0
46.541666666666664,0.34003556620634456,0.6752987645507528,1.5,0.0,0.42516841158653734,0.0,0.0,0.0
46.552083333333336,0.33984322681084955,0.6755873703924221,1.5,0.0,0.33655149106263366,0.0,0.0,0.0
46.5625,0.3396664394938409,0.6758511926776067,1.5,0.0,0.31639461572548655,0.0,0.0,0.0
46.572916666666664,0.33944864132596014,0.6762021790120483,1.5,0.0,0.3862212624497707,0.0,0.0,0.0
46.583333333333336,0.3392690734995015,0.6764835744395128,1.5,0.0,0.33006068221660695,0.0,0.0,0.0
46.59375,0.339087675567816,0.6767738528587132,1.5,0.0,0.33697015376550216,0.0,0.0,0.0
46.604166666666664,0.3389359205364807,0.6770100462516015,1.5,0.0,0.29342793840194703,0.0,0.0,0.0
46.614583333333336,0.33876721578974367,0.6772842433177653,1.5,0.0,0.3236942253994634,0.0,0.0,0.0
46.625,0.3386159379819609,0.6775280506975333,1.5,0.0,0.2991974896078191,0.0,0.0,0.0
46.635416666666664,0.33850313901637064,0.6776986834766946,1.5,0.0,0.24056776487825862,0.0,0.0,0.0
46.645833333333336,0.3383961018835989,0.6778605375482237,1.5,0.0,0.23347672900515598,0.0,0.0,0.0
46.65625,0.3382736183187572,0.6780559096645361,1.5,0.0,0.2601615453599155,0.0,0.0,0.0
46.666666666666664,0.33819809847068244,0.6781599764763397,1.5,0.0,0.1872163323103208,0.0,0.0,0.0
46.677083333333336,0.3381079758377994,0.6782950356778727,1.5,0.0,0.21190429750911086,0.0,0.0,0.0
46.6875,0.3380415064807087,0.6783846290252482,1.5,0.0,0.17560760260017125,0.0,0.0,0.0
46.697916666666664,0.3379895726479353,0.6784464791962185,1.5,0.0,0.15347135184958755,0.0,0.0,0.0
46.708333333333336,0.33795228160517854,0.6784800286931386,1.5,0.0,0.13090570505162827,0.0,0.0,0.0
46.71875,0.3379322821797679,0.6784796335607796,1.5,0.0,0.10385177933217106,0.0,0.0,0.0
46.729166666666664,0.33793662784173933,0.6784307698223226,1.5,0.0,0.0652258438479104,0.0,0.0,0.0
46.739583333333336,0.33794653506931577,0.6783706573844125,1.5,0.0,0.05625659888097176,0.0,0.0,0.0
46.75,0.3379742134777236,0.6782746827892501,1.5,0.0,0.027661144593820488,0.0,0.0,0.0
46.760416666666664,0.3380188966479625,0.6781440436195705,1.5,0.0,0.0,0.0,0.0,0.0
46.770833333333336,0.3380631180390507,0.6780134466970315,1.5,0.0,0.0,0.0,0.0,0.0
46.78125,0.3381068773401271,0.6778828918240184,1.5,0.0,0.0,0.0,0.0,0.0
46.791666666666664,0.33815017440204553,0.6777523788031459,1.5,0.0,0.0,0.0,0.0,0.0
46.802083333333336,0.33819300923412415,0.6776219074373178,1.5,0.0,0.0,0.0,0.0,0.0
46.8125,0.338235382000837,0.6774914775297847,1.5,0.0,0.0,0.0,0.0,0.0
46.822916666666664,0.3382772930184533,0.677361088884201,1.5,0.0,0.0,0.0,0.0,0.0
46.833333333333336,0.33831874275162926,0.6772307413046801,1.5,0.0,0.0,0.0,0.0,0.0
46.84375,0.3383597318099597,0.6771004345958472,1.5,0.0,0.0,0.0,0.0,0.0
46.854166666666664,0.3384002609444926,0.6769701685628928,1.5,0.0,0.0,0.0,0.0,0.0
46.864583333333336,0.3384403310442136,0.6768399430116221,1.5,0.0,0.0,0.0,0.0,0.0
46.875,0.3384799431325045,0.6767097577485052,1.5,0.0,0.0,0.0,0.0,0.0
46.885416666666664,0.33851909836358113,0.6765796125807247,1.5,0.0,0.0,0.0,0.0,0.0
46.895833333333336,0.3385577980189155,0.676449507316222,1.5,0.0,0.0,0.0,0.0,0.0
46.90625,0.3385960435036466,0.6763194417637419,1.5,0.0,0.0,0.0,0.0,0.0
46.916666666666664,0.3386338363429845,0.6761894157328763,1.5,0.0,0.0,0.0,0.0,0.0
46.927083333333336,0.3386711781786125,0.6760594290341058,1.5,0.0,0.0,0.0,0.0,0.0
46.9375,0.3387080707650907,0.6759294814788409,1.5,0.0,0.0,0.0,0.0,0.0
46.947916666666664,0.33874451596626626,0.67579957287946,1.5,0.0,0.0,0.0,0.0,0.0
46.958333333333336,0.3387805157516932,0.6756697030493478,1.5,0.0,0.0,0.0,0.0,0.0
46.96875,0.3388160721930659,0.6755398718029308,1.5,0.0,0.0,0.0,0.0,0.0
46.979166666666664,0.33885118746067033,0.6754100789557125,1.5,0.0,0.0,0.0,0.0,0.0
46.989583333333336,0.3388858638198556,0.6752803243243063,1.5,0.0,0.0,0.0,0.0,0.0
47.0,0.33892010362752983,0.6751506077264681,1.5,0.0,0.0,0.0,0.0,0.0
47.010416666666664,0.33895390932868336,0.6750209289811261,1.5,0.0,0.0,0.0,0.0,0.0
47.020833333333336,0.3389872834529417,0.6748912879084101,1.5,0.0,0.0,0.0,0.0,0.0
47.03125,0.3390202286111518,0.6747616843296802,1.5,0.0,0.0,0.0,0.0,0.0
47.041666666666664,0.3390527474920038,0.6746321180675519,1.5,0.0,0.0,0.0,0.0,0.0
47.052083333333336,0.3390848428586912,0.6745025889459223,1.5,0.0,0.0,0.0,0.0,0.0
47.0625,0.339116517545611,0.6743730967899941,1.5,0.0,0.0,0.0,0.0,0.0
47.072916666666664,0.33914777445510685,0.6742436414262978,1.5,0.0,0.0,0.0,0.0,0.0
47.083333333333336,0.33917861655425713,0.6741142226827128,1.5,0.0,0.0,0.0,0.0,0.0
47.09375,0.3392090468717093,0.6739848403884885,1.5,0.0,0.0,0.0,0.0,0.0
47.104166666666664,0.3392390684945627,0.6738554943742626,1.5,0.0,0.0,0.0,0.0,0.0
47.114583333333336,0.33926868456530185,0.6737261844720793,1.5,0.0,0.0,0.0,0.0,0.0
47.125,0.3392978982787806,0.6735969105154057,1.5,0.0,0.0,0.0,0.0,0.0
47.135416666666664,0.33932671287925975,0.6734676723391471,1.5,0.0,0.0,0.0,0.0,0.0
47.145833333333336,0.33935513165749853,0.6733384697796617,1.5,0.0,0.0,0.0,0.0,0.0
47.15625,0.3393831579479012,0.6732093026747745,1.5,0.0,0.0,0.0,0.0,0.0
47.166666666666664,0.33941079512572014,0.6730801708637881,1.5,0.0,0.0,0.0,0.0,0.0
47.177083333333336,0.3394380466043159,0.6729510741874951,1.5,0.0,0.0,0.0,0.0,0.0
47.1875,0.3394649158324751,0.6728220124881882,1.5,0.0,0.0,0.0,0.0,0.0
47.197916666666664,0.3394914062917867,0.6726929856096685,1.5,0.0,0.0,0.0,0.0,0.0
47.208333333333336,0.3395175214940773,0.6725639933972551,1.5,0.0,0.0,0.0,0.0,0.0
47.21875,0.33954326497890625,0.6724350356977911,1.5,0.0,0.0,0.0,0.0,0.0
47.229166666666664,0.3395686403111199,0.672306112359651,1.5,0.0,0.0,0.0,0.0,0.0
47.239583333333336,0.3395936510784665,0.6721772232327458,1.5,0.0,0.0,0.0,0.0,0.0
47.25,0.339618300889271,0.6720483681685273,1.5,0.0,0.0,0.0,0.0,0.0
47.260416666666664,0.33964259337016994,0.6719195470199925,1.5,0.0,0.0,0.0,0.0,0.0
47.270833333333336,0.3396489027086264,0.671825628899501,1.5,0.0,0.028207128449087338,0.0,0.0,0.0
47.28125,0.3396394393347594,0.6717627383889159,1.5,0.0,0.053296091122713204,0.0,0.0,0.0
47.291666666666664,0.3396125224798161,0.6717346454396963,1.5,0.0,0.08144264985993406,0.0,0.0,0.0
47.302083333333336,0.3395782281908398,0.6717219190688327,1.5,0.0,0.0938730818447267,0.0,0.0,0.0
47.3125,0.33952565658728845,0.6717463327282093,1.5,0.0,0.12391070298695649,0.0,0.0,0.0
47.322916666666664,0.33946780793296033,0.6717826872865792,1.5,0.0,0.13356157754162254,0.0,0.0,0.0
47.333333333333336,0.3393982609016654,0.6718438337656725,1.5,0.0,0.15359457615528815,0.0,0.0,0.0
47.34375,0.3393061447183271,0.6719516251574813,1.5,0.0,0.1912685311186681,0.0,0.0,0.0
47.354166666666664,0.3391988902180278,0.6720919824307844,1.5,0.0,0.21752966377767372,0.0,0.0,0.0
47.364583333333336,0.3390876822527408,0.6722431384486758,1.5,0.0,0.2261860214103394,0.0,0.0,0.0
47.375,0.33895696640807726,0.6724360095002837,1.5,0.0,0.2597650990119505,0.0,0.0,0.0
47.385416666666664,0.33880835519216546,0.6726679068751997,1.5,0.0,0.29111386653967397,0.0,0.0,0.0
47.395833333333336,0.3386628203791166,0.6728976003000429,1.5,0.0,0.2891937738851983,0.0,0.0,0.0
47.40625,0.3385287751869628,0.6731081674942788,1.5,0.0,0.2736618274815426,0.0,0.0,0.0
47.416666666666664,0.33834307296119454,0.6734248531428413,1.5,0.0,0.35886188665477853,0.0,0.0,0.0
47.427083333333336,0.33820641122695055,0.6736484095271891,1.5,0.0,0.2838053054351962,0.0,0.0,0.0
47.4375,0.33802395538633717,0.6739664345323838,1.5,0.0,0.3594929018892856,0.0,0.0,0.0
47.447916666666664,0.3378677756652749,0.6742362150575666,1.5,0.0,0.3205576114758279,0.0,0.0,0.0
47.458333333333336,0.33765548884243685,0.6746214909375209,1.5,0.0,0.412878688192391,0.0,0.0,0.0
47.46875,0.3374513975650957,0.6749949639888516,1.5,0.0,0.40306969259740566,0.0,0.0,0.0
47.479166666666664,0.3372342555373794,0.6753987598727064,1.5,0.0,0.42695142577324735,0.0,0.0,0.0
47.489583333333336,0.33704626942149696,0.6757483591054679,1.5,0.0,0.3833051530141289,0.0,0.0,0.0
47.5,0.3368712014663144,0.6760754699152579,1.5,0.0,0.36507849284386856,0.0,0.0,0.0
47.510416666666664,0.33665850937868547,0.676481192191135,1.5,0.0,0.4274201794986449,0.0,0.0,0.0
47.520833333333336,0.33646531870348634,0.6768512397689302,1.5,0.0,0.3986509542076314,0.0,0.0,0.0
47.53125,0.33628194001720385,0.6772045185921196,1.5,0.0,0.3849995139426471,0.0,0.0,0.0
47.541666666666664,0.3361307935831788,0.677495469914961,1.5,0.0,0.3352287965982567,0.0,0.0,0.0
47.552083333333336,0.3359767102945536,0.6777943407970245,1.5,0.0,0.34130751313437435,0.0,0.0,0.0
47.5625,0.33579158616793864,0.6781578159257952,1.5,0.0,0.3922821203992004,0.0,0.0,0.0
47.572916666666664,0.3356509117408035,0.6784336533869666,1.5,0.0,0.3226057217897004,0.0,0.0,0.0
47.583333333333336,0.33550681846443026,0.6787179009717333,1.5,0.0,0.32907768597160425,0.0,0.0,0.0
47.59375,0.33536293837651726,0.6790031487978456,1.5,0.0,0.3296778523738477,0.0,0.0,0.0
47.604166666666664,0.33521830831264643,0.6792912400912671,1.5,0.0,0.3317319760560435,0.0,0.0,0.0
47.614583333333336,0.3351029387383657,0.67952121700404,1.5,0.0,0.2856874866362491,0.0,0.0,0.0
47.625,0.33496604205889136,0.6797957386758139,1.5,0.0,0.32068485165325117,0.0,0.0,0.0
47.635416666666664,0.3348519380474592,0.6800249360142692,1.5,0.0,0.28480251031350773,0.0,0.0,0.0
47.645833333333336,0.33473808781160996,0.6802543179189905,1.5,0.0,0.28482559512316863,0.0,0.0,0.0
47.65625,0.33463629472308637,0.6804598128089582,1.5,0.0,0.2659086428703993,0.0,0.0,0.0
47.666666666666664,0.3345627801977956,0.6806082676977228,1.5,0.0,0.22095235630552904,0.0,0.0,0.0
47.677083333333336,0.3345231511419686,0.6806880623396778,1.5,0.0,0.1669179586222312,0.0,0.0,0.0
47.6875,0.3344729214978364,0.6807895648832414,1.5,0.0,0.18396792463145062,0.0,0.0,0.0
47.697916666666664,0.33445687221374626,0.6808216447188395,1.5,0.0,0.1293828498250903,0.0,0.0,0.0
47.708333333333336,0.33443854090402614,0.680858412655556,1.5,0.0,0.1330649608449674,0.0,0.0,0.0
47.71875,0.3344499870377855,0.6808346049274349,1.5,0.0,0.08545500688303996,0.0,0.0,0.0
47.729166666666664,0.33446977754045976,0.6807937871779656,1.5,0.0,0.07208297765112089,0.0,0.0,0.0
47.739583333333336,0.3345025415971245,0.6807265236462852,1.5,0.0,0.051287635799738766,0.0,0.0,0.0
47.75,0.33455292475403253,0.6806233428816856,1.5,0.0,0.02303117304089628,0.0,0.0,0.0
47.760416666666664,0.3346176336390867,0.6804909188516955,1.5,0.0,0.0,0.0,0.0,0.0
47.770833333333336,0.33468224459058,0.6803585461462051,1.5,0.0,0.0,0.0,0.0,0.0
47.78125,0.3347467469536936,0.6802262246924957,1.5,0.0,0.0,0.0,0.0,0.0
47.791666666666664,0.3348111301432699,0.6800939544137733,1.5,0.0,0.0,0.0,0.0,0.0
47.802083333333336,0.334875383650689,0.6799617352292083,1.5,0.0,0.0,0.0,0.0,0.0
47.8125,0.3349394970506406,0.6798295670539792,1.5,0.0,0.0,0.0,0.0,0.0
47.822916666666664,0.33500346000778225,0.6796974497993175,1.5,0.0,0.0,0.0,0.0,0.0
47.833333333333336,0.33506726228327427,0.6795653833725555,1.5,0.0,0.0,0.0,0.0,0.0
47.84375,0.3351308937411833,0.6794333676771772,1.5,0.0,0.0,0.0,0.0,0.0
47.854166666666664,0.33519434435474665,0.6793014026128701,1.5,0.0,0.0,0.0,0.0,0.0
47.864583333333336,0.3352576042124881,0.6791694880755803,1.5,0.0,0.0,0.0,0.0,0.0
47.875,0.3353206635241795,0.6790376239575691,1.5,0.0,0.0,0.0,0.0,0.0
47.885416666666664,0.33538351262663874,0.678905810147472,1.5,0.0,0.0,0.0,0.0,0.0
47.895833333333336,0.33544614198935924,0.6787740465303599,1.5,0.0,0.0,0.0,0.0,0.0
47.90625,0.33550854221996274,0.6786423329878017,1.5,0.0,0.0,0.0,0.0,0.0
47.916666666666664,0.33557070406947065,0.6785106693979291,1.5,0.0,0.0,0.0,0.0,0.0
47.927083333333336,0.3356326184373872,0.6783790556355027,1.5,0.0,0.0,0.0,0.0,0.0
47.9375,0.33569427637658966,0.6782474915719804,1.5,0.0,0.0,0.0,0.0,0.0
47.947916666666664,0.33575566909802107,0.6781159770755872,1.5,0.0,0.0,0.0,0.0,0.0
47.958333333333336,0.33581678797517983,0.6779845120113865,1.5,0.0,0.0,0.0,0.0,0.0
47.96875,0.33587762454840364,0.677853096241352,1.5,0.0,0.0,0.0,0.0,0.0
47.979166666666664,0.3359381705289431,0.6777217296244423,1.5,0.0,0.0,0.0,0.0,0.0
47.989583333333336,0.33599841780282236,0.6775904120166762,1.5,0.0,0.0,0.0,0.0,0.0
48.0,0.3360583584344841,0.6774591432712085,1.5,0.0,0.0,0.0,0.0,0.0
48.010416666666664,0.33611798467021636,0.6773279232384076,1.5,0.0,0.0,0.0,0.0,0.0
48.020833333333336,0.33617728894135945,0.6771967517659344,1.5,0.0,0.0,0.0,0.0,0.0
48.03125,0.3362362638672919,0.6770656286988209,1.5,0.0,0.0,0.0,0.0,0.0
48.041666666666664,0.336294902258194,0.6769345538795505,1.5,0.0,0.0,0.0,0.0,0.0
48.052083333333336,0.33635319711758876,0.6768035271481387,1.5,0.0,0.0,0.0,0.0,0.0
48.0625,0.33641114164466007,0.676672548342215,1.5,0.0,0.0,0.0,0.0,0.0
48.072916666666664,0.336468729236348,0.676541617297104,1.5,0.0,0.0,0.0,0.0,0.0
48.083333333333336,0.3365259534892227,0.6764107338459088,1.5,0.0,0.0,0.0,0.0,0.0
48.09375,0.33658280820113723,0.6762798978195926,1.5,0.0,0.0,0.0,0.0,0.0
48.104166666666664,0.33663928737266136,0.6761491090470623,1.5,0.0,0.0,0.0,0.0,0.0
48.114583333333336,0.3366953852082975,0.6760183673552516,1.5,0.0,0.0,0.0,0.0,0.0
48.125,0.33675109611748183,0.675887672569205,1.5,0.0,0.0,0.0,0.0,0.0
48.135416666666664,0.3368064147153724,0.67575702451216,1.5,0.0,0.0,0.0,0.0,0.0
48.145833333333336,0.3368613358234275,0.6756264230056307,1.5,0.0,0.0,0.0,0.0,0.0
48.15625,0.336915854469777,0.6754958678694916,1.5,0.0,0.0,0.0,0.0,0.0
48.166666666666664,0.33696996588939115,0.6753653589220596,1.5,0.0,0.0,0.0,0.0,0.0
48.177083333333336,0.33702366552404917,0.6752348959801775,1.5,0.0,0.0,0.0,0.0,0.0
48.1875,0.3370769490221128,0.675104478859296,1.5,0.0,0.0,0.0,0.0,0.0
48.197916666666664,0.3371298122381089,0.6749741073735549,1.5,0.0,0.0,0.0,0.0,0.0
48.208333333333336,0.3371822512321247,0.674843781335866,1.5,0.0,0.0,0.0,0.0,0.0
48.21875,0.3372342622690222,0.6747135005579923,1.5,0.0,0.0,0.0,0.0,0.0
48.229166666666664,0.3372858418174747,0.6745832648506295,1.5,0.0,0.0,0.0,0.0,0.0
48.239583333333336,0.337336986548832,0.6744530740234845,1.5,0.0,0.0,0.0,0.0,0.0
48.25,0.33738769333581925,0.674322927885355,1.5,0.0,0.0,0.0,0.0,0.0
48.260416666666664,0.3374379592510743,0.6741928262442071,1.5,0.0,0.0,0.0,0.0,0.0
48.270833333333336,0.33747236839338024,0.6740935549699639,1.5,0.0,0.024661075439495396,0.0,0.0,0.0
48.28125,0.3374891124989953,0.6740289729496485,1.5,0.0,0.05243324525312426,0.0,0.0,0.0
48.291666666666664,0.3374907226279481,0.673994321674754,1.5,0.0,0.07640647409711121,0.0,0.0,0.0
48.302083333333336,0.33748063129039624,0.6739830115320756,1.5,0.0,0.09510557171470524,0.0,0.0,0.0
48.3125,0.33745501153642987,0.6740028965616872,1.5,0.0,0.12009657061305484,0.0,0.0,0.0
48.322916666666664,0.33740906815157856,0.6740638419664979,1.5,0.0,0.15298196369326406,0.0,0.0,0.0
48.333333333333336,0.3373466876299128,0.6741584624652954,1.5,0.0,0.17993376138727318,0.0,0.0,0.0
48.34375,0.33726473795977463,0.6742933251624117,1.5,0.0,0.21211620016270027,0.0,0.0,0.0
48.354166666666664,0.33718427832425896,0.6744266681610072,1.5,0.0,0.21085296729731584,0.0,0.0,0.0
48.364583333333336,0.33707409930123466,0.6746208867681421,1.5,0.0,0.2594773983637002,0.0,0.0,0.0
48.375,0.33697030357720104,0.6748042265193739,1.5,0.0,0.2506905655664126,0.0,0.0,0.0
48.385416666666664,0.336854283834976,0.6750137920177378,1.5,0.0,0.2715468533190054,0.0,0.0,0.0
48.395833333333336,0.3367457144482318,0.675210307179363,1.5,0.0,0.26102423439977157,0.0,0.0,0.0
48.40625,0.33660901075966043,0.6754649713296861,1.5,0.0,0.3072968542356628,0.0,0.0,0.0
48.416666666666664,0.336458136393076,0.6757501945138176,1.5,0.0,0.33148423915316383,0.0,0.0,0.0
48.427083333333336,0.3363214367509686,0.676009159732087,1.5,0.0,0.3103861956796038,0.0,0.0,0.0
48.4375,0.3361723261856988,0.6762949949549754,1.5,0.0,0.33159528156240253,0.0,0.0,0.0
48.447916666666664,0.3359772212291355,0.6766754439782938,1.5,0.0,0.4065724668038334,0.0,0.0,0.0
48.458333333333336,0.33578528224875254,0.6770520539468727,1.5,0.0,0.4031817072682108,0.0,0.0,0.0
48.46875,0.33560650545380677,0.6774044045557526,1.5,0.0,0.383616155612368,0.0,0.0,0.0
48.479166666666664,0.33546085577848306,0.6776917803291851,1.5,0.0,0.33186715928183275,0.0,0.0,0.0
48.489583333333336,0.33529439653312054,0.6780226482180629,1.5,0.0,0.36608667774797377,0.0,0.0,0.0
48.5,0.33511599616323307,0.6783792134785555,1.5,0.0,0.3861412532824761,0.0,0.0,0.0
48.510416666666664,0.33496568947602434,0.6786803564271808,1.5,0.0,0.3420809268041529,0.0,0.0,0.0
48.520833333333336,0.3347959107600565,0.6790220785674793,1.5,0.0,0.3738834465431182,0.0,0.0,0.0
48.53125,0.33463093484525686,0.6793551803015214,1.5,0.0,0.36681767182109537,0.0,0.0,0.0
48.541666666666664,0.33444229871637066,0.6797373128136504,1.5,0.0,0.4051609729768135,0.0,0.0,0.0
48.552083333333336,0.3342772661650897,0.6800723845224147,1.5,0.0,0.36781405553562363,0.0,0.0,0.0
48.5625,0.33413186576707976,0.6803681216523604,1.5,0.0,0.33664827010606735,0.0,0.0,0.0
48.572916666666664,0.3339704394687532,0.6806969352185694,1.5,0.0,0.3624127724799763,0.0,0.0,0.0
48.583333333333336,0.33383074662535717,0.68098177563945,1.5,0.0,0.3276752161003283,0.0,0.0,0.0
48.59375,0.3337123588063584,0.6812233607802706,1.5,0.0,0.29358717706466303,0.0,0.0,0.0
48.604166666666664,0.33358059791301975,0.6814924369769713,1.5,0.0,0.3149840960085644,0.0,0.0,0.0
48.614583333333336,0.33346636892370335,0.6817258823842366,1.5,0.0,0.2869330495728908,0.0,0.0,0.0
48.625,0.3333493952954494,0.6819651027070046,1.5,0.0,0.29132447187304245,0.0,0.0,0.0
48.635416666666664,0.3332365121833872,0.6821961168375001,1.5,0.0,0.284779645966174,0.0,0.0,0.0
48.645833333333336,0.3331357553792366,0.6824024468378875,1.5,0.0,0.2653775533075868,0.0,0.0,0.0
48.65625,0.3330731338728498,0.6825307461957077,1.5,0.0,0.2043610768855994,0.0,0.0,0.0
48.666666666666664,0.3330064110491219,0.6826675014567366,1.5,0.0,0.21092318463138457,0.0,0.0,0.0
48.677083333333336,0.33295896031673705,0.682764789942046,1.5,0.0,0.18008783848236323,0.0,0.0,0.0
48.6875,0.33290273477689375,0.6828801053627085,1.5,0.0,0.19412753041592146,0.0,0.0,0.0
48.697916666666664,0.3328705914794021,0.6829460469596523,1.5,0.0,0.15559594265327004,0.0,0.0,0.0
48.708333333333336,0.3328471976542917,0.6829940471245779,1.5,0.0,0.14159678684332344,0.0,0.0,0.0
48.71875,0.33285254058989705,0.6829830837315807,1.5,0.0,0.09561796969814232,0.0,0.0,0.0
48.729166666666664,0.33286986187904133,0.6829475438740304,1.5,0.0,0.07645260403585499,0.0,0.0,0.0
48.739583333333336,0.33290592409882785,0.6828735632006719,1.5,0.0,0.046467115008268,0.0,0.0,0.0
48.75,0.3329552942819449,0.6827723075863598,1.5,0.0,0.02517437367939237,0.0,0.0,0.0
48.760416666666664,0.3330203984486116,0.6826388283090676,1.5,0.0,0.0,0.0,0.0,0.0
48.770833333333336,0.33308550261527825,0.6825054012109129,1.5,0.0,0.0,0.0,0.0,0.0
48.78125,0.3331506067819449,0.682372026261305,1.5,0.0,0.0,0.0,0.0,0.0
48.791666666666664,0.3332157109486116,0.6822387034296777,1.5,0.0,0.0,0.0,0.0,0.0
48.802083333333336,0.33328081511527824,0.6821054326854881,1.5,0.0,0.0,0.0,0.0,0.0
48.8125,0.3333459192819449,0.6819722139982174,1.5,0.0,0.0,0.0,0.0,0.0
48.822916666666664,0.33341102344861157,0.6818390473373706,1.5,0.0,0.0,0.0,0.0,0.0
48.833333333333336,0.33347612761527823,0.6817059326724765,1.5,0.0,0.0,0.0,0.0,0.0
48.84375,0.3335412317819449,0.6815728699730876,1.5,0.0,0.0,0.0,0.0,0.0
48.854166666666664,0.33360633594861155,0.6814398592087806,1.5,0.0,0.0,0.0,0.0,0.0
48.864583333333336,0.3336714401152782,0.6813069003491554,1.5,0.0,0.0,0.0,0.0,0.0
48.875,0.3337365442819449,0.6811739933638359,1.5,0.0,0.0,0.0,0.0,0.0
48.885416666666664,0.33380164844861154,0.6810411382224695,1.5,0.0,0.0,0.0,0.0,0.0
48.895833333333336,0.3338667526152782,0.6809083348947276,1.5,0.0,0.0,0.0,0.0,0.0
48.90625,0.33393185678194487,0.6807755833503051,1.5,0.0,0.0,0.0,0.0,0.0
48.916666666666664,0.33399696094861153,0.6806428835589202,1.5,0.0,0.0,0.0,0.0,0.0
48.927083333333336,0.3340620651152782,0.6805102354903153,1.5,0.0,0.0,0.0,0.0,0.0
48.9375,0.3341271643014823,0.6803776391122797,1.5,0.0,0.0,0.0,0.0,0.0
48.947916666666664,0.3341922475605113,0.6802450943882881,1.5,0.0,0.0,0.0,0.0,0.0
48.958333333333336,0.33425730394166847,0.6801126012775108,1.5,0.0,0.0,0.0,0.0,0.0
48.96875,0.3343223225095848,0.6799801597348304,1.5,0.0,0.0,0.0,0.0,0.0
48.979166666666664,0.33438729235157066,0.6798477697108611,1.5,0.0,0.0,0.0,0.0,0.0
48.989583333333336,0.3344522025849378,0.6797154311519725,1.5,0.0,0.0,0.0,0.0,0.0
49.0,0.33451704236428187,0.6795831440003139,1.5,0.0,0.0,0.0,0.0,0.0
49.010416666666664,0.33458180088871464,0.6794509081938435,1.5,0.0,0.0,0.0,0.0,0.0
49.020833333333336,0.3346464674090358,0.6793187236663588,1.5,0.0,0.0,0.0,0.0,0.0
49.03125,0.3347110312348343,0.6791865903475309,1.5,0.0,0.0,0.0,0.0,0.0
49.041666666666664,0.3347754817415092,0.6790545081629404,1.5,0.0,0.0,0.0,0.0,0.0
49.052083333333336,0.33483980837720045,0.6789224770341165,1.5,0.0,0.0,0.0,0.0,0.0
49.0625,0.3349040006696201,0.6787904968785787,1.5,0.0,0.0,0.0,0.0,0.0
49.072916666666664,0.3349680482327745,0.6786585676098806,1.5,0.0,0.0,0.0,0.0,0.0
49.083333333333336,0.3350319407735683,0.6785266891376567,1.5,0.0,0.0,0.0,0.0,0.0
49.09375,0.33509566809828234,0.6783948613676706,1.5,0.0,0.0,0.0,0.0,0.0
49.104166666666664,0.3351592201189158,0.6782630842018668,1.5,0.0,0.0,0.0,0.0,0.0
49.114583333333336,0.33522258685938533,0.6781313575384238,1.5,0.0,0.0,0.0,0.0,0.0
49.125,0.3352857584615729,0.6779996812718099,1.5,0.0,0.0,0.0,0.0,0.0
49.135416666666664,0.3353487251912154,0.6778680552928403,1.5,0.0,0.0,0.0,0.0,0.0
49.145833333333336,0.33541147744362826,0.6777364794887379,1.5,0.0,0.0,0.0,0.0,0.0
49.15625,0.33547400574925684,0.6776049537431943,1.5,0.0,0.0,0.0,0.0,0.0
49.166666666666664,0.33553630077904906,0.677473477936433,1.5,0.0,0.0,0.0,0.0,0.0
49.177083333333336,0.33559835334964344,0.6773420519452753,1.5,0.0,0.0,0.0,0.0,0.0
49.1875,0.335660154428367,0.6772106756432077,1.5,0.0,0.0,0.0,0.0,0.0
49.197916666666664,0.3357216951380376,0.6770793489004502,1.5,0.0,0.0,0.0,0.0,0.0
49.208333333333336,0.335782966761567,0.6769480715840261,1.5,0.0,0.0,0.0,0.0,0.0
49.21875,0.33584396074635875,0.6768168435578347,1.5,0.0,0.0,0.0,0.0,0.0
49.229166666666664,0.33590466870849917,0.6766856646827234,1.5,0.0,0.0,0.0,0.0,0.0
49.239583333333336,0.33596508243673595,0.6765545348165631,1.5,0.0,0.0,0.0,0.0,0.0
49.25,0.33602519389624314,0.6764234538143232,1.5,0.0,0.0,0.0,0.0,0.0
49.260416666666664,0.3360849952321689,0.6762924215281482,1.5,0.0,0.0,0.0,0.0,0.0
49.270833333333336,0.3361295367843038,0.6761914952568144,1.5,0.0,0.023907181857139005,0.0,0.0,0.0
49.28125,0.3361587005180433,0.6761210374428864,1.5,0.0,0.04812335387734003,0.0,0.0,0.0
49.291666666666664,0.33617619277828664,0.6760737392219629,1.5,0.0,0.06653899953676716,0.0,0.0,0.0
49.302083333333336,0.33616495177116956,0.6760840320927141,1.5,0.0,0.11235536490818115,0.0,0.0,0.0
49.3125,0.33614033272878036,0.6761213602153254,1.5,0.0,0.13386117080307133,0.0,0.0,0.0
49.322916666666664,0.3361111091330882,0.6761682318374156,1.5,0.0,0.141447720192496,0.0,0.0,0.0
49.333333333333336,0.33607266062787583,0.6762339955121379,1.5,0.0,0.15646459394800108,0.0,0.0,0.0
49.34375,0.336022952651765,0.6763228531412756,1.5,0.0,0.1748125155453188,0.0,0.0,0.0
49.354166666666664,0.335929694968589,0.6764999551102482,1.5,0.0,0.24491319951323198,0.0,0.0,0.0
49.364583333333336,0.33582798638043543,0.6766951408714652,1.5,0.0,0.2591971955870862,0.0,0.0,0.0
49.375,0.33572453069550845,0.6768949606136331,1.5,0.0,0.26278317826532804,0.0,0.0,0.0
49.385416666666664,0.33561813169704596,0.6771017973664132,1.5,0.0,0.26825278004867215,0.0,0.0,0.0
49.395833333333336,0.33552194524287826,0.6772890751352123,1.5,0.0,0.2526484495422142,0.0,0.0,0.0
49.40625,0.33541348710766483,0.677502033603508,1.5,0.0,0.2729079503105486,0.0,0.0,0.0
49.416666666666664,0.3352774082705477,0.6777717910119064,1.5,0.0,0.31775968398889937,0.0,0.0,0.0
49.427083333333336,0.3351321413854453,0.6780613122066931,1.5,0.0,0.3332180595325487,0.0,0.0,0.0
49.4375,0.33498640773225086,0.6783529439391711,1.5,0.0,0.33468898595504226,0.0,0.0,0.0
49.447916666666664,0.33486082567523834,0.678604796560228,1.5,0.0,0.30308512618331296,0.0,0.0,0.0
49.458333333333336,0.334689521419612,0.678950184508384,1.5,0.0,0.37672053639082975,0.0,0.0,0.0
49.46875,0.3345571589534228,0.6792175533605519,1.5,0.0,0.3149630770423534,0.0,0.0,0.0
49.479166666666664,0.3343558413310242,0.6796256989232512,1.5,0.0,0.42563268844814034,0.0,0.0,0.0
49.489583333333336,0.33419306596258397,0.6799563911792316,1.5,0.0,0.36434531286259964,0.0,0.0,0.0
49.5,0.3340441581872992,0.6802593990951914,1.5,0.0,0.3423419979648626,0.0,0.0,0.0
49.510416666666664,0.33390296927742796,0.6805470376512855,1.5,0.0,0.33006488863615685,0.0,0.0,0.0
49.520833333333336,0.33371420765458687,0.6809319812955781,1.5,0.0,0.40618526321244286,0.0,0.0,0.0
49.53125,0.3335333131871655,0.6813012902168657,1.5,0.0,0.39359781454083637,0.0,0.0,0.0
49.541666666666664,0.33333093723934587,0.6817149301733014,1.5,0.0,0.4279681831780385,0.0,0.0,0.0
49.552083333333336,0.3331584301676953,0.6820679173279277,1.5,0.0,0.380177981307569,0.0,0.0,0.0
49.5625,0.3329904374072452,0.6824120187175607,1.5,0.0,0.37295508338680233,0.0,0.0,0.0
49.572916666666664,0.33285387933550414,0.6826919880229959,1.5,0.0,0.32265958145235907,0.0,0.0,0.0
49.583333333333336,0.33271541612156363,0.6829760978724733,1.5,0.0,0.3257078089714955,0.0,0.0,0.0
49.59375,0.33255405768348595,0.683307484466174,1.5,0.0,0.36234016759096455,0.0,0.0,0.0
49.604166666666664,0.3324441005114653,0.6835334910594534,1.5,0.0,0.2800981418997116,0.0,0.0,0.0
49.614583333333336,0.3323239319115525,0.6837806573172116,1.5,0.0,0.29643642652706836,0.0,0.0,0.0
49.625,0.33218499154837855,0.684066656791228,1.5,0.0,0.3264712477449784,0.0,0.0,0.0
49.635416666666664,0.3320703242521727,0.6843028720391141,1.5,0.0,0.2876343405960123,0.0,0.0,0.0
49.645833333333336,0.3319985351305529,0.6844508410718277,1.5,0.0,0.2190292612584074,0.0,0.0,0.0
49.65625,0.33191835343498227,0.6846161842304809,1.5,0.0,0.23245737957963716,0.0,0.0,0.0
49.666666666666664,0.3318648549333135,0.6847265482522508,1.5,0.0,0.1897642693366869,0.0,0.0,0.0
49.677083333333336,0.3318143146406005,0.6848308423669109,1.5,0.0,0.18503113500750384,0.0,0.0,0.0
49.6875,0.3317864830012276,0.6848882888453323,1.5,0.0,0.14869728966330145,0.0,0.0,0.0
49.697916666666664,0.331750207511479,0.6849631784988681,1.5,0.0,0.16220745026444705,0.0,0.0,0.0
49.708333333333336,0.3317399549752902,0.6849843475189702,1.5,0.0,0.12057072456877639,0.0,0.0,0.0
49.71875,0.33174296006236803,0.684978142601733,1.5,0.0,0.09935852734209345,0.0,0.0,0.0
49.729166666666664,0.3317589297762239,0.6849451701510976,1.5,0.0,0.07861512449729847,0.0,0.0,0.0
49.739583333333336,0.33179532270906564,0.6848700420167584,1.5,0.0,0.04593797411983495,0.0,0.0,0.0
49.75,0.3318443987357311,0.6847687574973498,1.5,0.0,0.025645024001867845,0.0,0.0,0.0
49.760416666666664,0.3319095029023978,0.6846344398627946,1.5,0.0,0.0,0.0,0.0,0.0
49.770833333333336,0.33197460706906445,0.684500174910809,1.5,0.0,0.0,0.0,0.0,0.0
49.78125,0.3320397112357311,0.6843659626104039,1.5,0.0,0.0,0.0,0.0,0.0
49.791666666666664,0.3321048154023978,0.684231802930615,1.5,0.0,0.0,0.0,0.0,0.0
49.802083333333336,0.33216991956906444,0.6840976958405015,1.5,0.0,0.0,0.0,0.0,0.0
49.8125,0.3322350237357311,0.6839636413091474,1.5,0.0,0.0,0.0,0.0,0.0
49.822916666666664,0.33230012790239777,0.6838296393056611,1.5,0.0,0.0,0.0,0.0,0.0
49.833333333333336,0.33236523206906443,0.6836956897991745,1.5,0.0,0.0,0.0,0.0,0.0
49.84375,0.3324303362357311,0.6835617927588441,1.5,0.0,0.0,0.0,0.0,0.0
49.854166666666664,0.33249544040239776,0.6834279481538509,1.5,0.0,0.0,0.0,0.0,0.0
49.864583333333336,0.3325605445690644,0.6832941559533994,1.5,0.0,0.0,0.0,0.0,0.0
49.875,0.3326256487357311,0.6831604161267183,1.5,0.0,0.0,0.0,0.0,0.0
49.885416666666664,0.33269075290239775,0.683026728643061,1.5,0.0,0.0,0.0,0.0,0.0
49.895833333333336,0.3327558570690644,0.6828930934717043,1.5,0.0,0.0,0.0,0.0,0.0
49.90625,0.33282096123573107,0.6827595105819495,1.5,0.0,0.0,0.0,0.0,0.0
49.916666666666664,0.33288606540239774,0.6826259799431212,1.5,0.0,0.0,0.0,0.0,0.0
49.927083333333336,0.3329511695690644,0.682492501524569,1.5,0.0,0.0,0.0,0.0,0.0
49.9375,0.33301627373573106,0.6823590752956656,1.5,0.0,0.0,0.0,0.0,0.0
49.947916666666664,0.3330813779023977,0.6822257012258083,1.5,0.0,0.0,0.0,0.0,0.0
49.958333333333336,0.3331464820690644,0.6820923792844176,1.5,0.0,0.0,0.0,0.0,0.0
49.96875,0.33321158623573105,0.6819591094409387,1.5,0.0,0.0,0.0,0.0,0.0
49.979166666666664,0.3332766904023977,0.6818258916648402,1.5,0.0,0.0,0.0,0.0,0.0
49.989583333333336,0.3333417945690644,0.6816927259256145,1.5,0.0,0.0,0.0,0.0,0.0
50.0,0.33340689873573104,0.6815596121927782,1.5,0.0,0.0,0.0,0.0,0.0
50.010416666666664,0.3334720029023977,0.6814265504358712,1.5,0.0,0.0,0.0,0.0,0.0
50.020833333333336,0.33353710706906436,0.6812935406244578,1.5,0.0,0.0,0.0,0.0,0.0
50.03125,0.333602211235731,0.6811605827281254,1.5,0.0,0.0,0.0,0.0,0.0
50.041666666666664,0.3336673154023977,0.6810276767164856,1.5,0.0,0.0,0.0,0.0,0.0
50.052083333333336,0.33373241956906435,0.6808948225591736,1.5,0.0,0.0,0.0,0.0,0.0
50.0625,0.333797523735731,0.6807620202258481,1.5,0.0,0.0,0.0,0.0,0.0
50.072916666666664,0.3338626279023977,0.6806292696861916,1.5,0.0,0.0,0.0,0.0,0.0
50.083333333333336,0.33392773206906434,0.6804965709099107,1.5,0.0,0.0,0.0,0.0,0.0
50.09375,0.333992836235731,0.6803639238667348,1.5,0.0,0.0,0.0,0.0,0.0
50.104166666666664,0.33405794040239767,0.6802313285264172,1.5,0.0,0.0,0.0,0.0,0.0
50.114583333333336,0.33412304022858635,0.6800987848570132,1.5,0.0,0.0,0.0,0.0,0.0
50.125,0.3341881248217389,0.6799662928222865,1.5,0.0,0.0,0.0,0.0,0.0
50.135416666666664,0.3342531832304356,0.6798338523816966,1.5,0.0,0.0,0.0,0.0,0.0
50.145833333333336,0.3343182045181181,0.6797014634904159,1.5,0.0,0.0,0.0,0.0,0.0
50.15625,0.33438317777044213,0.6795691260993496,1.5,0.0,0.0,0.0,0.0,0.0
50.166666666666664,0.3344480921026022,0.6794368401551574,1.5,0.0,0.0,0.0,0.0,0.0
50.177083333333336,0.3345129366666166,0.6793046056002798,1.5,0.0,0.0,0.0,0.0,0.0
50.1875,0.33457770065856324,0.6791724223729656,1.5,0.0,0.0,0.0,0.0,0.0
50.197916666666664,0.33464237332575564,0.6790402904073028,1.5,0.0,0.0,0.0,0.0,0.0
50.208333333333336,0.3347069439738488,0.6789082096332525,1.5,0.0,0.0,0.0,0.0,0.0
50.21875,0.3347714019738657,0.6787761799766846,1.5,0.0,0.0,0.0,0.0,0.0
50.229166666666664,0.33483573676913386,0.678644201359417,1.5,0.0,0.0,0.0,0.0,0.0
50.239583333333336,0.3348999378821234,0.6785122736992567,1.5,0.0,0.0,0.0,0.0,0.0
50.25,0.3349639949211761,0.6783803969100433,1.5,0.0,0.0,0.0,0.0,0.0
50.260416666666664,0.3350278975871175,0.6782485709016961,1.5,0.0,0.0,0.0,0.0,0.0
50.270833333333336,0.33507816897591947,0.6781440489166152,1.5,0.0,0.02154672611694636,0.0,0.0,0.0
50.28125,0.3351135774834984,0.678069353960636,1.5,0.0,0.04510831419269148,0.0,0.0,0.0
50.291666666666664,0.3351259898140535,0.6780409957567539,1.5,0.0,0.08174165402786122,0.0,0.0,0.0
50.302083333333336,0.3351217692122064,0.6780462185353,1.5,0.0,0.10829684002784723,0.0,0.0,0.0
50.3125,0.3350971172595526,0.6780928080057885,1.5,0.0,0.1410066267251019,0.0,0.0,0.0
50.322916666666664,0.33506868084197333,0.6781472065403441,1.5,0.0,0.14717492747843494,0.0,0.0,0.0
50.333333333333336,0.33501874686174765,0.678245294242964,1.5,0.0,0.1816984329789921,0.0,0.0,0.0
50.34375,0.33495030117131497,0.6783811736771772,1.5,0.0,0.2115327958215002,0.0,0.0,0.0
50.354166666666664,0.33486162142571435,0.678558460600475,1.5,0.0,0.24418608677233838,0.0,0.0,0.0
50.364583333333336,0.3347899925040115,0.678701693944802,1.5,0.0,0.2172371666937378,0.0,0.0,0.0
50.375,0.33468708554179577,0.6789087395321546,1.5,0.0,0.2675267639196231,0.0,0.0,0.0
50.385416666666664,0.3345883922883063,0.6791077581636596,1.5,0.0,0.2610992735358849,0.0,0.0,0.0
50.395833333333336,0.3344497064970274,0.6793884539258662,1.5,0.0,0.32534774235062025,0.0,0.0,0.0
50.40625,0.3343005826977059,0.6796909820951228,1.5,0.0,0.3423463829820161,0.0,0.0,0.0
50.416666666666664,0.33414809991582384,0.6800009098576426,1.5,0.0,0.3479522120046867,0.0,0.0,0.0
50.427083333333336,0.3340105845108137,0.6802808151091988,1.5,0.0,0.32414594098737526,0.0,0.0,0.0
50.4375,0.3338430193325381,0.6806222668422649,1.5,0.0,0.3722707201489235,0.0,0.0,0.0
50.447916666666664,0.3336874621634572,0.6809395567768551,1.5,0.0,0.3530581371961398,0.0,0.0,0.0
50.458333333333336,0.3335104756525525,0.6813009160896477,1.5,0.0,0.3873450841141826,0.0,0.0,0.0
50.46875,0.3333263781634635,0.6816772013049289,1.5,0.0,0.39872264920905126,0.0,0.0,0.0
50.479166666666664,0.33313197664515826,0.6820749988513016,1.5,0.0,0.4152090959550553,0.0,0.0,0.0
50.489583333333336,0.3329833333034507,0.682379476273996,1.5,0.0,0.34199601339878566,0.0,0.0,0.0
50.5,0.33278007534912807,0.6827962652186877,1.5,0.0,0.4293793935828498,0.0,0.0,0.0
50.510416666666664,0.3326312172177599,0.6831018281691402,1.5,0.0,0.34233967685573624,0.0,0.0,0.0
50.520833333333336,0.3324489607624239,0.6834763208959339,1.5,0.0,0.39577699520428017,0.0,0.0,0.0
50.53125,0.3322465970628443,0.6838926104775105,1.5,0.0,0.4279485859940342,0.0,0.0,0.0
50.541666666666664,0.33205122828208683,0.684294991959938,1.5,0.0,0.4167567158786725,0.0,0.0,0.0
50.552083333333336,0.33187694749779717,0.6846543404135845,1.5,0.0,0.38301592153015773,0.0,0.0,0.0
50.5625,0.3316914636127408,0.6850372032874054,1.5,0.0,0.40094088275685663,0.0,0.0,0.0
50.572916666666664,0.33151756688601447,0.6853965378724665,1.5,0.0,0.3824014294288653,0.0,0.0,0.0
50.583333333333336,0.3313495100334966,0.6857441635106327,1.5,0.0,0.37305763069522474,0.0,0.0,0.0
50.59375,0.3312349316394846,0.6859813711764102,1.5,0.0,0.28749209708588186,0.0,0.0,0.0
50.604166666666664,0.3311046647777649,0.6862512575595613,1.5,0.0,0.31259364541815726,0.0,0.0,0.0
50.614583333333336,0.3309943470114194,0.6864799796104644,1.5,0.0,0.2806750928195125,0.0,0.0,0.0
50.625,0.33086990224027196,0.6867381742766503,1.5,0.0,0.3032783005025483,0.0,0.0,0.0
50.635416666666664,0.3307700178005334,0.6869455523765182,1.5,0.0,0.2639817702484104,0.0,0.0,0.0
50.645833333333336,0.3306597371537115,0.6871746604030944,1.5,0.0,0.2806157015817214,0.0,0.0,0.0
50.65625,0.3305577980795755,0.6873865747764905,1.5,0.0,0.26726918528418453,0.0,0.0,0.0
50.666666666666664,0.33049989164124316,0.6875070108471504,1.5,0.0,0.1968169679984247,0.0,0.0,0.0
50.677083333333336,0.3304523603582011,0.6876058998073943,1.5,0.0,0.18021671953403595,0.0,0.0,0.0
50.6875,0.33042434719360214,0.6876641945953361,1.5,0.0,0.14898773002497465,0.0,0.0,0.0
50.697916666666664,0.33040297505593264,0.6877086761979452,1.5,0.0,0.13836208693788335,0.0,0.0,0.0
50.708333333333336,0.3303903572432561,0.687734940218859,1.5,0.0,0.12435516694913162,0.0,0.0,0.0
50.71875,0.33040180096049104,0.6877111199970394,1.5,0.0,0.08585671909075392,0.0,0.0,0.0
50.729166666666664,0.33042012210692223,0.6876729877669213,1.5,0.0,0.07485283237678608,0.0,0.0,0.0
50.739583333333336,0.3304497764052007,0.6876112765437542,1.5,0.0,0.056719789421159045,0.0,0.0,0.0
50.75,0.33049832421574343,0.6875102714265273,1.5,0.0,0.026490169798252697,0.0,0.0,0.0
50.760416666666664,0.3305634283824101,0.6873748669036646,1.5,0.0,0.0,0.0,0.0,0.0
50.770833333333336,0.33062853254907676,0.6872395157058947,1.5,0.0,0.0,0.0,0.0,0.0
50.78125,0.3306936367157434,0.6871042178017234,1.5,0.0,0.0,0.0,0.0,0.0
50.791666666666664,0.3307587408824101,0.6869689731596806,1.5,0.0,0.0,0.0,0.0,0.0
50.802083333333336,0.33082384504907675,0.6868337817483217,1.5,0.0,0.0,0.0,0.0,0.0
50.8125,0.3308889492157434,0.6866986435362259,1.5,0.0,0.0,0.0,0.0,0.0
50.822916666666664,0.3309540533824101,0.686563558491998,1.5,0.0,0.0,0.0,0.0,0.0
50.833333333333336,0.33101915754907674,0.6864285265842672,1.5,0.0,0.0,0.0,0.0,0.0
50.84375,0.3310842617157434,0.6862935477816872,1.5,0.0,0.0,0.0,0.0,0.0
50.854166666666664,0.33114936588241006,0.6861586220529363,1.5,0.0,0.0,0.0,0.0,0.0
50.864583333333336,0.3312144700490767,0.6860237493667181,1.5,0.0,0.0,0.0,0.0,0.0
50.875,0.3312795742157434,0.6858889296917599,1.5,0.0,0.0,0.0,0.0,0.0
50.885416666666664,0.33134467838241005,0.685754162996814,1.5,0.0,0.0,0.0,0.0,0.0
50.895833333333336,0.3314097825490767,0.6856194492506575,1.5,0.0,0.0,0.0,0.0,0.0
50.90625,0.3314748867157434,0.6854847884220917,1.5,0.0,0.0,0.0,0.0,0.0
50.916666666666664,0.33153999088241004,0.6853501804799423,1.5,0.0,0.0,0.0,0.0,0.0
50.927083333333336,0.3316050950490767,0.6852156253930598,1.5,0.0,0.0,0.0,0.0,0.0
50.9375,0.33167019921574337,0.6850811231303191,1.5,0.0,0.0,0.0,0.0,0.0
50.947916666666664,0.33173530338241003,0.6849466736606193,1.5,0.0,0.0,0.0,0.0,0.0
50.958333333333336,0.3318004075490767,0.6848122769528842,1.5,0.0,0.0,0.0,0.0,0.0
50.96875,0.33186551171574336,0.6846779329760617,1.5,0.0,0.0,0.0,0.0,0.0
50.979166666666664,0.33193061588241,0.6845436416991244,1.5,0.0,0.0,0.0,0.0,0.0
50.989583333333336,0.3319957200490767,0.6844094030910689,1.5,0.0,0.0,0.0,0.0,0.0
51.0,0.33206082421574334,0.6842752171209162,1.5,0.0,0.0,0.0,0.0,0.0
51.010416666666664,0.33212592838241,0.6841410837577118,1.5,0.0,0.0,0.0,0.0,0.0
51.020833333333336,0.33219103254907667,0.6840070029705253,1.5,0.0,0.0,0.0,0.0,0.0
51.03125,0.33225613671574333,0.6838729747284504,1.5,0.0,0.0,0.0,0.0,0.0
51.041666666666664,0.33232124088241,0.6837389990006055,1.5,0.0,0.0,0.0,0.0,0.0
51.052083333333336,0.33238634504907666,0.6836050757561327,1.5,0.0,0.0,0.0,0.0,0.0
51.0625,0.3324514492157433,0.6834712049641986,1.5,0.0,0.0,0.0,0.0,0.0
51.072916666666664,0.33251655338241,0.6833373865939933,1.5,0.0,0.0,0.0,0.0,0.0
51.083333333333336,0.33258165754907665,0.683203620614732,1.5,0.0,0.0,0.0,0.0,0.0
51.09375,0.3326467617157433,0.6830699069956536,1.5,0.0,0.0,0.0,0.0,0.0
51.104166666666664,0.33271186588241,0.6829362457060209,1.5,0.0,0.0,0.0,0.0,0.0
51.114583333333336,0.33277697004907664,0.6828026367151204,1.5,0.0,0.0,0.0,0.0,0.0
51.125,0.3328420742157433,0.6826690799922636,1.5,0.0,0.0,0.0,0.0,0.0
51.135416666666664,0.33290717838240996,0.6825355755067852,1.5,0.0,0.0,0.0,0.0,0.0
51.145833333333336,0.3329722825490766,0.6824021232280443,1.5,0.0,0.0,0.0,0.0,0.0
51.15625,0.3330373867157433,0.6822687231254237,1.5,0.0,0.0,0.0,0.0,0.0
51.166666666666664,0.33310249088240995,0.6821353751683307,1.5,0.0,0.0,0.0,0.0,0.0
51.177083333333336,0.3331675950490766,0.6820020793261956,1.5,0.0,0.0,0.0,0.0,0.0
51.1875,0.3332326992157433,0.6818688355684732,1.5,0.0,0.0,0.0,0.0,0.0
51.197916666666664,0.33329780338240994,0.6817356438646421,1.5,0.0,0.0,0.0,0.0,0.0
51.208333333333336,0.3333629075490766,0.6816025041842048,1.5,0.0,0.0,0.0,0.0,0.0
51.21875,0.33342801171574327,0.6814694164966871,1.5,0.0,0.0,0.0,0.0,0.0
51.229166666666664,0.33349311588240993,0.6813363807716395,1.5,0.0,0.0,0.0,0.0,0.0
51.239583333333336,0.3335582200490766,0.6812033969786354,1.5,0.0,0.0,0.0,0.0,0.0
51.25,0.33362332421574326,0.6810704650872725,1.5,0.0,0.0,0.0,0.0,0.0
51.260416666666664,0.3336884283824099,0.6809375850671718,1.5,0.0,0.0,0.0,0.0,0.0
51.270833333333336,0.33373956671958366,0.6808332461775349,1.5,0.0,0.022345327188698482,0.0,0.0,0.0
51.28125,0.333769887848215,0.6807713962827858,1.5,0.0,0.05565286085650949,0.0,0.0,0.0
51.291666666666664,0.3337870264826483,0.6807364413829011,1.5,0.0,0.07674485157334267,0.0,0.0,0.0
51.302083333333336,0.3337878223009619,0.6807348183682477,1.5,0.0,0.10289335736495472,0.0,0.0,0.0
51.3125,0.33377070042622375,0.6807697389178199,1.5,0.0,0.13156166624766907,0.0,0.0,0.0
51.322916666666664,0.33375463672054895,0.6808025045591478,1.5,0.0,0.1298685957463634,0.0,0.0,0.0
51.333333333333336,0.3337114348690895,0.6808906403723145,1.5,0.0,0.17328962900176526,0.0,0.0,0.0
51.34375,0.33366943002853394,0.6809763560543958,1.5,0.0,0.1713744115555596,0.0,0.0,0.0
51.354166666666664,0.3336071543504822,0.6811034764226417,1.5,0.0,0.20380775154943157,0.0,0.0,0.0
51.364583333333336,0.33351336904981066,0.6812950054594138,1.5,0.0,0.25422314774114096,0.0,0.0,0.0
51.375,0.33341278070558755,0.6815005474796735,1.5,0.0,0.2651080174236573,0.0,0.0,0.0
51.385416666666664,0.3333139530371306,0.6817026125583954,1.5,0.0,0.2622909361978244,0.0,0.0,0.0
51.395833333333336,0.33321619029790467,0.6819026181904194,1.5,0.0,0.26058704942807737,0.0,0.0,0.0
51.40625,0.33311548936948715,0.682108757589317,1.5,0.0,0.265288152134665,0.0,0.0,0.0
51.416666666666664,0.33296382410766434,0.682419458619943,1.5,0.0,0.34683108558317643,0.0,0.0,0.0
51.427083333333336,0.3327903791522794,0.6827751245885797,1.5,0.0,0.3816785952825685,0.0,0.0,0.0
51.4375,0.3326309072476933,0.683102464733917,1.5,0.0,0.35932171400442936,0.0,0.0,0.0
51.447916666666664,0.33244267740911176,0.6834892389822584,1.5,0.0,0.40533440839711843,0.0,0.0,0.0
51.458333333333336,0.33225439111759714,0.6838765676603393,1.5,0.0,0.4054247330900521,0.0,0.0,0.0
51.46875,0.33208883832277464,0.6842174935332521,1.5,0.0,0.36905113838263215,0.0,0.0,0.0
51.479166666666664,0.33192660078121733,0.6845519221803689,1.5,0.0,0.363746733158396,0.0,0.0,0.0
51.489583333333336,0.33173512028974145,0.6849470516993218,1.5,0.0,0.41053545302811845,0.0,0.0,0.0
51.5,0.33157152224918546,0.6852850059204276,1.5,0.0,0.36592353155627394,0.0,0.0,0.0
51.510416666666664,0.3313618197279656,0.6857186889368164,1.5,0.0,0.43969070061846843,0.0,0.0,0.0
51.520833333333336,0.3311692184043149,0.6861174890661811,1.5,0.0,0.41232878450771976,0.0,0.0,0.0
51.53125,0.3310169995254981,0.6864330016684702,1.5,0.0,0.3477168727734733,0.0,0.0,0.0
51.541666666666664,0.3308305069026785,0.6868199511432015,1.5,0.0,0.4025548631780688,0.0,0.0,0.0
51.552083333333336,0.33067281830469075,0.6871474763257098,1.5,0.0,0.3564684234471242,0.0,0.0,0.0
51.5625,0.33051524043643205,0.6874750837133625,1.5,0.0,0.3562912558806399,0.0,0.0,0.0
51.572916666666664,0.3303801823504887,0.6877561207546266,1.5,0.0,0.3202596041760375,0.0,0.0,0.0
51.583333333333336,0.3302547114042845,0.6880174142600602,1.5,0.0,0.3049201805934297,0.0,0.0,0.0
51.59375,0.33009216129743957,0.6883562205611841,1.5,0.0,0.36424683761853277,0.0,0.0,0.0
51.604166666666664,0.3299758407396336,0.6885988746275103,1.5,0.0,0.29027955915621817,0.0,0.0,0.0
51.614583333333336,0.3298411313983936,0.6888801030491641,1.5,0.0,0.3197016126506638,0.0,0.0,0.0
51.625,0.3297206668364493,0.6891317877271134,1.5,0.0,0.2969099657775287,0.0,0.0,0.0
51.635416666666664,0.32961861778651214,0.689345141101056,1.5,0.0,0.2674451465660913,0.0,0.0,0.0
51.645833333333336,0.32953642651529447,0.6895170740010208,1.5,0.0,0.2356727006149529,0.0,0.0,0.0
51.65625,0.329454555693439,0.6896884218502349,1.5,0.0,0.23515998163543414,0.0,0.0,0.0
51.666666666666664,0.3293988686394326,0.6898050182324684,1.5,0.0,0.19326595307695146,0.0,0.0,0.0
51.677083333333336,0.3293601432771931,0.6898861238238733,1.5,0.0,0.1661272462498107,0.0,0.0,0.0
51.6875,0.3293298248680473,0.6899496353803333,1.5,0.0,0.1526761212999311,0.0,0.0,0.0
51.697916666666664,0.3293102171774056,0.6899907161555513,1.5,0.0,0.13553897169332518,0.0,0.0,0.0
51.708333333333336,0.32928838336087796,0.6900364667239394,1.5,0.0,0.13910077311090224,0.0,0.0,0.0
51.71875,0.32929392835556,0.690024847170073,1.5,0.0,0.09529467517538091,0.0,0.0,0.0
51.729166666666664,0.32931402016473393,0.6899827479981406,1.5,0.0,0.07201977198831767,0.0,0.0,0.0
51.739583333333336,0.329350902841603,0.689905479618063,1.5,0.0,0.04515438367610865,0.0,0.0,0.0
51.75,0.3293992503541543,0.6898042188720256,1.5,0.0,0.026810646584599685,0.0,0.0,0.0
51.760416666666664,0.32946435452082096,0.689667909349564,1.5,0.0,0.0,0.0,0.0,0.0
51.770833333333336,0.3295294586874876,0.6895316536876459,1.5,0.0,0.0,0.0,0.0,0.0
51.78125,0.3295945628541543,0.6893954518543546,1.5,0.0,0.0,0.0,0.0,0.0
51.791666666666664,0.32965966702082095,0.6892593038177981,1.5,0.0,0.0,0.0,0.0,0.0
51.802083333333336,0.3297247711874876,0.68912320954611,1.5,0.0,0.0,0.0,0.0,0.0
51.8125,0.32978987535415427,0.6889871690074488,1.5,0.0,0.0,0.0,0.0,0.0
51.822916666666664,0.32985497952082093,0.6888511821699985,1.5,0.0,0.0,0.0,0.0,0.0
51.833333333333336,0.3299200836874876,0.6887152490019681,1.5,0.0,0.0,0.0,0.0,0.0
51.84375,0.32998518785415426,0.6885793694715914,1.5,0.0,0.0,0.0,0.0,0.0
51.854166666666664,0.3300502920208209,0.6884435435471274,1.5,0.0,0.0,0.0,0.0,0.0
51.864583333333336,0.3301153961874876,0.6883077711968605,1.5,0.0,0.0,0.0,0.0,0.0
51.875,0.33018050035415425,0.6881720523890995,1.5,0.0,0.0,0.0,0.0,0.0
51.885416666666664,0.3302456045208209,0.6880363870921788,1.5,0.0,0.0,0.0,0.0,0.0
51.895833333333336,0.3303107086874876,0.6879007752744575,1.5,0.0,0.0,0.0,0.0,0.0
51.90625,0.33037581285415424,0.6877652169043194,1.5,0.0,0.0,0.0,0.0,0.0
51.916666666666664,0.3304409170208209,0.6876297119501733,1.5,0.0,0.0,0.0,0.0,0.0
51.927083333333336,0.33050602118748756,0.6874942603804532,1.5,0.0,0.0,0.0,0.0,0.0
51.9375,0.3305711253541542,0.687358862163618,1.5,0.0,0.0,0.0,0.0,0.0
51.947916666666664,0.3306362295208209,0.6872235172681508,1.5,0.0,0.0,0.0,0.0,0.0
51.958333333333336,0.33070133368748755,0.6870882256625603,1.5,0.0,0.0,0.0,0.0,0.0
51.96875,0.3307664378541542,0.6869529873153797,1.5,0.0,0.0,0.0,0.0,0.0
51.979166666666664,0.3308315420208209,0.6868178021951669,1.5,0.0,0.0,0.0,0.0,0.0
51.989583333333336,0.33089664618748754,0.6866826702705041,1.5,0.0,0.0,0.0,0.0,0.0
52.0,0.3309617503541542,0.6865475915099991,1.5,0.0,0.0,0.0,0.0,0.0
52.010416666666664,0.33102685452082087,0.6864125658822839,1.5,0.0,0.0,0.0,0.0,0.0
52.020833333333336,0.33109195868748753,0.6862775933560151,1.5,0.0,0.0,0.0,0.0,0.0
52.03125,0.3311570628541542,0.6861426738998745,1.5,0.0,0.0,0.0,0.0,0.0
52.041666666666664,0.33122216702082086,0.6860078074825677,1.5,0.0,0.0,0.0,0.0,0.0
52.052083333333336,0.3312872711874875,0.6858729940728255,1.5,0.0,0.0,0.0,0.0,0.0
52.0625,0.3313523753541542,0.685738233639403,1.5,0.0,0.0,0.0,0.0,0.0
52.072916666666664,0.33141747952082085,0.6856035261510801,1.5,0.0,0.0,0.0,0.0,0.0
52.083333333333336,0.3314825836874875,0.685468871576661,1.5,0.0,0.0,0.0,0.0,0.0
52.09375,0.33154768785415417,0.6853342698849744,1.5,0.0,0.0,0.0,0.0,0.0
52.104166666666664,0.33161279202082083,0.6851997210448737,1.5,0.0,0.0,0.0,0.0,0.0
52.114583333333336,0.3316778961874875,0.6850652250252365,1.5,0.0,0.0,0.0,0.0,0.0
52.125,0.33174300035415416,0.684930781794965,1.5,0.0,0.0,0.0,0.0,0.0
52.135416666666664,0.3318081045208208,0.6847963913229856,1.5,0.0,0.0,0.0,0.0,0.0
52.145833333333336,0.3318732086874875,0.6846620535782495,1.5,0.0,0.0,0.0,0.0,0.0
52.15625,0.33193831285415415,0.6845277685297319,1.5,0.0,0.0,0.0,0.0,0.0
52.166666666666664,0.3320034170208208,0.6843935361464322,1.5,0.0,0.0,0.0,0.0,0.0
52.177083333333336,0.3320685211874875,0.6842593563973747,1.5,0.0,0.0,0.0,0.0,0.0
52.1875,0.33213362535415414,0.6841252292516073,1.5,0.0,0.0,0.0,0.0,0.0
52.197916666666664,0.3321987295208208,0.6839911546782027,1.5,0.0,0.0,0.0,0.0,0.0
52.208333333333336,0.33226383368748746,0.6838571326462575,1.5,0.0,0.0,0.0,0.0,0.0
52.21875,0.3323289378541541,0.6837231631248927,1.5,0.0,0.0,0.0,0.0,0.0
52.229166666666664,0.3323940420208208,0.6835892460832534,1.5,0.0,0.0,0.0,0.0,0.0
52.239583333333336,0.33245914618748745,0.6834553814905091,1.5,0.0,0.0,0.0,0.0,0.0
52.25,0.3325242503541541,0.6833215693158529,1.5,0.0,0.0,0.0,0.0,0.0
52.260416666666664,0.3325893545208208,0.6831878095285027,1.5,0.0,0.0,0.0,0.0,0.0
52.270833333333336,0.33263650625673014,0.6830909666066781,1.5,0.0,0.028723889211659318,0.0,0.0,0.0
52.28125,0.3326668156843556,0.6830287298723908,1.5,0.0,0.055671582465928175,0.0,0.0,0.0
52.291666666666664,0.33268072863518505,0.6830001651124998,1.5,0.0,0.08190594533951606,0.0,0.0,0.0
52.302083333333336,0.332689057661829,0.682983065882928,1.5,0.0,0.09084022403634726,0.0,0.0,0.0
52.3125,0.33267368363501887,0.6830146289445174,1.5,0.0,0.12876510956288834,0.0,0.0,0.0
52.322916666666664,0.33264887935308757,0.6830655585837588,1.5,0.0,0.14385351775671032,0.0,0.0,0.0
52.333333333333336,0.332611996468435,0.6831413027796233,1.5,0.0,0.16317928211077204,0.0,0.0,0.0
52.34375,0.3325457866014648,0.6832773162147691,1.5,0.0,0.21010245381903092,0.0,0.0,0.0
52.354166666666664,0.3324744745687239,0.6834238715087001,1.5,0.0,0.2182659190520589,0.0,0.0,0.0
52.364583333333336,0.3324046056178014,0.6835675220722925,1.5,0.0,0.2159569881427642,0.0,0.0,0.0
52.375,0.3323301717548536,0.6837206245456094,1.5,0.0,0.2232608473831794,0.0,0.0,0.0
52.385416666666664,0.3322473534945485,0.6838910534506527,1.5,0.0,0.2366758831548398,0.0,0.0,0.0
52.395833333333336,0.33215704305567373,0.684076997125402,1.5,0.0,0.2486633688662346,0.0,0.0,0.0
52.40625,0.3320426875097012,0.6843125933346733,1.5,0.0,0.2871355402227453,0.0,0.0,0.0
52.416666666666664,0.33190335816474403,0.6845998601640976,1.5,0.0,0.32709361859812813,0.0,0.0,0.0
52.427083333333336,0.33175253675487093,0.6849110931003062,1.5,0.0,0.3454809224636299,0.0,0.0,0.0
52.4375,0.33161078135708216,0.6852038756330545,1.5,0.0,0.33097530312871565,0.0,0.0,0.0
52.447916666666664,0.33145364104018255,0.6855287269571188,1.5,0.0,0.35559117370609367,0.0,0.0,0.0
52.458333333333336,0.3313102712548025,0.6858253797173349,1.5,0.0,0.3335583232746977,0.0,0.0,0.0
52.46875,0.33116827718489106,0.6861194390932583,1.5,0.0,0.33135717852500357,0.0,0.0,0.0
52.479166666666664,0.331017766062361,0.686431412097596,1.5,0.0,0.3449844627147748,0.0,0.0,0.0
52.489583333333336,0.330873865023557,0.6867299494065536,1.5,0.0,0.3344083287530989,0.0,0.0,0.0
52.5,0.3307088467255154,0.6870726164037849,1.5,0.0,0.3681959435331589,0.0,0.0,0.0
52.510416666666664,0.33056773137837325,0.6873659193537475,1.5,0.0,0.32995122209415856,0.0,0.0,0.0
52.520833333333336,0.33040890056170885,0.6876963429293007,1.5,0.0,0.3582959733296656,0.0,0.0,0.0
52.53125,0.3302448239550119,0.688038013333198,1.5,0.0,0.3666892373817688,0.0,0.0,0.0
52.541666666666664,0.33007472164518165,0.6883925901839659,1.5,0.0,0.3763303623951398,0.0,0.0,0.0
52.552083333333336,0.32993154395025925,0.6886913262886867,1.5,0.0,0.333250978542473,0.0,0.0,0.0
52.5625,0.32975003598055636,0.6890704102939846,1.5,0.0,0.39457941819130926,0.0,0.0,0.0
52.572916666666664,0.3295745985423643,0.6894372126751468,1.5,0.0,0.3848665677739388,0.0,0.0,0.0
52.583333333333336,0.3294511464279489,0.689695558965892,1.5,0.0,0.30169004973128816,0.0,0.0,0.0
52.59375,0.3293017082831636,0.6900085449668937,1.5,0.0,0.34326769832323606,0.0,0.0,0.0
52.604166666666664,0.3291534820584968,0.6903192734482351,1.5,0.0,0.3413286261334669,0.0,0.0,0.0
52.614583333333336,0.329013183443008,0.6906136411003045,1.5,0.0,0.3286444514487637,0.0,0.0,0.0
52.625,0.3288825139279312,0.690888031333188,1.5,0.0,0.3132378907894889,0.0,0.0,0.0
52.635416666666664,0.328755110723651,0.6911557727191605,1.5,0.0,0.3080117935150701,0.0,0.0,0.0
52.645833333333336,0.32865016304778116,0.6913764791120562,1.5,0.0,0.2720829480583754,0.0,0.0,0.0
52.65625,0.3285515987653955,0.6915838895364098,1.5,0.0,0.26186951848368556,0.0,0.0,0.0
52.666666666666664,0.3284835465087576,0.6917271656451757,1.5,0.0,0.2130502772873074,0.0,0.0,0.0
52.677083333333336,0.328446566290932,0.6918050480890396,1.5,0.0,0.16333501518768723,0.0,0.0,0.0
52.6875,0.32841263025490247,0.6918765347459904,1.5,0.0,0.15846432431393306,0.0,0.0,0.0
52.697916666666664,0.328398116378143,0.6919071129078533,1.5,0.0,0.12738886948185424,0.0,0.0,0.0
52.708333333333336,0.3283782730976101,0.6919489235514584,1.5,0.0,0.13591591551926527,0.0,0.0,0.0
52.71875,0.32838464461575667,0.6919354979385524,1.5,0.0,0.09397223763208604,0.0,0.0,0.0
52.729166666666664,0.32839661512947427,0.6919102759265455,1.5,0.0,0.08501384471854137,0.0,0.0,0.0
52.739583333333336,0.32843442956590957,0.6918306125453875,1.5,0.0,0.04366356837016075,0.0,0.0,0.0
52.75,0.3284832339021362,0.6917278239390241,1.5,0.0,0.026079728704109188,0.0,0.0,0.0
52.760416666666664,0.32854833806880285,0.6915907531998982,1.5,0.0,0.0,0.0,0.0,0.0
52.770833333333336,0.3286134422354695,0.6914537367730742,1.5,0.0,0.0,0.0,0.0,0.0
52.78125,0.3286785464021362,0.6913167746262778,1.5,0.0,0.0,0.0,0.0,0.0
52.791666666666664,0.32874365056880284,0.6911798667272602,1.5,0.0,0.0,0.0,0.0,0.0
52.802083333333336,0.3288087547354695,0.6910430130437983,1.5,0.0,0.0,0.0,0.0,0.0
52.8125,0.32887385890213616,0.6909062135436945,1.5,0.0,0.0,0.0,0.0,0.0
52.822916666666664,0.3289389630688028,0.6907694681947766,1.5,0.0,0.0,0.0,0.0,0.0
52.833333333333336,0.3290040672354695,0.6906327769648976,1.5,0.0,0.0,0.0,0.0,0.0
52.84375,0.32906917140213615,0.6904961398219364,1.5,0.0,0.0,0.0,0.0,0.0
52.854166666666664,0.3291342755688028,0.6903595567337972,1.5,0.0,0.0,0.0,0.0,0.0
52.864583333333336,0.3291993797354695,0.6902230276684094,1.5,0.0,0.0,0.0,0.0,0.0
52.875,0.32926448390213614,0.6900865525937279,1.5,0.0,0.0,0.0,0.0,0.0
52.885416666666664,0.3293295880688028,0.6899501314777331,1.5,0.0,0.0,0.0,0.0,0.0
52.895833333333336,0.32939469223546947,0.6898137642884303,1.5,0.0,0.0,0.0,0.0,0.0
52.90625,0.32945979640213613,0.6896774509938504,1.5,0.0,0.0,0.0,0.0,0.0
52.916666666666664,0.3295249005688028,0.6895411915620495,1.5,0.0,0.0,0.0,0.0,0.0
52.927083333333336,0.32959000473546946,0.689404985961109,1.5,0.0,0.0,0.0,0.0,0.0
52.9375,0.3296551089021361,0.6892688341591352,1.5,0.0,0.0,0.0,0.0,0.0
52.947916666666664,0.3297202130688028,0.6891327361242602,1.5,0.0,0.0,0.0,0.0,0.0
52.958333333333336,0.32978531723546944,0.6889966918246407,1.5,0.0,0.0,0.0,0.0,0.0
52.96875,0.3298504214021361,0.688860701228459,1.5,0.0,0.0,0.0,0.0,0.0
52.979166666666664,0.32991552556880277,0.6887247643039217,1.5,0.0,0.0,0.0,0.0,0.0
52.989583333333336,0.32998062973546943,0.6885888810192615,1.5,0.0,0.0,0.0,0.0,0.0
53.0,0.3300457339021361,0.6884530513427356,1.5,0.0,0.0,0.0,0.0,0.0
53.010416666666664,0.33011083806880276,0.6883172752426262,1.5,0.0,0.0,0.0,0.0,0.0
53.020833333333336,0.3301759422354694,0.6881815526872409,1.5,0.0,0.0,0.0,0.0,0.0
53.03125,0.3302410464021361,0.688045883644912,1.5,0.0,0.0,0.0,0.0,0.0
53.041666666666664,0.33030615056880275,0.6879102680839969,1.5,0.0,0.0,0.0,0.0,0.0
53.052083333333336,0.3303712547354694,0.6877747059728776,1.5,0.0,0.0,0.0,0.0,0.0
53.0625,0.3304363589021361,0.6876391972799615,1.5,0.0,0.0,0.0,0.0,0.0
53.072916666666664,0.33050146306880274,0.6875037419736807,1.5,0.0,0.0,0.0,0.0,0.0
53.083333333333336,0.3305665672354694,0.6873683400224921,1.5,0.0,0.0,0.0,0.0,0.0
53.09375,0.33063167140213606,0.6872329913948775,1.5,0.0,0.0,0.0,0.0,0.0
53.104166666666664,0.3306967755688027,0.6870976960593436,1.5,0.0,0.0,0.0,0.0,0.0
53.114583333333336,0.3307618797354694,0.6869624539844216,1.5,0.0,0.0,0.0,0.0,0.0
53.125,0.33082698390213605,0.6868272651386677,1.5,0.0,0.0,0.0,0.0,0.0
53.135416666666664,0.3308920880688027,0.686692129490663,1.5,0.0,0.0,0.0,0.0,0.0
53.145833333333336,0.3309571922354694,0.6865570470090132,1.5,0.0,0.0,0.0,0.0,0.0
53.15625,0.33102229640213604,0.6864220176623484,1.5,0.0,0.0,0.0,0.0,0.0
53.166666666666664,0.3310874005688027,0.6862870414193237,1.5,0.0,0.0,0.0,0.0,0.0
53.177083333333336,0.33115250473546937,0.686152118248619,1.5,0.0,0.0,0.0,0.0,0.0
53.1875,0.33121760890213603,0.6860172481189385,1.5,0.0,0.0,0.0,0.0,0.0
53.197916666666664,0.3312827130688027,0.6858824309990108,1.5,0.0,0.0,0.0,0.0,0.0
53.208333333333336,0.33134781723546936,0.6857476668575897,1.5,0.0,0.0,0.0,0.0,0.0
53.21875,0.331412921402136,0.6856129556634531,1.5,0.0,0.0,0.0,0.0,0.0
53.229166666666664,0.3314780255688027,0.6854782973854037,1.5,0.0,0.0,0.0,0.0,0.0
53.239583333333336,0.33154312973546934,0.6853436919922683,1.5,0.0,0.0,0.0,0.0,0.0
53.25,0.331608233902136,0.6852091394528986,1.5,0.0,0.0,0.0,0.0,0.0
53.260416666666664,0.33167333806880267,0.6850746397361708,1.5,0.0,0.0,0.0,0.0,0.0
53.270833333333336,0.33172420282234427,0.6849695941820287,1.5,0.0,0.022783061000082254,0.0,0.0,0.0
53.28125,0.33175567758390184,0.6849046088446018,1.5,0.0,0.05380704817456878,0.0,0.0,0.0
53.291666666666664,0.3317757607349029,0.6848631499910369,1.5,0.0,0.07203362506498621,0.0,0.0,0.0
53.302083333333336,0.33177136139845825,0.6848722313758877,1.5,0.0,0.11120560497810887,0.0,0.0,0.0
53.3125,0.3317614118087339,0.6848927708282568,1.5,0.0,0.12008601022561177,0.0,0.0,0.0
53.322916666666664,0.33172121371287894,0.6849757663802868,1.5,0.0,0.16848362003463996,0.0,0.0,0.0
53.333333333333336,0.33166460866394704,0.6850926708848987,1.5,0.0,0.19473474495769522,0.0,0.0,0.0
53.34375,0.33162743968745534,0.6851694564289501,1.5,0.0,0.16363702905341776,0.0,0.0,0.0
53.354166666666664,0.33155813780011734,0.685312669733235,1.5,0.0,0.21504968640743718,0.0,0.0,0.0
53.364583333333336,0.33148771482451217,0.6854582611239992,1.5,0.0,0.21684342763497422,0.0,0.0,0.0
53.375,0.33138715365283605,0.6856662670322365,1.5,0.0,0.26506454134849394,0.0,0.0,0.0
53.385416666666664,0.3313066124339682,0.6858329537049763,1.5,0.0,0.23303261685527757,0.0,0.0,0.0
53.395833333333336,0.33117665590787115,0.6861020803676092,1.5,0.0,0.31209710842195926,0.0,0.0,0.0
53.40625,0.33104084915236986,0.6863835480406048,1.5,0.0,0.32145747546874337,0.0,0.0,0.0
53.416666666666664,0.3308866670319866,0.6867033798179996,1.5,0.0,0.3508580592798697,0.0,0.0,0.0
53.427083333333336,0.33076357387790584,0.6869589354221088,1.5,0.0,0.3011157131958738,0.0,0.0,0.0
53.4375,0.3306409940259273,0.687213614442983,1.5,0.0,0.3002944298323173,0.0,0.0,0.0
53.447916666666664,0.33051695748261434,0.6874715122582792,1.5,0.0,0.3026251359673494,0.0,0.0,0.0
53.458333333333336,0.33035372375414873,0.6878112043219392,1.5,0.0,0.36534063221163504,0.0,0.0,0.0
53.46875,0.3301740159688086,0.6881855676039744,1.5,0.0,0.3916991232109029,0.0,0.0,0.0
53.479166666666664,0.33001220068271375,0.688523006475258,1.5,0.0,0.3630711244183897,0.0,0.0,0.0
53.489583333333336,0.32984705217118543,0.6888677376132928,1.5,0.0,0.368404285112012,0.0,0.0,0.0
53.5,0.3296462612825139,0.6892873339547602,1.5,0.0,0.4254320885411134,0.0,0.0,0.0
53.510416666666664,0.3294367022955321,0.6897257986262324,1.5,0.0,0.4394610458374841,0.0,0.0,0.0
53.520833333333336,0.32923307650312117,0.6901523838399152,1.5,0.0,0.4299679345242291,0.0,0.0,0.0
53.53125,0.32905430713019657,0.6905273313978352,1.5,0.0,0.39019766334603345,0.0,0.0,0.0
53.541666666666664,0.32887562908846873,0.6909024947131458,1.5,0.0,0.3900515334311581,0.0,0.0,0.0
53.552083333333336,0.3287284117297268,0.691211907702077,1.5,0.0,0.33971444065384104,0.0,0.0,0.0
53.5625,0.3285618589569107,0.6915622930456368,1.5,0.0,0.3706511031723759,0.0,0.0,0.0
53.572916666666664,0.32843104272887275,0.6918377468208885,1.5,0.0,0.3134726315273727,0.0,0.0,0.0
53.583333333333336,0.3282498411389988,0.6922196574388,1.5,0.0,0.3940892104649536,0.0,0.0,0.0
53.59375,0.3281090185169757,0.6925167543842513,1.5,0.0,0.329482861903631,0.0,0.0,0.0
53.604166666666664,0.32799158337202844,0.6927647052755316,1.5,0.0,0.29206289858231993,0.0,0.0,0.0
53.614583333333336,0.32787302965336107,0.6930151980716567,1.5,0.0,0.29385261653441663,0.0,0.0,0.0
53.625,0.32776216707263806,0.6932496041778424,1.5,0.0,0.28154679582344583,0.0,0.0,0.0
53.635416666666664,0.3276522919813139,0.6934820788634576,1.5,0.0,0.27996681278532737,0.0,0.0,0.0
53.645833333333336,0.3275774688797338,0.6936404795013531,1.5,0.0,0.2238836291947701,0.0,0.0,0.0
53.65625,0.3275137656693233,0.6937753963508011,1.5,0.0,0.2060918033235731,0.0,0.0,0.0
53.666666666666664,0.3274351581895028,0.6939419512674146,1.5,0.0,0.22993863437944861,0.0,0.0,0.0
53.677083333333336,0.32737877983625685,0.6940614559722714,1.5,0.0,0.1943720318602403,0.0,0.0,0.0
53.6875,0.3273270171677356,0.6941712130995313,1.5,0.0,0.18698693630066893,0.0,0.0,0.0
53.697916666666664,0.32730122316236276,0.6942259194517636,1.5,0.0,0.14543707526321092,0.0,0.0,0.0
53.708333333333336,0.3273002742746789,0.6942279321064314,1.5,0.0,0.10568488696081826,0.0,0.0,0.0
53.71875,0.3273122669112332,0.6942024957750828,1.5,0.0,0.08497844817972185,0.0,0.0,0.0
53.729166666666664,0.32732590420231633,0.6941735734032695,1.5,0.0,0.08234700093371627,0.0,0.0,0.0
53.739583333333336,0.32735916406291965,0.6941030450087093,1.5,0.0,0.0509508897013999,0.0,0.0,0.0
53.75,0.3274086929730322,0.6939980442312013,1.5,0.0,0.02492041048654952,0.0,0.0,0.0
53.760416666666664,0.3274737971396989,0.6938600723851097,1.5,0.0,0.0,0.0,0.0,0.0
53.770833333333336,0.32753890130636554,0.6937221553877218,1.5,0.0,0.0,0.0,0.0,0.0
53.78125,0.3276040054730322,0.6935842932063375,1.5,0.0,0.0,0.0,0.0,0.0
53.791666666666664,0.32766910963969886,0.693446485808283,1.5,0.0,0.0,0.0,0.0,0.0
53.802083333333336,0.3277342138063655,0.6933087331609102,1.5,0.0,0.0,0.0,0.0,0.0
53.8125,0.3277993179730322,0.6931710352315971,1.5,0.0,0.0,0.0,0.0,0.0
53.822916666666664,0.32786442213969885,0.6930333919877474,1.5,0.0,0.0,0.0,0.0,0.0
53.833333333333336,0.3279295263063655,0.6928958033967909,1.5,0.0,0.0,0.0,0.0,0.0
53.84375,0.3279946304730322,0.6927582694261831,1.5,0.0,0.0,0.0,0.0,0.0
53.854166666666664,0.32805973463969884,0.6926207900434055,1.5,0.0,0.0,0.0,0.0,0.0
53.864583333333336,0.3281248388063655,0.6924833652159653,1.5,0.0,0.0,0.0,0.0,0.0
53.875,0.32818994297303217,0.6923459949113956,1.5,0.0,0.0,0.0,0.0,0.0
53.885416666666664,0.32825504713969883,0.6922086790972551,1.5,0.0,0.0,0.0,0.0,0.0
53.895833333333336,0.3283201513063655,0.6920714177411283,1.5,0.0,0.0,0.0,0.0,0.0
53.90625,0.32838525547303216,0.6919342108106256,1.5,0.0,0.0,0.0,0.0,0.0
53.916666666666664,0.3284503596396988,0.6917970582733824,1.5,0.0,0.0,0.0,0.0,0.0
53.927083333333336,0.3285154638063655,0.6916599600970608,1.5,0.0,0.0,0.0,0.0,0.0
53.9375,0.32858056797303214,0.6915229162493476,1.5,0.0,0.0,0.0,0.0,0.0
53.947916666666664,0.3286456721396988,0.6913859266979557,1.5,0.0,0.0,0.0,0.0,0.0
53.958333333333336,0.32871077630636547,0.6912489914106233,1.5,0.0,0.0,0.0,0.0,0.0
53.96875,0.32877588047303213,0.6911121103551147,1.5,0.0,0.0,0.0,0.0,0.0
53.979166666666664,0.3288409846396988,0.6909752834992189,1.5,0.0,0.0,0.0,0.0,0.0
53.989583333333336,0.32890608880636546,0.690838510810751,1.5,0.0,0.0,0.0,0.0,0.0
54.0,0.3289711929730321,0.6907017922575516,1.5,0.0,0.0,0.0,0.0,0.0
54.010416666666664,0.3290362971396988,0.6905651278074864,1.5,0.0,0.0,0.0,0.0,0.0
54.020833333333336,0.32910140130636545,0.6904285174284467,1.5,0.0,0.0,0.0,0.0,0.0
54.03125,0.3291665054730321,0.6902919610883491,1.5,0.0,0.0,0.0,0.0,0.0
54.041666666666664,0.3292316096396988,0.690155458755136,1.5,0.0,0.0,0.0,0.0,0.0
54.052083333333336,0.32929671380636544,0.6900190103967746,1.5,0.0,0.0,0.0,0.0,0.0
54.0625,0.3293618179730321,0.6898826159812576,1.5,0.0,0.0,0.0,0.0,0.0
54.072916666666664,0.32942692213969876,0.689746275476603,1.5,0.0,0.0,0.0,0.0,0.0
54.083333333333336,0.3294920263063654,0.6896099888508547,1.5,0.0,0.0,0.0,0.0,0.0
54.09375,0.3295571304730321,0.6894737560720806,1.5,0.0,0.0,0.0,0.0,0.0
54.104166666666664,0.32962223463969875,0.6893375771083747,1.5,0.0,0.0,0.0,0.0,0.0
54.114583333333336,0.3296873388063654,0.6892014519278564,1.5,0.0,0.0,0.0,0.0,0.0
54.125,0.3297524429730321,0.6890653804986695,1.5,0.0,0.0,0.0,0.0,0.0
54.135416666666664,0.32981754713969874,0.6889293627889833,1.5,0.0,0.0,0.0,0.0,0.0
54.145833333333336,0.3298826513063654,0.6887933987669925,1.5,0.0,0.0,0.0,0.0,0.0
54.15625,0.32994775547303207,0.6886574884009167,1.5,0.0,0.0,0.0,0.0,0.0
54.166666666666664,0.33001285963969873,0.6885216316590006,1.5,0.0,0.0,0.0,0.0,0.0
54.177083333333336,0.3300779638063654,0.6883858285095137,1.5,0.0,0.0,0.0,0.0,0.0
54.1875,0.33014306797303206,0.6882500789207509,1.5,0.0,0.0,0.0,0.0,0.0
54.197916666666664,0.3302081721396987,0.6881143828610319,1.5,0.0,0.0,0.0,0.0,0.0
54.208333333333336,0.3302732763063654,0.6879787402987013,1.5,0.0,0.0,0.0,0.0,0.0
54.21875,0.33033838047303204,0.6878431512021288,1.5,0.0,0.0,0.0,0.0,0.0
54.229166666666664,0.3304034846396987,0.6877076155397093,1.5,0.0,0.0,0.0,0.0,0.0
54.239583333333336,0.33046858880636537,0.687572133279862,1.5,0.0,0.0,0.0,0.0,0.0
54.25,0.33053369297303203,0.6874367043910313,1.5,0.0,0.0,0.0,0.0,0.0
54.260416666666664,0.3305987971396987,0.6873013288416867,1.5,0.0,0.0,0.0,0.0,0.0
54.270833333333336,0.33064726792583965,0.6872005748389888,1.5,0.0,0.026613408841108917,0.0,0.0,0.0
54.28125,0.3306853860578122,0.687121361171534,1.5,0.0,0.04317765551055064,0.0,0.0,0.0
54.291666666666664,0.330701591729747,0.6870876895363288,1.5,0.0,0.07823759157106643,0.0,0.0,0.0
54.302083333333336,0.33070642006847295,0.6870776580041353,1.5,0.0,0.09644132470511896,0.0,0.0,0.0
54.3125,0.3306912811272598,0.687109112199837,1.5,0.0,0.1283889726077002,0.0,0.0,0.0
54.322916666666664,0.33066906302000093,0.6871552800022132,1.5,0.0,0.13971563828088124,0.0,0.0,0.0
54.333333333333336,0.3306373114585692,0.6872212684806154,1.5,0.0,0.15496916495742305,0.0,0.0,0.0
54.34375,0.3305674518776351,0.6873665005340205,1.5,0.0,0.2159419961612911,0.0,0.0,0.0
54.354166666666664,0.33051031007755755,0.6874853390632764,1.5,0.0,0.19559354679074661,0.0,0.0,0.0
54.364583333333336,0.3304249898006774,0.6876628572331802,1.5,0.0,0.24067910967490266,0.0,0.0,0.0
54.375,0.33035185485043245,0.6878150954849431,1.5,0.0,0.22118258705860577,0.0,0.0,0.0
54.385416666666664,0.33023835095707554,0.688051499558004,1.5,0.0,0.2857728960377194,0.0,0.0,0.0
54.395833333333336,0.3300993727488044,0.6883411825216842,1.5,0.0,0.3265317999004983,0.0,0.0,0.0
54.40625,0.32995063734113445,0.6886514735010363,1.5,0.0,0.34214331893862704,0.0,0.0,0.0
54.416666666666664,0.3297909214788279,0.6889849834819226,1.5,0.0,0.3597120463571293,0.0,0.0,0.0
54.427083333333336,0.3296300923019123,0.6893211448045335,1.5,0.0,0.36149334973155156,0.0,0.0,0.0
54.4375,0.329474156430297,0.689647391617645,1.5,0.0,0.35366406125123284,0.0,0.0,0.0
54.447916666666664,0.32929101785944215,0.6900309460750841,1.5,0.0,0.39718838003437623,0.0,0.0,0.0
54.458333333333336,0.3291265332052935,0.6903757967330109,1.5,0.0,0.3673421133044882,0.0,0.0,0.0
54.46875,0.32893826242547153,0.690770939543892,1.5,0.0,0.405399914381869,0.0,0.0,0.0
54.479166666666664,0.3287989603401521,0.6910635981102602,1.5,0.0,0.32705000317775623,0.0,0.0,0.0
54.489583333333336,0.32862635985096894,0.691426557171562,1.5,0.0,0.3803274493597171,0.0,0.0,0.0
54.5,0.3284781306969289,0.6917385705571499,1.5,0.0,0.3413333131307727,0.0,0.0,0.0
54.510416666666664,0.3283172305882577,0.6920775744253761,1.5,0.0,0.36160684054060926,0.0,0.0,0.0
54.520833333333336,0.3281235553973207,0.6924860737670577,1.5,0.0,0.4140469721658412,0.0,0.0,0.0
54.53125,0.3279570032268521,0.6928377511438795,1.5,0.0,0.37065013941641384,0.0,0.0,0.0
54.541666666666664,0.32781459422577447,0.6931387332654422,1.5,0.0,0.33202106839089196,0.0,0.0,0.0
54.552083333333336,0.3276360275390058,0.6935165045624511,1.5,0.0,0.38987336549657714,0.0,0.0,0.0
54.5625,0.32750152032445773,0.693801336746373,1.5,0.0,0.3193782099435054,0.0,0.0,0.0
54.572916666666664,0.32736599198211963,0.6940885680024722,1.5,0.0,0.3210120144076078,0.0,0.0,0.0
54.583333333333336,0.3272045441030123,0.6944310422414038,1.5,0.0,0.36248327323835966,0.0,0.0,0.0
54.59375,0.32704920042081087,0.6947608870323343,1.5,0.0,0.3527165581889239,0.0,0.0,0.0
54.604166666666664,0.3269108738602003,0.6950548628270674,1.5,0.0,0.32548916364363484,0.0,0.0,0.0
54.614583333333336,0.3267765527409638,0.6953405643142843,1.5,0.0,0.3190804574450379,0.0,0.0,0.0
54.625,0.3266661125534077,0.6955756469855109,1.5,0.0,0.2808709667563767,0.0,0.0,0.0
54.635416666666664,0.32657287609231306,0.6957742336303192,1.5,0.0,0.25334500441808316,0.0,0.0,0.0
54.645833333333336,0.32650230481198117,0.6959246205579628,1.5,0.0,0.21708071519768013,0.0,0.0,0.0
54.65625,0.3264347923268837,0.6960685500706212,1.5,0.0,0.21218664282258454,0.0,0.0,0.0
54.666666666666664,0.32638145440323196,0.6961823030142371,1.5,0.0,0.18950734450945111,0.0,0.0,0.0
54.677083333333336,0.3263423487748652,0.6962657265923274,1.5,0.0,0.1667356720535564,0.0,0.0,0.0
54.6875,0.3263091740364732,0.6963365135488978,1.5,0.0,0.15724624809380644,0.0,0.0,0.0
54.697916666666664,0.32627455446405645,0.6964103987845908,1.5,0.0,0.15955798253344972,0.0,0.0,0.0
54.708333333333336,0.3262684440946416,0.6964234411884087,1.5,0.0,0.11394325773038586,0.0,0.0,0.0
54.71875,0.3262769682442958,0.6964052467762585,1.5,0.0,0.09052802721992939,0.0,0.0,0.0
54.729166666666664,0.3262922795513127,0.696372567870842,1.5,0.0,0.07966857543969284,0.0,0.0,0.0
54.739583333333336,0.32632479399754466,0.696303182495192,1.5,0.0,0.05214355269552021,0.0,0.0,0.0
54.75,0.32637359953679185,0.6961990581041583,1.5,0.0,0.026077803871205413,0.0,0.0,0.0
54.760416666666664,0.3264387037034585,0.6960602098027842,1.5,0.0,0.0,0.0,0.0,0.0
54.770833333333336,0.3265038078701252,0.6959214168735236,1.5,0.0,0.0,0.0,0.0,0.0
54.78125,0.32656891203679184,0.69578267928326,1.5,0.0,0.0,0.0,0.0,0.0
54.791666666666664,0.3266340162034585,0.6956439969989028,1.5,0.0,0.0,0.0,0.0,0.0
54.802083333333336,0.32669912037012516,0.6955053699873884,1.5,0.0,0.0,0.0,0.0,0.0
54.8125,0.3267642245367918,0.6953667982156794,1.5,0.0,0.0,0.0,0.0,0.0
54.822916666666664,0.3268293287034585,0.6952282816507642,1.5,0.0,0.0,0.0,0.0,0.0
54.833333333333336,0.32689443287012515,0.6950898202596584,1.5,0.0,0.0,0.0,0.0,0.0
54.84375,0.3269595370367918,0.6949514140094031,1.5,0.0,0.0,0.0,0.0,0.0
54.854166666666664,0.3270246412034585,0.6948130628670659,1.5,0.0,0.0,0.0,0.0,0.0
54.864583333333336,0.32708974537012514,0.6946747667997407,1.5,0.0,0.0,0.0,0.0,0.0
54.875,0.3271548495367918,0.6945365257745476,1.5,0.0,0.0,0.0,0.0,0.0
54.885416666666664,0.32721995370345847,0.6943983397586329,1.5,0.0,0.0,0.0,0.0,0.0
54.895833333333336,0.32728505787012513,0.6942602087191686,1.5,0.0,0.0,0.0,0.0,0.0
54.90625,0.3273501620367918,0.6941221326233535,1.5,0.0,0.0,0.0,0.0,0.0
54.916666666666664,0.32741526620345845,0.6939841114384121,1.5,0.0,0.0,0.0,0.0,0.0
54.927083333333336,0.3274803703701251,0.6938461451315949,1.5,0.0,0.0,0.0,0.0,0.0
54.9375,0.3275454745367918,0.6937082336701785,1.5,0.0,0.0,0.0,0.0,0.0
54.947916666666664,0.32761057870345844,0.6935703770214657,1.5,0.0,0.0,0.0,0.0,0.0
54.958333333333336,0.3276756828701251,0.6934325751527853,1.5,0.0,0.0,0.0,0.0,0.0
54.96875,0.32774078703679177,0.6932948280314916,1.5,0.0,0.0,0.0,0.0,0.0
54.979166666666664,0.32780589120345843,0.6931571356249653,1.5,0.0,0.0,0.0,0.0,0.0
54.989583333333336,0.3278709953701251,0.6930194979006129,1.5,0.0,0.0,0.0,0.0,0.0
55.0,0.32793609953679176,0.6928819148258667,1.5,0.0,0.0,0.0,0.0,0.0
55.010416666666664,0.3280012037034584,0.6927443863681848,1.5,0.0,0.0,0.0,0.0,0.0
55.020833333333336,0.3280663078701251,0.6926069124950514,1.5,0.0,0.0,0.0,0.0,0.0
55.03125,0.32813141203679175,0.6924694931739761,1.5,0.0,0.0,0.0,0.0,0.0
55.041666666666664,0.3281965162034584,0.6923321283724946,1.5,0.0,0.0,0.0,0.0,0.0
55.052083333333336,0.3282616203701251,0.6921948180581683,1.5,0.0,0.0,0.0,0.0,0.0
55.0625,0.32832672453679174,0.6920575621985845,1.5,0.0,0.0,0.0,0.0,0.0
55.072916666666664,0.3283918287034584,0.6919203607613558,1.5,0.0,0.0,0.0,0.0,0.0
55.083333333333336,0.32845693287012506,0.6917832137141204,1.5,0.0,0.0,0.0,0.0,0.0
55.09375,0.3285220370367917,0.691646121024543,1.5,0.0,0.0,0.0,0.0,0.0
55.104166666666664,0.3285871412034584,0.6915090826603131,1.5,0.0,0.0,0.0,0.0,0.0
55.114583333333336,0.32865224537012505,0.6913720985891458,1.5,0.0,0.0,0.0,0.0,0.0
55.125,0.3287173495367917,0.6912351687787824,1.5,0.0,0.0,0.0,0.0,0.0
55.135416666666664,0.3287824537034584,0.6910982931969893,1.5,0.0,0.0,0.0,0.0,0.0
55.145833333333336,0.32884755787012504,0.6909614718115585,1.5,0.0,0.0,0.0,0.0,0.0
55.15625,0.3289126620367917,0.6908247045903074,1.5,0.0,0.0,0.0,0.0,0.0
55.166666666666664,0.32897776620345837,0.6906879915010792,1.5,0.0,0.0,0.0,0.0,0.0
55.177083333333336,0.32904287037012503,0.6905513325117422,1.5,0.0,0.0,0.0,0.0,0.0
55.1875,0.3291079745367917,0.6904147275901902,1.5,0.0,0.0,0.0,0.0,0.0
55.197916666666664,0.32917307870345835,0.6902781767043424,1.5,0.0,0.0,0.0,0.0,0.0
55.208333333333336,0.329238182870125,0.6901416798221438,1.5,0.0,0.0,0.0,0.0,0.0
55.21875,0.3293032870367917,0.6900052369115642,1.5,0.0,0.0,0.0,0.0,0.0
55.229166666666664,0.32936839120345834,0.6898688479405988,1.5,0.0,0.0,0.0,0.0,0.0
55.239583333333336,0.329433495370125,0.6897325128772683,1.5,0.0,0.0,0.0,0.0,0.0
55.25,0.32949859953679167,0.6895962316896187,1.5,0.0,0.0,0.0,0.0,0.0
55.260416666666664,0.32956370370345833,0.689460004345721,1.5,0.0,0.0,0.0,0.0,0.0
55.270833333333336,0.3296147366696287,0.689353257937981,1.5,0.0,0.02251392079410391,0.0,0.0,0.0
55.28125,0.32965014790773556,0.6892792071525906,1.5,0.0,0.047508685695724404,0.0,0.0,0.0
55.291666666666664,0.329663897666214,0.6892504584097355,1.5,0.0,0.08216705310117639,0.0,0.0,0.0
55.302083333333336,0.3296761847748532,0.6892247698836811,1.5,0.0,0.0845072928439572,0.0,0.0,0.0
55.3125,0.3296637734497633,0.689250718117512,1.5,0.0,0.12402478681056242,0.0,0.0,0.0
55.322916666666664,0.32962859549693674,0.6893242749313894,1.5,0.0,0.16045139118909654,0.0,0.0,0.0
55.333333333333336,0.3295768597069802,0.6894324825765847,1.5,0.0,0.186943930597152,0.0,0.0,0.0
55.34375,0.32952318820575655,0.6895447747540601,1.5,0.0,0.1900410686245072,0.0,0.0,0.0
55.354166666666664,0.3294602571072241,0.6896764865743069,1.5,0.0,0.2048564243185893,0.0,0.0,0.0
55.364583333333336,0.3293652370740647,0.6898754543925435,1.5,0.0,0.25619871972170705,0.0,0.0,0.0
55.375,0.32927875695395686,0.6900566398194663,1.5,0.0,0.24253485883920753,0.0,0.0,0.0
55.385416666666664,0.32919055585702517,0.6902415289406582,1.5,0.0,0.2452884217573821,0.0,0.0,0.0
55.395833333333336,0.3290828227064904,0.690467496051099,1.5,0.0,0.27653970752227247,0.0,0.0,0.0
55.40625,0.32893386466154256,0.6907801749794837,1.5,0.0,0.3424995385832575,0.0,0.0,0.0
55.416666666666664,0.3288149318953637,0.691030031020261,1.5,0.0,0.2944590925528534,0.0,0.0,0.0
55.427083333333336,0.32867211965943866,0.6913302923990587,1.5,0.0,0.3326662441467372,0.0,0.0,0.0
55.4375,0.3285401884616948,0.6916079084616168,1.5,0.0,0.31525658305684523,0.0,0.0,0.0
55.447916666666664,0.3284033503930666,0.6918960854559398,1.5,0.0,0.32310757647174604,0.0,0.0,0.0
55.458333333333336,0.3282435796812412,0.6922328619747368,1.5,0.0,0.3597998055873863,0.0,0.0,0.0
55.46875,0.32807593696578957,0.6925865843409047,1.5,0.0,0.37239501138927095,0.0,0.0,0.0
55.479166666666664,0.3279020015389564,0.6929539664935017,1.5,0.0,0.382463349599785,0.0,0.0,0.0
55.489583333333336,0.32775570086193095,0.6932632811268669,1.5,0.0,0.338247749907305,0.0,0.0,0.0
55.5,0.32759832355877344,0.6935963228359229,1.5,0.0,0.35597035171871066,0.0,0.0,0.0
55.510416666666664,0.327449795056002,0.6939109323574864,1.5,0.0,0.34181227110092843,0.0,0.0,0.0
55.520833333333336,0.32729948026888694,0.6942296162551462,1.5,0.0,0.3446703260507794,0.0,0.0,0.0
55.53125,0.3270948524160366,0.6946639206005375,1.5,0.0,0.4315712312272558,0.0,0.0,0.0
55.541666666666664,0.32690694546703514,0.6950632152001519,1.5,0.0,0.40481778506900856,0.0,0.0,0.0
55.552083333333336,0.32677059317425633,0.6953532457751131,1.5,0.0,0.32233033511275505,0.0,0.0,0.0
55.5625,0.32663174567209485,0.695648832663329,1.5,0.0,0.3263226701250463,0.0,0.0,0.0
55.572916666666664,0.3264573372706407,0.6960204800028945,1.5,0.0,0.3832201089933278,0.0,0.0,0.0
55.583333333333336,0.32629220702184175,0.6963727226631806,1.5,0.0,0.36837506474494774,0.0,0.0,0.0
55.59375,0.3261579017838963,0.6966594748887268,1.5,0.0,0.31905504737939094,0.0,0.0,0.0
55.604166666666664,0.3260003168746687,0.6969962322918036,1.5,0.0,0.3563025214309064,0.0,0.0,0.0
55.614583333333336,0.3258603129431848,0.697295692547853,1.5,0.0,0.3281729570408472,0.0,0.0,0.0
55.625,0.3257397293307181,0.6975538202062067,1.5,0.0,0.2971004466133415,0.0,0.0,0.0
55.635416666666664,0.32564552910787975,0.6977556031862623,1.5,0.0,0.2548870232080393,0.0,0.0,0.0
55.645833333333336,0.32552993905403355,0.69800336413869,1.5,0.0,0.28911075282058535,0.0,0.0,0.0
55.65625,0.325468954961256,0.6981341511193492,1.5,0.0,0.20174121511074325,0.0,0.0,0.0
55.666666666666664,0.3254191634429144,0.6982409707639657,1.5,0.0,0.1838330960132376,0.0,0.0,0.0
55.677083333333336,0.32538229664599766,0.698320083574753,1.5,0.0,0.16315354173339724,0.0,0.0,0.0
55.6875,0.3253530318796661,0.6983828958803658,1.5,0.0,0.15099029279723217,0.0,0.0,0.0
55.697916666666664,0.33058822431564455,0.7071742893187946,1.5,8.52,0.14369210243446986,5.0,1.0,1.0
55.708333333333336,0.335829883698846,0.7156778007376717,1.5,8.52,0.13334498687770321,5.0,1.0,1.0
55.71875,0.34108245992947894,0.7238876904644181,1.5,8.52,0.10895108972511162,5.0,1.0,1.0
55.729166666666664,0.34629479039078254,0.7318069851010655,1.5,8.52,0.07650342100212383,5.0,1.0,1.0
55.739583333333336,0.35139592329451314,0.7394520079106816,1.5,8.52,0.04548094211581227,5.0,1.0,1.0
55.75,0.35631315683068254,0.7468531409824193,1.5,8.52,0.02640448528613245,5.0,1.0,1.0
55.760416666666664,0.36076943745478807,0.7395912814028156,1.5,8.16,0.0,0.0,0.0,1.0
55.770833333333336,0.36494292121634997,0.7298720853456964,1.5,8.16,0.0,0.0,0.0,1.0
55.78125,0.36880498813486684,0.719894490011633,1.5,8.16,0.0,0.0,0.0,1.0
55.791666666666664,0.3723387509673317,0.7100555735303546,1.5,8.16,0.0,0.0,0.0,1.0
55.802083333333336,0.37553832714586177,0.7004167169685472,1.5,8.16,0.0,0.0,0.0,1.0
55.8125,0.3726506510990002,0.7002535613104057,1.0,0.0,0.0,0.0,0.0,0.0
55.822916666666664,0.37016216209164304,0.7000893470669083,1.0,0.0,0.0,0.0,0.0,0.0
55.833333333333336,0.3679946139315329,0.6999242043109819,1.0,0.0,0.0,0.0,0.0,0.0
55.84375,0.3660892168574896,0.6997582411888676,1.0,0.0,0.0,0.0,0.0,0.0
55.854166666666664,0.3644008868747516,0.6995915486667886,1.0,0.0,0.0,0.0,0.0,0.0
55.864583333333336,0.36289443560021845,0.699424204042329,1.0,0.0,0.0,0.0,0.0,0.0
55.875,0.3615419730094309,0.6992562735912792,1.0,0.0,0.0,0.0,0.0,0.0
55.885416666666664,0.3603210928517677,0.6990878145959304,1.0,0.0,0.0,0.0,0.0,0.0
55.895833333333336,0.359213577275141,0.6989188769221697,1.0,0.0,0.0,0.0,0.0,0.0
55.90625,0.35820445434132786,0.6987495042617681,1.0,0.0,0.0,0.0,0.0,0.0
55.916666666666664,0.3572813005909061,0.6985797351224056,1.0,0.0,0.0,0.0,0.0,0.0
55.927083333333336,0.3564337170571766,0.6984096036250045,1.0,0.0,0.0,0.0,0.0,0.0
55.9375,0.35565293017387756,0.6982391401520385,1.0,0.0,0.0,0.0,0.0,0.0
55.947916666666664,0.3549314840176681,0.6980683718792849,1.0,0.0,0.0,0.0,0.0,0.0
55.958333333333336,0.35426300028907426,0.697897323215475,1.0,0.0,0.0,0.0,0.0,0.0
55.96875,0.35364198917966005,0.6977260161684725,1.0,0.0,0.0,0.0,0.0,0.0
55.979166666666664,0.3530636989170156,0.6975544706523381,1.0,0.0,0.0,0.0,0.0,0.0
55.989583333333336,0.35252399502704895,0.6973827047464439,1.0,0.0,0.0,0.0,0.0,0.0
56.0,0.3520192626573791,0.6972107349154086,1.0,0.0,0.0,0.0,0.0,0.0
56.010416666666664,0.35154632696217425,0.6970385761967935,1.0,0.0,0.0,0.0,0.0,0.0
56.020833333333336,0.35110238775424146,0.6968662423621038,1.0,0.0,0.0,0.0,0.0,0.0
56.03125,0.3506849655173512,0.6966937460555487,1.0,0.0,0.0,0.0,0.0,0.0
56.041666666666664,0.3502918565315981,0.69652109891417,1.0,0.0,0.0,0.0,0.0,0.0
56.052083333333336,0.3499210953601541,0.6963483116722771,1.0,0.0,0.0,0.0,0.0,0.0
56.0625,0.34957092332137407,0.6961753942526,1.0,0.0,0.0,0.0,0.0,0.0
56.072916666666664,0.34923976185735534,0.6960023558461458,1.0,0.0,0.0,0.0,0.0,0.0
56.083333333333336,0.3489261899313359,0.6958292049824085,1.0,0.0,0.0,0.0,0.0,0.0
56.09375,0.3486289247581468,0.6956559495913013,1.0,0.0,0.0,0.0,0.0,0.0
56.104166666666664,0.34834680530631473,0.6954825970579639,1.0,0.0,0.0,0.0,0.0,0.0
56.114583333333336,0.3480787781162185,0.6953091542714097,1.0,0.0,0.0,0.0,0.0,0.0
56.125,0.3478238850625417,0.6951356276678282,1.0,0.0,0.0,0.0,0.0,0.0
56.135416666666664,0.3475812527560995,0.6949620232692375,1.0,0.0,0.0,0.0,0.0,0.0
56.145833333333336,0.3473500833337049,0.6947883467180737,1.0,0.0,0.0,0.0,0.0,0.0
56.15625,0.3471296464279347,0.6946146033082238,1.0,0.0,0.0,0.0,0.0,0.0
56.166666666666664,0.3469192721436629,0.6944407980129323,1.0,0.0,0.0,0.0,0.0,0.0
56.177083333333336,0.34671834489672987,0.6942669355099548,1.0,0.0,0.0,0.0,0.0,0.0
56.1875,0.3465262979934387,0.6940930202042774,1.0,0.0,0.0,0.0,0.0,0.0
56.197916666666664,0.34634260884873597,0.6939190562486834,1.0,0.0,0.0,0.0,0.0,0.0
56.208333333333336,0.34616679475675105,0.6937450475624067,1.0,0.0,0.0,0.0,0.0,0.0
56.21875,0.3459984091404807,0.6935709978480824,1.0,0.0,0.0,0.0,0.0,0.0
56.229166666666664,0.3458370382183111,0.6933969106071796,1.0,0.0,0.0,0.0,0.0,0.0
56.239583333333336,0.34568229803418066,0.6932227891540763,1.0,0.0,0.0,0.0,0.0,0.0
56.25,0.3455338318058216,0.6930486366289188,1.0,0.0,0.0,0.0,0.0,0.0
56.260416666666664,0.3453913075519405,0.692874456009389,1.0,0.0,0.0,0.0,0.0,0.0
56.270833333333336,0.3452407152284835,0.6927277396467083,1.0,0.0,0.016440883362032897,0.0,0.0,0.0
56.28125,0.34507667343325826,0.6926197785898136,1.0,0.0,0.0396307627470358,0.0,0.0,0.0
56.291666666666664,0.344907758016831,0.6925342420516474,1.0,0.0,0.05305253475287518,0.0,0.0,0.0
56.302083333333336,0.3447283338006135,0.6924826436048651,1.0,0.0,0.07334517856242635,0.0,0.0,0.0
56.3125,0.3445487318659061,0.6924448295730886,1.0,0.0,0.08158915923196743,0.0,0.0,0.0
56.322916666666664,0.34435190201328336,0.6924548860283527,1.0,0.0,0.11016794102067573,0.0,0.0,0.0
56.333333333333336,0.34416266278677554,0.6924639447592308,1.0,0.0,0.1095694913184906,0.0,0.0,0.0
56.34375,0.34394697572310573,0.6925397302460243,1.0,0.0,0.14933786586101866,0.0,0.0,0.0
56.354166666666664,0.3437480386898403,0.6925968862662352,1.0,0.0,0.13821052406066917,0.0,0.0,0.0
56.364583333333336,0.34351311948995994,0.6927402522245946,1.0,0.0,0.1894943749966843,0.0,0.0,0.0
56.375,0.34327887759085535,0.6928981200969409,1.0,0.0,0.1980420362921869,0.0,0.0,0.0
56.385416666666664,0.34305881271216204,0.69304281779447,1.0,0.0,0.19013570403600394,0.0,0.0,0.0
56.395833333333336,0.3428493928664116,0.6931801786141425,1.0,0.0,0.18570980787378177,0.0,0.0,0.0
56.40625,0.34259188525100154,0.6934280492182092,1.0,0.0,0.25117339334251965,0.0,0.0,0.0
56.416666666666664,0.34233660094975144,0.693687372897611,1.0,0.0,0.25779642603787317,0.0,0.0,0.0
56.427083333333336,0.34210403242153153,0.6939160153466696,1.0,0.0,0.23947748279804368,0.0,0.0,0.0
56.4375,0.3418810647948806,0.694138774093964,1.0,0.0,0.23586617386881822,0.0,0.0,0.0
56.447916666666664,0.34161427562126073,0.6944633057809182,1.0,0.0,0.2958251556477814,0.0,0.0,0.0
56.458333333333336,0.34135931338808917,0.6947786693119843,1.0,0.0,0.29018475148623624,0.0,0.0,0.0
56.46875,0.34112948460280096,0.6950566035496859,1.0,0.0,0.2679222350773127,0.0,0.0,0.0
56.479166666666664,0.3408950365613338,0.6953559628835442,1.0,0.0,0.28035394788562185,0.0,0.0,0.0
56.489583333333336,0.34069700357867194,0.6955928715633315,1.0,0.0,0.24345776066801394,0.0,0.0,0.0
56.5,0.3404811338492414,0.695875930922171,1.0,0.0,0.2704300808866789,0.0,0.0,0.0
56.510416666666664,0.3402606607879035,0.6961787328414581,1.0,0.0,0.2818389957117581,0.0,0.0,0.0
56.520833333333336,0.3400385523298751,0.6964951276104633,1.0,0.0,0.2896128703071968,0.0,0.0,0.0
56.53125,0.3398581349943712,0.6967360447515987,1.0,0.0,0.2452346748038628,0.0,0.0,0.0
56.541666666666664,0.3396611427029272,0.6970187746445224,1.0,0.0,0.2695647841836844,0.0,0.0,0.0
56.552083333333336,0.3394582982372188,0.6973218371160924,1.0,0.0,0.2812816734947759,0.0,0.0,0.0
56.5625,0.3392741223763288,0.6975948174700516,1.0,0.0,0.26354530376514484,0.0,0.0,0.0
56.572916666666664,0.3391004948937467,0.6978533544831781,1.0,0.0,0.2549763233396146,0.0,0.0,0.0
56.583333333333336,0.3389621390712279,0.6980458689626033,1.0,0.0,0.21637669359386574,0.0,0.0,0.0
56.59375,0.3388220384353954,0.6982470555047283,1.0,0.0,0.22135054355403744,0.0,0.0,0.0
56.604166666666664,0.3386436044990619,0.6985323176643772,1.0,0.0,0.27018619550097694,0.0,0.0,0.0
56.614583333333336,0.33850452936500314,0.6987426018994677,1.0,0.0,0.22644962635024013,0.0,0.0,0.0
56.625,0.33837776887290555,0.698932127860876,1.0,0.0,0.21430399928184016,0.0,0.0,0.0
56.635416666666664,0.33826833773814435,0.6990899710115597,1.0,0.0,0.19583795446715285,0.0,0.0,0.0
56.645833333333336,0.33818113376670395,0.6992053141747339,1.0,0.0,0.1711226522684678,0.0,0.0,0.0
56.65625,0.33808632707097924,0.6993390590911349,1.0,0.0,0.1817701859199534,0.0,0.0,0.0
56.666666666666664,0.33800454624810405,0.6994487068249179,1.0,0.0,0.16776059643106356,0.0,0.0,0.0
56.677083333333336,0.3379461497233116,0.6995123529610173,1.0,0.0,0.14106824317343544,0.0,0.0,0.0
56.6875,0.3379088161153265,0.6995340660402809,1.0,0.0,0.11675321935945855,0.0,0.0,0.0
56.697916666666664,0.3378661868916895,0.699567793523946,1.0,0.0,0.12371460896582416,0.0,0.0,0.0
56.708333333333336,0.3378417044039999,0.6995651318314607,1.0,0.0,0.10262417588732772,0.0,0.0,0.0
56.71875,0.33783886880450875,0.6995183194076612,1.0,0.0,0.07703828833644838,0.0,0.0,0.0
56.729166666666664,0.3378552257038518,0.6994318526700616,1.0,0.0,0.05405234370395831,0.0,0.0,0.0
56.739583333333336,0.3378858049249437,0.6993155147879028,1.0,0.0,0.03672521033653462,0.0,0.0,0.0
56.75,0.3379329941643,0.6991639954122416,1.0,0.0,0.016303500113062242,0.0,0.0,0.0
56.760416666666664,0.33799313359634564,0.6989844316489178,1.0,0.0,0.0,0.0,0.0,0.0
56.770833333333336,0.33805245128981926,0.6988049455020715,1.0,0.0,0.0,0.0,0.0,0.0
56.78125,0.3381109462574126,0.6986255364879868,1.0,0.0,0.0,0.0,0.0,0.0
56.791666666666664,0.33816861802998754,0.6984462041236373,1.0,0.0,0.0,0.0,0.0,0.0
56.802083333333336,0.33822546664292963,0.6982669479269458,1.0,0.0,0.0,0.0,0.0,0.0
56.8125,0.33828149262216434,0.6980877674170367,1.0,0.0,0.0,0.0,0.0,0.0
56.822916666666664,0.3383366969698793,0.697908662114479,1.0,0.0,0.0,0.0,0.0,0.0
56.833333333333336,0.33839108114999417,0.697729631541522,1.0,0.0,0.0,0.0,0.0,0.0
56.84375,0.3384446470734189,0.697550675222321,1.0,0.0,0.0,0.0,0.0,0.0
56.854166666666664,0.3384973970831399,0.6973717926831564,1.0,0.0,0.0,0.0,0.0,0.0
56.864583333333336,0.33854933393917225,0.6971929834526425,1.0,0.0,0.0,0.0,0.0,0.0
56.875,0.3386004608034151,0.6970142470619286,1.0,0.0,0.0,0.0,0.0,0.0
56.885416666666664,0.33865078122444553,0.6968355830448915,1.0,0.0,0.0,0.0,0.0,0.0
56.895833333333336,0.3387002991222847,0.6966569909383187,1.0,0.0,0.0,0.0,0.0,0.0
56.90625,0.33874901877316926,0.6964784702820845,1.0,0.0,0.0,0.0,0.0,0.0
56.916666666666664,0.3387969447943581,0.6963000206193166,1.0,0.0,0.0,0.0,0.0,0.0
56.927083333333336,0.33884408212900485,0.6961216414965549,1.0,0.0,0.0,0.0,0.0,0.0
56.9375,0.33889043603112273,0.695943332463901,1.0,0.0,0.0,0.0,0.0,0.0
56.947916666666664,0.338936012050669,0.6957650930751615,1.0,0.0,0.0,0.0,0.0,0.0
56.958333333333336,0.33898081601877245,0.6955869228879814,1.0,0.0,0.0,0.0,0.0,0.0
56.96875,0.33902485403312815,0.6954088214639704,1.0,0.0,0.0,0.0,0.0,0.0
56.979166666666664,0.33906813244357936,0.6952307883688212,1.0,0.0,0.0,0.0,0.0,0.0
56.989583333333336,0.3391106578379076,0.6950528231724207,1.0,0.0,0.0,0.0,0.0,0.0
57.0,0.3391524370278485,0.6948749254489526,1.0,0.0,0.0,0.0,0.0,0.0
57.010416666666664,0.33919347703535024,0.6946970947769938,1.0,0.0,0.0,0.0,0.0,0.0
57.020833333333336,0.3392337850790902,0.6945193307396033,1.0,0.0,0.0,0.0,0.0,0.0
57.03125,0.33927336856126283,0.6943416329244031,1.0,0.0,0.0,0.0,0.0,0.0
57.041666666666664,0.3393122350546521,0.6941640009236543,1.0,0.0,0.0,0.0,0.0,0.0
57.052083333333336,0.3393503922899984,0.6939864343343239,1.0,0.0,0.0,0.0,0.0,0.0
57.0625,0.3393878481436712,0.6938089327581481,1.0,0.0,0.0,0.0,0.0,0.0
57.072916666666664,0.33942461062565377,0.6936314958016868,1.0,0.0,0.0,0.0,0.0,0.0
57.083333333333336,0.3394606878678495,0.6934541230763732,1.0,0.0,0.0,0.0,0.0,0.0
57.09375,0.33949608811271365,0.6932768141985579,1.0,0.0,0.0,0.0,0.0,0.0
57.104166666666664,0.3395308197022173,0.693099568789546,1.0,0.0,0.0,0.0,0.0,0.0
57.114583333333336,0.33956489106714616,0.6929223864756295,1.0,0.0,0.0,0.0,0.0,0.0
57.125,0.33959831071673735,0.6927452668881147,1.0,0.0,0.0,0.0,0.0,0.0
57.135416666666664,0.33963108722865654,0.6925682096633434,1.0,0.0,0.0,0.0,0.0,0.0
57.145833333333336,0.33966322923931574,0.6923912144427109,1.0,0.0,0.0,0.0,0.0,0.0
57.15625,0.3396947454345323,0.6922142808726771,1.0,0.0,0.0,0.0,0.0,0.0
57.166666666666664,0.3397256445405283,0.6920374086047743,1.0,0.0,0.0,0.0,0.0,0.0
57.177083333333336,0.33975593531526893,0.6918605972956108,1.0,0.0,0.0,0.0,0.0,0.0
57.1875,0.33978562654013794,0.6916838466068698,1.0,0.0,0.0,0.0,0.0,0.0
57.197916666666664,0.3398147270119469,0.6915071562053045,1.0,0.0,0.0,0.0,0.0,0.0
57.208333333333336,0.33984324553527573,0.6913305257627294,1.0,0.0,0.0,0.0,0.0,0.0
57.21875,0.3398711909151396,0.6911539549560078,1.0,0.0,0.0,0.0,0.0,0.0
57.229166666666664,0.33989857194997913,0.6909774434670357,1.0,0.0,0.0,0.0,0.0,0.0
57.239583333333336,0.3399253974249674,0.6908009909827233,1.0,0.0,0.0,0.0,0.0,0.0
57.25,0.33995167610563,0.6906245971949724,1.0,0.0,0.0,0.0,0.0,0.0
57.260416666666664,0.33997741673177156,0.6904482618006508,1.0,0.0,0.0,0.0,0.0,0.0
57.270833333333336,0.33998893206401837,0.6902997910802405,1.0,0.0,0.016435137222170486,0.0,0.0,0.0
57.28125,0.3399818253408763,0.6901886771246507,1.0,0.0,0.03849654606617273,0.0,0.0,0.0
57.291666666666664,0.3399657124082996,0.6900961576780034,1.0,0.0,0.04947998640043555,0.0,0.0,0.0
57.302083333333336,0.3399233802570352,0.6900575418585192,1.0,0.0,0.08134129125587736,0.0,0.0,0.0
57.3125,0.33986766543146085,0.6900478552692529,1.0,0.0,0.09844165109002377,0.0,0.0,0.0
57.322916666666664,0.33979197251054094,0.6900810379409829,1.0,0.0,0.12377435977517968,0.0,0.0,0.0
57.333333333333336,0.3397181871290647,0.6901134451103469,1.0,0.0,0.12331103532081525,0.0,0.0,0.0
57.34375,0.3396181240744931,0.690202235362834,1.0,0.0,0.15660113963528513,0.0,0.0,0.0
57.354166666666664,0.3395308905560308,0.6902689549996912,1.0,0.0,0.1435523015876567,0.0,0.0,0.0
57.364583333333336,0.33942463842666215,0.6903777886988998,1.0,0.0,0.16838657179483207,0.0,0.0,0.0
57.375,0.33929293488098444,0.6905425523503291,1.0,0.0,0.20133632149093106,0.0,0.0,0.0
57.385416666666664,0.3391711873315011,0.690692098624657,1.0,0.0,0.19230916375471274,0.0,0.0,0.0
57.395833333333336,0.3390126628538257,0.6909211497120683,1.0,0.0,0.23907694444889502,0.0,0.0,0.0
57.40625,0.3388486656005229,0.6911672215012676,1.0,0.0,0.2489839398623307,0.0,0.0,0.0
57.416666666666664,0.3386891550017325,0.6914100302976403,1.0,0.0,0.24694549675955957,0.0,0.0,0.0
57.427083333333336,0.33853837546243043,0.6916405572768677,1.0,0.0,0.23961548972924795,0.0,0.0,0.0
57.4375,0.3383909279090804,0.6918693536540713,1.0,0.0,0.2384953162571416,0.0,0.0,0.0
57.447916666666664,0.33824584875913344,0.6920981219901875,1.0,0.0,0.23837687200699423,0.0,0.0,0.0
57.458333333333336,0.3380622332082239,0.6924104061616855,1.0,0.0,0.2872126499881371,0.0,0.0,0.0
57.46875,0.33787003891483086,0.6927459790786008,1.0,0.0,0.3006629067370055,0.0,0.0,0.0
57.479166666666664,0.33769306649767045,0.6930560557305442,1.0,0.0,0.2855504441662327,0.0,0.0,0.0
57.489583333333336,0.3375526946856789,0.693295990051968,1.0,0.0,0.2443985732915185,0.0,0.0,0.0
57.5,0.3373497896351394,0.6936682688480337,1.0,0.0,0.321542521148087,0.0,0.0,0.0
57.510416666666664,0.3371623300713377,0.6940141448781335,1.0,0.0,0.3059052327128232,0.0,0.0,0.0
57.520833333333336,0.33700447921773297,0.6943037142796217,1.0,0.0,0.27290014750327274,0.0,0.0,0.0
57.53125,0.33681006132827235,0.6946724106576884,1.0,0.0,0.3187943239656356,0.0,0.0,0.0
57.541666666666664,0.33665267892344974,0.69496907496634,1.0,0.0,0.27669028968599846,0.0,0.0,0.0
57.552083333333336,0.3364951472071929,0.6952693743104849,1.0,0.0,0.27864799365657905,0.0,0.0,0.0
57.5625,0.33636822171982467,0.695509543681792,1.0,0.0,0.2435981112085191,0.0,0.0,0.0
57.572916666666664,0.3362284350179589,0.6957787013698518,1.0,0.0,0.26030853827981915,0.0,0.0,0.0
57.583333333333336,0.33612330624829306,0.695978598106077,1.0,0.0,0.22004825675729964,0.0,0.0,0.0
57.59375,0.33598554712561707,0.6962478602346752,1.0,0.0,0.2601510900558361,0.0,0.0,0.0
57.604166666666664,0.3358697841660427,0.6964737447730458,1.0,0.0,0.23492663675555692,0.0,0.0,0.0
57.614583333333336,0.33577445330029054,0.696658981753024,1.0,0.0,0.21133138806491103,0.0,0.0,0.0
57.625,0.3356877101825281,0.6968277364701542,1.0,0.0,0.20174476911224093,0.0,0.0,0.0
57.635416666666664,0.3356090435509386,0.6969808773068652,1.0,0.0,0.19267425104759897,0.0,0.0,0.0
57.645833333333336,0.33555584849970443,0.6970820978650586,1.0,0.0,0.162644856923104,0.0,0.0,0.0
57.65625,0.3354795317729829,0.697232002997565,1.0,0.0,0.19073914440086015,0.0,0.0,0.0
57.666666666666664,0.33543229233033917,0.6973223513057143,1.0,0.0,0.15632561516078605,0.0,0.0,0.0
57.677083333333336,0.3354085881419483,0.6973642803547022,1.0,0.0,0.12836786388378457,0.0,0.0,0.0
57.6875,0.33538396717917135,0.6974083626372861,1.0,0.0,0.129607300031629,0.0,0.0,0.0
57.697916666666664,0.33538688826147683,0.6973954224625855,1.0,0.0,0.0966990792520226,0.0,0.0,0.0
57.708333333333336,0.3353866017484179,0.6973891233054397,1.0,0.0,0.10053144996013848,0.0,0.0,0.0
57.71875,0.3354017823866829,0.6973506670351916,1.0,0.0,0.08197251223417254,0.0,0.0,0.0
57.729166666666664,0.3354388665041607,0.6972665298465021,1.0,0.0,0.055600770845799966,0.0,0.0,0.0
57.739583333333336,0.3354878746384707,0.6971572551957328,1.0,0.0,0.04107402917009165,0.0,0.0,0.0
57.75,0.33555690552283,0.6970059069044602,1.0,0.0,0.01675000898073095,0.0,0.0,0.0
57.760416666666664,0.3356395324110263,0.6968256421289144,1.0,0.0,0.0,0.0,0.0,0.0
57.770833333333336,0.3357217039957575,0.6966454680851439,1.0,0.0,0.0,0.0,0.0,0.0
57.78125,0.3358033994412164,0.6964653844499484,1.0,0.0,0.0,0.0,0.0,0.0
57.791666666666664,0.3358845984281276,0.696285390889942,1.0,0.0,0.0,0.0,0.0,0.0
57.802083333333336,0.3359652811715888,0.6961054870618719,1.0,0.0,0.0,0.0,0.0,0.0
57.8125,0.3360454284377226,0.6959256726129428,1.0,0.0,0.0,0.0,0.0,0.0
57.822916666666664,0.3361250215591183,0.6957459471811486,1.0,0.0,0.0,0.0,0.0,0.0
57.833333333333336,0.336204042449045,0.6955663103956101,1.0,0.0,0.0,0.0,0.0,0.0
57.84375,0.3362824736144242,0.695386761876918,1.0,0.0,0.0,0.0,0.0,0.0
57.854166666666664,0.33636029816755186,0.6952073012374799,1.0,0.0,0.0,0.0,0.0,0.0
57.864583333333336,0.33643749983656646,0.695027928081873,1.0,0.0,0.0,0.0,0.0,0.0
57.875,0.3365140629746627,0.6948486420071978,1.0,0.0,0.0,0.0,0.0,0.0
57.885416666666664,0.33658997256805395,0.6946694426034357,1.0,0.0,0.0,0.0,0.0,0.0
57.895833333333336,0.3366652142426919,0.6944903294538093,1.0,0.0,0.0,0.0,0.0,0.0
57.90625,0.33673977426975465,0.6943113021351418,1.0,0.0,0.0,0.0,0.0,0.0
57.916666666666664,0.33681363956991844,0.6941323602182191,1.0,0.0,0.0,0.0,0.0,0.0
57.927083333333336,0.33688679771643193,0.6939535032681509,1.0,0.0,0.0,0.0,0.0,0.0
57.9375,0.3369592369370147,0.6937747308447311,1.0,0.0,0.0,0.0,0.0,0.0
57.947916666666664,0.33703094611460516,0.6935960425027979,1.0,0.0,0.0,0.0,0.0,0.0
57.958333333333336,0.3371019147869863,0.6934174377925914,1.0,0.0,0.0,0.0,0.0,0.0
57.96875,0.3371721331453193,0.6932389162601089,1.0,0.0,0.0,0.0,0.0,0.0
57.979166666666664,0.33724159203161874,0.6930604774474576,1.0,0.0,0.0,0.0,0.0,0.0
57.989583333333336,0.3373102829352046,0.6928821208932044,1.0,0.0,0.0,0.0,0.0,0.0
58.0,0.33737819798816865,0.6927038461327211,1.0,0.0,0.0,0.0,0.0,0.0
58.010416666666664,0.33744532995989474,0.692525652698525,1.0,0.0,0.0,0.0,0.0,0.0
58.020833333333336,0.3375116722506734,0.6923475401206158,1.0,0.0,0.0,0.0,0.0,0.0
58.03125,0.3375772188844536,0.6921695079268074,1.0,0.0,0.0,0.0,0.0,0.0
58.041666666666664,0.33764196450077466,0.6919915556430533,1.0,0.0,0.0,0.0,0.0,0.0
58.052083333333336,0.33770590434592357,0.6918136827937654,1.0,0.0,0.0,0.0,0.0,0.0
58.0625,0.3377690342633613,0.6916358889021293,1.0,0.0,0.0,0.0,0.0,0.0
58.072916666666664,0.3378313506834653,0.6914581734904104,1.0,0.0,0.0,0.0,0.0,0.0
58.083333333333336,0.33789285061263347,0.6912805360802539,1.0,0.0,0.0,0.0,0.0,0.0
58.09375,0.3379535316217955,0.6911029761929782,1.0,0.0,0.0,0.0,0.0,0.0
58.104166666666664,0.3380133918343781,0.6909254933498608,1.0,0.0,0.0,0.0,0.0,0.0
58.114583333333336,0.3380724299137699,0.690748087072416,1.0,0.0,0.0,0.0,0.0,0.0
58.125,0.338130645050331,0.6905707568826654,1.0,0.0,0.0,0.0,0.0,0.0
58.135416666666664,0.33818803694799304,0.6903935023034005,1.0,0.0,0.0,0.0,0.0,0.0
58.145833333333336,0.3382446058104927,0.690216322858437,1.0,0.0,0.0,0.0,0.0,0.0
58.15625,0.3383003523272837,0.690039218072861,1.0,0.0,0.0,0.0,0.0,0.0
58.166666666666664,0.33835527765916845,0.6898621874732666,1.0,0.0,0.0,0.0,0.0,0.0
58.177083333333336,0.3384093834236913,0.6896852305879859,1.0,0.0,0.0,0.0,0.0,0.0
58.1875,0.33846267168033417,0.6895083469473102,1.0,0.0,0.0,0.0,0.0,0.0
58.197916666666664,0.33851514491555273,0.6893315360837021,1.0,0.0,0.0,0.0,0.0,0.0
58.208333333333336,0.3385668060276919,0.6891547975320002,1.0,0.0,0.0,0.0,0.0,0.0
58.21875,0.33861765831181617,0.6889781308296143,1.0,0.0,0.0,0.0,0.0,0.0
58.229166666666664,0.3386677054444905,0.6888015355167136,1.0,0.0,0.0,0.0,0.0,0.0
58.239583333333336,0.33871695146854447,0.688625011136405,1.0,0.0,0.0,0.0,0.0,0.0
58.25,0.3387654007778525,0.6884485572349028,1.0,0.0,0.0,0.0,0.0,0.0
58.260416666666664,0.33881305810215967,0.688272173361693,1.0,0.0,0.0,0.0,0.0,0.0
58.270833333333336,0.3388423170124744,0.688131623156734,1.0,0.0,0.021133775409856448,0.0,0.0,0.0
58.28125,0.3388608497968791,0.6880119021133566,1.0,0.0,0.033420710865857406,0.0,0.0,0.0
58.291666666666664,0.3388547372780962,0.6879416102203378,1.0,0.0,0.06262306975758393,0.0,0.0,0.0
58.302083333333336,0.3388460181388425,0.6878768236382908,1.0,0.0,0.06587386676161122,0.0,0.0,0.0
58.3125,0.33881224651007597,0.6878631957939535,1.0,0.0,0.09611182824838875,0.0,0.0,0.0
58.322916666666664,0.3387745849480158,0.6878586067101897,1.0,0.0,0.10145450246274147,0.0,0.0,0.0
58.333333333333336,0.3387149322522655,0.6878999402173518,1.0,0.0,0.12859077233301106,0.0,0.0,0.0
58.34375,0.3386286111050585,0.6879974441978368,1.0,0.0,0.16176394596588634,0.0,0.0,0.0
58.354166666666664,0.33854501218181593,0.6880922795371748,1.0,0.0,0.1601657661671631,0.0,0.0,0.0
58.364583333333336,0.33845682108770847,0.6881991764846972,1.0,0.0,0.16726285673018526,0.0,0.0,0.0
58.375,0.33837114887648345,0.688303777546858,1.0,0.0,0.16588248868995248,0.0,0.0,0.0
58.385416666666664,0.338265974788656,0.6884507624556724,1.0,0.0,0.19084931188440996,0.0,0.0,0.0
58.395833333333336,0.33813982663148817,0.6886437250478572,1.0,0.0,0.21789739256780058,0.0,0.0,0.0
58.40625,0.33803211509766856,0.6888029678849514,1.0,0.0,0.19796703004046562,0.0,0.0,0.0
58.416666666666664,0.33789533137727823,0.6890246692026355,1.0,0.0,0.23467453675150818,0.0,0.0,0.0
58.427083333333336,0.3377366949664945,0.6892949418605174,1.0,0.0,0.26314093558823703,0.0,0.0,0.0
58.4375,0.3375564611721746,0.6896138290657645,1.0,0.0,0.29156238941911367,0.0,0.0,0.0
58.447916666666664,0.3373974001175457,0.6898943703626021,1.0,0.0,0.26887433380887205,0.0,0.0,0.0
58.458333333333336,0.33720766073193376,0.690241849724238,1.0,0.0,0.30797648055732224,0.0,0.0,0.0
58.46875,0.3370546572666721,0.6905188561149748,1.0,0.0,0.2664859362868488,0.0,0.0,0.0
58.479166666666664,0.3368858577545778,0.690831875518993,1.0,0.0,0.2874233169075928,0.0,0.0,0.0
58.489583333333336,0.3367049741273212,0.691173545301867,1.0,0.0,0.303998642253325,0.0,0.0,0.0
58.5,0.3365453602065745,0.691475444349238,1.0,0.0,0.2805670355769229,0.0,0.0,0.0
58.510416666666664,0.33637832563821374,0.6917958492312741,1.0,0.0,0.29120542610732114,0.0,0.0,0.0
58.520833333333336,0.33621836452162557,0.6921049181017389,1.0,0.0,0.2844186244100693,0.0,0.0,0.0
58.53125,0.33606909296740484,0.6923948586293153,1.0,0.0,0.27311223703074555,0.0,0.0,0.0
58.541666666666664,0.3359432477442721,0.692639020441697,1.0,0.0,0.24632458919495337,0.0,0.0,0.0
58.552083333333336,0.33576344711937267,0.6929964982066965,1.0,0.0,0.3121156209168696,0.0,0.0,0.0
58.5625,0.33564496422112977,0.6932300579292914,1.0,0.0,0.2399130577726677,0.0,0.0,0.0
58.572916666666664,0.3355201893005639,0.6934782218233766,1.0,0.0,0.24829889942600133,0.0,0.0,0.0
58.583333333333336,0.33542291311882433,0.6936711012059971,1.0,0.0,0.2161174025886319,0.0,0.0,0.0
58.59375,0.33528898509817123,0.6939409604638134,1.0,0.0,0.26069186112601006,0.0,0.0,0.0
58.604166666666664,0.3351980914391523,0.694123202614512,1.0,0.0,0.2098019721020813,0.0,0.0,0.0
58.614583333333336,0.3351098117853356,0.6943009333860869,1.0,0.0,0.20713281190412516,0.0,0.0,0.0
58.625,0.3350412860000042,0.6944385382350344,1.0,0.0,0.1838496456189007,0.0,0.0,0.0
58.635416666666664,0.3349774655245555,0.6945669688456245,1.0,0.0,0.17850820976230083,0.0,0.0,0.0
58.645833333333336,0.33492127095551577,0.6946800905953965,1.0,0.0,0.16962364675191666,0.0,0.0,0.0
58.65625,0.3348664648152684,0.6947907505720958,1.0,0.0,0.1681782582390615,0.0,0.0,0.0
58.666666666666664,0.33480448630351856,0.694916683382923,1.0,0.0,0.1769877915933731,0.0,0.0,0.0
58.677083333333336,0.3347896123584053,0.6949452411041661,1.0,0.0,0.12067655106593353,0.0,0.0,0.0
58.6875,0.33477287898469293,0.6949777462106164,1.0,0.0,0.1229569150335002,0.0,0.0,0.0
58.697916666666664,0.3347731852641768,0.6949749726368031,1.0,0.0,0.10256341854233941,0.0,0.0,0.0
58.708333333333336,0.334781782223083,0.6949549867928471,1.0,0.0,0.09261362365543714,0.0,0.0,0.0
58.71875,0.33481226540900566,0.6948895272375847,1.0,0.0,0.06632249706163112,0.0,0.0,0.0
58.729166666666664,0.3348488600983543,0.6948112243686475,1.0,0.0,0.05888817209453519,0.0,0.0,0.0
58.739583333333336,0.33490442706443896,0.6946933649701987,1.0,0.0,0.03599568797097739,0.0,0.0,0.0
58.75,0.3349748020875982,0.6945444920637398,1.0,0.0,0.01802447808353672,0.0,0.0,0.0
58.760416666666664,0.3350599695213782,0.6943645531692852,1.0,0.0,0.0,0.0,0.0,0.0
58.770833333333336,0.3351448382088733,0.6941847064465427,1.0,0.0,0.0,0.0,0.0,0.0
58.78125,0.33522938432078536,0.6940049516520059,1.0,0.0,0.0,0.0,0.0,0.0
58.791666666666664,0.33531358439107123,0.6938252885301082,1.0,0.0,0.0,0.0,0.0,0.0
58.802083333333336,0.3353974153420576,0.6936457168134688,1.0,0.0,0.0,0.0,0.0,0.0
58.8125,0.33548085450863435,0.6934662362231533,1.0,0.0,0.0,0.0,0.0,0.0
58.822916666666664,0.3355638796614769,0.6932868464689429,1.0,0.0,0.0,0.0,0.0,0.0
58.833333333333336,0.3356464690292494,0.693107547249615,1.0,0.0,0.0,0.0,0.0,0.0
58.84375,0.33572860131974686,0.6929283382532346,1.0,0.0,0.0,0.0,0.0,0.0
58.854166666666664,0.3358102557399369,0.692749219157453,1.0,0.0,0.0,0.0,0.0,0.0
58.864583333333336,0.33589141201486633,0.6925701896298182,1.0,0.0,0.0,0.0,0.0,0.0
58.875,0.33597205040540334,0.6923912493280893,1.0,0.0,0.0,0.0,0.0,0.0
58.885416666666664,0.3360521517247882,0.6922123979005615,1.0,0.0,0.0,0.0,0.0,0.0
58.895833333333336,0.3361316973539721,0.6920336349863967,1.0,0.0,0.0,0.0,0.0,0.0
58.90625,0.3362106692557264,0.6918549602159585,1.0,0.0,0.0,0.0,0.0,0.0
58.916666666666664,0.33628904998751,0.6916763732111552,1.0,0.0,0.0,0.0,0.0,0.0
58.927083333333336,0.33636682271308616,0.691497873585785,1.0,0.0,0.0,0.0,0.0,0.0
58.9375,0.3364439712128847,0.6913194609458863,1.0,0.0,0.0,0.0,0.0,0.0
58.947916666666664,0.33652047989311035,0.6911411348900908,1.0,0.0,0.0,0.0,0.0,0.0
58.958333333333336,0.3365963337936,0.690962895009979,1.0,0.0,0.0,0.0,0.0,0.0
58.96875,0.3366715185944382,0.6907847408904383,1.0,0.0,0.0,0.0,0.0,0.0
58.979166666666664,0.3367460206213424,0.6906066721100215,1.0,0.0,0.0,0.0,0.0,0.0
58.989583333333336,0.3368198268498328,0.6904286882413058,1.0,0.0,0.0,0.0,0.0,0.0
59.0,0.33689292490820694,0.6902507888512529,1.0,0.0,0.0,0.0,0.0,0.0
59.010416666666664,0.33696530307934014,0.6900729735015676,1.0,0.0,0.0,0.0,0.0,0.0
59.020833333333336,0.33703695030133807,0.6898952417490547,1.0,0.0,0.0,0.0,0.0,0.0
59.03125,0.33710785616706895,0.6897175931459754,1.0,0.0,0.0,0.0,0.0,0.0
59.041666666666664,0.33717801092260713,0.6895400272404002,1.0,0.0,0.0,0.0,0.0,0.0
59.052083333333336,0.3372474054646204,0.6893625435765602,1.0,0.0,0.0,0.0,0.0,0.0
59.0625,0.3373160313367378,0.6891851416951933,1.0,0.0,0.0,0.0,0.0,0.0
59.072916666666664,0.33738388072493475,0.6890078211338881,1.0,0.0,0.0,0.0,0.0,0.0
59.083333333333336,0.3374509464519752,0.6888305814274228,1.0,0.0,0.0,0.0,0.0,0.0
59.09375,0.3375172219709524,0.688653422108099,1.0,0.0,0.0,0.0,0.0,0.0
59.104166666666664,0.33758270135796953,0.6884763427060715,1.0,0.0,0.0,0.0,0.0,0.0
59.114583333333336,0.33764737930400507,0.6882993427496713,1.0,0.0,0.0,0.0,0.0,0.0
59.125,0.3377112511060063,0.6881224217657235,1.0,0.0,0.0,0.0,0.0,0.0
59.135416666666664,0.3377743126572567,0.6879455792798586,1.0,0.0,0.0,0.0,0.0,0.0
59.145833333333336,0.33783656043706284,0.6877688148168173,1.0,0.0,0.0,0.0,0.0,0.0
59.15625,0.3378979914998064,0.6875921279007484,1.0,0.0,0.0,0.0,0.0,0.0
59.166666666666664,0.3379586034634082,0.6874155180554998,1.0,0.0,0.0,0.0,0.0,0.0
59.177083333333336,0.33801839449724913,0.6872389848049024,1.0,0.0,0.0,0.0,0.0,0.0
59.1875,0.33807736330959515,0.6870625276730453,1.0,0.0,0.0,0.0,0.0,0.0
59.197916666666664,0.33813550913457063,0.6868861461845448,1.0,0.0,0.0,0.0,0.0,0.0
59.208333333333336,0.33819283171872583,0.6867098398648043,1.0,0.0,0.0,0.0,0.0,0.0
59.21875,0.3382493313072418,0.6865336082402671,1.0,0.0,0.0,0.0,0.0,0.0
59.229166666666664,0.3383050086298169,0.6863574508386601,1.0,0.0,0.0,0.0,0.0,0.0
59.239583333333336,0.3383598648862769,0.6861813671892303,1.0,0.0,0.0,0.0,0.0,0.0
59.25,0.33841390173195024,0.686005356822972,1.0,0.0,0.0,0.0,0.0,0.0
59.260416666666664,0.3384671212628484,0.6858294192728465,1.0,0.0,0.0,0.0,0.0,0.0
59.270833333333336,0.3385045487285188,0.6856838910958535,1.0,0.0,0.017972726606358454,0.0,0.0,0.0
59.28125,0.3385266149523793,0.6855683449107375,1.0,0.0,0.035711579255256296,0.0,0.0,0.0
59.291666666666664,0.3385355478994566,0.6854787217288614,1.0,0.0,0.05105925608187132,0.0,0.0,0.0
59.302083333333336,0.3385219117937156,0.685434524525146,1.0,0.0,0.0779746555828542,0.0,0.0,0.0
59.3125,0.33848958975491317,0.68542859573717,1.0,0.0,0.10065327548848615,0.0,0.0,0.0
59.322916666666664,0.33844585673656075,0.6854467929307413,1.0,0.0,0.11494899726700378,0.0,0.0,0.0
59.333333333333336,0.33838748603259916,0.6854960088143844,1.0,0.0,0.1333226087073305,0.0,0.0,0.0
59.34375,0.338326711470519,0.6855519085684169,1.0,0.0,0.13727387028672974,0.0,0.0,0.0
59.354166666666664,0.3382690438049067,0.6856033761227119,1.0,0.0,0.13464117369221662,0.0,0.0,0.0
59.364583333333336,0.33815999107523925,0.6857607774537046,1.0,0.0,0.19732869218298876,0.0,0.0,0.0
59.375,0.33807832499106116,0.6858659159355606,1.0,0.0,0.16636627272159935,0.0,0.0,0.0
59.385416666666664,0.33796561933718855,0.6860364509170713,1.0,0.0,0.20500554955469313,0.0,0.0,0.0
59.395833333333336,0.3378645841174293,0.686186555867061,1.0,0.0,0.19287649501667678,0.0,0.0,0.0
59.40625,0.3377354705531181,0.6863965695348959,1.0,0.0,0.22820710025840907,0.0,0.0,0.0
59.416666666666664,0.3375943528873168,0.6866345814164918,1.0,0.0,0.24464196164304863,0.0,0.0,0.0
59.427083333333336,0.3374670380202681,0.6868483096201596,1.0,0.0,0.23021838462888006,0.0,0.0,0.0
59.4375,0.33731494444925425,0.6871158114951671,1.0,0.0,0.26181261936572847,0.0,0.0,0.0
59.447916666666664,0.33719283486180923,0.6873260380350628,1.0,0.0,0.22796568004643228,0.0,0.0,0.0
59.458333333333336,0.337030574428149,0.687621105853409,1.0,0.0,0.2777906019915803,0.0,0.0,0.0
59.46875,0.3368497670685994,0.6879578727541522,1.0,0.0,0.30213589903508,0.0,0.0,0.0
59.479166666666664,0.3366684589671884,0.6882997546095814,1.0,0.0,0.30493623464404923,0.0,0.0,0.0
59.489583333333336,0.33648975318157687,0.6886401929677306,1.0,0.0,0.3038831739121731,0.0,0.0,0.0
59.5,0.3363106611855112,0.6889850257953224,1.0,0.0,0.30625354587609305,0.0,0.0,0.0
59.510416666666664,0.3361543274865191,0.6892865837901956,1.0,0.0,0.2807220712159856,0.0,0.0,0.0
59.520833333333336,0.336015284268441,0.6895553981651554,1.0,0.0,0.26141749511758267,0.0,0.0,0.0
59.53125,0.33588773453077203,0.6898028759295324,1.0,0.0,0.24882465210683602,0.0,0.0,0.0
59.541666666666664,0.33576123053277274,0.6900501505178227,1.0,0.0,0.24859961632399433,0.0,0.0,0.0
59.552083333333336,0.3356128629766745,0.6903442127110578,1.0,0.0,0.2757908093306341,0.0,0.0,0.0
59.5625,0.33548891833587496,0.6905900290516036,1.0,0.0,0.24751890750044903,0.0,0.0,0.0
59.572916666666664,0.3353656889097809,0.6908359152504612,1.0,0.0,0.24745595438477874,0.0,0.0,0.0
59.583333333333336,0.33524388475694533,0.6910802909608308,1.0,0.0,0.2464733314060055,0.0,0.0,0.0
59.59375,0.335131651234208,0.691306229184082,1.0,0.0,0.23564612135612864,0.0,0.0,0.0
59.604166666666664,0.3350457687206357,0.6914788770154379,1.0,0.0,0.2045764525460722,0.0,0.0,0.0
59.614583333333336,0.3349518194664331,0.6916689349987888,1.0,0.0,0.21464339029802812,0.0,0.0,0.0
59.625,0.33488017972712647,0.6918136755477109,1.0,0.0,0.1882602066551663,0.0,0.0,0.0
59.635416666666664,0.3348044197615087,0.6919674603674497,1.0,0.0,0.19347598070996505,0.0,0.0,0.0
59.645833333333336,0.33474438262844003,0.6920892602799001,1.0,0.0,0.17487259808561675,0.0,0.0,0.0
59.65625,0.33470656326143516,0.6921654860832708,1.0,0.0,0.1484036369113395,0.0,0.0,0.0
59.666666666666664,0.33465339158526247,0.6922736813178422,1.0,0.0,0.1669399246762942,0.0,0.0,0.0
59.677083333333336,0.3346208120524673,0.6923395602451576,1.0,0.0,0.14237894152324593,0.0,0.0,0.0
59.6875,0.33459246183248587,0.6923968478007558,1.0,0.0,0.13738964341500814,0.0,0.0,0.0
59.697916666666664,0.33459764900058286,0.6923848615993422,1.0,0.0,0.09721593343980436,0.0,0.0,0.0
59.708333333333336,0.33460154525266556,0.692375524992217,1.0,0.0,0.09875226202884169,0.0,0.0,0.0
59.71875,0.3346259761374661,0.6923236842617483,1.0,0.0,0.0741010371163543,0.0,0.0,0.0
59.729166666666664,0.3346667416768488,0.6922379553462485,1.0,0.0,0.054437412902897275,0.0,0.0,0.0
59.739583333333336,0.33472187203234044,0.6921223554229287,1.0,0.0,0.037090617267920546,0.0,0.0,0.0
59.75,0.334794455174983,0.6919704467936019,1.0,0.0,0.015988904928335875,0.0,0.0,0.0
59.760416666666664,0.33488017267245723,0.6917910785181302,1.0,0.0,0.0,0.0,0.0,0.0
59.770833333333336,0.3349656427121731,0.6916118024932433,1.0,0.0,0.0,0.0,0.0,0.0
59.78125,0.3350508407853657,0.6914326185025286,1.0,0.0,0.0,0.0,0.0,0.0
59.791666666666664,0.3351357426908345,0.6912535263170863,1.0,0.0,0.0,0.0,0.0,0.0
59.802083333333336,0.33522032456181566,0.6910745256957483,1.0,0.0,0.0,0.0,0.0,0.0
59.8125,0.33530456289205196,0.6908956163853117,1.0,0.0,0.0,0.0,0.0,0.0
59.822916666666664,0.3353884345610031,0.6907167981207829,1.0,0.0,0.0,0.0,0.0,0.0
59.833333333333336,0.3354719168581406,0.6905380706256352,1.0,0.0,0.0,0.0,0.0,0.0
59.84375,0.33555498750627655,0.6903594336120764,1.0,0.0,0.0,0.0,0.0,0.0
59.854166666666664,0.33563762468387853,0.6901808867813265,1.0,0.0,0.0,0.0,0.0,0.0
59.864583333333336,0.3357198070463274,0.6900024298239072,1.0,0.0,0.0,0.0,0.0,0.0
59.875,0.335801513746079,0.6898240624199388,1.0,0.0,0.0,0.0,0.0,0.0
59.885416666666664,0.3358827244516939,0.6896457842394468,1.0,0.0,0.0,0.0,0.0,0.0
59.895833333333336,0.3359634193657064,0.6894675949426761,1.0,0.0,0.0,0.0,0.0,0.0
59.90625,0.3360435792413036,0.6892894941804129,1.0,0.0,0.0,0.0,0.0,0.0
59.916666666666664,0.33612318539779584,0.6891114815943127,1.0,0.0,0.0,0.0,0.0,0.0
59.927083333333336,0.33620221973485814,0.6889335568172347,1.0,0.0,0.0,0.0,0.0,0.0
59.9375,0.33628066474553164,0.6887557194735812,1.0,0.0,0.0,0.0,0.0,0.0
59.947916666666664,0.3363585035279748,0.6885779691796422,1.0,0.0,0.0,0.0,0.0,0.0
59.958333333333336,0.33643571979596054,0.6884003055439433,1.0,0.0,0.0,0.0,0.0,0.0
59.96875,0.33651229788811876,0.6882227281675967,1.0,0.0,0.0,0.0,0.0,0.0
59.979166666666664,0.33658822277592787,0.6880452366446556,1.0,0.0,0.0,0.0,0.0,0.0
59.989583333333336,0.336663480070463,0.6878678305624698,1.0,0.0,0.0,0.0,0.0,0.0
60.0,0.33673805602791235,0.6876905095020436,1.0,0.0,0.0,0.0,0.0,0.0
60.010416666666664,0.3368119375538772,0.6875132730383922,1.0,0.0,0.0,0.0,0.0,0.0
60.020833333333336,0.3368851122064733,0.6873361207409011,1.0,0.0,0.0,0.0,0.0,0.0
60.03125,0.33695756819825656,0.6871590521736826,1.0,0.0,0.0,0.0,0.0,0.0
60.041666666666664,0.33702929439699714,0.6869820668959319,1.0,0.0,0.0,0.0,0.0,0.0
60.052083333333336,0.33710028032533096,0.6868051644622821,1.0,0.0,0.0,0.0,0.0,0.0
60.0625,0.3371705161593182,0.6866283444231558,1.0,0.0,0.0,0.0,0.0,0.0
60.072916666666664,0.3372399927259425,0.6864516063251146,1.0,0.0,0.0,0.0,0.0,0.0
60.083333333333336,0.33730870149958647,0.6862749497112054,1.0,0.0,0.0,0.0,0.0,0.0
60.09375,0.33737663459752026,0.6860983741213025,1.0,0.0,0.0,0.0,0.0,0.0
60.104166666666664,0.3374437847744433,0.6859218790924455,1.0,0.0,0.0,0.0,0.0,0.0
60.114583333333336,0.3375101454161195,0.6857454641591731,1.0,0.0,0.0,0.0,0.0,0.0
60.125,0.33757571053214835,0.685569128853851,1.0,0.0,0.0,0.0,0.0,0.0
60.135416666666664,0.33764047474791564,0.6853928727069944,1.0,0.0,0.0,0.0,0.0,0.0
60.145833333333336,0.33770443329576766,0.6852166952475858,1.0,0.0,0.0,0.0,0.0,0.0
60.15625,0.3377675820054544,0.6850405960033843,1.0,0.0,0.0,0.0,0.0,0.0
60.166666666666664,0.3378299172938872,0.6848645745012316,1.0,0.0,0.0,0.0,0.0,0.0
60.177083333333336,0.33789143615425693,0.6846886302673483,1.0,0.0,0.0,0.0,0.0,0.0
60.1875,0.33795213614455843,0.6845127628276245,1.0,0.0,0.0,0.0,0.0,0.0
60.197916666666664,0.33801201537556824,0.6843369717079032,1.0,0.0,0.0,0.0,0.0,0.0
60.208333333333336,0.33807107249832014,0.6841612564342558,1.0,0.0,0.0,0.0,0.0,0.0
60.21875,0.338129306691125,0.6839856165332502,1.0,0.0,0.0,0.0,0.0,0.0
60.229166666666664,0.3381867176461797,0.6838100515322105,1.0,0.0,0.0,0.0,0.0,0.0
60.239583333333336,0.3382433055558087,0.6836345609594697,1.0,0.0,0.0,0.0,0.0,0.0
60.25,0.33829907109838303,0.6834591443446135,1.0,0.0,0.0,0.0,0.0,0.0
60.260416666666664,0.33835401542395765,0.6832838012187161,1.0,0.0,0.0,0.0,0.0,0.0
60.270833333333336,0.33839368460648594,0.6831377122089239,1.0,0.0,0.017346639821119794,0.0,0.0,0.0
60.28125,0.33841201609669497,0.6830335282233427,1.0,0.0,0.04223400745242101,0.0,0.0,0.0
60.291666666666664,0.33842216801177166,0.6829453103526766,1.0,0.0,0.05171556700977126,0.0,0.0,0.0
60.302083333333336,0.3384194725450377,0.6828827177495754,1.0,0.0,0.06694689740150525,0.0,0.0,0.0
60.3125,0.3383979964746268,0.6828581088313769,1.0,0.0,0.08953292345308525,0.0,0.0,0.0
60.322916666666664,0.3383524173071688,0.6828828008476875,1.0,0.0,0.11884837573418792,0.0,0.0,0.0
60.333333333333336,0.33830152818916226,0.6829196038140927,1.0,0.0,0.12604538394230802,0.0,0.0,0.0
60.34375,0.3382440560791249,0.6829712389951275,1.0,0.0,0.13485600632903103,0.0,0.0,0.0
60.354166666666664,0.3381666903137826,0.6830647776479373,1.0,0.0,0.15974439204842006,0.0,0.0,0.0
60.364583333333336,0.33807875720274927,0.6831819704575001,1.0,0.0,0.17377130863897347,0.0,0.0,0.0
60.375,0.3379752322746125,0.683333263093323,1.0,0.0,0.1939813853414798,0.0,0.0,0.0
60.385416666666664,0.3378830568763792,0.6834645842100058,1.0,0.0,0.1820867962437608,0.0,0.0,0.0
60.395833333333336,0.337787514635332,0.6836053065929206,1.0,0.0,0.1876254414033527,0.0,0.0,0.0
60.40625,0.3376394555100953,0.6838550064681177,1.0,0.0,0.25216176692007924,0.0,0.0,0.0
60.416666666666664,0.3374943735970286,0.6841027134106911,1.0,0.0,0.25086390271005804,0.0,0.0,0.0
60.427083333333336,0.33735530674173625,0.6843420327698603,1.0,0.0,0.24578690159174035,0.0,0.0,0.0
60.4375,0.33722707853832995,0.6845628641828312,1.0,0.0,0.2347510739010309,0.0,0.0,0.0
60.447916666666664,0.33704862986293516,0.6848888394335683,1.0,0.0,0.29676170921774137,0.0,0.0,0.0
60.458333333333336,0.336897642478007,0.6851632139727666,1.0,0.0,0.2661248650014756,0.0,0.0,0.0
60.46875,0.33675802594415905,0.6854178262677887,1.0,0.0,0.2543371348485503,0.0,0.0,0.0
60.479166666666664,0.33658680708253286,0.6857397890123219,1.0,0.0,0.29389341381949535,0.0,0.0,0.0
60.489583333333336,0.3364167331068332,0.6860629478809879,1.0,0.0,0.2944126800024815,0.0,0.0,0.0
60.5,0.336278070727688,0.6863253004094083,1.0,0.0,0.25847915775260305,0.0,0.0,0.0
60.510416666666664,0.3361525596700019,0.6865632914054683,1.0,0.0,0.24404427127701755,0.0,0.0,0.0
60.520833333333336,0.3359770931284318,0.6869055314052305,1.0,0.0,0.30514123383932934,0.0,0.0,0.0
60.53125,0.33580749142874183,0.68723867342774,1.0,0.0,0.2996024261771436,0.0,0.0,0.0
60.541666666666664,0.3356445967339047,0.687560671692998,1.0,0.0,0.2928818517754436,0.0,0.0,0.0
60.552083333333336,0.3354654941965766,0.6879181988105414,1.0,0.0,0.3134945403160899,0.0,0.0,0.0
60.5625,0.3353498573013094,0.6881478150919756,1.0,0.0,0.2384880799036148,0.0,0.0,0.0
60.572916666666664,0.3351945523131534,0.688460204450383,1.0,0.0,0.28676326962141224,0.0,0.0,0.0
60.583333333333336,0.33506174522847115,0.6887280321764853,1.0,0.0,0.2605832463003297,0.0,0.0,0.0
60.59375,0.3349198790136049,0.689015769024899,1.0,0.0,0.27207408896912155,0.0,0.0,0.0
60.604166666666664,0.33478240376434176,0.6892957046668385,1.0,0.0,0.26738649063172937,0.0,0.0,0.0
60.614583333333336,0.33469060127058464,0.6894825986278837,1.0,0.0,0.21306330148836083,0.0,0.0,0.0
60.625,0.3346010042368117,0.6896655290872514,1.0,0.0,0.210696488649195,0.0,0.0,0.0
60.635416666666664,0.33452575318911126,0.6898193845342836,1.0,0.0,0.19372070200106042,0.0,0.0,0.0
60.645833333333336,0.3344679945419611,0.6899375253590639,1.0,0.0,0.17290522453911628,0.0,0.0,0.0
60.65625,0.3344001172637682,0.69007679140833,1.0,0.0,0.1851663192329398,0.0,0.0,0.0
60.666666666666664,0.3343560628638067,0.6901671455859253,1.0,0.0,0.15670076280233577,0.0,0.0,0.0
60.677083333333336,0.3343140848302942,0.690253354990033,1.0,0.0,0.15427803732064496,0.0,0.0,0.0
60.6875,0.33430294472947314,0.6902760054220465,1.0,0.0,0.11733071328825669,0.0,0.0,0.0
60.697916666666664,0.334302398457252,0.6902768066980576,1.0,0.0,0.10463233864172532,0.0,0.0,0.0
60.708333333333336,0.33431636599673714,0.6902476418521699,1.0,0.0,0.08721644867173282,0.0,0.0,0.0
60.71875,0.33434537801596376,0.6901873910595594,1.0,0.0,0.06914519412318523,0.0,0.0,0.0
60.729166666666664,0.33438848925337944,0.6900979837923795,1.0,0.0,0.05218641657030295,0.0,0.0,0.0
60.739583333333336,0.3344399004511461,0.6899913628046019,1.0,0.0,0.042161015221547575,0.0,0.0,0.0
60.75,0.33451003864163,0.6898460011740157,1.0,0.0,0.01960052172230636,0.0,0.0,0.0
60.760416666666664,0.3345963957415942,0.6896670319258653,1.0,0.0,0.0,0.0,0.0,0.0
60.770833333333336,0.3346825881251004,0.6894881551871915,1.0,0.0,0.0,0.0,0.0,0.0
60.78125,0.33476859046763624,0.6893093707848782,1.0,0.0,0.0,0.0,0.0,0.0
60.791666666666664,0.33485437765864834,0.6891306785327445,1.0,0.0,0.0,0.0,0.0,0.0
60.802083333333336,0.33493992483060586,0.6889520782317184,1.0,0.0,0.0,0.0,0.0,0.0
60.8125,0.3350252073874781,0.6887735696700243,1.0,0.0,0.0,0.0,0.0,0.0
60.822916666666664,0.33511020103255656,0.6885951526233842,1.0,0.0,0.0,0.0,0.0,0.0
60.833333333333336,0.33519488179555645,0.6884168268552336,1.0,0.0,0.0,0.0,0.0,0.0
60.84375,0.33527922605893473,0.6882385921169486,1.0,0.0,0.0,0.0,0.0,0.0
60.854166666666664,0.33536321058336527,0.688060448148087,1.0,0.0,0.0,0.0,0.0,0.0
60.864583333333336,0.33544681253231506,0.6878823946766397,1.0,0.0,0.0,0.0,0.0,0.0
60.875,0.3355300094956692,0.6877044314192949,1.0,0.0,0.0,0.0,0.0,0.0
60.885416666666664,0.3356127795123558,0.6875265580817118,1.0,0.0,0.0,0.0,0.0,0.0
60.895833333333336,0.33569510109192674,0.6873487743588056,1.0,0.0,0.0,0.0,0.0,0.0
60.90625,0.33577695323505313,0.6871710799350406,1.0,0.0,0.0,0.0,0.0,0.0
60.916666666666664,0.33585831545289985,0.6869934744847332,1.0,0.0,0.0,0.0,0.0,0.0
60.927083333333336,0.3359391677853467,0.6868159576723627,1.0,0.0,0.0,0.0,0.0,0.0
60.9375,0.3360194908180289,0.6866385291528888,1.0,0.0,0.0,0.0,0.0,0.0
60.947916666666664,0.3360992656981731,0.6864611885720779,1.0,0.0,0.0,0.0,0.0,0.0
60.958333333333336,0.3361784741492111,0.6862839355668339,1.0,0.0,0.0,0.0,0.0,0.0
60.96875,0.3362570984841556,0.6861067697655339,1.0,0.0,0.0,0.0,0.0,0.0
60.979166666666664,0.33633512161772877,0.6859296907883712,1.0,0.0,0.0,0.0,0.0,0.0
60.989583333333336,0.3364125270772375,0.6857526982477002,1.0,0.0,0.0,0.0,0.0,0.0
61.0,0.3364892990121935,0.6855757917483856,1.0,0.0,0.0,0.0,0.0,0.0
61.010416666666664,0.3365654222026809,0.6853989708881538,1.0,0.0,0.0,0.0,0.0,0.0
61.020833333333336,0.3366408820664781,0.6852222352579478,1.0,0.0,0.0,0.0,0.0,0.0
61.03125,0.33671566466494396,0.6850455844422818,1.0,0.0,0.0,0.0,0.0,0.0
61.041666666666664,0.33678975670768196,0.6848690180195981,1.0,0.0,0.0,0.0,0.0,0.0
61.052083333333336,0.33686314555600083,0.6846925355626233,1.0,0.0,0.0,0.0,0.0,0.0
61.0625,0.33693581922519156,0.6845161366387246,1.0,0.0,0.0,0.0,0.0,0.0
61.072916666666664,0.33700776638564595,0.6843398208102648,1.0,0.0,0.0,0.0,0.0,0.0
61.083333333333336,0.3370789763628429,0.684163587634956,1.0,0.0,0.0,0.0,0.0,0.0
61.09375,0.33714943913623274,0.6839874366662115,1.0,0.0,0.0,0.0,0.0,0.0
61.104166666666664,0.33721914533705216,0.6838113674534937,1.0,0.0,0.0,0.0,0.0,0.0
61.114583333333336,0.33728808624510387,0.683635379542661,1.0,0.0,0.0,0.0,0.0,0.0
61.125,0.33735625378453865,0.6834594724763093,1.0,0.0,0.0,0.0,0.0,0.0
61.135416666666664,0.33742364051867796,0.6832836457941102,1.0,0.0,0.0,0.0,0.0,0.0
61.145833333333336,0.3374902396439179,0.6831078990331437,1.0,0.0,0.0,0.0,0.0,0.0
61.15625,0.33755604498275593,0.6829322317282285,1.0,0.0,0.0,0.0,0.0,0.0
61.166666666666664,0.33762105097598427,0.6827566434122434,1.0,0.0,0.0,0.0,0.0,0.0
61.177083333333336,0.3376852526740931,0.6825811336164458,1.0,0.0,0.0,0.0,0.0,0.0
61.1875,0.33774864572792923,0.682405701870783,1.0,0.0,0.0,0.0,0.0,0.0
61.197916666666664,0.3378112263786555,0.6822303477041964,1.0,0.0,0.0,0.0,0.0,0.0
61.208333333333336,0.3378729914470566,0.6820550706449213,1.0,0.0,0.0,0.0,0.0,0.0
61.21875,0.3379339383222377,0.681879870220777,1.0,0.0,0.0,0.0,0.0,0.0
61.229166666666664,0.33799406494976186,0.6817047459594516,1.0,0.0,0.0,0.0,0.0,0.0
61.239583333333336,0.338053369819272,0.6815296973887792,1.0,0.0,0.0,0.0,0.0,0.0
61.25,0.33811185195164334,0.6813547240370083,1.0,0.0,0.0,0.0,0.0,0.0
61.260416666666664,0.33816951088571146,0.681179825433064,1.0,0.0,0.0,0.0,0.0,0.0
61.270833333333336,0.33820958497023795,0.6810387517697285,1.0,0.0,0.0201140332583092,0.0,0.0,0.0
61.28125,0.3382345926211963,0.6809268886248794,1.0,0.0,0.037499120723324196,0.0,0.0,0.0
61.291666666666664,0.33823927401827164,0.6808552323713877,1.0,0.0,0.061453782981477585,0.0,0.0,0.0
61.302083333333336,0.33824246639111955,0.6807864439657169,1.0,0.0,0.06315854825264114,0.0,0.0,0.0
61.3125,0.33821988566364236,0.6807694413886858,1.0,0.0,0.09403025509079796,0.0,0.0,0.0
61.322916666666664,0.3381747446186729,0.6807985155994825,1.0,0.0,0.12149793310734852,0.0,0.0,0.0
61.333333333333336,0.33813157728537796,0.6808249361505028,1.0,0.0,0.11991339181580511,0.0,0.0,0.0
61.34375,0.33807724525382793,0.6808750903987919,1.0,0.0,0.13405278134721826,0.0,0.0,0.0
61.354166666666664,0.3379935121073162,0.6809860370462527,1.0,0.0,0.17025675730551385,0.0,0.0,0.0
61.364583333333336,0.3379141450147583,0.6810905768626023,1.0,0.0,0.16641548953241342,0.0,0.0,0.0
61.375,0.3378309176235599,0.681205122373406,1.0,0.0,0.1723461711362651,0.0,0.0,0.0
61.385416666666664,0.3377133078097578,0.6813913216747816,1.0,0.0,0.21493855592131345,0.0,0.0,0.0
61.395833333333336,0.33758416209806125,0.6816040149218756,1.0,0.0,0.23061712646008434,0.0,0.0,0.0
61.40625,0.3374843172683163,0.6817609409342068,1.0,0.0,0.19740567402082104,0.0,0.0,0.0
61.416666666666664,0.3373738016038222,0.6819419765751453,1.0,0.0,0.21167065302092447,0.0,0.0,0.0
61.427083333333336,0.3372629303159568,0.6821264808120776,1.0,0.0,0.21366531917546241,0.0,0.0,0.0
61.4375,0.3371130687059314,0.6823925781094021,1.0,0.0,0.26197589237266433,0.0,0.0,0.0
61.447916666666664,0.33696076064288366,0.682667189797223,1.0,0.0,0.26688830141693587,0.0,0.0,0.0
61.458333333333336,0.33682516246337274,0.6829113877366364,1.0,0.0,0.24875016828287688,0.0,0.0,0.0
61.46875,0.3366381906074032,0.6832627701647638,1.0,0.0,0.3120215894696296,0.0,0.0,0.0
61.479166666666664,0.33646631989992515,0.6835874230232335,1.0,0.0,0.29601335986436605,0.0,0.0,0.0
61.489583333333336,0.3363014215152586,0.6839012912388895,1.0,0.0,0.28946146327383343,0.0,0.0,0.0
61.5,0.3361732943854641,0.6841433740905489,1.0,0.0,0.24696234340967566,0.0,0.0,0.0
61.510416666666664,0.3360239951331359,0.6844307688978574,1.0,0.0,0.2735549352482391,0.0,0.0,0.0
61.520833333333336,0.33588367885037096,0.684702301237496,1.0,0.0,0.2640717182379958,0.0,0.0,0.0
61.53125,0.3357632508819639,0.6849354092193324,1.0,0.0,0.2413400227014177,0.0,0.0,0.0
61.541666666666664,0.3355918085721797,0.6852743801023118,1.0,0.0,0.3034657832977963,0.0,0.0,0.0
61.552083333333336,0.3354369840549447,0.68558175202757,1.0,0.0,0.2847143385228018,0.0,0.0,0.0
61.5625,0.3352663352813793,0.6859234302293226,1.0,0.0,0.30467351774605206,0.0,0.0,0.0
61.572916666666664,0.33515069968866573,0.6861544336343947,1.0,0.0,0.23961202297612225,0.0,0.0,0.0
61.583333333333336,0.3350038805381825,0.6864504730948077,1.0,0.0,0.2776104801921252,0.0,0.0,0.0
61.59375,0.3348808047675078,0.6866991969465776,1.0,0.0,0.24977281932044165,0.0,0.0,0.0
61.604166666666664,0.33479848345656565,0.686865301530411,1.0,0.0,0.20134731812493148,0.0,0.0,0.0
61.614583333333336,0.3347135768060248,0.6870372828562218,1.0,0.0,0.2047357032641279,0.0,0.0,0.0
61.625,0.33462946908833285,0.6872081645715427,1.0,0.0,0.20404256994287243,0.0,0.0,0.0
61.635416666666664,0.33456964806239015,0.687329634315618,1.0,0.0,0.1751322196749774,0.0,0.0,0.0
61.645833333333336,0.3345152764921104,0.6874402023473842,1.0,0.0,0.16874126471258846,0.0,0.0,0.0
61.65625,0.33447289944172914,0.6875263589158744,1.0,0.0,0.1544698706465163,0.0,0.0,0.0
61.666666666666664,0.3344361345467136,0.687601146817768,1.0,0.0,0.1478219124545657,0.0,0.0,0.0
61.677083333333336,0.3344026434502625,0.6876693372034921,1.0,0.0,0.14396249077126225,0.0,0.0,0.0
61.6875,0.33438864544479147,0.6876975493086388,1.0,0.0,0.12062889427773188,0.0,0.0,0.0
61.697916666666664,0.3343928787290717,0.6876883078223611,1.0,0.0,0.09877426030446954,0.0,0.0,0.0
61.708333333333336,0.33439500977562786,0.6876833780731849,1.0,0.0,0.10129010150439478,0.0,0.0,0.0
61.71875,0.3344128511329449,0.687646136137874,1.0,0.0,0.08243425521188183,0.0,0.0,0.0
61.729166666666664,0.3344596743435319,0.6875492639129008,1.0,0.0,0.047626214626538176,0.0,0.0,0.0
61.739583333333336,0.3345198032013512,0.6874249304666507,1.0,0.0,0.031574922940334295,0.0,0.0,0.0
61.75,0.33459038269909813,0.6872789660119982,1.0,0.0,0.018912320055559886,0.0,0.0,0.0
61.760416666666664,0.33467658738464623,0.6871007054622165,1.0,0.0,0.0,0.0,0.0,0.0
61.770833333333336,0.33476260378745226,0.6869225369398501,1.0,0.0,0.0,0.0,0.0,0.0
61.78125,0.3348484067811038,0.6867444602602687,1.0,0.0,0.0,0.0,0.0,0.0
61.791666666666664,0.33493397148020393,0.6865664752259822,1.0,0.0,0.0,0.0,0.0,0.0
61.802083333333336,0.3350192732688917,0.6863885816268281,1.0,0.0,0.0,0.0,0.0,0.0
61.8125,0.33510428782871204,0.6862107792401705,1.0,0.0,0.0,0.0,0.0,0.0
61.822916666666664,0.3351889911657697,0.6860330678311144,1.0,0.0,0.0,0.0,0.0,0.0
61.833333333333336,0.33527335963710386,0.6858554471527312,1.0,0.0,0.0,0.0,0.0,0.0
61.84375,0.3353573699762237,0.6856779169462975,1.0,0.0,0.0,0.0,0.0,0.0
61.854166666666664,0.335440999317749,0.6855004769415464,1.0,0.0,0.0,0.0,0.0,0.0
61.864583333333336,0.3355242252211033,0.6853231268569281,1.0,0.0,0.0,0.0,0.0,0.0
61.875,0.3356070256932098,0.685145866399883,1.0,0.0,0.0,0.0,0.0,0.0
61.885416666666664,0.3356893792101462,0.6849686952671251,1.0,0.0,0.0,0.0,0.0,0.0
61.895833333333336,0.33577126473771707,0.6847916131449331,1.0,0.0,0.0,0.0,0.0,0.0
61.90625,0.33585266175090767,0.6846146197094519,1.0,0.0,0.0,0.0,0.0,0.0
61.916666666666664,0.33593355025218635,0.684437714627001,1.0,0.0,0.0,0.0,0.0,0.0
61.927083333333336,0.3360139107886281,0.6842608975543923,1.0,0.0,0.0,0.0,0.0,0.0
61.9375,0.3360937244678352,0.6840841681392532,1.0,0.0,0.0,0.0,0.0,0.0
61.947916666666664,0.3361729729726367,0.6839075260203553,1.0,0.0,0.0,0.0,0.0,0.0
61.958333333333336,0.33625163857455076,0.6837309708279508,1.0,0.0,0.0,0.0,0.0,0.0
61.96875,0.33632970414600033,0.6835545021841124,1.0,0.0,0.0,0.0,0.0,0.0
61.979166666666664,0.3364071531712759,0.6833781197030765,1.0,0.0,0.0,0.0,0.0,0.0
61.989583333333336,0.336483969756243,0.6832018229915918,1.0,0.0,0.0,0.0,0.0,0.0
62.0,0.336560138636797,0.6830256116492696,1.0,0.0,0.0,0.0,0.0,0.0
62.010416666666664,0.3366356451860715,0.682849485268936,1.0,0.0,0.0,0.0,0.0,0.0
62.020833333333336,0.3367104754204098,0.6826734434369864,1.0,0.0,0.0,0.0,0.0,0.0
62.03125,0.33678461600411447,0.6824974857337407,1.0,0.0,0.0,0.0,0.0,0.0
62.041666666666664,0.3368580542529904,0.6823216117337981,1.0,0.0,0.0,0.0,0.0,0.0
62.052083333333336,0.3369307781367043,0.682145821006392,1.0,0.0,0.0,0.0,0.0,0.0
62.0625,0.33700277627998243,0.6819701131157448,1.0,0.0,0.0,0.0,0.0,0.0
62.072916666666664,0.3370740379626753,0.6817944876214199,1.0,0.0,0.0,0.0,0.0,0.0
62.083333333333336,0.3371445531187178,0.6816189440786717,1.0,0.0,0.0,0.0,0.0,0.0
62.09375,0.3372143123340172,0.6814434820387945,1.0,0.0,0.0,0.0,0.0,0.0
62.104166666666664,0.33728330684330415,0.6812681010494662,1.0,0.0,0.0,0.0,0.0,0.0
62.114583333333336,0.33735152852598277,0.6810928006550905,1.0,0.0,0.0,0.0,0.0,0.0
62.125,0.337418969901019,0.6809175803971331,1.0,0.0,0.0,0.0,0.0,0.0
62.135416666666664,0.33748562412090705,0.6807424398144553,1.0,0.0,0.0,0.0,0.0,0.0
62.145833333333336,0.3375514849647561,0.6805673784436409,1.0,0.0,0.0,0.0,0.0,0.0
62.15625,0.3376165468305402,0.6803923958193194,1.0,0.0,0.0,0.0,0.0,0.0
62.166666666666664,0.3376808047265551,0.6802174914744821,1.0,0.0,0.0,0.0,0.0,0.0
62.177083333333336,0.33774425426212734,0.680042664940793,1.0,0.0,0.0,0.0,0.0,0.0
62.1875,0.33780689163762095,0.6798679157488937,1.0,0.0,0.0,0.0,0.0,0.0
62.197916666666664,0.3378687136337873,0.6796932434287009,1.0,0.0,0.0,0.0,0.0,0.0
62.208333333333336,0.3379297176005045,0.679518647509697,1.0,0.0,0.0,0.0,0.0,0.0
62.21875,0.3379899014449525,0.6793441275212144,1.0,0.0,0.0,0.0,0.0,0.0
62.229166666666664,0.33804926361926946,0.6791696829927114,1.0,0.0,0.0,0.0,0.0,0.0
62.239583333333336,0.3381078031077355,0.6789953134540413,1.0,0.0,0.0,0.0,0.0,0.0
62.25,0.3381655194135288,0.6788210184357135,1.0,0.0,0.0,0.0,0.0,0.0
62.260416666666664,0.3382224125450981,0.6786467974691469,1.0,0.0,0.0,0.0,0.0,0.0
62.270833333333336,0.3382623553095949,0.6785049983460915,1.0,0.0,0.019353231122131574,0.0,0.0,0.0
62.28125,0.3382826501182419,0.6784014740983801,1.0,0.0,0.04222969001475039,0.0,0.0,0.0
62.291666666666664,0.33829345294864005,0.6783164043017218,1.0,0.0,0.053261313977429885,0.0,0.0,0.0
62.302083333333336,0.3382955699284294,0.6782484414618987,1.0,0.0,0.0634926788589395,0.0,0.0,0.0
62.3125,0.3382734047377024,0.6782291046189834,1.0,0.0,0.09259366900399262,0.0,0.0,0.0
62.322916666666664,0.3382420223625172,0.6782289049975234,1.0,0.0,0.1040472019620288,0.0,0.0,0.0
62.333333333333336,0.3381970822152881,0.6782568183177978,1.0,0.0,0.12086935226825764,0.0,0.0,0.0
62.34375,0.33814735894012915,0.678295642292896,1.0,0.0,0.12739366438513886,0.0,0.0,0.0
62.354166666666664,0.33806649901044034,0.6783983853866588,1.0,0.0,0.1656159743257658,0.0,0.0,0.0
62.364583333333336,0.3379726750817626,0.6785294929104333,1.0,0.0,0.18254673623280904,0.0,0.0,0.0
62.375,0.33786572044610635,0.6786896487770697,1.0,0.0,0.19986392580756043,0.0,0.0,0.0
62.385416666666664,0.3377610867928598,0.6788481323748886,1.0,0.0,0.19881303529996996,0.0,0.0,0.0
62.395833333333336,0.3376512690274388,0.6790198930690734,1.0,0.0,0.2066848239887641,0.0,0.0,0.0
62.40625,0.337533382459944,0.6792108123110854,1.0,0.0,0.2180513139780947,0.0,0.0,0.0
62.416666666666664,0.33739236873790485,0.67945136211239,1.0,0.0,0.2475560222961716,0.0,0.0,0.0
62.427083333333336,0.33725279621376486,0.6796925850736203,1.0,0.0,0.24784691703743228,0.0,0.0,0.0
62.4375,0.33712077030235876,0.679921996564769,1.0,0.0,0.24070965149965273,0.0,0.0,0.0
62.447916666666664,0.3369450670058873,0.6802426690400957,1.0,0.0,0.2948632628617144,0.0,0.0,0.0
62.458333333333336,0.33676222922611027,0.6805817895204781,1.0,0.0,0.3056294224993508,0.0,0.0,0.0
62.46875,0.33660962645759457,0.6808637387067937,1.0,0.0,0.2715061019800056,0.0,0.0,0.0
62.479166666666664,0.3364845206411377,0.6810931300585987,1.0,0.0,0.24020558546342047,0.0,0.0,0.0
62.489583333333336,0.33630273214220957,0.6814397437094382,1.0,0.0,0.3095431932483845,0.0,0.0,0.0
62.5,0.3361171954542676,0.6817973658184381,1.0,0.0,0.3158413300584306,0.0,0.0,0.0
62.510416666666664,0.33594511389170184,0.6821309209400822,1.0,0.0,0.3013916234314967,0.0,0.0,0.0
62.520833333333336,0.3358246531394119,0.6823623539638567,1.0,0.0,0.2408927628717347,0.0,0.0,0.0
62.53125,0.3356926359937035,0.682619038512778,1.0,0.0,0.2556998437461575,0.0,0.0,0.0
62.541666666666664,0.3355484169746426,0.682902381175174,1.0,0.0,0.2713026704362431,0.0,0.0,0.0
62.552083333333336,0.3353766503900495,0.6832437204418292,1.0,0.0,0.3053266972416254,0.0,0.0,0.0
62.5625,0.3352440879096627,0.6835072307296384,1.0,0.0,0.25932113957003955,0.0,0.0,0.0
62.572916666666664,0.33508954713550865,0.683817016623871,1.0,0.0,0.28641377746294056,0.0,0.0,0.0
62.583333333333336,0.33494832760720983,0.6841011467354419,1.0,0.0,0.2711743369292326,0.0,0.0,0.0
62.59375,0.3348294420266149,0.6843408782373813,1.0,0.0,0.24496894202659397,0.0,0.0,0.0
62.604166666666664,0.33469195803694307,0.6846195651985363,1.0,0.0,0.26772425208856226,0.0,0.0,0.0
62.614583333333336,0.33458823511047675,0.6848301095082091,1.0,0.0,0.22764367941991948,0.0,0.0,0.0
62.625,0.33450906828329546,0.6849909641050778,1.0,0.0,0.19845105150411319,0.0,0.0,0.0
62.635416666666664,0.3344333236110028,0.6851451903504328,1.0,0.0,0.19452417242935635,0.0,0.0,0.0
62.645833333333336,0.33437621077956575,0.6852615527034326,1.0,0.0,0.17231362860378038,0.0,0.0,0.0
62.65625,0.33433211208085384,0.685351439206299,1.0,0.0,0.15679231460917495,0.0,0.0,0.0
62.666666666666664,0.3342855428914072,0.6854465254169372,1.0,0.0,0.15982152120055046,0.0,0.0,0.0
62.677083333333336,0.3342520548165977,0.6855149107540085,1.0,0.0,0.14418368667532208,0.0,0.0,0.0
62.6875,0.3342473049212151,0.6855244277935382,1.0,0.0,0.10973511414527291,0.0,0.0,0.0
62.697916666666664,0.33423108714798394,0.6855574749961177,1.0,0.0,0.12350147429286575,0.0,0.0,0.0
62.708333333333336,0.3342481081440629,0.6855223753729868,1.0,0.0,0.08363100092431476,0.0,0.0,0.0
62.71875,0.334264944346787,0.685487629459025,1.0,0.0,0.08383587996041693,0.0,0.0,0.0
62.729166666666664,0.3343012032638576,0.685413032090008,1.0,0.0,0.06051075373529806,0.0,0.0,0.0
62.739583333333336,0.33435640509513853,0.6852995506326216,1.0,0.0,0.03773679090968682,0.0,0.0,0.0
62.75,0.33442597368888016,0.6851565432243275,1.0,0.0,0.020421580210324277,0.0,0.0,0.0
62.760416666666664,0.3345124664357295,0.6849787459810412,1.0,0.0,0.0,0.0,0.0,0.0
62.770833333333336,0.33459881925621765,0.6848010407496816,1.0,0.0,0.0,0.0,0.0,0.0
62.78125,0.33468500664622486,0.6846234273711111,1.0,0.0,0.0,0.0,0.0,0.0
62.791666666666664,0.33477100328684756,0.6844459056730674,1.0,0.0,0.0,0.0,0.0,0.0
62.802083333333336,0.33485678407396463,0.6842684754703197,1.0,0.0,0.0,0.0,0.0,0.0
62.8125,0.3349423241472859,0.6840911365648422,1.0,0.0,0.0,0.0,0.0,0.0
62.822916666666664,0.33502759891881206,0.6839138887460003,1.0,0.0,0.0,0.0,0.0,0.0
62.833333333333336,0.3351125841006374,0.6837367317907518,1.0,0.0,0.0,0.0,0.0,0.0
62.84375,0.3351972557320302,0.6835596654638595,1.0,0.0,0.0,0.0,0.0,0.0
62.854166666666664,0.3352815902057279,0.6833826895181193,1.0,0.0,0.0,0.0,0.0,0.0
62.864583333333336,0.33536556429338776,0.6832058036945982,1.0,0.0,0.0,0.0,0.0,0.0
62.875,0.33544915517013696,0.6830290077228856,1.0,0.0,0.0,0.0,0.0,0.0
62.885416666666664,0.3355323404381701,0.6828523013213549,1.0,0.0,0.0,0.0,0.0,0.0
62.895833333333336,0.33561509814934554,0.682675684197437,1.0,0.0,0.0,0.0,0.0,0.0
62.90625,0.3356974068267361,0.6824991560479013,1.0,0.0,0.0,0.0,0.0,0.0
62.916666666666664,0.3357792454850936,0.6823227165591492,1.0,0.0,0.0,0.0,0.0,0.0
62.927083333333336,0.3358605936501912,0.6821463654075139,1.0,0.0,0.0,0.0,0.0,0.0
62.9375,0.33594143137701205,0.6819701022595698,1.0,0.0,0.0,0.0,0.0,0.0
62.947916666666664,0.3360217392667559,0.6817939267724477,1.0,0.0,0.0,0.0,0.0,0.0
62.958333333333336,0.33610149848264137,0.681617838594159,1.0,0.0,0.0,0.0,0.0,0.0
62.96875,0.3361806907644848,0.6814418373639242,1.0,0.0,0.0,0.0,0.0,0.0
62.979166666666664,0.3362592984420413,0.6812659227125071,1.0,0.0,0.0,0.0,0.0,0.0
62.989583333333336,0.33633730444709786,0.6810900942625546,1.0,0.0,0.0,0.0,0.0,0.0
63.0,0.3364146923243138,0.6809143516289398,1.0,0.0,0.0,0.0,0.0,0.0
63.010416666666664,0.3364914462408051,0.6807386944191081,1.0,0.0,0.0,0.0,0.0,0.0
63.020833333333336,0.3365675509944775,0.6805631222334276,1.0,0.0,0.0,0.0,0.0,0.0
63.03125,0.336642992021113,0.6803876346655403,1.0,0.0,0.0,0.0,0.0,0.0
63.041666666666664,0.3367177554002216,0.6802122313027147,1.0,0.0,0.0,0.0,0.0,0.0
63.052083333333336,0.3367918278596716,0.6800369117262002,1.0,0.0,0.0,0.0,0.0,0.0
63.0625,0.3368651967791164,0.6798616755115805,1.0,0.0,0.0,0.0,0.0,0.0
63.072916666666664,0.33693785019223904,0.6796865222291278,1.0,0.0,0.0,0.0,0.0,0.0
63.083333333333336,0.33700977678783806,0.6795114514441551,1.0,0.0,0.0,0.0,0.0,0.0
63.09375,0.33708096590978276,0.6793364627173673,1.0,0.0,0.0,0.0,0.0,0.0
63.104166666666664,0.337151407555867,0.6791615556052102,1.0,0.0,0.0,0.0,0.0,0.0
63.114583333333336,0.33722109237559433,0.6789867296602167,1.0,0.0,0.0,0.0,0.0,0.0
63.125,0.33729001166692946,0.6788119844313505,1.0,0.0,0.0,0.0,0.0,0.0
63.135416666666664,0.3373581573720525,0.6786373194643452,1.0,0.0,0.0,0.0,0.0,0.0
63.145833333333336,0.3374255220721555,0.6784627343020402,1.0,0.0,0.0,0.0,0.0,0.0
63.15625,0.3374920989813208,0.6782882284847112,1.0,0.0,0.0,0.0,0.0,0.0
63.166666666666664,0.33755788193952435,0.6781138015503966,1.0,0.0,0.0,0.0,0.0,0.0
63.177083333333336,0.33762286540480557,0.6779394530352186,1.0,0.0,0.0,0.0,0.0,0.0
63.1875,0.33768704444464964,0.6777651824736975,1.0,0.0,0.0,0.0,0.0,0.0
63.197916666666664,0.33775041472662565,0.6775909893990614,1.0,0.0,0.0,0.0,0.0,0.0
63.208333333333336,0.33781297250832687,0.6774168733435484,1.0,0.0,0.0,0.0,0.0,0.0
63.21875,0.3378747146266592,0.6772428338387032,1.0,0.0,0.0,0.0,0.0,0.0
63.229166666666664,0.33793563848652314,0.6770688704156661,1.0,0.0,0.0,0.0,0.0,0.0
63.239583333333336,0.33799574204893623,0.6768949826054543,1.0,0.0,0.0,0.0,0.0,0.0
63.25,0.3380550238186412,0.6767211699392377,1.0,0.0,0.0,0.0,0.0,0.0
63.260416666666664,0.3381134828312459,0.6765474319486054,1.0,0.0,0.0,0.0,0.0,0.0
63.270833333333336,0.33815535129088137,0.676405305804535,1.0,0.0,0.01892081887033936,0.0,0.0,0.0
63.28125,0.33818322051761435,0.6762900275904771,1.0,0.0,0.03500371241232514,0.0,0.0,0.0
63.291666666666664,0.33819479572437217,0.6762065550939568,1.0,0.0,0.05407579542929431,0.0,0.0,0.0
63.302083333333336,0.33819878015016314,0.676137936893622,1.0,0.0,0.06298411709004006,0.0,0.0,0.0
63.3125,0.3381897376789872,0.676095253045889,1.0,0.0,0.07854720919164766,0.0,0.0,0.0
63.322916666666664,0.33814487058658177,0.6761244563182967,1.0,0.0,0.12169367054579429,0.0,0.0,0.0
63.333333333333336,0.3381061260417194,0.6761427098332624,1.0,0.0,0.11512019779375544,0.0,0.0,0.0
63.34375,0.33806228702126506,0.6761722576618078,1.0,0.0,0.12189488826729286,0.0,0.0,0.0
63.354166666666664,0.338000481504281,0.6762389892401447,1.0,0.0,0.14419547060616666,0.0,0.0,0.0
63.364583333333336,0.33792813732029325,0.6763285500587779,1.0,0.0,0.15787274590642386,0.0,0.0,0.0
63.375,0.3378201728185106,0.6764914442081529,1.0,0.0,0.2018037036154142,0.0,0.0,0.0
63.385416666666664,0.33770881916974155,0.6766641092100962,1.0,0.0,0.2076012234536856,0.0,0.0,0.0
63.395833333333336,0.33761680935159083,0.6768009924296818,1.0,0.0,0.18612297300163091,0.0,0.0,0.0
63.40625,0.33748943412897425,0.6770112069609121,1.0,0.0,0.22995581411319274,0.0,0.0,0.0
63.416666666666664,0.3373540530587294,0.6772407689914264,1.0,0.0,0.24143532152989144,0.0,0.0,0.0
63.427083333333336,0.337242362429547,0.6774261178031427,1.0,0.0,0.2149233853972511,0.0,0.0,0.0
63.4375,0.33711835515310823,0.6776388875763902,1.0,0.0,0.23122748247850797,0.0,0.0,0.0
63.447916666666664,0.3369710462937813,0.6779014104844121,1.0,0.0,0.2608211101126298,0.0,0.0,0.0
63.458333333333336,0.3368492164596425,0.6781159661786584,1.0,0.0,0.23210193815500865,0.0,0.0,0.0
63.46875,0.33668181338903475,0.678424948275939,1.0,0.0,0.2882566890327217,0.0,0.0,0.0
63.479166666666664,0.33649759435421595,0.6787713617876087,1.0,0.0,0.3103512657882832,0.0,0.0,0.0
63.489583333333336,0.33637069787648555,0.6790057294236369,1.0,0.0,0.24353802449685283,0.0,0.0,0.0
63.5,0.3362044285798876,0.6793219629714868,1.0,0.0,0.29206337736379484,0.0,0.0,0.0
63.510416666666664,0.33602068759876386,0.6796764899030736,1.0,0.0,0.3146030543901375,0.0,0.0,0.0
63.520833333333336,0.3358445315918009,0.6800187460230609,1.0,0.0,0.30710706200320137,0.0,0.0,0.0
63.53125,0.33567199265215986,0.6803564007739771,1.0,0.0,0.3041751112538367,0.0,0.0,0.0
63.541666666666664,0.3355507865545813,0.6805923844777767,1.0,0.0,0.2438308497341997,0.0,0.0,0.0
63.552083333333336,0.3354318961348226,0.6808252015022314,1.0,0.0,0.24186010740399871,0.0,0.0,0.0
63.5625,0.3352620320996572,0.681162971014724,1.0,0.0,0.30376202751356335,0.0,0.0,0.0
63.572916666666664,0.33513666630915073,0.6814121954930957,1.0,0.0,0.2513107676791892,0.0,0.0,0.0
63.583333333333336,0.3350078897582912,0.6816695989860085,1.0,0.0,0.2560257643713155,0.0,0.0,0.0
63.59375,0.33488060104850187,0.681925138105916,1.0,0.0,0.25481166100416036,0.0,0.0,0.0
63.604166666666664,0.3347735234272342,0.6821405294319842,1.0,0.0,0.23105563282584216,0.0,0.0,0.0
63.614583333333336,0.3346610349287081,0.6823677125893918,1.0,0.0,0.23791509056934407,0.0,0.0,0.0
63.625,0.33458474308401825,0.6825217694373639,1.0,0.0,0.19481293251084492,0.0,0.0,0.0
63.635416666666664,0.33450404596488864,0.6826852210666741,1.0,0.0,0.20029587532567678,0.0,0.0,0.0
63.645833333333336,0.33441375243484184,0.6828686556775162,1.0,0.0,0.2119933275847234,0.0,0.0,0.0
63.65625,0.3343664622695004,0.6829646325442841,1.0,0.0,0.16056072452973608,0.0,0.0,0.0
63.666666666666664,0.3343133068720392,0.6830727501150162,1.0,0.0,0.16767533030169823,0.0,0.0,0.0
63.677083333333336,0.33429339571672845,0.6831130894631358,1.0,0.0,0.1278569883694979,0.0,0.0,0.0
63.6875,0.3342639046893433,0.6831730550640217,1.0,0.0,0.13937782489216666,0.0,0.0,0.0
63.697916666666664,0.3342474425095408,0.6832064569476629,1.0,0.0,0.12377720739164699,0.0,0.0,0.0
63.708333333333336,0.3342655618685147,0.6831692069957752,1.0,0.0,0.08229677482830151,0.0,0.0,0.0
63.71875,0.33429461447669584,0.6831095862217369,1.0,0.0,0.0691576467030371,0.0,0.0,0.0
63.729166666666664,0.3343410715731471,0.6830143615993951,1.0,0.0,0.048238593778725976,0.0,0.0,0.0
63.739583333333336,0.3343948430611004,0.6829041216479457,1.0,0.0,0.03940023128279448,0.0,0.0,0.0
63.75,0.33446470006364437,0.6827609401065714,1.0,0.0,0.020015753343954182,0.0,0.0,0.0
63.760416666666664,0.334551133348594,0.6825837849969044,1.0,0.0,0.0,0.0,0.0,0.0
63.770833333333336,0.33463741527156554,0.6824067215187462,1.0,0.0,0.0,0.0,0.0,0.0
63.78125,0.3347235204076494,0.6822297495076245,1.0,0.0,0.0,0.0,0.0,0.0
63.791666666666664,0.3348094235304442,0.6820528687860545,1.0,0.0,0.0,0.0,0.0,0.0
63.802083333333336,0.3348950996414002,0.6818760791637024,1.0,0.0,0.0,0.0,0.0,0.0
63.8125,0.33498052399861306,0.6816993804375637,1.0,0.0,0.0,0.0,0.0,0.0
63.822916666666664,0.33506567214499794,0.681522772392156,1.0,0.0,0.0,0.0,0.0,0.0
63.833333333333336,0.3351505199357769,0.6813462547997243,1.0,0.0,0.0,0.0,0.0,0.0
63.84375,0.33523504356521516,0.6811698274204605,1.0,0.0,0.0,0.0,0.0,0.0
63.854166666666664,0.3353192195925458,0.6809934900027341,1.0,0.0,0.0,0.0,0.0,0.0
63.864583333333336,0.3354030249670237,0.680817242283337,1.0,0.0,0.0,0.0,0.0,0.0
63.875,0.3354864370520559,0.6806410839877364,1.0,0.0,0.0,0.0,0.0,0.0
63.885416666666664,0.33556943364835656,0.6804650148303428,1.0,0.0,0.0,0.0,0.0,0.0
63.895833333333336,0.3356519930160806,0.6802890345147854,1.0,0.0,0.0,0.0,0.0,0.0
63.90625,0.33573409389589304,0.6801131427341977,1.0,0.0,0.0,0.0,0.0,0.0
63.916666666666664,0.33581571552893547,0.6799373391715124,1.0,0.0,0.0,0.0,0.0,0.0
63.927083333333336,0.33589683767565576,0.6797616234997658,1.0,0.0,0.0,0.0,0.0,0.0
63.9375,0.33597744063347074,0.6795859953824077,1.0,0.0,0.0,0.0,0.0,0.0
63.947916666666664,0.3360575052532365,0.6794104544736205,1.0,0.0,0.0,0.0,0.0,0.0
63.958333333333336,0.3361370129545052,0.6792350004186433,1.0,0.0,0.0,0.0,0.0,0.0
63.96875,0.3362159457395512,0.6790596328541024,1.0,0.0,0.0,0.0,0.0,0.0
63.979166666666664,0.33629428620615487,0.6788843514083479,1.0,0.0,0.0,0.0,0.0,0.0
63.989583333333336,0.33637201755913526,0.6787091557017918,1.0,0.0,0.0,0.0,0.0,0.0
64.0,0.3364491236206284,0.6785340453472534,1.0,0.0,0.0,0.0,0.0,0.0
64.01041666666667,0.33652558883911105,0.6783590199503053,1.0,0.0,0.0,0.0,0.0,0.0
64.02083333333333,0.33660139829717484,0.6781840791096231,1.0,0.0,0.0,0.0,0.0,0.0
64.03125,0.33667653771805867,0.6780092224173362,1.0,0.0,0.0,0.0,0.0,0.0
64.04166666666667,0.3367509934709518,0.6778344494593797,1.0,0.0,0.0,0.0,0.0,0.0
64.05208333333333,0.336824752575083,0.677659759815848,1.0,0.0,0.0,0.0,0.0,0.0
64.0625,0.33689780270261555,0.6774851530613468,1.0,0.0,0.0,0.0,0.0,0.0
64.07291666666667,0.33697013218037003,0.6773106287653458,1.0,0.0,0.0,0.0,0.0,0.0
64.08333333333333,0.33704172999040055,0.677136186492529,1.0,0.0,0.0,0.0,0.0,0.0
64.09375,0.3371125857694533,0.6769618258031437,1.0,0.0,0.0,0.0,0.0,0.0
64.10416666666667,0.33718268980733773,0.6767875462533474,1.0,0.0,0.0,0.0,0.0,0.0
64.11458333333333,0.33725203304424484,0.6766133473955516,1.0,0.0,0.0,0.0,0.0,0.0
64.125,0.3373206070670474,0.6764392287787624,1.0,0.0,0.0,0.0,0.0,0.0
64.13541666666667,0.33738840410462095,0.6762651899489173,1.0,0.0,0.0,0.0,0.0,0.0
64.14583333333333,0.337455417022224,0.6760912304492168,1.0,0.0,0.0,0.0,0.0,0.0
64.15625,0.3375216393149797,0.6759173498204533,1.0,0.0,0.0,0.0,0.0,0.0
64.16666666666667,0.33758706510050057,0.6757435476013329,1.0,0.0,0.0,0.0,0.0,0.0
64.17708333333333,0.33765168911070065,0.6755698233287931,1.0,0.0,0.0,0.0,0.0,0.0
64.1875,0.3377155066828388,0.6753961765383135,1.0,0.0,0.0,0.0,0.0,0.0
64.19791666666667,0.337778513749839,0.6752226067642221,1.0,0.0,0.0,0.0,0.0,0.0
64.20833333333333,0.3378407068299334,0.6750491135399926,1.0,0.0,0.0,0.0,0.0,0.0
64.21875,0.3379020830156732,0.6748756963985383,1.0,0.0,0.0,0.0,0.0,0.0
64.22916666666667,0.337962639962355,0.6747023548724945,1.0,0.0,0.0,0.0,0.0,0.0
64.23958333333333,0.33802237587590694,0.6745290884944993,1.0,0.0,0.0,0.0,0.0,0.0
64.25,0.3380812895002821,0.6743558967974619,1.0,0.0,0.0,0.0,0.0,0.0
64.26041666666667,0.3381393801044031,0.6741827793148261,1.0,0.0,0.0,0.0,0.0,0.0
64.27083333333333,0.33817999818730876,0.6740429184355502,1.0,0.0,0.019979137673998348,0.0,0.0,0.0
64.28125,0.33820766394834134,0.6739277508089904,1.0,0.0,0.03482287942239441,0.0,0.0,0.0
64.29166666666667,0.3382212648254894,0.673839835588075,1.0,0.0,0.05122069936437475,0.0,0.0,0.0
64.30208333333333,0.33821374126299125,0.6737936233906225,1.0,0.0,0.07633287109636126,0.0,0.0,0.0
64.3125,0.3382001320753137,0.6737597548082986,1.0,0.0,0.08376690279094016,0.0,0.0,0.0
64.32291666666667,0.3381552625531575,0.6737885616066797,1.0,0.0,0.1215161810601911,0.0,0.0,0.0
64.33333333333333,0.3381014547531446,0.6738364749273329,1.0,0.0,0.1330176700905661,0.0,0.0,0.0
64.34375,0.33803289108599355,0.6739153425216872,1.0,0.0,0.15164377767129966,0.0,0.0,0.0
64.35416666666667,0.33796774114785677,0.6739893446663342,1.0,0.0,0.1487010514862733,0.0,0.0,0.0
64.36458333333333,0.3378663550263505,0.6741374550387752,1.0,0.0,0.19326275474151247,0.0,0.0,0.0
64.375,0.33776562773433516,0.6742870600338938,1.0,0.0,0.19411525156265713,0.0,0.0,0.0
64.38541666666667,0.3376750091824469,0.6744191990555051,1.0,0.0,0.18357506344119548,0.0,0.0,0.0
64.39583333333333,0.33757856583975465,0.674565360757822,1.0,0.0,0.19195964394481665,0.0,0.0,0.0
64.40625,0.33744972035121296,0.6747787929219091,1.0,0.0,0.23228938676162939,0.0,0.0,0.0
64.41666666666667,0.3373325701193949,0.6749720950417928,1.0,0.0,0.2201284039243352,0.0,0.0,0.0
64.42708333333333,0.3372042338488072,0.6751906586367878,1.0,0.0,0.23519531832015894,0.0,0.0,0.0
64.4375,0.33708150471283777,0.6754010380525985,1.0,0.0,0.23020219598264166,0.0,0.0,0.0
64.44791666666667,0.33691385657106515,0.675704301511675,1.0,0.0,0.28570087665086713,0.0,0.0,0.0
64.45833333333333,0.3367587805299564,0.6759860916993127,1.0,0.0,0.2726936150525989,0.0,0.0,0.0
64.46875,0.3365822745983138,0.6763142323795193,1.0,0.0,0.300229286099272,0.0,0.0,0.0
64.47916666666667,0.33643383284983974,0.6765895283283232,1.0,0.0,0.26850247411802813,0.0,0.0,0.0
64.48958333333333,0.33628337340761083,0.67687170167753,1.0,0.0,0.2724640495565096,0.0,0.0,0.0
64.5,0.33610926865192675,0.6772042209277737,1.0,0.0,0.3023066717549454,0.0,0.0,0.0
64.51041666666667,0.3359208195825032,0.6775686656433715,1.0,0.0,0.3211019374866049,0.0,0.0,0.0
64.52083333333333,0.3357910224648758,0.6778177397001085,1.0,0.0,0.25229069262368514,0.0,0.0,0.0
64.53125,0.33565025979663626,0.678090831060162,1.0,0.0,0.2664460180286816,0.0,0.0,0.0
64.54166666666667,0.33549846721214777,0.6783881368979748,1.0,0.0,0.2806839973437051,0.0,0.0,0.0
64.55208333333333,0.3353528416585475,0.6786748936767577,1.0,0.0,0.27427229569978884,0.0,0.0,0.0
64.5625,0.3351916876104293,0.6789948000241333,1.0,0.0,0.29376545593065695,0.0,0.0,0.0
64.57291666666667,0.3350546507170089,0.679267546742676,1.0,0.0,0.26567315804893793,0.0,0.0,0.0
64.58333333333333,0.33491466029476114,0.6795475836614465,1.0,0.0,0.2698541987204514,0.0,0.0,0.0
64.59375,0.33481684830839353,0.6797431766819134,1.0,0.0,0.21981038064056824,0.0,0.0,0.0
64.60416666666667,0.3347112937378395,0.6799552045365933,1.0,0.0,0.22945183903685076,0.0,0.0,0.0
64.61458333333333,0.33462965790908544,0.6801193132908704,1.0,0.0,0.20108303281063383,0.0,0.0,0.0
64.625,0.33455373451095566,0.6802722696611029,1.0,0.0,0.19445457447084166,0.0,0.0,0.0
64.63541666666667,0.33446810713114117,0.6804453514817902,1.0,0.0,0.20628521806305883,0.0,0.0,0.0
64.64583333333333,0.33439973115823074,0.6805837160520259,1.0,0.0,0.18576453486503783,0.0,0.0,0.0
64.65625,0.33435489255477596,0.6806744249198868,1.0,0.0,0.157642445857992,0.0,0.0,0.0
64.66666666666667,0.33430069416442415,0.6807843369491904,1.0,0.0,0.1689441867520378,0.0,0.0,0.0
64.67708333333333,0.33428447507264436,0.6808170503727015,1.0,0.0,0.12344253248089693,0.0,0.0,0.0
64.6875,0.3342581093704909,0.6808704678937013,1.0,0.0,0.1356380986472231,0.0,0.0,0.0
64.69791666666667,0.3342658897941151,0.6808543859153154,1.0,0.0,0.0946923415462674,0.0,0.0,0.0
64.70833333333333,0.3342773466297556,0.6808308024557052,1.0,0.0,0.09027221322823019,0.0,0.0,0.0
64.71875,0.33430595368951127,0.6807722726908924,1.0,0.0,0.06967906926470481,0.0,0.0,0.0
64.72916666666667,0.3343478975497763,0.6806865414092438,1.0,0.0,0.05364038951364301,0.0,0.0,0.0
64.73958333333333,0.3344064169505499,0.6805670000638493,1.0,0.0,0.03369300710278845,0.0,0.0,0.0
64.75,0.3344779135245076,0.6804209455852547,1.0,0.0,0.018029083286955558,0.0,0.0,0.0
64.76041666666667,0.3345643253378991,0.6802444045923276,1.0,0.0,0.0,0.0,0.0,0.0
64.77083333333333,0.3346505818934061,0.6800679548962891,1.0,0.0,0.0,0.0,0.0,0.0
64.78125,0.33473665779452677,0.679891596331233,1.0,0.0,0.0,0.0,0.0,0.0
64.79166666666667,0.33482252784778316,0.6797153287183085,1.0,0.0,0.0,0.0,0.0,0.0
64.80208333333333,0.3349081670919853,0.6795391518658855,1.0,0.0,0.0,0.0,0.0,0.0
64.8125,0.3349935508269346,0.6793630655697348,1.0,0.0,0.0,0.0,0.0,0.0
64.82291666666667,0.3350786546414974,0.6791870696132217,1.0,0.0,0.0,0.0,0.0,0.0
64.83333333333333,0.3351634544409815,0.6790111637675136,1.0,0.0,0.0,0.0,0.0,0.0
64.84375,0.33524792647375284,0.6788353477917991,1.0,0.0,0.0,0.0,0.0,0.0
64.85416666666667,0.3353320473570302,0.6786596214335215,1.0,0.0,0.0,0.0,0.0,0.0
64.86458333333333,0.3354157941018019,0.678483984428623,1.0,0.0,0.0,0.0,0.0,0.0
64.875,0.3354991441368101,0.6783084365018006,1.0,0.0,0.0,0.0,0.0,0.0
64.88541666666667,0.3355820753315527,0.6781329773667728,1.0,0.0,0.0,0.0,0.0,0.0
64.89583333333333,0.33566456601825717,0.6779576067265557,1.0,0.0,0.0,0.0,0.0,0.0
64.90625,0.3357465950127836,0.67778232427375,1.0,0.0,0.0,0.0,0.0,0.0
64.91666666666667,0.3358281416344197,0.6776071296908364,1.0,0.0,0.0,0.0,0.0,0.0
64.92708333333333,0.33590918572453415,0.6774320226504785,1.0,0.0,0.0,0.0,0.0,0.0
64.9375,0.33598970766405845,0.677257002815835,1.0,0.0,0.0,0.0,0.0,0.0
64.94791666666667,0.33606968838977325,0.6770820698408768,1.0,0.0,0.0,0.0,0.0,0.0
64.95833333333333,0.336149109409378,0.6769072233707121,1.0,0.0,0.0,0.0,0.0,0.0
64.96875,0.3362279528153281,0.6767324630419166,1.0,0.0,0.0,0.0,0.0,0.0
64.97916666666667,0.33630620129742794,0.6765577884828683,1.0,0.0,0.0,0.0,0.0,0.0
64.98958333333333,0.33638383815417205,0.6763831993140874,1.0,0.0,0.0,0.0,0.0,0.0
65.0,0.33646084730283166,0.6762086951485788,1.0,0.0,0.0,0.0,0.0,0.0
65.01041666666667,0.3365372132882871,0.6760342755921787,1.0,0.0,0.0,0.0,0.0,0.0
65.02083333333333,0.33661292129061177,0.6758599402439027,1.0,0.0,0.0,0.0,0.0,0.0
65.03125,0.3366879571314155,0.6756856886962962,1.0,0.0,0.0,0.0,0.0,0.0
65.04166666666667,0.33676230727896145,0.6755115205357852,1.0,0.0,0.0,0.0,0.0,0.0
65.05208333333333,0.3368359588520713,0.6753374353430281,1.0,0.0,0.0,0.0,0.0,0.0
65.0625,0.3369088996228397,0.6751634326932673,1.0,0.0,0.0,0.0,0.0,0.0
65.07291666666667,0.33698111801818015,0.6749895121566793,1.0,0.0,0.0,0.0,0.0,0.0
65.08333333333333,0.3370526031202286,0.6748156732987249,1.0,0.0,0.0,0.0,0.0,0.0
65.09375,0.3371233446656337,0.6746419156804965,1.0,0.0,0.0,0.0,0.0,0.0
65.10416666666667,0.3371933330437651,0.6744682388590626,1.0,0.0,0.0,0.0,0.0,0.0
65.11458333333333,0.3372625592938735,0.6742946423878109,1.0,0.0,0.0,0.0,0.0,0.0
65.125,0.3373310151012392,0.6741211258167863,1.0,0.0,0.0,0.0,0.0,0.0
65.13541666666667,0.33739869279234647,0.6739476886930263,1.0,0.0,0.0,0.0,0.0,0.0
65.14583333333333,0.33746558532912385,0.6737743305608916,1.0,0.0,0.0,0.0,0.0,0.0
65.15625,0.33753168630229213,0.6736010509623919,1.0,0.0,0.0,0.0,0.0,0.0
65.16666666666667,0.33759698992386217,0.6734278494375062,1.0,0.0,0.0,0.0,0.0,0.0
65.17708333333333,0.3376614910188265,0.6732547255244992,1.0,0.0,0.0,0.0,0.0,0.0
65.1875,0.33772518501608945,0.6730816787602292,1.0,0.0,0.0,0.0,0.0,0.0
65.19791666666667,0.33778806793868094,0.6729087086804522,1.0,0.0,0.0,0.0,0.0,0.0
65.20833333333333,0.3378501363932998,0.6727358148201188,1.0,0.0,0.0,0.0,0.0,0.0
65.21875,0.33791138755923267,0.6725629967136638,1.0,0.0,0.0,0.0,0.0,0.0
65.22916666666667,0.3379718191766945,0.6723902538952891,1.0,0.0,0.0,0.0,0.0,0.0
65.23958333333333,0.33803142953463683,0.6722175858992394,1.0,0.0,0.0,0.0,0.0,0.0
65.25,0.3380902174580693,0.6720449922600714,1.0,0.0,0.0,0.0,0.0,0.0
65.26041666666667,0.3381481822949401,0.6718724725129135,1.0,0.0,0.0,0.0,0.0,0.0
65.27083333333333,0.338190952474471,0.6717285700935292,1.0,0.0,0.017245713778715303,0.0,0.0,0.0
65.28125,0.3382146228344638,0.6716214215727544,1.0,0.0,0.039427666740990595,0.0,0.0,0.0
65.29166666666667,0.3382219406700379,0.6715460832554258,1.0,0.0,0.0586391041287895,0.0,0.0,0.0
65.30208333333333,0.33821361510480646,0.6715016012458223,1.0,0.0,0.07728346984619514,0.0,0.0,0.0
65.3125,0.3381907214036869,0.6714862856313583,1.0,0.0,0.09491051830665238,0.0,0.0,0.0
65.32291666666667,0.3381514461146103,0.6715041570810149,1.0,0.0,0.11496645217206974,0.0,0.0,0.0
65.33333333333333,0.33809028993831275,0.6715666131912384,1.0,0.0,0.14190130319793032,0.0,0.0,0.0
65.34375,0.33803069202358627,0.6716277165763006,1.0,0.0,0.14107407534091934,0.0,0.0,0.0
65.35416666666667,0.337958349119473,0.671715824964777,1.0,0.0,0.15736929326141383,0.0,0.0,0.0
65.36458333333333,0.33786943370684647,0.6718388965882702,1.0,0.0,0.17845190132630143,0.0,0.0,0.0
65.375,0.33776772808277444,0.6719898548521547,1.0,0.0,0.19523998216498575,0.0,0.0,0.0
65.38541666666667,0.33765723731988884,0.6721610450975489,1.0,0.0,0.20738898450128135,0.0,0.0,0.0
65.39583333333333,0.3375334601936963,0.6723616164626682,1.0,0.0,0.22502974978325702,0.0,0.0,0.0
65.40625,0.33741648057077084,0.6725518294793804,1.0,0.0,0.21871396696399834,0.0,0.0,0.0
65.41666666666667,0.3373120404902916,0.6727199476340164,1.0,0.0,0.20534836056410224,0.0,0.0,0.0
65.42708333333333,0.33716131073644284,0.6729829594134107,1.0,0.0,0.26234969053846585,0.0,0.0,0.0
65.4375,0.33701035813086455,0.6732499958327279,1.0,0.0,0.26463558442917895,0.0,0.0,0.0
65.44791666666667,0.33687326306038834,0.6734927619968597,1.0,0.0,0.24993379099425125,0.0,0.0,0.0
65.45833333333333,0.33669590260257176,0.6738190679486796,1.0,0.0,0.29992088973543674,0.0,0.0,0.0
65.46875,0.33652700766663146,0.6741321549948566,1.0,0.0,0.2918056073868156,0.0,0.0,0.0
65.47916666666667,0.3363733131736702,0.6744181147960097,1.0,0.0,0.27538991131210033,0.0,0.0,0.0
65.48958333333333,0.33624385353552255,0.6746583013800859,1.0,0.0,0.24786612104163427,0.0,0.0,0.0
65.5,0.3360688792126532,0.6749921379456894,1.0,0.0,0.3037202721818482,0.0,0.0,0.0
65.51041666666667,0.3358782486663669,0.6753604068453735,1.0,0.0,0.3240688067549706,0.0,0.0,0.0
65.52083333333333,0.3357393509352365,0.6756275746375777,1.0,0.0,0.26354599699686543,0.0,0.0,0.0
65.53125,0.33562186284927437,0.675853586498494,1.0,0.0,0.23889388852846571,0.0,0.0,0.0
65.54166666666667,0.33547051999483657,0.6761493527771332,1.0,0.0,0.2803365400371215,0.0,0.0,0.0
65.55208333333333,0.33535845255030905,0.676367787008302,1.0,0.0,0.2341742138713827,0.0,0.0,0.0
65.5625,0.3351993499586086,0.6766824062069979,1.0,0.0,0.29127223777114364,0.0,0.0,0.0
65.57291666666667,0.33503562523184927,0.6770080779903506,1.0,0.0,0.2976606577414785,0.0,0.0,0.0
65.58333333333333,0.33493721936424914,0.6772032483941045,1.0,0.0,0.22003500170260668,0.0,0.0,0.0
65.59375,0.3348481609642218,0.6773802993500994,1.0,0.0,0.20921965420459468,0.0,0.0,0.0
65.60416666666667,0.3347435720474028,0.6775894338426243,1.0,0.0,0.22818520183805466,0.0,0.0,0.0
65.61458333333333,0.33462026308685,0.6778371982977716,1.0,0.0,0.25099364422700227,0.0,0.0,0.0
65.625,0.33451032822854665,0.6780586215756351,1.0,0.0,0.23529261881258956,0.0,0.0,0.0
65.63541666666667,0.33441786708562304,0.6782451835290646,1.0,0.0,0.21458128020000192,0.0,0.0,0.0
65.64583333333333,0.33434135174864876,0.6783997919728966,1.0,0.0,0.19562385181070435,0.0,0.0,0.0
65.65625,0.33430335091075164,0.6784764992195159,1.0,0.0,0.14952662677417944,0.0,0.0,0.0
65.66666666666667,0.33427835011532375,0.6785269207344781,1.0,0.0,0.13397725704299143,0.0,0.0,0.0
65.67708333333333,0.33423841986101166,0.6786077107416557,1.0,0.0,0.15192269257715277,0.0,0.0,0.0
65.6875,0.3342193172946241,0.6786462981269434,1.0,0.0,0.12697215389517397,0.0,0.0,0.0
65.69791666666667,0.33420854316045784,0.6786680077842739,1.0,0.0,0.1169961237237307,0.0,0.0,0.0
65.70833333333333,0.3342082216560738,0.6786685084090877,1.0,0.0,0.10446250426641951,0.0,0.0,0.0
65.71875,0.3342413144578701,0.6786011625528328,1.0,0.0,0.06436561403674868,0.0,0.0,0.0
65.72916666666667,0.3342822265413663,0.6785179062252779,1.0,0.0,0.05495170138006053,0.0,0.0,0.0
65.73958333333333,0.33433345784437896,0.6784136554409401,1.0,0.0,0.04252432846304755,0.0,0.0,0.0
65.75,0.3344060631125549,0.678265971368605,1.0,0.0,0.016810319132205147,0.0,0.0,0.0
65.76041666666667,0.33449258441818414,0.6780899517580014,1.0,0.0,0.0,0.0,0.0,0.0
65.77083333333333,0.33457897168649453,0.6779140232629071,1.0,0.0,0.0,0.0,0.0,0.0
65.78125,0.3346651993749969,0.677738185728804,1.0,0.0,0.0,0.0,0.0,0.0
65.79166666666667,0.33475124211955215,0.6775624389881468,1.0,0.0,0.0,0.0,0.0,0.0
65.80208333333333,0.3348370747640466,0.677386782860517,1.0,0.0,0.0,0.0,0.0,0.0
65.8125,0.3416358668340104,0.6639050430885605,1.0,8.16,0.0,0.0,0.0,1.0
65.82291666666667,0.34833535204298677,0.6509448839580284,1.0,8.16,0.0,0.0,0.0,1.0
65.83333333333333,0.3547810856074806,0.6384684255545839,1.0,8.16,0.0,0.0,0.0,1.0
65.84375,0.36083661124734345,0.6264364350183292,1.0,8.16,0.0,0.0,0.0,1.0
65.85416666666667,0.3663950486166886,0.6148102755439685,1.0,8.16,0.0,0.0,0.0,1.0
65.86458333333333,0.37138591537173327,0.6035532256464832,1.0,8.16,0.0,0.0,0.0,1.0
65.875,0.37577640211871466,0.592631406464556,1.0,8.16,0.0,0.0,0.0,1.0
65.88541666666667,0.3795677266024487,0.5820143458501107,1.0,8.16,0.0,0.0,0.0,1.0
65.89583333333333,0.38278818012146265,0.5716752137747831,1.0,8.16,0.0,0.0,0.0,1.0
65.90625,0.3854847927330845,0.5615907914400197,1.0,8.16,0.0,0.0,0.0,1.0
65.91666666666667,0.38771526602874423,0.5517412505104489,1.0,8.16,0.0,0.0,0.0,1.0
65.92708333333333,0.3828280376459724,0.5516161441936076,1.0,0.0,0.0,0.0,0.0,0.0
65.9375,0.37880474854637036,0.5514897377902195,1.0,0.0,0.0,0.0,0.0,0.0
65.94791666666667,0.37543087467698416,0.5513622246411923,1.0,0.0,0.0,0.0,0.0,0.0
65.95833333333333,0.37255856766488493,0.5512337581170635,1.0,0.0,0.0,0.0,0.0,0.0
65.96875,0.3700823350863564,0.5511044621521449,1.0,0.0,0.0,0.0,0.0,0.0
65.97916666666667,0.36792472879194277,0.5509744384672369,1.0,0.0,0.0,0.0,0.0,0.0
65.98958333333333,0.3660275143230273,0.5508437716721012,1.0,0.0,0.0,0.0,0.0,0.0
66.0,0.36434600439185705,0.5507125329620619,1.0,0.0,0.0,0.0,0.0,0.0
66.01041666666667,0.36284530051291825,0.5505807828544883,1.0,0.0,0.0,0.0,0.0,0.0
66.02083333333333,0.3614977287210661,0.5504485732527766,1.0,0.0,0.0,0.0,0.0,0.0
66.03125,0.360281046603363,0.5503159490288368,1.0,0.0,0.0,0.0,0.0,0.0
66.04166666666667,0.35917716246384773,0.5501829492541328,1.0,0.0,0.0,0.0,0.0,0.0
66.05208333333333,0.3581712028424063,0.5500496081697904,1.0,0.0,0.0,0.0,0.0,0.0
66.0625,0.35725082210167713,0.5499159559600085,1.0,0.0,0.0,0.0,0.0,0.0
66.07291666666667,0.35640568345940293,0.549782019375152,1.0,0.0,0.0,0.0,0.0,0.0
66.08333333333333,0.3556270635412081,0.5496478222385475,1.0,0.0,0.0,0.0,0.0,0.0
66.09375,0.35490754730971025,0.5495133858622827,1.0,0.0,0.0,0.0,0.0,0.0
66.10416666666667,0.3542407900522623,0.5493787293910786,1.0,0.0,0.0,0.0,0.0,0.0
66.11458333333333,0.35362132976550686,0.5492438700887655,1.0,0.0,0.0,0.0,0.0,0.0
66.125,0.3530444378606073,0.5491088235785656,1.0,0.0,0.0,0.0,0.0,0.0
66.13541666666667,0.35250599932189725,0.548973604045897,1.0,0.0,0.0,0.0,0.0,0.0
66.14583333333333,0.3520024157293996,0.5488382244105449,1.0,0.0,0.0,0.0,0.0,0.0
66.15625,0.35153052619379777,0.548702696473623,1.0,0.0,0.0,0.0,0.0,0.0
66.16666666666667,0.35108754244499274,0.5485670310436549,1.0,0.0,0.0,0.0,0.0,0.0
66.17708333333333,0.3506709951933795,0.5484312380452548,1.0,0.0,0.0,0.0,0.0,0.0
66.1875,0.35027868953619773,0.5482953266132302,1.0,0.0,0.0,0.0,0.0,0.0
66.19791666666667,0.34990866767207335,0.5481593051744021,1.0,0.0,0.0,0.0,0.0,0.0
66.20833333333333,0.34955917755895244,0.5480231815190288,1.0,0.0,0.0,0.0,0.0,0.0
66.21875,0.349228646435159,0.5478869628633868,1.0,0.0,0.0,0.0,0.0,0.0
66.22916666666667,0.3489156583426412,0.5477506559047971,1.0,0.0,0.0,0.0,0.0,0.0
66.23958333333333,0.34861893496182866,0.5476142668701712,1.0,0.0,0.0,0.0,0.0,0.0
66.25,0.3483373192007831,0.5474778015589756,1.0,0.0,0.0,0.0,0.0,0.0
66.26041666666667,0.34806976108627635,0.5473412653813705,1.0,0.0,0.0,0.0,0.0,0.0
66.27083333333333,0.34779859782723876,0.5472309503422662,1.0,0.0,0.02004931243866621,0.0,0.0,0.0
66.28125,0.3475276327172078,0.5471407728903118,1.0,0.0,0.03544433351076609,0.0,0.0,0.0
66.29166666666667,0.34725951319174037,0.5470661690088117,1.0,0.0,0.0473471229097675,0.0,0.0,0.0
66.30208333333333,0.34698528189990563,0.547020673090109,1.0,0.0,0.06953886826726692,0.0,0.0,0.0
66.3125,0.3466947846146428,0.5470203838543803,1.0,0.0,0.10394668993035157,0.0,0.0,0.0
66.32291666666667,0.34640402467351467,0.5470408173769302,1.0,0.0,0.11969425136033021,0.0,0.0,0.0
66.33333333333333,0.3461196030650825,0.5470711343186162,1.0,0.0,0.12718495887996942,0.0,0.0,0.0
66.34375,0.3458246274801548,0.5471371961393371,1.0,0.0,0.15427891666484683,0.0,0.0,0.0
66.35416666666667,0.34553360975994146,0.5472163344417098,1.0,0.0,0.1641405309524509,0.0,0.0,0.0
66.36458333333333,0.3452276812172413,0.5473377641884587,1.0,0.0,0.19609574245425865,0.0,0.0,0.0
66.375,0.34493668080868345,0.5474546835792916,1.0,0.0,0.19258692026833824,0.0,0.0,0.0
66.38541666666667,0.344641969438681,0.5475952848035287,1.0,0.0,0.2103827629683518,0.0,0.0,0.0
66.39583333333333,0.3443782736795389,0.5477041444071566,1.0,0.0,0.18631978246853478,0.0,0.0,0.0
66.40625,0.34408884582978777,0.5478692863589992,1.0,0.0,0.2286649108837889,0.0,0.0,0.0
66.41666666666667,0.34381912320707253,0.5480194803989734,1.0,0.0,0.21727302488878728,0.0,0.0,0.0
66.42708333333333,0.3435188280390041,0.5482333870401738,1.0,0.0,0.26506815573363457,0.0,0.0,0.0
66.4375,0.34322451967047024,0.5484539883348821,1.0,0.0,0.26989704764267614,0.0,0.0,0.0
66.44791666666667,0.342942378653889,0.5486706095517514,1.0,0.0,0.26670776647106587,0.0,0.0,0.0
66.45833333333333,0.34268336589749765,0.5488645969221285,1.0,0.0,0.24955716624545893,0.0,0.0,0.0
66.46875,0.3423808429510599,0.5491411912144354,1.0,0.0,0.311213550331298,0.0,0.0,0.0
66.47916666666667,0.3420874728279436,0.5494177553076426,1.0,0.0,0.3109093694189493,0.0,0.0,0.0
66.48958333333333,0.3418591365822169,0.5496035100047866,1.0,0.0,0.24286318260903697,0.0,0.0,0.0
66.5,0.3416147278342321,0.5498254173272421,1.0,0.0,0.26968266105557354,0.0,0.0,0.0
66.51041666666667,0.34133778542841364,0.5501105013703718,1.0,0.0,0.31654671213472046,0.0,0.0,0.0
66.52083333333333,0.3411066522535523,0.550333561593853,1.0,0.0,0.27014203174641,0.0,0.0,0.0
66.53125,0.34087612722003324,0.5505651732736266,1.0,0.0,0.2763187531753924,0.0,0.0,0.0
66.54166666666667,0.34064445556744044,0.5508078743891613,1.0,0.0,0.28436285788308224,0.0,0.0,0.0
66.55208333333333,0.3403945358768915,0.5510891264843086,1.0,0.0,0.3127403218597892,0.0,0.0,0.0
66.5625,0.3401781668655717,0.5513254496887682,1.0,0.0,0.2792207345856642,0.0,0.0,0.0
66.57291666666667,0.3399691427476432,0.5515577135482147,1.0,0.0,0.27603439792819434,0.0,0.0,0.0
66.58333333333333,0.3397835193669069,0.5517593219000752,1.0,0.0,0.25320607337868195,0.0,0.0,0.0
66.59375,0.33963087727464036,0.55191362344041,1.0,0.0,0.21814150771494398,0.0,0.0,0.0
66.60416666666667,0.33945024643512006,0.552118440836866,1.0,0.0,0.2553323116119278,0.0,0.0,0.0
66.61458333333333,0.3392731840807925,0.5523232492590913,1.0,0.0,0.2551907956842281,0.0,0.0,0.0
66.625,0.33913645579563084,0.5524678583208584,1.0,0.0,0.210717759164334,0.0,0.0,0.0
66.63541666666667,0.3390241756080726,0.5525767113342254,1.0,0.0,0.18432438638921278,0.0,0.0,0.0
66.64583333333333,0.3388926954535944,0.5527201410381306,1.0,0.0,0.20972438120848758,0.0,0.0,0.0
66.65625,0.3387849737048705,0.5528285594342135,1.0,0.0,0.18391159522397552,0.0,0.0,0.0
66.66666666666667,0.33869869952041565,0.5529049530704399,1.0,0.0,0.16033111360045915,0.0,0.0,0.0
66.67708333333333,0.3386429192437386,0.5529338851275768,1.0,0.0,0.12543101505246948,0.0,0.0,0.0
66.6875,0.33858175375209526,0.5529730854420984,1.0,0.0,0.13297121982294788,0.0,0.0,0.0
66.69791666666667,0.338535077524807,0.5529902155599186,1.0,0.0,0.11675132060430819,0.0,0.0,0.0
66.70833333333333,0.3385120945378032,0.5529698406986165,1.0,0.0,0.08919973933692854,0.0,0.0,0.0
66.71875,0.3385042446766284,0.5529253306772703,1.0,0.0,0.07147013232267697,0.0,0.0,0.0
66.72916666666667,0.3385034855020177,0.5528694412243526,1.0,0.0,0.06310772384198149,0.0,0.0,0.0
66.73958333333333,0.3385286629597236,0.5527712223150254,1.0,0.0,0.03199791164575709,0.0,0.0,0.0
66.75,0.338563659856871,0.5526563587941431,1.0,0.0,0.019744151649790185,0.0,0.0,0.0
66.76041666666667,0.33861456166189413,0.5525146825412939,1.0,0.0,0.0,0.0,0.0,0.0
66.77083333333333,0.3386646580792026,0.5523730635597248,1.0,0.0,0.0,0.0,0.0,0.0
66.78125,0.33871395312959357,0.5522315014828951,1.0,0.0,0.0,0.0,0.0,0.0
66.79166666666667,0.3387624511858418,0.5520899959467481,1.0,0.0,0.0,0.0,0.0,0.0
66.80208333333333,0.3388101569575218,0.5519485465898423,1.0,0.0,0.0,0.0,0.0,0.0
66.8125,0.3388570754759034,0.5518071530534744,1.0,0.0,0.0,0.0,0.0,0.0
66.82291666666667,0.33890321207894714,0.5516658149817975,1.0,0.0,0.0,0.0,0.0,0.0
66.83333333333333,0.33894857239642645,0.5515245320219314,1.0,0.0,0.0,0.0,0.0,0.0
66.84375,0.3389931623351994,0.5513833038240679,1.0,0.0,0.0,0.0,0.0,0.0
66.85416666666667,0.3390369880646534,0.5512421300415679,1.0,0.0,0.0,0.0,0.0,0.0
66.86458333333333,0.3390800560023433,0.5511010103310545,1.0,0.0,0.0,0.0,0.0,0.0
66.875,0.3391223727998427,0.5509599443524992,1.0,0.0,0.0,0.0,0.0,0.0
66.88541666666667,0.3391639453288255,0.5508189317693014,1.0,0.0,0.0,0.0,0.0,0.0
66.89583333333333,0.339204780667395,0.5506779722483635,1.0,0.0,0.0,0.0,0.0,0.0
66.90625,0.33924488608667486,0.5505370654601592,1.0,0.0,0.0,0.0,0.0,0.0
66.91666666666667,0.33928426903767483,0.5503962110787972,1.0,0.0,0.0,0.0,0.0,0.0
66.92708333333333,0.3393229371384444,0.5502554087820787,1.0,0.0,0.0,0.0,0.0,0.0
66.9375,0.3393608981615239,0.5501146582515504,1.0,0.0,0.0,0.0,0.0,0.0
66.94791666666667,0.33939816002170325,0.549973959172552,1.0,0.0,0.0,0.0,0.0,0.0
66.95833333333333,0.33943473076409575,0.5498333112342589,1.0,0.0,0.0,0.0,0.0,0.0
66.96875,0.33947061855253435,0.5496927141297195,1.0,0.0,0.0,0.0,0.0,0.0
66.97916666666667,0.3395058316582956,0.5495521675558896,1.0,0.0,0.0,0.0,0.0,0.0
66.98958333333333,0.33954037844915663,0.5494116712136596,1.0,0.0,0.0,0.0,0.0,0.0
67.0,0.3395742673787876,0.5492712248078807,1.0,0.0,0.0,0.0,0.0,0.0
67.01041666666667,0.33960750697648345,0.5491308280473833,1.0,0.0,0.0,0.0,0.0,0.0
67.02083333333333,0.33964010583723586,0.5489904806449944,1.0,0.0,0.0,0.0,0.0,0.0
67.03125,0.33967207261214594,0.5488501823175499,1.0,0.0,0.0,0.0,0.0,0.0
67.04166666666667,0.3397034159991783,0.5487099327859026,1.0,0.0,0.0,0.0,0.0,0.0
67.05208333333333,0.3397341447342551,0.5485697317749281,1.0,0.0,0.0,0.0,0.0,0.0
67.0625,0.33976426758268846,0.5484295790135254,1.0,0.0,0.0,0.0,0.0,0.0
67.07291666666667,0.33979379333094933,0.5482894742346162,1.0,0.0,0.0,0.0,0.0,0.0
67.08333333333333,0.3398227307787693,0.5481494171751395,1.0,0.0,0.0,0.0,0.0,0.0
67.09375,0.33985108873157255,0.5480094075760444,1.0,0.0,0.0,0.0,0.0,0.0
67.10416666666667,0.33987887599323335,0.547869445182279,1.0,0.0,0.0,0.0,0.0,0.0
67.11458333333333,0.33990610135915483,0.5477295297427773,1.0,0.0,0.0,0.0,0.0,0.0
67.125,0.3399327736096639,0.5475896610104435,1.0,0.0,0.0,0.0,0.0,0.0
67.13541666666667,0.33995890150371727,0.5474498387421333,1.0,0.0,0.0,0.0,0.0,0.0
67.14583333333333,0.33998449377291257,0.5473100626986337,1.0,0.0,0.0,0.0,0.0,0.0
67.15625,0.34000955911579844,0.5471703326446398,1.0,0.0,0.0,0.0,0.0,0.0
67.16666666666667,0.3400341061924776,0.5470306483487302,1.0,0.0,0.0,0.0,0.0,0.0
67.17708333333333,0.3400581436194959,0.5468910095833401,1.0,0.0,0.0,0.0,0.0,0.0
67.1875,0.340081679965011,0.546751416124733,1.0,0.0,0.0,0.0,0.0,0.0
67.19791666666667,0.34010472374423345,0.5466118677529699,1.0,0.0,0.0,0.0,0.0,0.0
67.20833333333333,0.340127283415133,0.5464723642518772,1.0,0.0,0.0,0.0,0.0,0.0
67.21875,0.34014936737440277,0.5463329054090141,1.0,0.0,0.0,0.0,0.0,0.0
67.22916666666667,0.34017098395367473,0.5461934910156373,1.0,0.0,0.0,0.0,0.0,0.0
67.23958333333333,0.3401921414159778,0.5460541208666647,1.0,0.0,0.0,0.0,0.0,0.0
67.25,0.34021284795243223,0.5459147947606386,1.0,0.0,0.0,0.0,0.0,0.0
67.26041666666667,0.34023311167917214,0.5457755124996873,1.0,0.0,0.0,0.0,0.0,0.0
67.27083333333333,0.3402393098816504,0.5456581333071749,1.0,0.0,0.016356903406501835,0.0,0.0,0.0
67.28125,0.3402277560652181,0.545569032369223,1.0,0.0,0.037499403047324284,0.0,0.0,0.0
67.29166666666667,0.3402038862671402,0.5455000885039266,1.0,0.0,0.05257655905451763,0.0,0.0,0.0
67.30208333333333,0.34016103301293416,0.5454624078864927,1.0,0.0,0.07597056986444421,0.0,0.0,0.0
67.3125,0.34010195801319004,0.5454522051130151,1.0,0.0,0.0965328135833528,0.0,0.0,0.0
67.32291666666667,0.34002791073136385,0.5454680212819005,1.0,0.0,0.11599818292741462,0.0,0.0,0.0
67.33333333333333,0.3399397759348714,0.5455089314023468,1.0,0.0,0.13476126059781454,0.0,0.0,0.0
67.34375,0.33985080374417403,0.5455541181053991,1.0,0.0,0.13794812057188036,0.0,0.0,0.0
67.35416666666667,0.33974989250319604,0.5456213970264984,1.0,0.0,0.15444510200999634,0.0,0.0,0.0
67.36458333333333,0.3396166221116446,0.5457439404215648,1.0,0.0,0.1956977703691097,0.0,0.0,0.0
67.375,0.3394715850256034,0.5458896783389268,1.0,0.0,0.21295149004069064,0.0,0.0,0.0
67.38541666666667,0.3393419373260203,0.5460152142614297,1.0,0.0,0.19781108934729483,0.0,0.0,0.0
67.39583333333333,0.33919947083878293,0.5461653568191565,1.0,0.0,0.21609382503387017,0.0,0.0,0.0
67.40625,0.33907439948065815,0.5462917469607658,1.0,0.0,0.19832641700165293,0.0,0.0,0.0
67.41666666666667,0.3388978793662996,0.5465047365899438,1.0,0.0,0.26272311726002795,0.0,0.0,0.0
67.42708333333333,0.3387188340359911,0.5467268923602636,1.0,0.0,0.269394900112532,0.0,0.0,0.0
67.4375,0.33853820533311063,0.5469566077503321,1.0,0.0,0.274856867520986,0.0,0.0,0.0
67.44791666666667,0.33838046527136323,0.547154188985403,1.0,0.0,0.25084952078307526,0.0,0.0,0.0
67.45833333333333,0.3382045759500709,0.5473852302338482,1.0,0.0,0.27553892486449444,0.0,0.0,0.0
67.46875,0.3380133797845169,0.5476455035271592,1.0,0.0,0.2970308888205798,0.0,0.0,0.0
67.47916666666667,0.33784952180394173,0.5478661030524431,1.0,0.0,0.26747547204670774,0.0,0.0,0.0
67.48958333333333,0.3376961191706997,0.54807353270409,1.0,0.0,0.2575943482957514,0.0,0.0,0.0
67.5,0.33753007945957547,0.5483049029405745,1.0,0.0,0.27515338938598094,0.0,0.0,0.0
67.51041666666667,0.3373685102498079,0.5485325777155798,1.0,0.0,0.27227087128649136,0.0,0.0,0.0
67.52083333333333,0.33719920380179275,0.5487761735061137,1.0,0.0,0.2838613137038808,0.0,0.0,0.0
67.53125,0.3370024529108092,0.5490678318972377,1.0,0.0,0.31909493352526574,0.0,0.0,0.0
67.54166666666667,0.3368136931110543,0.5493502109497143,1.0,0.0,0.31202979613068393,0.0,0.0,0.0
67.55208333333333,0.3366843684340727,0.5495389546282722,1.0,0.0,0.24297876491200274,0.0,0.0,0.0
67.5625,0.33654718369787795,0.5497426761050078,1.0,0.0,0.25388174402752944,0.0,0.0,0.0
67.57291666666667,0.336392681327607,0.549976889599548,1.0,0.0,0.27614757814993024,0.0,0.0,0.0
67.58333333333333,0.33627326612055847,0.5501560526943708,1.0,0.0,0.2356218464103908,0.0,0.0,0.0
67.59375,0.33613550917651547,0.550366939806765,1.0,0.0,0.2587845716545972,0.0,0.0,0.0
67.60416666666667,0.33601697278025566,0.5505482154619487,1.0,0.0,0.23697630871744538,0.0,0.0,0.0
67.61458333333333,0.3358828735551105,0.5507565232244273,1.0,0.0,0.2566699524029189,0.0,0.0,0.0
67.625,0.33579421861743214,0.5508919075578921,1.0,0.0,0.20321866053735438,0.0,0.0,0.0
67.63541666666667,0.3357077102960796,0.5510247596990605,1.0,0.0,0.20131709674059173,0.0,0.0,0.0
67.64583333333333,0.33565567855115463,0.5511019238013808,1.0,0.0,0.16057190509169617,0.0,0.0,0.0
67.65625,0.33559440567496324,0.5511947837000483,1.0,0.0,0.1720232888087758,0.0,0.0,0.0
67.66666666666667,0.3355401539438566,0.5512767045098202,1.0,0.0,0.1640098769472773,0.0,0.0,0.0
67.67708333333333,0.3354927581503884,0.5513478652099184,1.0,0.0,0.15613454273155847,0.0,0.0,0.0
67.6875,0.3354732362394006,0.5513736359790571,1.0,0.0,0.12298325169874305,0.0,0.0,0.0
67.69791666666667,0.33546887473948406,0.5513746548309223,1.0,0.0,0.10491053920562801,0.0,0.0,0.0
67.70833333333333,0.3354728988909047,0.5513619275887222,1.0,0.0,0.09487430301159146,0.0,0.0,0.0
67.71875,0.33549735839661926,0.551315584229149,1.0,0.0,0.07032738846181101,0.0,0.0,0.0
67.72916666666667,0.3355394418943368,0.5512400872984973,1.0,0.0,0.04902830591594188,0.0,0.0,0.0
67.73958333333333,0.335588983144512,0.551151999821573,1.0,0.0,0.039814626624868,0.0,0.0,0.0
67.75,0.3356546588933969,0.5510370117507617,1.0,0.0,0.02013261065851761,0.0,0.0,0.0
67.76041666666667,0.3357367445767672,0.5508945397851238,1.0,0.0,0.0,0.0,0.0,0.0
67.77083333333333,0.33581835034973856,0.550752139268509,1.0,0.0,0.0,0.0,0.0,0.0
67.78125,0.3358994559898765,0.550609809935817,1.0,0.0,0.0,0.0,0.0,0.0
67.79166666666667,0.3359800418122678,0.5504675515141917,1.0,0.0,0.0,0.0,0.0,0.0
67.80208333333333,0.3360600886859516,0.5503253637232781,1.0,0.0,0.0,0.0,0.0,0.0
67.8125,0.3361395780491365,0.5501832462754858,1.0,0.0,0.0,0.0,0.0,0.0
67.82291666666667,0.33621849192318704,0.550041198876257,1.0,0.0,0.0,0.0,0.0,0.0
67.83333333333333,0.3362968129253666,0.5498992212243382,1.0,0.0,0.0,0.0,0.0,0.0
67.84375,0.33637452428032993,0.5497573130120559,1.0,0.0,0.0,0.0,0.0,0.0
67.85416666666667,0.3364516098303605,0.5496154739255947,1.0,0.0,0.0,0.0,0.0,0.0
67.86458333333333,0.3365280540443538,0.5494737036452788,1.0,0.0,0.0,0.0,0.0,0.0
67.875,0.33660384202555127,0.5493320018458547,1.0,0.0,0.0,0.0,0.0,0.0
67.88541666666667,0.33667895951803234,0.5491903681967757,1.0,0.0,0.0,0.0,0.0,0.0
67.89583333333333,0.33675339291197814,0.5490488023624872,1.0,0.0,0.0,0.0,0.0,0.0
67.90625,0.33682712924772185,0.5489073040027124,1.0,0.0,0.0,0.0,0.0,0.0
67.91666666666667,0.336900156218605,0.5487658727727383,1.0,0.0,0.0,0.0,0.0,0.0
67.92708333333333,0.33697246217266286,0.5486245083237002,1.0,0.0,0.0,0.0,0.0,0.0
67.9375,0.3370440361131642,0.5484832103028671,1.0,0.0,0.0,0.0,0.0,0.0
67.94791666666667,0.3371148676980339,0.5483419783539223,1.0,0.0,0.0,0.0,0.0,0.0
67.95833333333333,0.3371849472381896,0.5482008121172461,1.0,0.0,0.0,0.0,0.0,0.0
67.96875,0.33725426569482636,0.5480597112301935,1.0,0.0,0.0,0.0,0.0,0.0
67.97916666666667,0.3373228146756848,0.5479186753273694,1.0,0.0,0.0,0.0,0.0,0.0
67.98958333333333,0.3373905864303407,0.547777704040902,1.0,0.0,0.0,0.0,0.0,0.0
68.0,0.3374575738445556,0.5476367970007118,1.0,0.0,0.0,0.0,0.0,0.0
68.01041666666667,0.33752377043373005,0.5474959538347764,1.0,0.0,0.0,0.0,0.0,0.0
68.02083333333333,0.33758917033550145,0.5473551741693925,1.0,0.0,0.0,0.0,0.0,0.0
68.03125,0.33765376830153027,0.5472144576294321,1.0,0.0,0.0,0.0,0.0,0.0
68.04166666666667,0.3377175596885196,0.5470738038385946,1.0,0.0,0.0,0.0,0.0,0.0
68.05208333333333,0.3377805404485126,0.5469332124196542,1.0,0.0,0.0,0.0,0.0,0.0
68.0625,0.3378427071185143,0.5467926829947014,1.0,0.0,0.0,0.0,0.0,0.0
68.07291666666667,0.33790405680948316,0.5466522151853793,1.0,0.0,0.0,0.0,0.0,0.0
68.08333333333333,0.3379645871947387,0.5465118086131148,1.0,0.0,0.0,0.0,0.0,0.0
68.09375,0.3380242964978315,0.5463714628993426,1.0,0.0,0.0,0.0,0.0,0.0
68.10416666666667,0.33808318347992083,0.5462311776657248,1.0,0.0,0.0,0.0,0.0,0.0
68.11458333333333,0.3381412474267059,0.5460909525343637,1.0,0.0,0.0,0.0,0.0,0.0
68.125,0.3381984881349552,0.5459507871280073,1.0,0.0,0.0,0.0,0.0,0.0
68.13541666666667,0.33825490589867774,0.5458106810702497,1.0,0.0,0.0,0.0,0.0,0.0
68.14583333333333,0.33831050149498043,0.5456706339857249,1.0,0.0,0.0,0.0,0.0,0.0
68.15625,0.33836527616965273,0.5455306455002937,1.0,0.0,0.0,0.0,0.0,0.0
68.16666666666667,0.33841923162252086,0.5453907152412236,1.0,0.0,0.0,0.0,0.0,0.0
68.17708333333333,0.33847236999261104,0.5452508428373627,1.0,0.0,0.0,0.0,0.0,0.0
68.1875,0.3385246938431608,0.5451110279193067,1.0,0.0,0.0,0.0,0.0,0.0
68.19791666666667,0.3385762061465161,0.5449712701195589,1.0,0.0,0.0,0.0,0.0,0.0
68.20833333333333,0.3386269102689502,0.5448315690726842,1.0,0.0,0.0,0.0,0.0,0.0
68.21875,0.3386768099554386,0.5446919244154553,1.0,0.0,0.0,0.0,0.0,0.0
68.22916666666667,0.33872590931442426,0.544552335786994,1.0,0.0,0.0,0.0,0.0,0.0
68.23958333333333,0.33877421280260367,0.5444128028289036,1.0,0.0,0.0,0.0,0.0,0.0
68.25,0.33882172520976445,0.5442733251853968,1.0,0.0,0.0,0.0,0.0,0.0
68.26041666666667,0.33886845164370283,0.5441339025034162,1.0,0.0,0.0,0.0,0.0,0.0
68.27083333333333,0.3388999621225009,0.5440177057978541,1.0,0.0,0.017322471296607397,0.0,0.0,0.0
68.28125,0.33891126778533226,0.5439331186285725,1.0,0.0,0.04093149367713901,0.0,0.0,0.0
68.29166666666667,0.33890468237271454,0.5438769507717656,1.0,0.0,0.0621713205063438,0.0,0.0,0.0
68.30208333333333,0.33888064907251164,0.5438489660749785,1.0,0.0,0.08324250976422562,0.0,0.0,0.0
68.3125,0.33885436331746105,0.5438252464357463,1.0,0.0,0.08643195629334925,0.0,0.0,0.0
68.32291666666667,0.338799118095969,0.5438487164966148,1.0,0.0,0.12171267647627662,0.0,0.0,0.0
68.33333333333333,0.33872939196115576,0.5438969184114373,1.0,0.0,0.14019302062271363,0.0,0.0,0.0
68.34375,0.33864901359982613,0.5439640838564092,1.0,0.0,0.15435009867616803,0.0,0.0,0.0
68.35416666666667,0.3385530595829239,0.5440583905139456,1.0,0.0,0.17460030387661382,0.0,0.0,0.0
68.36458333333333,0.3384603498623184,0.5441499711186762,1.0,0.0,0.172533747975968,0.0,0.0,0.0
68.375,0.33835727837453833,0.544260575656571,1.0,0.0,0.18669652586935473,0.0,0.0,0.0
68.38541666666667,0.3382475876271697,0.5443844103526014,1.0,0.0,0.196519754294795,0.0,0.0,0.0
68.39583333333333,0.3381364395480576,0.5445132798144395,1.0,0.0,0.2002211314832514,0.0,0.0,0.0
68.40625,0.33802144011506774,0.544651015528775,1.0,0.0,0.20677049928026459,0.0,0.0,0.0
68.41666666666667,0.33790283129295084,0.5447972590922501,1.0,0.0,0.2130425069703284,0.0,0.0,0.0
68.42708333333333,0.33775020261561955,0.5450010962160707,1.0,0.0,0.2558106671942146,0.0,0.0,0.0
68.4375,0.3376222618189645,0.5451684853732603,1.0,0.0,0.22860158523112778,0.0,0.0,0.0
68.44791666666667,0.33748034954032674,0.5453611927373161,1.0,0.0,0.2473186286573949,0.0,0.0,0.0
68.45833333333333,0.33729930782459916,0.5456201474241912,1.0,0.0,0.29635908036405034,0.0,0.0,0.0
68.46875,0.3371248885261921,0.5458720655686049,1.0,0.0,0.2909512861588227,0.0,0.0,0.0
68.47916666666667,0.3369330067410399,0.5461556643836508,1.0,0.0,0.31422424056819037,0.0,0.0,0.0
68.48958333333333,0.3367532580624491,0.5464231341137568,1.0,0.0,0.3020691525402909,0.0,0.0,0.0
68.5,0.33657723771736503,0.5466876824969717,1.0,0.0,0.29970955313584613,0.0,0.0,0.0
68.51041666666667,0.3363903680477949,0.5469727665548592,1.0,0.0,0.3146697401274834,0.0,0.0,0.0
68.52083333333333,0.33626459223794547,0.5471613328817758,1.0,0.0,0.24327745881046273,0.0,0.0,0.0
68.53125,0.3361025279763888,0.5474107744272477,1.0,0.0,0.28803477790302284,0.0,0.0,0.0
68.54166666666667,0.33591556531381667,0.5477030315111809,1.0,0.0,0.3193769799873719,0.0,0.0,0.0
68.55208333333333,0.33577705840606153,0.5479186390322872,1.0,0.0,0.26278414009751566,0.0,0.0,0.0
68.5625,0.33564891878574754,0.548118929345648,1.0,0.0,0.2514014325615928,0.0,0.0,0.0
68.57291666666667,0.3354967906254555,0.5483598115044056,1.0,0.0,0.28109584065875687,0.0,0.0,0.0
68.58333333333333,0.33538967753101956,0.548528625996094,1.0,0.0,0.22806773324839008,0.0,0.0,0.0
68.59375,0.3352535454230797,0.54874591285687,1.0,0.0,0.26353014269322866,0.0,0.0,0.0
68.60416666666667,0.33514263858490995,0.5489230707828977,1.0,0.0,0.23400418902605563,0.0,0.0,0.0
68.61458333333333,0.3350208244611668,0.5491189722871701,1.0,0.0,0.2476426915623482,0.0,0.0,0.0
68.625,0.33490953461095263,0.5492984980890308,1.0,0.0,0.2355587455118522,0.0,0.0,0.0
68.63541666666667,0.33483132427888573,0.5494244643804543,1.0,0.0,0.19630773820127925,0.0,0.0,0.0
68.64583333333333,0.3347523315775635,0.5495521586169887,1.0,0.0,0.19752823939623723,0.0,0.0,0.0
68.65625,0.3346893426821071,0.5496539827920361,1.0,0.0,0.17858245926742028,0.0,0.0,0.0
68.66666666666667,0.33464237229637345,0.5497297866701577,1.0,0.0,0.1595481038574093,0.0,0.0,0.0
68.67708333333333,0.3346223331999336,0.5497615389881431,1.0,0.0,0.1273599554126324,0.0,0.0,0.0
68.6875,0.334611510359371,0.5497782237830645,1.0,0.0,0.11635287621260025,0.0,0.0,0.0
68.69791666666667,0.33460009910365834,0.5497959142974544,1.0,0.0,0.11708659898557586,0.0,0.0,0.0
68.70833333333333,0.33460142711240204,0.5497927121204275,1.0,0.0,0.10182808325732533,0.0,0.0,0.0
68.71875,0.3346258943281105,0.549751487795952,1.0,0.0,0.07405773402733948,0.0,0.0,0.0
68.72916666666667,0.3346655073402778,0.5496853065644275,1.0,0.0,0.05582065742528863,0.0,0.0,0.0
68.73958333333333,0.33472062004263586,0.5495935454502618,1.0,0.0,0.03711520286541153,0.0,0.0,0.0
68.75,0.3347905595113557,0.549477262949812,1.0,0.0,0.019165049651519855,0.0,0.0,0.0
68.76041666666667,0.33487628765339755,0.5493348292188072,1.0,0.0,0.0,0.0,0.0,0.0
68.77083333333333,0.3349617694568362,0.5491924687484954,1.0,0.0,0.0,0.0,0.0,0.0
68.78125,0.3350469803995979,0.5490501813674846,1.0,0.0,0.0,0.0,0.0,0.0
68.79166666666667,0.3351318962659358,0.5489079668944592,1.0,0.0,0.0,0.0,0.0,0.0
68.80208333333333,0.335216493173337,0.5487658251383538,1.0,0.0,0.0,0.0,0.0,0.0
68.8125,0.33530074759863027,0.548623755898538,1.0,0.0,0.0,0.0,0.0,0.0
68.82291666666667,0.33538463640323657,0.5484817589650097,1.0,0.0,0.0,0.0,0.0,0.0
68.83333333333333,0.3354681368575067,0.5483398341185994,1.0,0.0,0.0,0.0,0.0,0.0
68.84375,0.33555122666409487,0.548197981131182,1.0,0.0,0.0,0.0,0.0,0.0
68.85416666666667,0.3356338839803206,0.5480561997658974,1.0,0.0,0.0,0.0,0.0,0.0
68.86458333333333,0.33571608743947545,0.5479144897773794,1.0,0.0,0.0,0.0,0.0,0.0
68.875,0.33579781617103505,0.5477728509119919,1.0,0.0,0.0,0.0,0.0,0.0
68.88541666666667,0.3358790498197414,0.5476312829080714,1.0,0.0,0.0,0.0,0.0,0.0
68.89583333333333,0.33595976856352444,0.5474897854961768,1.0,0.0,0.0,0.0,0.0,0.0
68.90625,0.3360399531302363,0.547348358399344,1.0,0.0,0.0,0.0,0.0,0.0
68.91666666666667,0.33611958481317655,0.5472070013333472,1.0,0.0,0.0,0.0,0.0,0.0
68.92708333333333,0.33619864548539,0.547065714006963,1.0,0.0,0.0,0.0,0.0,0.0
68.9375,0.3362771176127245,0.5469244961222408,1.0,0.0,0.0,0.0,0.0,0.0
68.94791666666667,0.33635498426563903,0.5467833473747755,1.0,0.0,0.0,0.0,0.0,0.0
68.95833333333333,0.33643222912975795,0.5466422674539838,1.0,0.0,0.0,0.0,0.0,0.0
68.96875,0.3365088365151701,0.5465012560433835,1.0,0.0,0.0,0.0,0.0,0.0
68.97916666666667,0.3365847913644773,0.5463603128208738,1.0,0.0,0.0,0.0,0.0,0.0
68.98958333333333,0.3366600792595984,0.5462194374590186,1.0,0.0,0.0,0.0,0.0,0.0
69.0,0.3367346864273418,0.5460786296253294,1.0,0.0,0.0,0.0,0.0,0.0
69.01041666666667,0.3368085997437596,0.5459378889825498,1.0,0.0,0.0,0.0,0.0,0.0
69.02083333333333,0.3368818067373035,0.5457972151889398,1.0,0.0,0.0,0.0,0.0,0.0
69.03125,0.33695429559080287,0.5456566078985592,1.0,0.0,0.0,0.0,0.0,0.0
69.04166666666667,0.337026055142291,0.5455160667615506,1.0,0.0,0.0,0.0,0.0,0.0
69.05208333333333,0.3370970748847066,0.5453755914244214,1.0,0.0,0.0,0.0,0.0,0.0
69.0625,0.33716734496450107,0.5452351815303226,1.0,0.0,0.0,0.0,0.0,0.0
69.07291666666667,0.3372368561791855,0.5450948367193271,1.0,0.0,0.0,0.0,0.0,0.0
69.08333333333333,0.3373055999738513,0.5449545566287045,1.0,0.0,0.0,0.0,0.0,0.0
69.09375,0.33737356843670324,0.5448143408931926,1.0,0.0,0.0,0.0,0.0,0.0
69.10416666666667,0.3374407542936429,0.5446741891452662,1.0,0.0,0.0,0.0,0.0,0.0
69.11458333333333,0.33750715090194416,0.5445341010154023,1.0,0.0,0.0,0.0,0.0,0.0
69.125,0.3375727522430629,0.5443940761323408,1.0,0.0,0.0,0.0,0.0,0.0
69.13541666666667,0.3376375529146235,0.5442541141233406,1.0,0.0,0.0,0.0,0.0,0.0
69.14583333333333,0.3377015481216278,0.544114214614432,1.0,0.0,0.0,0.0,0.0,0.0
69.15625,0.33776473366693005,0.5439743772306634,1.0,0.0,0.0,0.0,0.0,0.0
69.16666666666667,0.33782710594102505,0.5438346015963431,1.0,0.0,0.0,0.0,0.0,0.0
69.17708333333333,0.3378886619111941,0.5436948873352758,1.0,0.0,0.0,0.0,0.0,0.0
69.1875,0.33794939911005556,0.5435552340709939,1.0,0.0,0.0,0.0,0.0,0.0
69.19791666666667,0.33800931562356623,0.5434156414269817,1.0,0.0,0.0,0.0,0.0,0.0
69.20833333333333,0.33806841007851884,0.5432761090268953,1.0,0.0,0.0,0.0,0.0,0.0
69.21875,0.33812668162958154,0.5431366364947755,1.0,0.0,0.0,0.0,0.0,0.0
69.22916666666667,0.3381841299459244,0.5429972234552546,1.0,0.0,0.0,0.0,0.0,0.0
69.23958333333333,0.338240755197477,0.5428578695337567,1.0,0.0,0.0,0.0,0.0,0.0
69.25,0.33829655804086073,0.5427185743566921,1.0,0.0,0.0,0.0,0.0,0.0
69.26041666666667,0.33835153960503844,0.542579337551645,1.0,0.0,0.0,0.0,0.0,0.0
69.27083333333333,0.3383918187388694,0.5424624126972891,1.0,0.0,0.01665928542409357,0.0,0.0,0.0
69.28125,0.33841668974531375,0.5423692467978424,1.0,0.0,0.034420499079958033,0.0,0.0,0.0
69.29166666666667,0.33842325294075326,0.54230483419788,1.0,0.0,0.05593667190573733,0.0,0.0,0.0
69.30208333333333,0.3384119251596639,0.5422689370883824,1.0,0.0,0.07728582216733813,0.0,0.0,0.0
69.3125,0.338382356250585,0.5422625477210671,1.0,0.0,0.09938221595756203,0.0,0.0,0.0
69.32291666666667,0.3383361313123144,0.5422835711994756,1.0,0.0,0.11990738646677787,0.0,0.0,0.0
69.33333333333333,0.3382855847798927,0.5423126400144359,1.0,0.0,0.12592700370792204,0.0,0.0,0.0
69.34375,0.3382097635295271,0.5423834490660391,1.0,0.0,0.15715819405829942,0.0,0.0,0.0
69.35416666666667,0.33811780356442905,0.5424819563961929,1.0,0.0,0.17785715002626082,0.0,0.0,0.0
69.36458333333333,0.3380116127972175,0.5426054706546027,1.0,0.0,0.1965183178793888,0.0,0.0,0.0
69.375,0.3379202420298737,0.5427076392848171,1.0,0.0,0.1805201502573717,0.0,0.0,0.0
69.38541666666667,0.33778922403937456,0.5428755731475081,1.0,0.0,0.22959607667402532,0.0,0.0,0.0
69.39583333333333,0.3376734104611699,0.5430219719902236,1.0,0.0,0.21344031746808326,0.0,0.0,0.0
69.40625,0.33753939434164426,0.543200149031692,1.0,0.0,0.2370712792201462,0.0,0.0,0.0
69.41666666666667,0.33742043922006487,0.5433568838965458,1.0,0.0,0.22099773978249831,0.0,0.0,0.0
69.42708333333333,0.3373116842376594,0.5434995827431389,1.0,0.0,0.2104702539618405,0.0,0.0,0.0
69.4375,0.3371883104858207,0.5436679690909696,1.0,0.0,0.22952736964428924,0.0,0.0,0.0
69.44791666666667,0.3370395429616472,0.5438796738426871,1.0,0.0,0.2616588350156002,0.0,0.0,0.0
69.45833333333333,0.336857249980062,0.5441482836413263,1.0,0.0,0.3038060261183479,0.0,0.0,0.0
69.46875,0.3366693353699928,0.5444292572762409,1.0,0.0,0.3127757015940974,0.0,0.0,0.0
69.47916666666667,0.33649343374172597,0.544693983201398,1.0,0.0,0.3005085076666334,0.0,0.0,0.0
69.48958333333333,0.33632183482731715,0.5449545399706055,1.0,0.0,0.2972239062892223,0.0,0.0,0.0
69.5,0.3361968018156327,0.5451421467872175,1.0,0.0,0.2430541674416941,0.0,0.0,0.0
69.51041666666667,0.33604472654197226,0.545375351916494,1.0,0.0,0.2766736453130347,0.0,0.0,0.0
69.52083333333333,0.33590743933632117,0.5455865478147786,1.0,0.0,0.2602623313682945,0.0,0.0,0.0
69.53125,0.3357609380521494,0.5458144097659996,1.0,0.0,0.27244165686519034,0.0,0.0,0.0
69.54166666666667,0.3356268681953481,0.5460237479550608,1.0,0.0,0.25863570126417557,0.0,0.0,0.0
69.55208333333333,0.33549555627712674,0.5462300341613284,1.0,0.0,0.25626577763006136,0.0,0.0,0.0
69.5625,0.33534926106892193,0.5464620449959207,1.0,0.0,0.27509391066547606,0.0,0.0,0.0
69.57291666666667,0.33518573356050235,0.5467235315789889,1.0,0.0,0.29663362307742464,0.0,0.0,0.0
69.58333333333333,0.335043023569629,0.5469524508061014,1.0,0.0,0.27251015782790594,0.0,0.0,0.0
69.59375,0.33491394784876277,0.5471601832988828,1.0,0.0,0.25680701224264746,0.0,0.0,0.0
69.60416666666667,0.33478678273340967,0.5473656627033407,1.0,0.0,0.25503683047509085,0.0,0.0,0.0
69.61458333333333,0.3347003348647743,0.5475052935079548,1.0,0.0,0.20662353653526672,0.0,0.0,0.0
69.625,0.33460866597464833,0.5476539037503776,1.0,0.0,0.21315470873354397,0.0,0.0,0.0
69.63541666666667,0.3345517472700698,0.547746032950322,1.0,0.0,0.17170271731080874,0.0,0.0,0.0
69.64583333333333,0.33446284665880144,0.5478907650203237,1.0,0.0,0.2102176404178584,0.0,0.0,0.0
69.65625,0.33440923439783476,0.5479779974283319,1.0,0.0,0.1680582114177291,0.0,0.0,0.0
69.66666666666667,0.3343769770936292,0.5480303876614926,1.0,0.0,0.14252898312993068,0.0,0.0,0.0
69.67708333333333,0.33434365351541323,0.5480846075425202,1.0,0.0,0.14386097601314493,0.0,0.0,0.0
69.6875,0.33431168464994643,0.5481366848695854,1.0,0.0,0.1422849981146503,0.0,0.0,0.0
69.69791666666667,0.3343119551722079,0.5481359667345583,1.0,0.0,0.10364107267172015,0.0,0.0,0.0
69.70833333333333,0.33432503210082787,0.5481142516625133,1.0,0.0,0.08827303603680044,0.0,0.0,0.0
69.71875,0.3343528455112068,0.5480683577774664,1.0,0.0,0.07057202611045235,0.0,0.0,0.0
69.72916666666667,0.3343947877710487,0.5479992632339017,1.0,0.0,0.053578403570850565,0.0,0.0,0.0
69.73958333333333,0.3344534206050646,0.54790275356738,1.0,0.0,0.03348484589385757,0.0,0.0,0.0
69.75,0.3345249623171769,0.5477849982662698,1.0,0.0,0.017891310516197464,0.0,0.0,0.0
69.76041666666667,0.33461129278967544,0.5476428907459198,1.0,0.0,0.0,0.0,0.0,0.0
69.77083333333333,0.3346974541584202,0.547500856664732,1.0,0.0,0.0,0.0,0.0,0.0
69.78125,0.33478342113374804,0.5473588958834334,1.0,0.0,0.0,0.0,0.0,0.0
69.79166666666667,0.3348691686450123,0.5472170082523994,1.0,0.0,0.0,0.0,0.0,0.0
69.80208333333333,0.33495467186955086,0.5470751936117925,1.0,0.0,0.0,0.0,0.0,0.0
69.8125,0.3350399062610548,0.5469334517917146,1.0,0.0,0.0,0.0,0.0,0.0
69.82291666666667,0.3351248475772708,0.5467917826123687,1.0,0.0,0.0,0.0,0.0,0.0
69.83333333333333,0.3352094719069719,0.5466501858842309,1.0,0.0,0.0,0.0,0.0,0.0
69.84375,0.3352937556961341,0.5465086614082331,1.0,0.0,0.0,0.0,0.0,0.0
69.85416666666667,0.33537767577325994,0.5463672089759563,1.0,0.0,0.0,0.0,0.0,0.0
69.86458333333333,0.3354612093737943,0.5462258283698318,1.0,0.0,0.0,0.0,0.0,0.0
69.875,0.3355443341635799,0.5460845193633523,1.0,0.0,0.0,0.0,0.0,0.0
69.88541666666667,0.3356270282613053,0.545943281721291,1.0,0.0,0.0,0.0,0.0,0.0
69.89583333333333,0.33570927025990044,0.5458021151999287,1.0,0.0,0.0,0.0,0.0,0.0
69.90625,0.3357910392468415,0.5456610195472883,1.0,0.0,0.0,0.0,0.0,0.0
69.91666666666667,0.3358723148233283,0.5455199945033762,1.0,0.0,0.0,0.0,0.0,0.0
69.92708333333333,0.33595307712230327,0.5453790398004302,1.0,0.0,0.0,0.0,0.0,0.0
69.9375,0.3360333068252855,0.5452381551631736,1.0,0.0,0.0,0.0,0.0,0.0
69.94791666666667,0.33611298517799715,0.5450973403090734,1.0,0.0,0.0,0.0,0.0,0.0
69.95833333333333,0.336192094004764,0.5449565949486048,1.0,0.0,0.0,0.0,0.0,0.0
69.96875,0.33627061572167666,0.5448159187855192,1.0,0.0,0.0,0.0,0.0,0.0
69.97916666666667,0.3363485333485028,0.5446753115171156,1.0,0.0,0.0,0.0,0.0,0.0
69.98958333333333,0.33642583051934566,0.5445347728345161,1.0,0.0,0.0,0.0,0.0,0.0
70.0,0.3365024914920477,0.5443943024229432,1.0,0.0,0.0,0.0,0.0,0.0
70.01041666666667,0.3365785011563426,0.5442538999619995,1.0,0.0,0.0,0.0,0.0,0.0
70.02083333333333,0.3366538450407625,0.5441135651259492,1.0,0.0,0.0,0.0,0.0,0.0
70.03125,0.3367285093183124,0.5439732975840007,1.0,0.0,0.0,0.0,0.0,0.0
70.04166666666667,0.33680248081092495,0.543833097000589,1.0,0.0,0.0,0.0,0.0,0.0
70.05208333333333,0.3368757469927151,0.5436929630356595,1.0,0.0,0.0,0.0,0.0,0.0
70.0625,0.33694829599205545,0.5435528953449504,1.0,0.0,0.0,0.0,0.0,0.0
70.07291666666667,0.3370201165924969,0.5434128935802744,1.0,0.0,0.0,0.0,0.0,0.0
70.08333333333333,0.33709119823256284,0.5432729573897995,1.0,0.0,0.0,0.0,0.0,0.0
70.09375,0.337161531004446,0.5431330864183277,1.0,0.0,0.0,0.0,0.0,0.0
70.10416666666667,0.33723110565164244,0.5429932803075715,1.0,0.0,0.0,0.0,0.0,0.0
70.11458333333333,0.33729991356555605,0.5428535386964285,1.0,0.0,0.0,0.0,0.0,0.0
70.125,0.33736794678111204,0.542713861221252,1.0,0.0,0.0,0.0,0.0,0.0
70.13541666666667,0.33743519797141813,0.5425742475161192,1.0,0.0,0.0,0.0,0.0,0.0
70.14583333333333,0.3375016604415138,0.542434697213095,1.0,0.0,0.0,0.0,0.0,0.0
70.15625,0.3375673281212503,0.5422952099424926,1.0,0.0,0.0,0.0,0.0,0.0
70.16666666666667,0.33763219555734403,0.5421557853331289,1.0,0.0,0.0,0.0,0.0,0.0
70.17708333333333,0.3376962579046483,0.5420164230125764,1.0,0.0,0.0,0.0,0.0,0.0
70.1875,0.3377595109166877,0.541877122607409,1.0,0.0,0.0,0.0,0.0,0.0
70.19791666666667,0.33782195093550155,0.5417378837434438,1.0,0.0,0.0,0.0,0.0,0.0
70.20833333333333,0.33788357488084136,0.5415987060459768,1.0,0.0,0.0,0.0,0.0,0.0
70.21875,0.3379443802387695,0.5414595891400136,1.0,0.0,0.0,0.0,0.0,0.0
70.22916666666667,0.33800436504970405,0.5413205326504937,1.0,0.0,0.0,0.0,0.0,0.0
70.23958333333333,0.33806352789595673,0.5411815362025101,1.0,0.0,0.0,0.0,0.0,0.0
70.25,0.3381218678888087,0.541042599421521,1.0,0.0,0.0,0.0,0.0,0.0
70.26041666666667,0.33817938465516967,0.5409037219335574,1.0,0.0,0.0,0.0,0.0,0.0
70.27083333333333,0.33822001787575995,0.5407905816996671,1.0,0.0,0.019272537725429004,0.0,0.0,0.0
70.28125,0.3382427435655367,0.5407051630358726,1.0,0.0,0.04005554305337151,0.0,0.0,0.0
70.29166666666667,0.33824904484263313,0.5406454845732872,1.0,0.0,0.059366984295290436,0.0,0.0,0.0
70.30208333333333,0.3382426368796529,0.5406059785148988,1.0,0.0,0.07450737884879907,0.0,0.0,0.0
70.3125,0.3382158546188594,0.5405991885373447,1.0,0.0,0.09906910248304711,0.0,0.0,0.0
70.32291666666667,0.3381686802860491,0.5406256209322386,1.0,0.0,0.12400822385940848,0.0,0.0,0.0
70.33333333333333,0.33811025286769775,0.5406711427250505,1.0,0.0,0.13833016380619398,0.0,0.0,0.0
70.34375,0.3380553437733905,0.5407123823638285,1.0,0.0,0.13510883279136482,0.0,0.0,0.0
70.35416666666667,0.337991794696634,0.5407686915031901,1.0,0.0,0.1464043390960488,0.0,0.0,0.0
70.36458333333333,0.33790704497110796,0.5408603598775453,1.0,0.0,0.17290301915686593,0.0,0.0,0.0
70.375,0.33779550018543314,0.5409968246677236,1.0,0.0,0.20644192026390581,0.0,0.0,0.0
70.38541666666667,0.3376921461450196,0.5411226166042455,1.0,0.0,0.1983903968068484,0.0,0.0,0.0
70.39583333333333,0.3375857348256304,0.5412555164639363,1.0,0.0,0.2036600430259361,0.0,0.0,0.0
70.40625,0.3374578775178648,0.5414250383401877,1.0,0.0,0.23099732053543662,0.0,0.0,0.0
70.41666666666667,0.3373041447255508,0.5416387167475963,1.0,0.0,0.26391091346742057,0.0,0.0,0.0
70.42708333333333,0.3371640525992935,0.5418335340826056,1.0,0.0,0.24969260524673265,0.0,0.0,0.0
70.4375,0.3370105131659904,0.5420526418788955,1.0,0.0,0.26770389990488447,0.0,0.0,0.0
70.44791666666667,0.336895551288781,0.5422124727741232,1.0,0.0,0.22337202806649614,0.0,0.0,0.0
70.45833333333333,0.33676591189080346,0.542397928540905,1.0,0.0,0.24238963323795026,0.0,0.0,0.0
70.46875,0.3366002047618123,0.5426436974882782,1.0,0.0,0.28718921964540506,0.0,0.0,0.0
70.47916666666667,0.33643118933816596,0.5428975098883289,1.0,0.0,0.29299865645230794,0.0,0.0,0.0
70.48958333333333,0.33627712895382866,0.5431297801319399,1.0,0.0,0.2768117849226142,0.0,0.0,0.0
70.5,0.3361013141373039,0.5433994465278877,1.0,0.0,0.30441765647923397,0.0,0.0,0.0
70.51041666666667,0.33591087462875646,0.5436952047426509,1.0,0.0,0.3235597512224279,0.0,0.0,0.0
70.52083333333333,0.3357241790567707,0.5439873584640471,1.0,0.0,0.320647667238821,0.0,0.0,0.0
70.53125,0.3355450131151791,0.5442695148668196,1.0,0.0,0.31301602111376187,0.0,0.0,0.0
70.54166666666667,0.335379007810629,0.5445322382792187,1.0,0.0,0.29843494362635614,0.0,0.0,0.0
70.55208333333333,0.3352240957278596,0.5447785496041995,1.0,0.0,0.2861272237388646,0.0,0.0,0.0
70.5625,0.33510719380040127,0.5449643959154876,1.0,0.0,0.2413492394368987,0.0,0.0,0.0
70.57291666666667,0.3349781998429697,0.5451708136537202,1.0,0.0,0.25642345897175756,0.0,0.0,0.0
70.58333333333333,0.3348199635289952,0.5454257761310525,1.0,0.0,0.29207076987317615,0.0,0.0,0.0
70.59375,0.3347010007677723,0.5456177480110628,1.0,0.0,0.2455311195486805,0.0,0.0,0.0
70.60416666666667,0.33460676578770854,0.545770028459136,1.0,0.0,0.21623208625738818,0.0,0.0,0.0
70.61458333333333,0.3344850309472058,0.5459676242599005,1.0,0.0,0.24948685814810218,0.0,0.0,0.0
70.625,0.33437929312001247,0.5461396086212416,1.0,0.0,0.23056539058552225,0.0,0.0,0.0
70.63541666666667,0.33428846671485307,0.5462875899489643,1.0,0.0,0.21286074495573193,0.0,0.0,0.0
70.64583333333333,0.33419629494941017,0.5464380222747017,1.0,0.0,0.2146006435544095,0.0,0.0,0.0
70.65625,0.3341582555973578,0.5465001181553613,1.0,0.0,0.149734179134959,0.0,0.0,0.0
70.66666666666667,0.33410399365179766,0.5465888048072107,1.0,0.0,0.16922919144673468,0.0,0.0,0.0
70.67708333333333,0.33408876981622504,0.5466136813924917,1.0,0.0,0.12241289717990239,0.0,0.0,0.0
70.6875,0.3340766983616295,0.5466334103852364,1.0,0.0,0.11863611077135794,0.0,0.0,0.0
70.69791666666667,0.33408030896914687,0.5466274859948527,1.0,0.0,0.09982176831490656,0.0,0.0,0.0
70.70833333333333,0.3341002070753622,0.5465949121467785,1.0,0.0,0.08027559715617856,0.0,0.0,0.0
70.71875,0.334134947371504,0.5465380538890358,1.0,0.0,0.06245753867522493,0.0,0.0,0.0
70.72916666666667,0.33418182736136354,0.546461332612885,1.0,0.0,0.0478730064266476,0.0,0.0,0.0
70.73958333333333,0.33423325806186355,0.546377151779115,1.0,0.0,0.04238143285452987,0.0,0.0,0.0
70.75,0.334303354618821,0.5462624343978155,1.0,0.0,0.019938242524276263,0.0,0.0,0.0
70.76041666666667,0.33439000153371734,0.5461206280821974,1.0,0.0,0.0,0.0,0.0,0.0
70.77083333333333,0.3344765448812885,0.5459788952604301,1.0,0.0,0.0,0.0,0.0,0.0
70.78125,0.33456295894663923,0.5458372358206824,1.0,0.0,0.0,0.0,0.0,0.0
70.79166666666667,0.33464921815749643,0.5456956496405049,1.0,0.0,0.0,0.0,0.0,0.0
70.80208333333333,0.3347352971143832,0.545554136586938,1.0,0.0,0.0,0.0,0.0,0.0
70.8125,0.3348211706203793,0.5454126965166332,1.0,0.0,0.0,0.0,0.0,0.0
70.82291666666667,0.3349068137103935,0.545271329275986,1.0,0.0,0.0,0.0,0.0,0.0
70.83333333333333,0.3349922016798764,0.5451300347012795,1.0,0.0,0.0,0.0,0.0,0.0
70.84375,0.33507731011290454,0.5449888126188404,1.0,0.0,0.0,0.0,0.0,0.0
70.85416666666667,0.33516211490956854,0.544847662845204,1.0,0.0,0.0,0.0,0.0,0.0
70.86458333333333,0.33524659231260195,0.5447065851872921,1.0,0.0,0.0,0.0,0.0,0.0
70.875,0.3353307189331898,0.5445655794425981,1.0,0.0,0.0,0.0,0.0,0.0
70.88541666666667,0.33541447177589934,0.5444246453993838,1.0,0.0,0.0,0.0,0.0,0.0
70.89583333333333,0.3354978282626797,0.5442837828368845,1.0,0.0,0.0,0.0,0.0,0.0
70.90625,0.3355807662558796,0.5441429915255226,1.0,0.0,0.0,0.0,0.0,0.0
70.91666666666667,0.33566326408023783,0.5440022712271293,1.0,0.0,0.0,0.0,0.0,0.0
70.92708333333333,0.3357453005438034,0.5438616216951749,1.0,0.0,0.0,0.0,0.0,0.0
70.9375,0.3358268549577487,0.5437210426750053,1.0,0.0,0.0,0.0,0.0,0.0
70.94791666666667,0.3359079071550407,0.5435805339040855,1.0,0.0,0.0,0.0,0.0,0.0
70.95833333333333,0.33598843750794194,0.5434400951122488,1.0,0.0,0.0,0.0,0.0,0.0
70.96875,0.33606842694431577,0.5432997260219528,1.0,0.0,0.0,0.0,0.0,0.0
70.97916666666667,0.3361478569627153,0.5431594263485393,1.0,0.0,0.0,0.0,0.0,0.0
70.98958333333333,0.3362267096462405,0.5430191958004992,1.0,0.0,0.0,0.0,0.0,0.0
71.0,0.33630496767515056,0.5428790340797413,1.0,0.0,0.0,0.0,0.0,0.0
71.01041666666667,0.33638261433822514,0.5427389408818646,1.0,0.0,0.0,0.0,0.0,0.0
71.02083333333333,0.33645963354287073,0.5425989158964338,1.0,0.0,0.0,0.0,0.0,0.0
71.03125,0.336536009823973,0.5424589588072567,1.0,0.0,0.0,0.0,0.0,0.0
71.04166666666667,0.3366117283515002,0.5423190692926638,1.0,0.0,0.0,0.0,0.0,0.0
71.05208333333333,0.3366867749368664,0.5421792470257893,1.0,0.0,0.0,0.0,0.0,0.0
71.0625,0.33676113603806723,0.5420394916748528,1.0,0.0,0.0,0.0,0.0,0.0
71.07291666666667,0.33683479876360467,0.5418998029034414,1.0,0.0,0.0,0.0,0.0,0.0
71.08333333333333,0.3369077508752197,0.5417601803707919,1.0,0.0,0.0,0.0,0.0,0.0
71.09375,0.3369799807894566,0.5416206237320718,1.0,0.0,0.0,0.0,0.0,0.0
71.10416666666667,0.33705147757808473,0.5414811326386599,1.0,0.0,0.0,0.0,0.0,0.0
71.11458333333333,0.33712223096740557,0.5413417067384259,1.0,0.0,0.0,0.0,0.0,0.0
71.125,0.3371922313364784,0.5412023456760059,1.0,0.0,0.0,0.0,0.0,0.0
71.13541666666667,0.3372614697142965,0.5410630490930782,1.0,0.0,0.0,0.0,0.0,0.0
71.14583333333333,0.33732993777595127,0.5409238166286348,1.0,0.0,0.0,0.0,0.0,0.0
71.15625,0.33739762783782185,0.54078464791925,1.0,0.0,0.0,0.0,0.0,0.0
71.16666666666667,0.33746453285182987,0.5406455425993462,1.0,0.0,0.0,0.0,0.0,0.0
71.17708333333333,0.3375306463988013,0.5405065003014551,1.0,0.0,0.0,0.0,0.0,0.0
71.1875,0.3375959626809773,0.5403675206564752,1.0,0.0,0.0,0.0,0.0,0.0
71.19791666666667,0.3376604765137181,0.5402286032939249,1.0,0.0,0.0,0.0,0.0,0.0
71.20833333333333,0.33772418331644505,0.5400897478421908,1.0,0.0,0.0,0.0,0.0,0.0
71.21875,0.3377870791028653,0.5399509539287709,1.0,0.0,0.0,0.0,0.0,0.0
71.22916666666667,0.33784916047052543,0.5398122211805134,1.0,0.0,0.0,0.0,0.0,0.0
71.23958333333333,0.3379104245897397,0.5396735492238488,1.0,0.0,0.0,0.0,0.0,0.0
71.25,0.3379708691919396,0.539534937685017,1.0,0.0,0.0,0.0,0.0,0.0
71.26041666666667,0.3380304925574899,0.5393963861902893,1.0,0.0,0.0,0.0,0.0,0.0
71.27083333333333,0.33807243997414244,0.5392847773575764,1.0,0.0,0.020224234650573724,0.0,0.0,0.0
71.28125,0.3380954869253374,0.5392024120940907,1.0,0.0,0.04220165293041449,0.0,0.0,0.0
71.29166666666667,0.33810169496057463,0.5391463979784512,1.0,0.0,0.06201893064477563,0.0,0.0,0.0
71.30208333333333,0.33810573445337644,0.5390937084380177,1.0,0.0,0.06451590947037607,0.0,0.0,0.0
71.3125,0.33807775333974827,0.539091988127474,1.0,0.0,0.10287205228426714,0.0,0.0,0.0
71.32291666666667,0.338034839347316,0.5391147118277159,1.0,0.0,0.12126520093485146,0.0,0.0,0.0
71.33333333333333,0.33797845460934084,0.5391598850087892,1.0,0.0,0.1381502955917336,0.0,0.0,0.0
71.34375,0.3379250101418052,0.5392016206620815,1.0,0.0,0.13555666014554635,0.0,0.0,0.0
71.35416666666667,0.3378541243089558,0.5392723661544877,1.0,0.0,0.1573601040817729,0.0,0.0,0.0
71.36458333333333,0.3377722486762295,0.5393622016205738,1.0,0.0,0.17168860020941246,0.0,0.0,0.0
71.375,0.33768817645891047,0.5394573021456757,1.0,0.0,0.17561621831589505,0.0,0.0,0.0
71.38541666666667,0.33758362845794776,0.5395868969636275,1.0,0.0,0.20148466836835177,0.0,0.0,0.0
71.39583333333333,0.3374785489879165,0.5397195085237065,1.0,0.0,0.20369515512996153,0.0,0.0,0.0
71.40625,0.33734063584651663,0.5399067850655658,1.0,0.0,0.24463071151711382,0.0,0.0,0.0
71.41666666666667,0.33722631492507654,0.5400590140995029,1.0,0.0,0.21826555386542634,0.0,0.0,0.0
71.42708333333333,0.33711241970867756,0.5402127288490596,1.0,0.0,0.2193077526927548,0.0,0.0,0.0
71.4375,0.3369994222155893,0.540367094912959,1.0,0.0,0.2197239756282029,0.0,0.0,0.0
71.44791666666667,0.3368416766858522,0.5405952728823307,1.0,0.0,0.2748503012021362,0.0,0.0,0.0
71.45833333333333,0.33668239399163913,0.5408286738017367,1.0,0.0,0.27860100062554194,0.0,0.0,0.0
71.46875,0.33650873771529816,0.5410878346988511,1.0,0.0,0.29766951274937975,0.0,0.0,0.0
71.47916666666667,0.33637817189675207,0.5412804062112739,1.0,0.0,0.24782582694528058,0.0,0.0,0.0
71.48958333333333,0.33624584775063726,0.5414777232724556,1.0,0.0,0.2512557726117268,0.0,0.0,0.0
71.5,0.3361109951502959,0.5416809641195909,1.0,0.0,0.2555556833146449,0.0,0.0,0.0
71.51041666666667,0.33593115734602064,0.5419585608566613,1.0,0.0,0.31075334628782936,0.0,0.0,0.0
71.52083333333333,0.3357865555087648,0.5421815713055969,1.0,0.0,0.2699739794003427,0.0,0.0,0.0
71.53125,0.335624508574471,0.5424344598747616,1.0,0.0,0.29202019672072327,0.0,0.0,0.0
71.54166666666667,0.33550286056969647,0.5426237825538119,1.0,0.0,0.24468495248528477,0.0,0.0,0.0
71.55208333333333,0.3353735962027837,0.542826628465945,1.0,0.0,0.25461159417848833,0.0,0.0,0.0
71.5625,0.3352099368051614,0.5430863853179153,1.0,0.0,0.2966548167334853,0.0,0.0,0.0
71.57291666666667,0.33508706458503884,0.543281438027328,1.0,0.0,0.2485848843279765,0.0,0.0,0.0
71.58333333333333,0.3349520343654536,0.5434971485058758,1.0,0.0,0.26375834471676435,0.0,0.0,0.0
71.59375,0.3348376055318353,0.5436803493542571,1.0,0.0,0.23960627345476332,0.0,0.0,0.0
71.60416666666667,0.3347465088908027,0.5438263401007076,1.0,0.0,0.21203128107712152,0.0,0.0,0.0
71.61458333333333,0.3346307800923847,0.5440128558789833,1.0,0.0,0.24188839681828944,0.0,0.0,0.0
71.625,0.3345377885395048,0.5441629598621772,1.0,0.0,0.21493343413400762,0.0,0.0,0.0
71.63541666666667,0.3344712829083348,0.5442703490259873,1.0,0.0,0.18337512598355418,0.0,0.0,0.0
71.64583333333333,0.33438628493391953,0.5444080744122746,1.0,0.0,0.20570476517409447,0.0,0.0,0.0
71.65625,0.33433507338203006,0.5444910448935321,1.0,0.0,0.16531184781349212,0.0,0.0,0.0
71.66666666666667,0.33430115440824304,0.544545974979784,1.0,0.0,0.14463717522981026,0.0,0.0,0.0
71.67708333333333,0.33426789761534303,0.5445998979388424,1.0,0.0,0.14388720080524575,0.0,0.0,0.0
71.6875,0.3342450558414485,0.5446369134395932,1.0,0.0,0.13142832755698222,0.0,0.0,0.0
71.69791666666667,0.33424014493586296,0.5446447469604977,1.0,0.0,0.10993552389510462,0.0,0.0,0.0
71.70833333333333,0.3342526162706441,0.54462426366874,1.0,0.0,0.08908176466828806,0.0,0.0,0.0
71.71875,0.33427008876458675,0.5445956165982921,1.0,0.0,0.08306766079365749,0.0,0.0,0.0
71.72916666666667,0.33430667691968485,0.5445358085356516,1.0,0.0,0.06010997418148979,0.0,0.0,0.0
71.73958333333333,0.33436578923362437,0.5444392763521806,1.0,0.0,0.03303732852551102,0.0,0.0,0.0
71.75,0.33443529828692736,0.544325744556772,1.0,0.0,0.020479008898263238,0.0,0.0,0.0
71.76041666666667,0.33452177718907133,0.5441844966563917,1.0,0.0,0.0,0.0,0.0,0.0
71.77083333333333,0.3346081134090676,0.544043321844234,1.0,0.0,0.0,0.0,0.0,0.0
71.78125,0.3346942814613162,0.543902219992739,1.0,0.0,0.0,0.0,0.0,0.0
71.79166666666667,0.3347802560486415,0.5437611909639318,1.0,0.0,0.0,0.0,0.0,0.0
71.80208333333333,0.3348660120918061,0.5436202346095489,1.0,0.0,0.0,0.0,0.0,0.0
71.8125,0.33495152475849943,0.5434793507711769,1.0,0.0,0.0,0.0,0.0,0.0
71.82291666666667,0.33503676949172984,0.5433385392804015,1.0,0.0,0.0,0.0,0.0,0.0
71.83333333333333,0.3351217220375528,0.5431977999589687,1.0,0.0,0.0,0.0,0.0,0.0
71.84375,0.33520635847206975,0.5430571326189549,1.0,0.0,0.0,0.0,0.0,0.0
71.85416666666667,0.3352906552276348,0.5429165370629488,1.0,0.0,0.0,0.0,0.0,0.0
71.86458333333333,0.33537458911821105,0.5427760130842421,1.0,0.0,0.0,0.0,0.0,0.0
71.875,0.33545813736382074,0.5426355604670294,1.0,0.0,0.0,0.0,0.0,0.0
71.88541666666667,0.3355412776140369,0.5424951789866181,1.0,0.0,0.0,0.0,0.0,0.0
71.89583333333333,0.3356239879704693,0.5423548684096451,1.0,0.0,0.0,0.0,0.0,0.0
71.90625,0.3357062470081997,0.542214628494302,1.0,0.0,0.0,0.0,0.0,0.0
71.91666666666667,0.33578803379612737,0.5420744589905686,1.0,0.0,0.0,0.0,0.0,0.0
71.92708333333333,0.33586932791618873,0.5419343596404519,1.0,0.0,0.0,0.0,0.0,0.0
71.9375,0.33595010948141946,0.5417943301782324,1.0,0.0,0.0,0.0,0.0,0.0
71.94791666666667,0.3360303591528327,0.5416543703307158,1.0,0.0,0.0,0.0,0.0,0.0
71.95833333333333,0.3361100581550904,0.5415144798174901,1.0,0.0,0.0,0.0,0.0,0.0
71.96875,0.3361891882909491,0.5413746583511874,1.0,0.0,0.0,0.0,0.0,0.0
71.97916666666667,0.3362677319544673,0.5412349056377505,1.0,0.0,0.0,0.0,0.0,0.0
71.98958333333333,0.3363456721429635,0.5410952213767025,1.0,0.0,0.0,0.0,0.0,0.0
72.0,0.33642299246772145,0.5409556052614201,1.0,0.0,0.0,0.0,0.0,0.0
72.01041666666667,0.3364996771634396,0.5408160569794084,1.0,0.0,0.0,0.0,0.0,0.0
72.02083333333333,0.33657571109642914,0.5406765762125803,1.0,0.0,0.0,0.0,0.0,0.0
72.03125,0.3366510797715674,0.5405371626375345,1.0,0.0,0.0,0.0,0.0,0.0
72.04166666666667,0.3367257693380168,0.5403978159258367,1.0,0.0,0.0,0.0,0.0,0.0
72.05208333333333,0.33679976659372485,0.5402585357443007,1.0,0.0,0.0,0.0,0.0,0.0
72.0625,0.33687305898872244,0.5401193217552697,1.0,0.0,0.0,0.0,0.0,0.0
72.07291666666667,0.3369456346272422,0.5399801736168969,1.0,0.0,0.0,0.0,0.0,0.0
72.08333333333333,0.33701748226868145,0.5398410909834256,1.0,0.0,0.0,0.0,0.0,0.0
72.09375,0.33708859132743696,0.5397020735054683,1.0,0.0,0.0,0.0,0.0,0.0
72.10416666666667,0.33715895187164235,0.5395631208302832,1.0,0.0,0.0,0.0,0.0,0.0
72.11458333333333,0.3372285546208399,0.53942423260205,1.0,0.0,0.0,0.0,0.0,0.0
72.125,0.3372973909426229,0.539285408462141,1.0,0.0,0.0,0.0,0.0,0.0
72.13541666666667,0.33736545284828484,0.5391466480493917,1.0,0.0,0.0,0.0,0.0,0.0
72.14583333333333,0.33743273298751486,0.5390079510003666,1.0,0.0,0.0,0.0,0.0,0.0
72.15625,0.33749922464218,0.5388693169496215,1.0,0.0,0.0,0.0,0.0,0.0
72.16666666666667,0.3375649217192364,0.5387307455299628,1.0,0.0,0.0,0.0,0.0,0.0
72.17708333333333,0.33762981874281256,0.5385922363727008,1.0,0.0,0.0,0.0,0.0,0.0
72.1875,0.3376939108455088,0.5384537891079006,1.0,0.0,0.0,0.0,0.0,0.0
72.19791666666667,0.3377571937589584,0.5383154033646265,1.0,0.0,0.0,0.0,0.0,0.0
72.20833333333333,0.33781966380369527,0.538177078771182,1.0,0.0,0.0,0.0,0.0,0.0
72.21875,0.3378813178783748,0.5380388149553448,1.0,0.0,0.0,0.0,0.0,0.0
72.22916666666667,0.33794215344839346,0.5379006115445951,1.0,0.0,0.0,0.0,0.0,0.0
72.23958333333333,0.3380021685339536,0.5377624681663401,1.0,0.0,0.0,0.0,0.0,0.0
72.25,0.33806136169761886,0.5376243844481308,1.0,0.0,0.0,0.0,0.0,0.0
72.26041666666667,0.33811973203140644,0.537486360017874,1.0,0.0,0.0,0.0,0.0,0.0
72.27083333333333,0.3381604313155231,0.537375166274046,1.0,0.0,0.020217393525176076,0.0,0.0,0.0
72.28125,0.33818357869702925,0.5372909700594218,1.0,0.0,0.04058253633529532,0.0,0.0,0.0
72.29166666666667,0.3382010123066089,0.5372153397317907,1.0,0.0,0.04703951257404146,0.0,0.0,0.0
72.30208333333333,0.3381967078985282,0.537173848999689,1.0,0.0,0.07282274634127245,0.0,0.0,0.0
72.3125,0.338166072184558,0.5371742837485276,1.0,0.0,0.10449509063759513,0.0,0.0,0.0
72.32291666666667,0.33813011567516593,0.5371838731410966,1.0,0.0,0.11141004189899122,0.0,0.0,0.0
72.33333333333333,0.3380699138835771,0.5372328066246687,1.0,0.0,0.1411214735498725,0.0,0.0,0.0
72.34375,0.3379986850086138,0.5373006345530285,1.0,0.0,0.15537519371807768,0.0,0.0,0.0
72.35416666666667,0.3379392561657482,0.5373512969570144,1.0,0.0,0.14240406454250784,0.0,0.0,0.0
72.36458333333333,0.3378616276146327,0.5374322148811478,1.0,0.0,0.1652196017705157,0.0,0.0,0.0
72.375,0.3377751793804013,0.5375288596708651,1.0,0.0,0.17705595825518183,0.0,0.0,0.0
72.38541666666667,0.3376626344022049,0.5376689095088429,1.0,0.0,0.20973777353110898,0.0,0.0,0.0
72.39583333333333,0.33756581898516375,0.5377862807268159,1.0,0.0,0.1925939734042613,0.0,0.0,0.0
72.40625,0.3374295613629064,0.5379685096934232,1.0,0.0,0.24137233919555628,0.0,0.0,0.0
72.41666666666667,0.33730906075055106,0.5381283556234127,1.0,0.0,0.22443574458775875,0.0,0.0,0.0
72.42708333333333,0.33716280889443484,0.5383316528404776,1.0,0.0,0.2570170266889782,0.0,0.0,0.0
72.4375,0.3370460580776815,0.5384905842841466,1.0,0.0,0.22357383801303027,0.0,0.0,0.0
72.44791666666667,0.3368687940066708,0.5387483753612193,1.0,0.0,0.2976893133542153,0.0,0.0,0.0
72.45833333333333,0.33673957103984314,0.5389324198518924,1.0,0.0,0.24220898625596407,0.0,0.0,0.0
72.46875,0.3365619615717574,0.5391961056571374,1.0,0.0,0.3017720255193876,0.0,0.0,0.0
72.47916666666667,0.3363833756319786,0.539464227658435,1.0,0.0,0.30489167101613696,0.0,0.0,0.0
72.48958333333333,0.33624980070668986,0.5396628185074057,1.0,0.0,0.2527054500705768,0.0,0.0,0.0
72.5,0.3360626702781757,0.5399493078892508,1.0,0.0,0.31825231429857326,0.0,0.0,0.0
72.51041666666667,0.335908094266854,0.5401859884923276,1.0,0.0,0.28085643180086917,0.0,0.0,0.0
72.52083333333333,0.33577883947189335,0.5403838305833406,1.0,0.0,0.2517407003533925,0.0,0.0,0.0
72.53125,0.3356129645499618,0.5406421292639073,1.0,0.0,0.29667069291940973,0.0,0.0,0.0
72.54166666666667,0.3354478966322103,0.5409009411055343,1.0,0.0,0.2968661620215946,0.0,0.0,0.0
72.55208333333333,0.33530947544992445,0.5411184038853836,1.0,0.0,0.265935282913615,0.0,0.0,0.0
72.5625,0.33517768079803256,0.541326403870172,1.0,0.0,0.2587730197460614,0.0,0.0,0.0
72.57291666666667,0.33506023524107253,0.541512287171487,1.0,0.0,0.24223220838949,0.0,0.0,0.0
72.58333333333333,0.3349046695869358,0.5417606902454184,1.0,0.0,0.28852004450169855,0.0,0.0,0.0
72.59375,0.33475738649168674,0.5419967651749116,1.0,0.0,0.2792133125446329,0.0,0.0,0.0
72.60416666666667,0.3346614429443202,0.5421505478042329,1.0,0.0,0.21811225439397194,0.0,0.0,0.0
72.61458333333333,0.334551103893707,0.5423281334563003,1.0,0.0,0.23566846337339054,0.0,0.0,0.0
72.625,0.3344617437037712,0.5424721816040831,1.0,0.0,0.21077060265138262,0.0,0.0,0.0
72.63541666666667,0.3343805371891811,0.5426033282622897,1.0,0.0,0.20117342537350877,0.0,0.0,0.0
72.64583333333333,0.3342957382927301,0.542740562168621,1.0,0.0,0.2056257790153191,0.0,0.0,0.0
72.65625,0.3342456702511781,0.5428216166979606,1.0,0.0,0.1640673869174272,0.0,0.0,0.0
72.66666666666667,0.33421871250204105,0.5428652311663069,1.0,0.0,0.13639111243389507,0.0,0.0,0.0
72.67708333333333,0.33417501439635267,0.5429360845059921,1.0,0.0,0.15650543758066898,0.0,0.0,0.0
72.6875,0.3341587623418966,0.5429624048034112,1.0,0.0,0.12360576808808811,0.0,0.0,0.0
72.69791666666667,0.3341677812163664,0.5429476801567861,1.0,0.0,0.09329187508243005,0.0,0.0,0.0
72.70833333333333,0.3341691995067564,0.5429452969146972,1.0,0.0,0.10240648358410945,0.0,0.0,0.0
72.71875,0.3342016469724693,0.5428925024568727,1.0,0.0,0.06517048449609106,0.0,0.0,0.0
72.72916666666667,0.3342384354741609,0.5428326342474835,1.0,0.0,0.059936348766930186,0.0,0.0,0.0
72.73958333333333,0.33429802005029274,0.5427357217573611,1.0,0.0,0.032547567470068754,0.0,0.0,0.0
72.75,0.3343674322769375,0.5426228052778203,1.0,0.0,0.020688262399765397,0.0,0.0,0.0
72.76041666666667,0.33445400509417555,0.5424819707434693,1.0,0.0,0.0,0.0,0.0,0.0
72.77083333333333,0.3345404553173926,0.5423412091461771,1.0,0.0,0.0,0.0,0.0,0.0
72.78125,0.3346267573342295,0.542200520367026,1.0,0.0,0.0,0.0,0.0,0.0
72.79166666666667,0.3347128856972973,0.542059904276627,1.0,0.0,0.0,0.0,0.0,0.0
72.80208333333333,0.33479881515405324,0.5419193607352364,1.0,0.0,0.0,0.0,0.0,0.0
72.8125,0.3348845206762067,0.5417788895928857,1.0,0.0,0.0,0.0,0.0,0.0
72.82291666666667,0.3349699774885849,0.5416384906895214,1.0,0.0,0.0,0.0,0.0,0.0
72.83333333333333,0.3350551610973873,0.541498163855156,1.0,0.0,0.0,0.0,0.0,0.0
72.84375,0.33514004731776126,0.5413579089100309,1.0,0.0,0.0,0.0,0.0,0.0
72.85416666666667,0.3352246123006348,0.5412177256647888,1.0,0.0,0.0,0.0,0.0,0.0
72.86458333333333,0.3353088325587448,0.5410776139206563,1.0,0.0,0.0,0.0,0.0,0.0
72.875,0.3353926849918014,0.5409375734696362,1.0,0.0,0.0,0.0,0.0,0.0
72.88541666666667,0.33547614691073563,0.5407976040947096,1.0,0.0,0.0,0.0,0.0,0.0
72.89583333333333,0.3355591960609773,0.5406577055700451,1.0,0.0,0.0,0.0,0.0,0.0
72.90625,0.3356418106447175,0.540517877661218,1.0,0.0,0.0,0.0,0.0,0.0
72.91666666666667,0.3357239693421116,0.5403781201254363,1.0,0.0,0.0,0.0,0.0,0.0
72.92708333333333,0.335805651331384,0.5402384327117743,1.0,0.0,0.0,0.0,0.0,0.0
72.9375,0.33588683630780025,0.5400988151614128,1.0,0.0,0.0,0.0,0.0,0.0
72.94791666666667,0.3359675045014753,0.539959267207885,1.0,0.0,0.0,0.0,0.0,0.0
72.95833333333333,0.3360476366939924,0.5398197885773299,1.0,0.0,0.0,0.0,0.0,0.0
72.96875,0.3361272142338111,0.5396803789887485,1.0,0.0,0.0,0.0,0.0,0.0
72.97916666666667,0.3362062190504462,0.5395410381542665,1.0,0.0,0.0,0.0,0.0,0.0
72.98958333333333,0.3362846336674057,0.5394017657793998,1.0,0.0,0.0,0.0,0.0,0.0
73.0,0.3363624412138784,0.5392625615633251,1.0,0.0,0.0,0.0,0.0,0.0
73.01041666666667,0.3364396254351675,0.5391234251991519,1.0,0.0,0.0,0.0,0.0,0.0
73.02083333333333,0.33651617070186896,0.5389843563741982,1.0,0.0,0.0,0.0,0.0,0.0
73.03125,0.3365920620178001,0.5388453547702674,1.0,0.0,0.0,0.0,0.0,0.0
73.04166666666667,0.33666728502668486,0.5387064200639277,1.0,0.0,0.0,0.0,0.0,0.0
73.05208333333333,0.33674182601760777,0.5385675519267912,1.0,0.0,0.0,0.0,0.0,0.0
73.0625,0.3368156719292527,0.5384287500257946,1.0,0.0,0.0,0.0,0.0,0.0
73.07291666666667,0.336888810352944,0.5382900140234794,1.0,0.0,0.0,0.0,0.0,0.0
73.08333333333333,0.33696122953451296,0.5381513435782717,1.0,0.0,0.0,0.0,0.0,0.0
73.09375,0.3370329183750144,0.5380127383447606,1.0,0.0,0.0,0.0,0.0,0.0
73.10416666666667,0.3371038664303217,0.5378741979739766,1.0,0.0,0.0,0.0,0.0,0.0
73.11458333333333,0.3371740639096306,0.5377357221136664,1.0,0.0,0.0,0.0,0.0,0.0
73.125,0.3372435016729058,0.5375973104085672,1.0,0.0,0.0,0.0,0.0,0.0
73.13541666666667,0.337312171227305,0.537458962500677,1.0,0.0,0.0,0.0,0.0,0.0
73.14583333333333,0.33738006472261894,0.5373206780295225,1.0,0.0,0.0,0.0,0.0,0.0
73.15625,0.33744717494576565,0.5371824566324243,1.0,0.0,0.0,0.0,0.0,0.0
73.16666666666667,0.3375134953143809,0.5370442979447568,1.0,0.0,0.0,0.0,0.0,0.0
73.17708333333333,0.33757901986954664,0.536906201600206,1.0,0.0,0.0,0.0,0.0,0.0
73.1875,0.33764374326770097,0.5367681672310213,1.0,0.0,0.0,0.0,0.0,0.0
73.19791666666667,0.33770766077177444,0.5366301944682638,1.0,0.0,0.0,0.0,0.0,0.0
73.20833333333333,0.33777076824159696,0.5364922829420498,1.0,0.0,0.0,0.0,0.0,0.0
73.21875,0.33783306212362213,0.5363544322817877,1.0,0.0,0.0,0.0,0.0,0.0
73.22916666666667,0.3378945394400139,0.5362166421164123,1.0,0.0,0.0,0.0,0.0,0.0
73.23958333333333,0.33795519777714256,0.5360789120746103,1.0,0.0,0.0,0.0,0.0,0.0
73.25,0.3380150352735353,0.535941241785043,1.0,0.0,0.0,0.0,0.0,0.0
73.26041666666667,0.338074050607328,0.5358036308765608,1.0,0.0,0.0,0.0,0.0,0.0
73.27083333333333,0.33811764727763666,0.5356892023630276,1.0,0.0,0.017514846751154715,0.0,0.0,0.0
73.28125,0.33814465663457777,0.5356001097402164,1.0,0.0,0.036680831485503725,0.0,0.0,0.0
73.29166666666667,0.3381548139938467,0.5355371169933869,1.0,0.0,0.056441581776475354,0.0,0.0,0.0
73.30208333333333,0.33814309731969955,0.5355085425044531,1.0,0.0,0.08251603020669905,0.0,0.0,0.0
73.3125,0.33812291697707003,0.5354936377765469,1.0,0.0,0.09287355813202529,0.0,0.0,0.0
73.32291666666667,0.3380768171798292,0.5355202417987392,1.0,0.0,0.12432198321008225,0.0,0.0,0.0
73.33333333333333,0.33801729602918523,0.5355691476579901,1.0,0.0,0.1412095830990036,0.0,0.0,0.0
73.34375,0.33795976314102194,0.5356162316319915,1.0,0.0,0.13982030079586544,0.0,0.0,0.0
73.35416666666667,0.3378847776968501,0.5356922502262061,1.0,0.0,0.16171277738582446,0.0,0.0,0.0
73.36458333333333,0.33780407199823986,0.5357789770789091,1.0,0.0,0.16979393825537267,0.0,0.0,0.0
73.375,0.33769038849613486,0.5359197669488499,1.0,0.0,0.2106509922798738,0.0,0.0,0.0
73.38541666666667,0.33756789706759194,0.5360769600927462,1.0,0.0,0.22298301707800744,0.0,0.0,0.0
73.39583333333333,0.3374321106681095,0.5362578192531842,1.0,0.0,0.24077620473682093,0.0,0.0,0.0
73.40625,0.3373045934424618,0.5364282662962037,1.0,0.0,0.23281949406053132,0.0,0.0,0.0
73.41666666666667,0.33719927150162066,0.536565867631018,1.0,0.0,0.2079622481576858,0.0,0.0,0.0
73.42708333333333,0.33704464912528576,0.5367839322696794,1.0,0.0,0.2685398198425908,0.0,0.0,0.0
73.4375,0.33692964431034284,0.5369416943218727,1.0,0.0,0.2229959585340442,0.0,0.0,0.0
73.44791666666667,0.3367928648830461,0.5371361699708874,1.0,0.0,0.2505468304892025,0.0,0.0,0.0
73.45833333333333,0.3366608240082862,0.5373253849291564,1.0,0.0,0.2464797723411362,0.0,0.0,0.0
73.46875,0.33650435633395703,0.5375557411720361,1.0,0.0,0.2772816128320322,0.0,0.0,0.0
73.47916666666667,0.3363578239486752,0.5377726449391595,1.0,0.0,0.2670311442150279,0.0,0.0,0.0
73.48958333333333,0.3362114478728459,0.5379914452350626,1.0,0.0,0.26831744296118193,0.0,0.0,0.0
73.5,0.3360236770798567,0.5382785779891941,1.0,0.0,0.3193747069606856,0.0,0.0,0.0
73.51041666666667,0.335900220164694,0.5384651037516262,1.0,0.0,0.24384314029045479,0.0,0.0,0.0
73.52083333333333,0.3357595264704061,0.5386807546398397,1.0,0.0,0.265529413344214,0.0,0.0,0.0
73.53125,0.3356013980556771,0.5389260031524067,1.0,0.0,0.2875162509529462,0.0,0.0,0.0
73.54166666666667,0.33545242268351605,0.5391582392376232,1.0,0.0,0.2776320187884952,0.0,0.0,0.0
73.55208333333333,0.3353255397648234,0.5393564026435402,1.0,0.0,0.2520622109759711,0.0,0.0,0.0
73.5625,0.33517094863160646,0.5396002961225237,1.0,0.0,0.28604123045852853,0.0,0.0,0.0
73.57291666666667,0.3350579363182846,0.5397784922730596,1.0,0.0,0.23694502476789356,0.0,0.0,0.0
73.58333333333333,0.3349044107009485,0.540022825733255,1.0,0.0,0.2860820738330021,0.0,0.0,0.0
73.59375,0.33480309625781757,0.5401839671189872,1.0,0.0,0.22405189886261048,0.0,0.0,0.0
73.60416666666667,0.3346758845853035,0.5403874986620535,1.0,0.0,0.2554864466595349,0.0,0.0,0.0
73.61458333333333,0.33459137285079726,0.5405227188909267,1.0,0.0,0.20463573109449584,0.0,0.0,0.0
73.625,0.3344928174153028,0.5406810050333536,1.0,0.0,0.2217097246460897,0.0,0.0,0.0
73.63541666666667,0.3344339500011925,0.5407754993831478,1.0,0.0,0.174305143943263,0.0,0.0,0.0
73.64583333333333,0.3343693192241428,0.5408795017097986,1.0,0.0,0.18133403952191293,0.0,0.0,0.0
73.65625,0.33429131550869995,0.5410053303781972,1.0,0.0,0.1974889633069727,0.0,0.0,0.0
73.66666666666667,0.3342641552369851,0.5410490523961339,1.0,0.0,0.13658343427368752,0.0,0.0,0.0
73.67708333333333,0.33424360320666596,0.5410821257991896,1.0,0.0,0.12868475431582294,0.0,0.0,0.0
73.6875,0.3342301161655596,0.5411037942346645,1.0,0.0,0.12022835496255369,0.0,0.0,0.0
73.69791666666667,0.3342397693603776,0.5410880188051398,1.0,0.0,0.09247328883699145,0.0,0.0,0.0
73.70833333333333,0.33424130343355885,0.5410853749255075,1.0,0.0,0.10220685145641917,0.0,0.0,0.0
73.71875,0.33426456470107735,0.5410475586378191,1.0,0.0,0.07613269155986248,0.0,0.0,0.0
73.72916666666667,0.33430221989388675,0.5409864207398631,1.0,0.0,0.058835638707982134,0.0,0.0,0.0
73.73958333333333,0.3343563112804734,0.5408986464517085,1.0,0.0,0.039068055490770706,0.0,0.0,0.0
73.75,0.3344282860858179,0.5407818816350468,1.0,0.0,0.01753426460589952,0.0,0.0,0.0
73.76041666666667,0.3345147754272869,0.5406415503997233,1.0,0.0,0.0,0.0,0.0,0.0
73.77083333333333,0.3346011241588576,0.5405012917850613,1.0,0.0,0.0,0.0,0.0,0.0
73.78125,0.33468730678097036,0.5403611056651777,1.0,0.0,0.0,0.0,0.0,0.0
73.79166666666667,0.3347732979800775,0.5402209919038328,1.0,0.0,0.0,0.0,0.0,0.0
73.80208333333333,0.3348590726581971,0.5400809503545543,1.0,0.0,0.0,0.0,0.0,0.0
73.8125,0.3349446059619464,0.5399409808607754,1.0,0.0,0.0,0.0,0.0,0.0
73.82291666666667,0.33502987331098527,0.5398010832559809,1.0,0.0,0.0,0.0,0.0,0.0
73.83333333333333,0.3351148504258002,0.5396612573638665,1.0,0.0,0.0,0.0,0.0,0.0
73.84375,0.3351995133547648,0.5395215029985083,1.0,0.0,0.0,0.0,0.0,0.0
73.85416666666667,0.33528383850041293,0.5393818199645409,1.0,0.0,0.0,0.0,0.0,0.0
73.86458333333333,0.33536780264486615,0.5392422080573472,1.0,0.0,0.0,0.0,0.0,0.0
73.875,0.33545138297435895,0.5391026670632563,1.0,0.0,0.0,0.0,0.0,0.0
73.88541666666667,0.33553455710281027,0.5389631967597501,1.0,0.0,0.0,0.0,0.0,0.0
73.89583333333333,0.33561730309439236,0.5388237969156796,1.0,0.0,0.0,0.0,0.0,0.0
73.90625,0.33569959948505285,0.5386844672914871,1.0,0.0,0.0,0.0,0.0,0.0
73.91666666666667,0.3357814253029499,0.5385452076394375,1.0,0.0,0.0,0.0,0.0,0.0
73.92708333333333,0.3358627600877642,0.5384060177038557,1.0,0.0,0.0,0.0,0.0,0.0
73.9375,0.3359435839088561,0.5382668972213704,1.0,0.0,0.0,0.0,0.0,0.0
73.94791666666667,0.3360238773822406,0.5381278459211637,1.0,0.0,0.0,0.0,0.0,0.0
73.95833333333333,0.336103621686357,0.5379888635252267,1.0,0.0,0.0,0.0,0.0,0.0
73.96875,0.3361827985766149,0.5378499497486184,1.0,0.0,0.0,0.0,0.0,0.0
73.97916666666667,0.33626139039870206,0.537711104299731,1.0,0.0,0.0,0.0,0.0,0.0
73.98958333333333,0.3363393801006441,0.5375723268805563,1.0,0.0,0.0,0.0,0.0,0.0
74.0,0.33641675124361115,0.5374336171869585,1.0,0.0,0.0,0.0,0.0,0.0
74.01041666666667,0.336493488011469,0.5372949749089464,1.0,0.0,0.0,0.0,0.0,0.0
74.02083333333333,0.3365695752190787,0.5371563997309499,1.0,0.0,0.0,0.0,0.0,0.0
74.03125,0.3366449983193499,0.5370178913320975,1.0,0.0,0.0,0.0,0.0,0.0
74.04166666666667,0.3367197434090598,0.536879449386495,1.0,0.0,0.0,0.0,0.0,0.0
74.05208333333333,0.336793797233451,0.5367410735635043,1.0,0.0,0.0,0.0,0.0,0.0
74.0625,0.33686714718962635,0.5366027635280234,1.0,0.0,0.0,0.0,0.0,0.0
74.07291666666667,0.33693978132876234,0.536464518940765,1.0,0.0,0.0,0.0,0.0,0.0
74.08333333333333,0.33701168835716444,0.5363263394585355,1.0,0.0,0.0,0.0,0.0,0.0
74.09375,0.33708285763619233,0.536188224734511,1.0,0.0,0.0,0.0,0.0,0.0
74.10416666666667,0.3371532791810848,0.5360501744185139,1.0,0.0,0.0,0.0,0.0,0.0
74.11458333333333,0.3372229436587169,0.535912188157285,1.0,0.0,0.0,0.0,0.0,0.0
74.125,0.3372918423843242,0.5357742655947554,1.0,0.0,0.0,0.0,0.0,0.0
74.13541666666667,0.33735996731723084,0.5356364063723137,1.0,0.0,0.0,0.0,0.0,0.0
74.14583333333333,0.3374273110556212,0.535498610129071,1.0,0.0,0.0,0.0,0.0,0.0
74.15625,0.3374938668303942,0.5353608765021223,1.0,0.0,0.0,0.0,0.0,0.0
74.16666666666667,0.33755962849814364,0.5352232051268034,1.0,0.0,0.0,0.0,0.0,0.0
74.17708333333333,0.33762459053330696,0.535085595636944,1.0,0.0,0.0,0.0,0.0,0.0
74.1875,0.33768874801952636,0.5349480476651166,1.0,0.0,0.0,0.0,0.0,0.0
74.19791666666667,0.3377520966402682,0.5348105608428797,1.0,0.0,0.0,0.0,0.0,0.0
74.20833333333333,0.3378146326687451,0.5346731348010172,1.0,0.0,0.0,0.0,0.0,0.0
74.21875,0.3378763529571877,0.5345357691697712,1.0,0.0,0.0,0.0,0.0,0.0
74.22916666666667,0.33793725492551085,0.5343984635790712,1.0,0.0,0.0,0.0,0.0,0.0
74.23958333333333,0.3379973365494219,0.5342612176587553,1.0,0.0,0.0,0.0,0.0,0.0
74.25,0.33805659634801566,0.534124031038788,1.0,0.0,0.0,0.0,0.0,0.0
74.26041666666667,0.33811503337090265,0.5339869033494699,1.0,0.0,0.0,0.0,0.0,0.0
74.27083333333333,0.3381580943666832,0.5338728087407499,1.0,0.0,0.01746338187770934,0.0,0.0,0.0
74.28125,0.338186469248981,0.533780962583669,1.0,0.0,0.034349750572612046,0.0,0.0,0.0
74.29166666666667,0.33820238604788494,0.533708154775358,1.0,0.0,0.04880963548031336,0.0,0.0,0.0
74.30208333333333,0.3382015809244375,0.5336613819614868,1.0,0.0,0.06859972367595467,0.0,0.0,0.0
74.3125,0.3381900873084744,0.5336314964232167,1.0,0.0,0.08143991190021853,0.0,0.0,0.0
74.32291666666667,0.33816142551259326,0.5336289644447346,1.0,0.0,0.10224125381087723,0.0,0.0,0.0
74.33333333333333,0.3381003905894292,0.5336781783097423,1.0,0.0,0.14158418653197974,0.0,0.0,0.0
74.34375,0.338028248125442,0.5337463162171876,1.0,0.0,0.15595638958378624,0.0,0.0,0.0
74.35416666666667,0.33794561124409905,0.5338326508675424,1.0,0.0,0.16976280917684836,0.0,0.0,0.0
74.36458333333333,0.33786354087953435,0.5339199201618205,1.0,0.0,0.17044611823705386,0.0,0.0,0.0
74.375,0.337754021304349,0.5340523701465328,1.0,0.0,0.20471099161652687,0.0,0.0,0.0
74.38541666666667,0.337667557052438,0.5341506974481335,1.0,0.0,0.17877045066775768,0.0,0.0,0.0
74.39583333333333,0.33756249869352345,0.5342802467985712,1.0,0.0,0.2024108572596101,0.0,0.0,0.0
74.40625,0.337441319030032,0.534437472686704,1.0,0.0,0.22332775052503745,0.0,0.0,0.0
74.41666666666667,0.33731272007216173,0.5346088780670611,1.0,0.0,0.23398663934014974,0.0,0.0,0.0
74.42708333333333,0.3371986852974466,0.5347596796533498,1.0,0.0,0.21830640221572853,0.0,0.0,0.0
74.4375,0.33707023635101746,0.5349354800308299,1.0,0.0,0.23713946258025312,0.0,0.0,0.0
74.44791666666667,0.3369402443755983,0.53511605966911,1.0,0.0,0.24065687841601952,0.0,0.0,0.0
74.45833333333333,0.33675901243897016,0.5353803589564204,1.0,0.0,0.3037611255690393,0.0,0.0,0.0
74.46875,0.3365956796692164,0.5356192793229043,1.0,0.0,0.28441884468872497,0.0,0.0,0.0
74.47916666666667,0.3364470400883394,0.535837420819488,1.0,0.0,0.2685962837756292,0.0,0.0,0.0
74.48958333333333,0.33628735610730304,0.5360754117365779,1.0,0.0,0.28340014273843706,0.0,0.0,0.0
74.5,0.3361091008234375,0.536345333497901,1.0,0.0,0.30724964754158224,0.0,0.0,0.0
74.51041666666667,0.33593150060674376,0.5366166450788855,1.0,0.0,0.3080847787629054,0.0,0.0,0.0
74.52083333333333,0.33580187662950234,0.5368135088020891,1.0,0.0,0.2519978045151198,0.0,0.0,0.0
74.53125,0.3356627018687168,0.5370271348325177,1.0,0.0,0.26445985464506344,0.0,0.0,0.0
74.54166666666667,0.3354845266160351,0.5373047200484364,1.0,0.0,0.3122579277247131,0.0,0.0,0.0
74.55208333333333,0.33531724402983626,0.5375666821462309,1.0,0.0,0.3003467605206601,0.0,0.0,0.0
74.5625,0.3351659847721649,0.5378044866082343,1.0,0.0,0.28208833332733296,0.0,0.0,0.0
74.57291666666667,0.335004555117229,0.5380598776101317,1.0,0.0,0.2950698318920686,0.0,0.0,0.0
74.58333333333333,0.33488474484906405,0.5382495818759061,1.0,0.0,0.2458514135526729,0.0,0.0,0.0
74.59375,0.3347604598900623,0.5384472455986924,1.0,0.0,0.25168930517106775,0.0,0.0,0.0
74.60416666666667,0.33465628405921016,0.5386132559086103,1.0,0.0,0.22798134426805963,0.0,0.0,0.0
74.61458333333333,0.3345727938102973,0.5387464676783431,1.0,0.0,0.20346396426347632,0.0,0.0,0.0
74.625,0.3344866284724127,0.5388843403229673,1.0,0.0,0.20688635132489525,0.0,0.0,0.0
74.63541666666667,0.3344289087833248,0.5389766895346885,1.0,0.0,0.17294041374061211,0.0,0.0,0.0
74.64583333333333,0.33434714274013894,0.5391079873915776,1.0,0.0,0.20190535737702595,0.0,0.0,0.0
74.65625,0.3342689306950611,0.5392337925073122,1.0,0.0,0.19777182740490523,0.0,0.0,0.0
74.66666666666667,0.33423524208284244,0.5392879424131588,1.0,0.0,0.1444433862808002,0.0,0.0,0.0
74.67708333333333,0.33420635004805727,0.5393344097484412,1.0,0.0,0.13872262974278207,0.0,0.0,0.0
74.6875,0.3341993777601971,0.5393455432377764,1.0,0.0,0.1124453267503276,0.0,0.0,0.0
74.69791666666667,0.33419366061498895,0.5393546593790757,1.0,0.0,0.11094500757189886,0.0,0.0,0.0
74.70833333333333,0.3342009380133971,0.5393428103093538,1.0,0.0,0.09535620368813011,0.0,0.0,0.0
74.71875,0.3342213825348646,0.5393097060648516,1.0,0.0,0.07954971547248818,0.0,0.0,0.0
74.72916666666667,0.3342644813801513,0.5392400331184277,1.0,0.0,0.05234666556370406,0.0,0.0,0.0
74.73958333333333,0.3343223595440954,0.5391464849367529,1.0,0.0,0.03456816453530501,0.0,0.0,0.0
74.75,0.33439451233582557,0.5390298636834193,1.0,0.0,0.017368347710290943,0.0,0.0,0.0
74.76041666666667,0.33448104958286506,0.5388899729875595,1.0,0.0,0.0,0.0,0.0,0.0
74.77083333333333,0.3345674562118468,0.5387501547158778,1.0,0.0,0.0,0.0,0.0,0.0
74.78125,0.33465370665875677,0.5386104087469697,1.0,0.0,0.0,0.0,0.0,0.0
74.79166666666667,0.33473977553393847,0.538470734949063,1.0,0.0,0.0,0.0,0.0,0.0
74.80208333333333,0.3348256376518294,0.5383311331801379,1.0,0.0,0.0,0.0,0.0,0.0
74.8125,0.3349112680602061,0.5381916032880587,1.0,0.0,0.0,0.0,0.0,0.0
74.82291666666667,0.3349966420688662,0.5380521451107163,1.0,0.0,0.0,0.0,0.0,0.0
74.83333333333333,0.3350817352776774,0.5379127584761823,1.0,0.0,0.0,0.0,0.0,0.0
74.84375,0.3351665236039279,0.5377734432028731,1.0,0.0,0.0,0.0,0.0,0.0
74.85416666666667,0.33525098330891406,0.5376341990997253,1.0,0.0,0.0,0.0,0.0,0.0
74.86458333333333,0.3353350910237044,0.5374950259663797,1.0,0.0,0.0,0.0,0.0,0.0
74.875,0.3354188237740233,0.5373559235933751,1.0,0.0,0.0,0.0,0.0,0.0
74.88541666666667,0.33550215900420066,0.537216891762352,1.0,0.0,0.0,0.0,0.0,0.0
74.89583333333333,0.3355850746001372,0.5370779302462629,1.0,0.0,0.0,0.0,0.0,0.0
74.90625,0.33566754891124007,0.5369390388095934,1.0,0.0,0.0,0.0,0.0,0.0
74.91666666666667,0.33574956077128654,0.5368002172085874,1.0,0.0,0.0,0.0,0.0,0.0
74.92708333333333,0.33583108951817814,0.5366614651914827,1.0,0.0,0.0,0.0,0.0,0.0
74.9375,0.33591211501255186,0.5365227824987508,1.0,0.0,0.0,0.0,0.0,0.0
74.94791666666667,0.33599261765521926,0.5363841688633442,1.0,0.0,0.0,0.0,0.0,0.0
74.95833333333333,0.3360725784034089,0.5362456240109477,1.0,0.0,0.0,0.0,0.0,0.0
74.96875,0.33615197878579134,0.5361071476602367,1.0,0.0,0.0,0.0,0.0,0.0
74.97916666666667,0.3362308009162719,0.5359687395231382,1.0,0.0,0.0,0.0,0.0,0.0
74.98958333333333,0.33630902750653774,0.5358303993050963,1.0,0.0,0.0,0.0,0.0,0.0
75.0,0.3363866418773541,0.5356921267053414,1.0,0.0,0.0,0.0,0.0,0.0
75.01041666666667,0.3364636279686051,0.5355539214171616,1.0,0.0,0.0,0.0,0.0,0.0
75.02083333333333,0.3365399703480806,0.5354157831281777,1.0,0.0,0.0,0.0,0.0,0.0
75.03125,0.33661565421901524,0.5352777115206184,1.0,0.0,0.0,0.0,0.0,0.0
75.04166666666667,0.3366906654263871,0.5351397062715979,1.0,0.0,0.0,0.0,0.0,0.0
75.05208333333333,0.33676499046199015,0.5350017670533941,1.0,0.0,0.0,0.0,0.0,0.0
75.0625,0.3368386164682961,0.534863893533727,1.0,0.0,0.0,0.0,0.0,0.0
75.07291666666667,0.33691153124112594,0.534726085376037,1.0,0.0,0.0,0.0,0.0,0.0
75.08333333333333,0.33698372323115383,0.5345883422397631,1.0,0.0,0.0,0.0,0.0,0.0
75.09375,0.33705518154427,0.5344506637806188,1.0,0.0,0.0,0.0,0.0,0.0
75.10416666666667,0.33712589594083114,0.5343130496508676,1.0,0.0,0.0,0.0,0.0,0.0
75.11458333333333,0.33719585683382997,0.5341754994995963,1.0,0.0,0.0,0.0,0.0,0.0
75.125,0.3372650552860182,0.5340380129729861,1.0,0.0,0.0,0.0,0.0,0.0
75.13541666666667,0.3373334830060188,0.5339005897145808,1.0,0.0,0.0,0.0,0.0,0.0
75.14583333333333,0.3374011323434658,0.5337632293655514,1.0,0.0,0.0,0.0,0.0,0.0
75.15625,0.33746799628321195,0.5336259315649584,1.0,0.0,0.0,0.0,0.0,0.0
75.16666666666667,0.3375340684386445,0.5334886959500096,1.0,0.0,0.0,0.0,0.0,0.0
75.17708333333333,0.3375993430441534,0.5333515221563138,1.0,0.0,0.0,0.0,0.0,0.0
75.1875,0.33766381494679437,0.5332144098181306,1.0,0.0,0.0,0.0,0.0,0.0
75.19791666666667,0.33772747959719235,0.5330773585686152,1.0,0.0,0.0,0.0,0.0,0.0
75.20833333333333,0.33779033303973,0.532940368040058,1.0,0.0,0.0,0.0,0.0,0.0
75.21875,0.33785237190206774,0.5328034378641199,1.0,0.0,0.0,0.0,0.0,0.0
75.22916666666667,0.3379135933840408,0.5326665676720612,1.0,0.0,0.0,0.0,0.0,0.0
75.23958333333333,0.3379739952459797,0.5325297570949664,1.0,0.0,0.0,0.0,0.0,0.0
75.25,0.33803357579649984,0.5323930057639615,1.0,0.0,0.0,0.0,0.0,0.0
75.26041666666667,0.3380923338798065,0.5322563133104271,1.0,0.0,0.0,0.0,0.0,0.0
75.27083333333333,0.33813555990561983,0.5321428266668101,1.0,0.0,0.017650748328268084,0.0,0.0,0.0
75.28125,0.3381576682144919,0.5320616387550003,1.0,0.0,0.04225626163481953,0.0,0.0,0.0
75.29166666666667,0.33817287762548703,0.5319908239107775,1.0,0.0,0.050155647104002235,0.0,0.0,0.0
75.30208333333333,0.3381596215639126,0.5319644538157257,1.0,0.0,0.0840521061235387,0.0,0.0,0.0
75.3125,0.33813437380794914,0.5319572483674834,1.0,0.0,0.09867063839952021,0.0,0.0,0.0
75.32291666666667,0.33810466690939606,0.5319576261493485,1.0,0.0,0.104454802178456,0.0,0.0,0.0
75.33333333333333,0.33805790907806393,0.5319854987587146,1.0,0.0,0.12542224548649888,0.0,0.0,0.0
75.34375,0.33801225647230365,0.5320126726468158,1.0,0.0,0.12488551841495954,0.0,0.0,0.0
75.35416666666667,0.3379386353203409,0.5320848842587765,1.0,0.0,0.15920992752477367,0.0,0.0,0.0
75.36458333333333,0.33785243473038895,0.5321785247220587,1.0,0.0,0.1755161662186171,0.0,0.0,0.0
75.375,0.3377793278216707,0.5322533966461314,1.0,0.0,0.1611930674200687,0.0,0.0,0.0
75.38541666666667,0.3376898993117321,0.5323555403857289,1.0,0.0,0.1819331801897717,0.0,0.0,0.0
75.39583333333333,0.3375647509884318,0.5325158894085823,1.0,0.0,0.2261787594079517,0.0,0.0,0.0
75.40625,0.3374451769254031,0.5326700168584193,1.0,0.0,0.22136782204341074,0.0,0.0,0.0
75.41666666666667,0.3373118967937953,0.5328481758004329,1.0,0.0,0.23954908826228685,0.0,0.0,0.0
75.42708333333333,0.3372029044292289,0.5329905256884654,1.0,0.0,0.21226679245042285,0.0,0.0,0.0
75.4375,0.33705382261953576,0.5331983065617862,1.0,0.0,0.26184302505121765,0.0,0.0,0.0
75.44791666666667,0.33688384089548956,0.5334418974067037,1.0,0.0,0.2888525182896708,0.0,0.0,0.0
75.45833333333333,0.33676004677941207,0.533615282149616,1.0,0.0,0.2355153014503764,0.0,0.0,0.0
75.46875,0.3365957984421055,0.5338548506188783,1.0,0.0,0.2855057164811021,0.0,0.0,0.0
75.47916666666667,0.33643299600641946,0.5340947546496656,1.0,0.0,0.28559043398074135,0.0,0.0,0.0
75.48958333333333,0.33630545074284757,0.5342811061693081,1.0,0.0,0.24497546045715457,0.0,0.0,0.0
75.5,0.33616100795881615,0.5344961149722406,1.0,0.0,0.26650272926564617,0.0,0.0,0.0
75.51041666666667,0.33601948891238276,0.5347084192896326,1.0,0.0,0.26432885207975465,0.0,0.0,0.0
75.52083333333333,0.3358360349348475,0.5349893153885807,1.0,0.0,0.3158746451378091,0.0,0.0,0.0
75.53125,0.3357091681890889,0.5351822304556093,1.0,0.0,0.24943317159394626,0.0,0.0,0.0
75.54166666666667,0.33557182495236254,0.535393238932473,1.0,0.0,0.2629353902125917,0.0,0.0,0.0
75.55208333333333,0.3354193864005516,0.5356297615065925,1.0,0.0,0.28198196408629855,0.0,0.0,0.0
75.5625,0.3353035565474114,0.5358092455334986,1.0,0.0,0.23899479659535086,0.0,0.0,0.0
75.57291666666667,0.33516524002928916,0.5360256811340663,1.0,0.0,0.26663125409934846,0.0,0.0,0.0
75.58333333333333,0.3350331826895801,0.536233217159171,1.0,0.0,0.25982664519564863,0.0,0.0,0.0
75.59375,0.3349054388858636,0.5364348074618575,1.0,0.0,0.2552509784234163,0.0,0.0,0.0
75.60416666666667,0.33477786002517984,0.536636970182902,1.0,0.0,0.2555653503912801,0.0,0.0,0.0
75.61458333333333,0.334650878241831,0.5368389220390909,1.0,0.0,0.2552931148049117,0.0,0.0,0.0
75.625,0.3345720931617099,0.5369641651018114,1.0,0.0,0.19783237962771702,0.0,0.0,0.0
75.63541666666667,0.3345021875243121,0.5370754763543574,1.0,0.0,0.18737637016476927,0.0,0.0,0.0
75.64583333333333,0.3344469293850074,0.537163515120349,1.0,0.0,0.16995472718863847,0.0,0.0,0.0
75.65625,0.33439116534733393,0.5372525409115464,1.0,0.0,0.17067030042402345,0.0,0.0,0.0
75.66666666666667,0.33436201095730483,0.5372989623221549,1.0,0.0,0.13883540441049788,0.0,0.0,0.0
75.67708333333333,0.33431948456593324,0.5373669451943901,1.0,0.0,0.154927231042434,0.0,0.0,0.0
75.6875,0.334300138507492,0.5373977599510984,1.0,0.0,0.12717078523660347,0.0,0.0,0.0
75.69791666666667,0.33429679977638926,0.5374028774741394,1.0,0.0,0.10798679031332346,0.0,0.0,0.0
75.70833333333333,0.33429862369772206,0.5373997013018812,1.0,0.0,0.10179573031541922,0.0,0.0,0.0
75.71875,0.33432945214675747,0.537349900680788,1.0,0.0,0.06698805046801151,0.0,0.0,0.0
75.72916666666667,0.334369251206751,0.5372856406909086,1.0,0.0,0.05618326217441132,0.0,0.0,0.0
75.73958333333333,0.33442518182809905,0.5371954052378217,1.0,0.0,0.03676786307965586,0.0,0.0,0.0
75.75,0.33449392201674116,0.5370845083686077,1.0,0.0,0.021304464136002593,0.0,0.0,0.0
75.76041666666667,0.3345803070102737,0.5369451638879184,1.0,0.0,0.0,0.0,0.0,0.0
75.77083333333333,0.33466653203015,0.5368058914516475,1.0,0.0,0.0,0.0,0.0,0.0
75.78125,0.33475257171522466,0.536666690926931,1.0,0.0,0.0,0.0,0.0,0.0
75.79166666666667,0.33483840091283285,0.5365275621707098,1.0,0.0,0.0,0.0,0.0,0.0
75.80208333333333,0.3349239947079563,0.536388505029863,1.0,0.0,0.0,0.0,0.0,0.0
75.8125,0.3350093284518151,0.5362495193413512,1.0,0.0,0.0,0.0,0.0,0.0
75.82291666666667,0.33509437778981704,0.5361106049323723,1.0,0.0,0.0,0.0,0.0,0.0
75.83333333333333,0.33517911868879846,0.5359717616205263,1.0,0.0,0.0,0.0,0.0,0.0
75.84375,0.33526352746349286,0.5358329892139913,1.0,0.0,0.0,0.0,0.0,0.0
75.85416666666667,0.33534758080216764,0.5356942875117083,1.0,0.0,0.0,0.0,0.0,0.0
75.86458333333333,0.3354312557913719,0.5355556563035769,1.0,0.0,0.0,0.0,0.0,0.0
75.875,0.33551452993974257,0.5354170953706578,1.0,0.0,0.0,0.0,0.0,0.0
75.88541666666667,0.33559738120081944,0.5352786044853854,1.0,0.0,0.0,0.0,0.0,0.0
75.89583333333333,0.33567978799482356,0.5351401834117876,1.0,0.0,0.0,0.0,0.0,0.0
75.90625,0.3357617292293581,0.5350018319057128,1.0,0.0,0.0,0.0,0.0,0.0
75.91666666666667,0.33584318431899435,0.5348635497150649,1.0,0.0,0.0,0.0,0.0,0.0
75.92708333333333,0.3359241332037102,0.5347253365800434,1.0,0.0,0.0,0.0,0.0,0.0
75.9375,0.33600455636615234,0.5345871922333909,1.0,0.0,0.0,0.0,0.0,0.0
75.94791666666667,0.336084434847699,0.5344491164006444,1.0,0.0,0.0,0.0,0.0,0.0
75.95833333333333,0.33616375026330225,0.5343111088003931,1.0,0.0,0.0,0.0,0.0,0.0
75.96875,0.33624248481509567,0.534173169144539,1.0,0.0,0.0,0.0,0.0,0.0
75.97916666666667,0.33632062130475604,0.5340352971385628,1.0,0.0,0.0,0.0,0.0,0.0
75.98958333333333,0.3363981431446124,0.533897492481792,1.0,0.0,0.0,0.0,0.0,0.0
76.0,0.33647503436750015,0.5337597548676724,1.0,0.0,0.0,0.0,0.0,0.0
76.01041666666667,0.3365512796353618,0.5336220839840417,1.0,0.0,0.0,0.0,0.0,0.0
76.02083333333333,0.33662686424660054,0.5334844795134044,1.0,0.0,0.0,0.0,0.0,0.0
76.03125,0.33670177414219554,0.533346941133209,1.0,0.0,0.0,0.0,0.0,0.0
76.04166666666667,0.33677599591059293,0.5332094685161249,1.0,0.0,0.0,0.0,0.0,0.0
76.05208333333333,0.33684951679138925,0.53307206133032,1.0,0.0,0.0,0.0,0.0,0.0
76.0625,0.33692232467782757,0.5329347192397382,1.0,0.0,0.0,0.0,0.0,0.0
76.07291666666667,0.3369944081181298,0.532797441904376,1.0,0.0,0.0,0.0,0.0,0.0
76.08333333333333,0.3370657563156921,0.5326602289805576,1.0,0.0,0.0,0.0,0.0,0.0
76.09375,0.3371363591281721,0.5325230801212102,1.0,0.0,0.0,0.0,0.0,0.0
76.10416666666667,0.33720620706550075,0.5323859949761343,1.0,0.0,0.0,0.0,0.0,0.0
76.11458333333333,0.33727529128685235,0.5322489731922746,1.0,0.0,0.0,0.0,0.0,0.0
76.125,0.3373436035966095,0.5321120144139867,1.0,0.0,0.0,0.0,0.0,0.0
76.13541666666667,0.33741113643936166,0.5319751182833005,1.0,0.0,0.0,0.0,0.0,0.0
76.14583333333333,0.33747788289397734,0.5318382844401807,1.0,0.0,0.0,0.0,0.0,0.0
76.15625,0.33754383666679105,0.5317015125227834,1.0,0.0,0.0,0.0,0.0,0.0
76.16666666666667,0.3376089920839486,0.5315648021677085,1.0,0.0,0.0,0.0,0.0,0.0
76.17708333333333,0.33767334408295463,0.5314281530102476,1.0,0.0,0.0,0.0,0.0,0.0
76.1875,0.3377368882034662,0.5312915646846273,1.0,0.0,0.0,0.0,0.0,0.0
76.19791666666667,0.33779962057737944,0.5311550368242479,1.0,0.0,0.0,0.0,0.0,0.0
76.20833333333333,0.33786153791825363,0.5310185690619161,1.0,0.0,0.0,0.0,0.0,0.0
76.21875,0.33792263751011936,0.5308821610300738,1.0,0.0,0.0,0.0,0.0,0.0
76.22916666666667,0.3379829171957173,0.5307458123610195,1.0,0.0,0.0,0.0,0.0,0.0
76.23958333333333,0.33804237536421283,0.5306095226871252,1.0,0.0,0.0,0.0,0.0,0.0
76.25,0.33810101093843237,0.530473291641048,1.0,0.0,0.0,0.0,0.0,0.0
76.26041666666667,0.33815882336166725,0.5303371188559333,1.0,0.0,0.0,0.0,0.0,0.0
76.27083333333333,0.3382011257788052,0.5302240286048392,1.0,0.0,0.01762416634056398,0.0,0.0,0.0
76.28125,0.33822372166172937,0.5301409076799649,1.0,0.0,0.040540424831662016,0.0,0.0,0.0
76.29166666666667,0.33822859217723045,0.5300850694154122,1.0,0.0,0.06141705651061276,0.0,0.0,0.0
76.30208333333333,0.3382300795254155,0.5300344282627446,1.0,0.0,0.06539169544271889,0.0,0.0,0.0
76.3125,0.33820312091440374,0.530028334638764,1.0,0.0,0.09950082036382946,0.0,0.0,0.0
76.32291666666667,0.33818032683725635,0.5300163278834731,1.0,0.0,0.09497368999762636,0.0,0.0,0.0
76.33333333333333,0.33811710439936943,0.5300682091276318,1.0,0.0,0.1438830341625753,0.0,0.0,0.0
76.34375,0.3380390150390909,0.5301448378387915,1.0,0.0,0.16280854014206586,0.0,0.0,0.0
76.35416666666667,0.3379747271286594,0.5302015656074852,1.0,0.0,0.14756435901735115,0.0,0.0,0.0
76.36458333333333,0.33787343435217837,0.5303177793344782,1.0,0.0,0.19303595775519383,0.0,0.0,0.0
76.375,0.3377712561924324,0.5304375954510393,1.0,0.0,0.19574294439292475,0.0,0.0,0.0
76.38541666666667,0.3376562234958743,0.5305797885612094,1.0,0.0,0.2127842812525973,0.0,0.0,0.0
76.39583333333333,0.3375491454664746,0.5307118764960418,1.0,0.0,0.2050061720312447,0.0,0.0,0.0
76.40625,0.33741455607765874,0.5308894140379183,1.0,0.0,0.23961587034740459,0.0,0.0,0.0
76.41666666666667,0.3372753232292749,0.531076936558775,1.0,0.0,0.24712687757826568,0.0,0.0,0.0
76.42708333333333,0.33711815672950846,0.5312953940160875,1.0,0.0,0.27057413857133733,0.0,0.0,0.0
76.4375,0.33696685224783607,0.5315075280649427,1.0,0.0,0.26561841686609117,0.0,0.0,0.0
76.44791666666667,0.33682300111802366,0.5317105806158903,1.0,0.0,0.25857901114014264,0.0,0.0,0.0
76.45833333333333,0.33664789837702225,0.5319654437559325,1.0,0.0,0.2978039052627489,0.0,0.0,0.0
76.46875,0.3365194875196322,0.532149327047679,1.0,0.0,0.2437553828021848,0.0,0.0,0.0
76.47916666666667,0.3363745325239241,0.5323613358917709,1.0,0.0,0.26498102203123175,0.0,0.0,0.0
76.48958333333333,0.33618334949553236,0.5326486905792781,1.0,0.0,0.32192221311915364,0.0,0.0,0.0
76.5,0.33599581829907077,0.5329329530550039,1.0,0.0,0.319342646255002,0.0,0.0,0.0
76.51041666666667,0.3358489295950837,0.5331551430718755,1.0,0.0,0.2721929346733676,0.0,0.0,0.0
76.52083333333333,0.33566428784124336,0.5334390597518077,1.0,0.0,0.31866488486246863,0.0,0.0,0.0
76.53125,0.33554102170011957,0.5336274355916185,1.0,0.0,0.24635607840525717,0.0,0.0,0.0
76.54166666666667,0.33536873974045406,0.533895050860222,1.0,0.0,0.3059924111036055,0.0,0.0,0.0
76.55208333333333,0.3352270903965953,0.5341155031843122,1.0,0.0,0.27027030308035455,0.0,0.0,0.0
76.5625,0.3350895745114281,0.5343305588890661,1.0,0.0,0.2660708035193389,0.0,0.0,0.0
76.57291666666667,0.3349719910559449,0.534514857543457,1.0,0.0,0.24281092614214553,0.0,0.0,0.0
76.58333333333333,0.33481422506781966,0.5347641232575138,1.0,0.0,0.2915314271632209,0.0,0.0,0.0
76.59375,0.3346925794473008,0.5349566597644659,1.0,0.0,0.2487699502760338,0.0,0.0,0.0
76.60416666666667,0.3345861511739729,0.5351255016554528,1.0,0.0,0.23088831582702393,0.0,0.0,0.0
76.61458333333333,0.33450427594877086,0.5352555345905932,1.0,0.0,0.20170619191977285,0.0,0.0,0.0
76.625,0.334398606142201,0.53542397340271,1.0,0.0,0.230444379688755,0.0,0.0,0.0
76.63541666666667,0.33433159908468213,0.5355308449318739,1.0,0.0,0.184246448709101,0.0,0.0,0.0
76.64583333333333,0.3342769958802754,0.5356180187036468,1.0,0.0,0.16946304350154445,0.0,0.0,0.0
76.65625,0.33423193672852414,0.5356900155566777,1.0,0.0,0.15807892529865,0.0,0.0,0.0
76.66666666666667,0.33416908957096136,0.5357906140789751,1.0,0.0,0.17947197152290506,0.0,0.0,0.0
76.67708333333333,0.33412275257863616,0.5358648398447597,1.0,0.0,0.15971191107642915,0.0,0.0,0.0
76.6875,0.33410888732385347,0.5358870361499691,1.0,0.0,0.12077380104408243,0.0,0.0,0.0
76.69791666666667,0.33411283606901604,0.5358806699337805,1.0,0.0,0.09940364520359338,0.0,0.0,0.0
76.70833333333333,0.33412763286036673,0.5358569033380992,1.0,0.0,0.08638417858306392,0.0,0.0,0.0
76.71875,0.3341537961451832,0.5358149022438917,1.0,0.0,0.07273702569142144,0.0,0.0,0.0
76.72916666666667,0.334195567695737,0.5357478646473207,1.0,0.0,0.053991874851418716,0.0,0.0,0.0
76.73958333333333,0.33425391908532737,0.5356542323682953,1.0,0.0,0.03406587870506349,0.0,0.0,0.0
76.75,0.33432696263814043,0.5355370248744188,1.0,0.0,0.016381024978507543,0.0,0.0,0.0
76.76041666666667,0.3344135839003988,0.5353980126117511,1.0,0.0,0.0,0.0,0.0,0.0
76.77083333333333,0.33450009457920427,0.5352590723762137,1.0,0.0,0.0,0.0,0.0,0.0
76.78125,0.3345864689954955,0.5351202040553182,1.0,0.0,0.0,0.0,0.0,0.0
76.79166666666667,0.3346726816210883,0.534981407526193,1.0,0.0,0.0,0.0,0.0,0.0
76.80208333333333,0.33475870710874467,0.5348426826556937,1.0,0.0,0.0,0.0,0.0,0.0
76.8125,0.334844520321807,0.5347040293005241,1.0,0.0,0.0,0.0,0.0,0.0
76.82291666666667,0.33493009636332555,0.5345654473073702,1.0,0.0,0.0,0.0,0.0,0.0
76.83333333333333,0.33501541060460654,0.5344269365130442,1.0,0.0,0.0,0.0,0.0,0.0
76.84375,0.33510043871311324,0.5342884967446392,1.0,0.0,0.0,0.0,0.0,0.0
76.85416666666667,0.33518515667965354,0.5341501278196954,1.0,0.0,0.0,0.0,0.0,0.0
76.86458333333333,0.33526954084479127,0.5340118295463758,1.0,0.0,0.0,0.0,0.0,0.0
76.875,0.3353535679244211,0.5338736017236515,1.0,0.0,0.0,0.0,0.0,0.0
76.88541666666667,0.3354372150344511,0.5337354441414962,1.0,0.0,0.0,0.0,0.0,0.0
76.89583333333333,0.3355204597145396,0.53359735658109,1.0,0.0,0.0,0.0,0.0,0.0
76.90625,0.33560327995083744,0.5334593388150306,1.0,0.0,0.0,0.0,0.0,0.0
76.91666666666667,0.33568565419769103,0.5333213906075541,1.0,0.0,0.0,0.0,0.0,0.0
76.92708333333333,0.3357675613982647,0.5331835117147613,1.0,0.0,0.0,0.0,0.0,0.0
76.9375,0.33584898100404575,0.5330457018848518,1.0,0.0,0.0,0.0,0.0,0.0
76.94791666666667,0.3359298929931999,0.5329079608583646,1.0,0.0,0.0,0.0,0.0,0.0
76.95833333333333,0.3360102778877487,0.5327702883684244,1.0,0.0,0.0,0.0,0.0,0.0
76.96875,0.3360901167695453,0.5326326841409933,1.0,0.0,0.0,0.0,0.0,0.0
76.97916666666667,0.33616939129502965,0.5324951478951269,1.0,0.0,0.0,0.0,0.0,0.0
76.98958333333333,0.3362480837087471,0.5323576793432356,1.0,0.0,0.0,0.0,0.0,0.0
77.0,0.336326176855621,0.5322202781913488,1.0,0.0,0.0,0.0,0.0,0.0
77.01041666666667,0.3364036541919721,0.5320829441393828,1.0,0.0,0.0,0.0,0.0,0.0
77.02083333333333,0.33648049979528305,0.5319456768814118,1.0,0.0,0.0,0.0,0.0,0.0
77.03125,0.3365566983727101,0.5318084761059397,1.0,0.0,0.0,0.0,0.0,0.0
77.04166666666667,0.33663223526834746,0.5316713414961757,1.0,0.0,0.0,0.0,0.0,0.0
77.05208333333333,0.33670709646925506,0.5315342727303092,1.0,0.0,0.0,0.0,0.0,0.0
77.0625,0.3367812686102627,0.5313972694817864,1.0,0.0,0.0,0.0,0.0,0.0
77.07291666666667,0.33685473897756774,0.5312603314195876,1.0,0.0,0.0,0.0,0.0,0.0
77.08333333333333,0.3369274955111475,0.5311234582085024,1.0,0.0,0.0,0.0,0.0,0.0
77.09375,0.33699952680600953,0.5309866495094061,1.0,0.0,0.0,0.0,0.0,0.0
77.10416666666667,0.33707082211230677,0.5308499049795343,1.0,0.0,0.0,0.0,0.0,0.0
77.11458333333333,0.337141371334347,0.5307132242727555,1.0,0.0,0.0,0.0,0.0,0.0
77.125,0.3372111650285291,0.5305766070398421,1.0,0.0,0.0,0.0,0.0,0.0
77.13541666666667,0.33728019440023993,0.5304400529287394,1.0,0.0,0.0,0.0,0.0,0.0
77.14583333333333,0.3373484512997493,0.5303035615848307,1.0,0.0,0.0,0.0,0.0,0.0
77.15625,0.3374159282171407,0.5301671326512006,1.0,0.0,0.0,0.0,0.0,0.0
77.16666666666667,0.33748261827631926,0.5300307657688939,1.0,0.0,0.0,0.0,0.0,0.0
77.17708333333333,0.3375485152281368,0.5298944605771705,1.0,0.0,0.0,0.0,0.0,0.0
77.1875,0.33761361344267893,0.5297582167137577,1.0,0.0,0.0,0.0,0.0,0.0
77.19791666666667,0.3376779079007572,0.5296220338150959,1.0,0.0,0.0,0.0,0.0,0.0
77.20833333333333,0.3377413941846507,0.5294859115165818,1.0,0.0,0.0,0.0,0.0,0.0
77.21875,0.3378040684681439,0.5293498494528048,1.0,0.0,0.0,0.0,0.0,0.0
77.22916666666667,0.33786592750590516,0.5292138472577798,1.0,0.0,0.0,0.0,0.0,0.0
77.23958333333333,0.3379269686222528,0.5290779045651731,1.0,0.0,0.0,0.0,0.0,0.0
77.25,0.3379871896993549,0.5289420210085246,1.0,0.0,0.0,0.0,0.0,0.0
77.26041666666667,0.33804658916490804,0.5288061962214627,1.0,0.0,0.0,0.0,0.0,0.0
77.27083333333333,0.3380905224771808,0.5286933278077387,1.0,0.0,0.017572202593190582,0.0,0.0,0.0
77.28125,0.338121999747033,0.528599006845623,1.0,0.0,0.03177991846789725,0.0,0.0,0.0
77.29166666666667,0.33813110444592,0.5285389835293539,1.0,0.0,0.058092232262391595,0.0,0.0,0.0
77.30208333333333,0.3381313694327102,0.5284925820998964,1.0,0.0,0.06854444153281225,0.0,0.0,0.0
77.3125,0.3381132338432208,0.5284749376319353,1.0,0.0,0.09062060379169078,0.0,0.0,0.0
77.32291666666667,0.3380719789431186,0.5284938346927284,1.0,0.0,0.1186730879561504,0.0,0.0,0.0
77.33333333333333,0.3380226459488618,0.528526275328123,1.0,0.0,0.12906535503548675,0.0,0.0,0.0
77.34375,0.337977439122976,0.5285533463574235,1.0,0.0,0.12494004559095474,0.0,0.0,0.0
77.35416666666667,0.33792033093240414,0.5286000138848087,1.0,0.0,0.13996984091160458,0.0,0.0,0.0
77.36458333333333,0.33785665838690204,0.5286581812102796,1.0,0.0,0.14878010070679154,0.0,0.0,0.0
77.375,0.3377755723415712,0.5287449591136963,1.0,0.0,0.17070067378506873,0.0,0.0,0.0
77.38541666666667,0.3376872134392352,0.5288448321733632,1.0,0.0,0.18070834439298084,0.0,0.0,0.0
77.39583333333333,0.33758364694652965,0.5289703591216373,1.0,0.0,0.20032155160163223,0.0,0.0,0.0
77.40625,0.33743295676343715,0.5291718794828574,1.0,0.0,0.25842773667624497,0.0,0.0,0.0
77.41666666666667,0.337294538330898,0.5293571661932517,1.0,0.0,0.2458889263658728,0.0,0.0,0.0
77.42708333333333,0.337129556907321,0.5295868380564299,1.0,0.0,0.27969089509826106,0.0,0.0,0.0
77.4375,0.33696253564994016,0.5298228009067555,1.0,0.0,0.2843312054758847,0.0,0.0,0.0
77.44791666666667,0.3368283963749958,0.5300099994919173,1.0,0.0,0.24697773286270078,0.0,0.0,0.0
77.45833333333333,0.3367026302057254,0.5301862618272981,1.0,0.0,0.23853694342180992,0.0,0.0,0.0
77.46875,0.33654288136685306,0.5304180916010643,1.0,0.0,0.2807551579210854,0.0,0.0,0.0
77.47916666666667,0.336418262737875,0.5305969977715161,1.0,0.0,0.24033239104797413,0.0,0.0,0.0
77.48958333333333,0.33623899824763437,0.5308639746765362,1.0,0.0,0.3071863915642038,0.0,0.0,0.0
77.5,0.3360734998499493,0.5311117458986333,1.0,0.0,0.2923941880153708,0.0,0.0,0.0
77.51041666666667,0.33591546199046607,0.531349898946564,1.0,0.0,0.2849179870535071,0.0,0.0,0.0
77.52083333333333,0.33578582116875066,0.5315450347938709,1.0,0.0,0.2521456557071855,0.0,0.0,0.0
77.53125,0.3356611948261188,0.5317336838973085,1.0,0.0,0.2471209135908178,0.0,0.0,0.0
77.54166666666667,0.33548885071421136,0.5319993010357323,1.0,0.0,0.305270921367935,0.0,0.0,0.0
77.55208333333333,0.335345625921927,0.5322204535836407,1.0,0.0,0.2714508103671928,0.0,0.0,0.0
77.5625,0.3351753084816671,0.5324859418285741,1.0,0.0,0.30480180677370167,0.0,0.0,0.0
77.57291666666667,0.3350364983673687,0.5327027731813653,1.0,0.0,0.26788122467191267,0.0,0.0,0.0
77.58333333333333,0.33489429293376966,0.5329260276326919,1.0,0.0,0.27259073814252205,0.0,0.0,0.0
77.59375,0.33480137519691094,0.5330717365026286,1.0,0.0,0.21401349906824882,0.0,0.0,0.0
77.60416666666667,0.3346890944969267,0.5332488068266509,1.0,0.0,0.23757499207839242,0.0,0.0,0.0
77.61458333333333,0.3345607044703041,0.5334521400663946,1.0,0.0,0.2572523806374167,0.0,0.0,0.0
77.625,0.3344792143304613,0.5335812421706354,1.0,0.0,0.20130446138502023,0.0,0.0,0.0
77.63541666666667,0.3343742924683108,0.5337480405762572,1.0,0.0,0.22959783505879455,0.0,0.0,0.0
77.64583333333333,0.33429687904618577,0.5338712554770385,1.0,0.0,0.1967729609893782,0.0,0.0,0.0
77.65625,0.3342350769935633,0.5339697287530183,1.0,0.0,0.17814680170771505,0.0,0.0,0.0
77.66666666666667,0.3341816651780841,0.5340549202130668,1.0,0.0,0.16814652719793388,0.0,0.0,0.0
77.67708333333333,0.3341532403928334,0.5341002587307089,1.0,0.0,0.13820813770939094,0.0,0.0,0.0
77.6875,0.3341279040670823,0.5341406938953138,1.0,0.0,0.13452167941014978,0.0,0.0,0.0
77.69791666666667,0.3341158579919509,0.5341599064973731,1.0,0.0,0.1185881142620323,0.0,0.0,0.0
77.70833333333333,0.3341160793537373,0.534159515605961,1.0,0.0,0.10387326440014316,0.0,0.0,0.0
77.71875,0.3341408629791917,0.5341198592256151,1.0,0.0,0.07439844178793881,0.0,0.0,0.0
77.72916666666667,0.3341795126545728,0.5340580306912672,1.0,0.0,0.05774600856236831,0.0,0.0,0.0
77.73958333333333,0.33423830659486437,0.5339639988475362,1.0,0.0,0.03354727534553648,0.0,0.0,0.0
77.75,0.33431162031476086,0.5338467454825128,1.0,0.0,0.01607272205707245,0.0,0.0,0.0
77.76041666666667,0.33439825846671145,0.5337081656240661,1.0,0.0,0.0,0.0,0.0,0.0
77.77083333333333,0.33448479059405845,0.5335696575808775,1.0,0.0,0.0,0.0,0.0,0.0
77.78125,0.3345711909941947,0.5334312212426612,1.0,0.0,0.0,0.0,0.0,0.0
77.79166666666667,0.33465743411002796,0.5332928564887636,1.0,0.0,0.0,0.0,0.0,0.0
77.80208333333333,0.33474349456011904,0.5331545631882705,1.0,0.0,0.0,0.0,0.0,0.0
77.8125,0.3348293471683988,0.5330163412001265,1.0,0.0,0.0,0.0,0.0,0.0
77.82291666666667,0.33491496699339013,0.5328781903732661,1.0,0.0,0.0,0.0,0.0,0.0
77.83333333333333,0.33500032935686386,0.532740110546755,1.0,0.0,0.0,0.0,0.0,0.0
77.84375,0.33508540987185925,0.532602101549943,1.0,0.0,0.0,0.0,0.0,0.0
77.85416666666667,0.33517018447000246,0.532464163202628,1.0,0.0,0.0,0.0,0.0,0.0
77.86458333333333,0.33525462942805984,0.5323262953152283,1.0,0.0,0.0,0.0,0.0,0.0
77.875,0.3353387213936651,0.5321884976889667,1.0,0.0,0.0,0.0,0.0,0.0
77.88541666666667,0.33542243741016364,0.5320507701160624,1.0,0.0,0.0,0.0,0.0,0.0
77.89583333333333,0.33550575494052054,0.5319131123799323,1.0,0.0,0.0,0.0,0.0,0.0
77.90625,0.33558865189024234,0.5317755242554015,1.0,0.0,0.0,0.0,0.0,0.0
77.91666666666667,0.3356711066292671,0.5316380055089197,1.0,0.0,0.0,0.0,0.0,0.0
77.92708333333333,0.3357530980127808,0.5315005558987871,1.0,0.0,0.0,0.0,0.0,0.0
77.9375,0.3358346054009228,0.5313631751753867,1.0,0.0,0.0,0.0,0.0,0.0
77.94791666666667,0.33591560867734666,0.5312258630814221,1.0,0.0,0.0,0.0,0.0,0.0
77.95833333333333,0.33599608826660826,0.5310886193521627,1.0,0.0,0.0,0.0,0.0,0.0
77.96875,0.3360760251503557,0.5309514437156934,1.0,0.0,0.0,0.0,0.0,0.0
77.97916666666667,0.3361554008823015,0.5308143358931691,1.0,0.0,0.0,0.0,0.0,0.0
77.98958333333333,0.3362341976019615,0.5306772955990744,1.0,0.0,0.0,0.0,0.0,0.0
78.0,0.3363123980471481,0.5305403225414866,1.0,0.0,0.0,0.0,0.0,0.0
78.01041666666667,0.33638998556521205,0.530403416422342,1.0,0.0,0.0,0.0,0.0,0.0
78.02083333333333,0.336466944123029,0.5302665769377053,1.0,0.0,0.0,0.0,0.0,0.0
78.03125,0.33654325831573256,0.5301298037780409,1.0,0.0,0.0,0.0,0.0,0.0
78.04166666666667,0.3366189133741989,0.5299930966284864,1.0,0.0,0.0,0.0,0.0,0.0
78.05208333333333,0.3366938951712925,0.5298564551691274,1.0,0.0,0.0,0.0,0.0,0.0
78.0625,0.3367681902268856,0.5297198790752728,1.0,0.0,0.0,0.0,0.0,0.0
78.07291666666667,0.3368417857116683,0.5295833680177305,1.0,0.0,0.0,0.0,0.0,0.0
78.08333333333333,0.33691466944976906,0.5294469216630827,1.0,0.0,0.0,0.0,0.0,0.0
78.09375,0.3369868299202086,0.5293105396739616,1.0,0.0,0.0,0.0,0.0,0.0
78.10416666666667,0.33705825625721414,0.5291742217093224,1.0,0.0,0.0,0.0,0.0,0.0
78.11458333333333,0.33712893824942214,0.5290379674247164,1.0,0.0,0.0,0.0,0.0,0.0
78.125,0.33719886633800217,0.5289017764725612,1.0,0.0,0.0,0.0,0.0,0.0
78.13541666666667,0.33726803161373525,0.5287656485024084,1.0,0.0,0.0,0.0,0.0,0.0
78.14583333333333,0.33733642581308315,0.5286295831612099,1.0,0.0,0.0,0.0,0.0,0.0
78.15625,0.3374040413132873,0.5284935800935797,1.0,0.0,0.0,0.0,0.0,0.0
78.16666666666667,0.3374708711265365,0.5283576389420533,1.0,0.0,0.0,0.0,0.0,0.0
78.17708333333333,0.3375369088932458,0.5282217593473425,1.0,0.0,0.0,0.0,0.0,0.0
78.1875,0.33760214887448836,0.5280859409485866,1.0,0.0,0.0,0.0,0.0,0.0
78.19791666666667,0.33766658594362514,0.5279501833835998,1.0,0.0,0.0,0.0,0.0,0.0
78.20833333333333,0.3377302155771762,0.5278144862891129,1.0,0.0,0.0,0.0,0.0,0.0
78.21875,0.3377930338449795,0.5276788493010107,1.0,0.0,0.0,0.0,0.0,0.0
78.22916666666667,0.337855037399683,0.527543272054565,1.0,0.0,0.0,0.0,0.0,0.0
78.23958333333333,0.33791622346561573,0.5274077541846603,1.0,0.0,0.0,0.0,0.0,0.0
78.25,0.33797658982708445,0.5272722953260165,1.0,0.0,0.0,0.0,0.0,0.0
78.26041666666667,0.33803613481614136,0.5271368951134039,1.0,0.0,0.0,0.0,0.0,0.0
78.27083333333333,0.33808144428092424,0.5270224614036337,1.0,0.0,0.016095622733714354,0.0,0.0,0.0
78.28125,0.33811257812099843,0.5269291705670031,1.0,0.0,0.03234550320986472,0.0,0.0,0.0
78.29166666666667,0.33811960396033464,0.5268727829761191,1.0,0.0,0.06074735880607311,0.0,0.0,0.0
78.30208333333333,0.338121354815522,0.5268244660129006,1.0,0.0,0.06695769116017664,0.0,0.0,0.0
78.3125,0.338110700353065,0.5267954424471796,1.0,0.0,0.08181422383436236,0.0,0.0,0.0
78.32291666666667,0.3380894661955387,0.5267831390450626,1.0,0.0,0.09469129846349102,0.0,0.0,0.0
78.33333333333333,0.33805002000100065,0.5267996820595093,1.0,0.0,0.11690594995058241,0.0,0.0,0.0
78.34375,0.3379967459338717,0.5268386429168238,1.0,0.0,0.13416359363431626,0.0,0.0,0.0
78.35416666666667,0.3379087487675015,0.5269329063139878,1.0,0.0,0.17671812511070423,0.0,0.0,0.0
78.36458333333333,0.3378151388346836,0.5270378382698003,1.0,0.0,0.18489254913760658,0.0,0.0,0.0
78.375,0.3377078340477617,0.5271661423386073,1.0,0.0,0.2028221013167773,0.0,0.0,0.0
78.38541666666667,0.3376164386424646,0.527271843847761,1.0,0.0,0.18540079203295298,0.0,0.0,0.0
78.39583333333333,0.3375254222014091,0.5273788057818484,1.0,0.0,0.1863308232782132,0.0,0.0,0.0
78.40625,0.3374269871352291,0.5274991669125606,1.0,0.0,0.1965778745328488,0.0,0.0,0.0
78.41666666666667,0.3372840191920407,0.5276910993604403,1.0,0.0,0.25143305454698844,0.0,0.0,0.0
78.42708333333333,0.3371217819850219,0.5279159449033228,1.0,0.0,0.27654098985648046,0.0,0.0,0.0
78.4375,0.3370014661435342,0.5280781028821188,1.0,0.0,0.22838525213352007,0.0,0.0,0.0
78.44791666666667,0.33687270852335566,0.5282555968155728,1.0,0.0,0.24003943650764545,0.0,0.0,0.0
78.45833333333333,0.3367009941034147,0.5285026822276218,1.0,0.0,0.2931522358499746,0.0,0.0,0.0
78.46875,0.33651734926343324,0.5287713461318805,1.0,0.0,0.30944864825933116,0.0,0.0,0.0
78.47916666666667,0.3363521494256605,0.529013878834443,1.0,0.0,0.28929711235279965,0.0,0.0,0.0
78.48958333333333,0.33621520699186147,0.5292143423397023,1.0,0.0,0.25705236198406706,0.0,0.0,0.0
78.5,0.3360639733632468,0.5294391749646798,1.0,0.0,0.275495686112885,0.0,0.0,0.0
78.51041666666667,0.335907961047603,0.5296734978741141,1.0,0.0,0.2825688729031797,0.0,0.0,0.0
78.52083333333333,0.3357229808880271,0.529955441909021,1.0,0.0,0.31861218955375925,0.0,0.0,0.0
78.53125,0.33554449466074454,0.5302292583471738,1.0,0.0,0.3122089081929417,0.0,0.0,0.0
78.54166666666667,0.33541702014535674,0.530424270065249,1.0,0.0,0.25220131018841535,0.0,0.0,0.0
78.55208333333333,0.3352428499402311,0.530694366910321,1.0,0.0,0.30901710329698645,0.0,0.0,0.0
78.5625,0.3351039254705324,0.5309101604465442,1.0,0.0,0.2676805810891829,0.0,0.0,0.0
78.57291666666667,0.3349622207805152,0.5311314304832709,1.0,0.0,0.2716912877781005,0.0,0.0,0.0
78.58333333333333,0.3348057830582055,0.5313770691530536,1.0,0.0,0.289976601758141,0.0,0.0,0.0
78.59375,0.3346865433650774,0.5315646072103348,1.0,0.0,0.24591112901065076,0.0,0.0,0.0
78.60416666666667,0.33458080258240747,0.5317313117409381,1.0,0.0,0.23008054780955725,0.0,0.0,0.0
78.61458333333333,0.3344794987958879,0.5318914327021023,1.0,0.0,0.22503337732518267,0.0,0.0,0.0
78.625,0.3344088183659107,0.5320032225035345,1.0,0.0,0.18850755227732444,0.0,0.0,0.0
78.63541666666667,0.33433632858213297,0.532118111357299,1.0,0.0,0.19080866266483534,0.0,0.0,0.0
78.64583333333333,0.33427421959852366,0.5322166698120232,1.0,0.0,0.17846344364440905,0.0,0.0,0.0
78.65625,0.33423007981411773,0.5322867500904813,1.0,0.0,0.15697885025507166,0.0,0.0,0.0
78.66666666666667,0.3341941488574354,0.5323438336656168,1.0,0.0,0.14717430524394148,0.0,0.0,0.0
78.67708333333333,0.3341731005321452,0.5323772605159468,1.0,0.0,0.12934668043079114,0.0,0.0,0.0
78.6875,0.334158699746423,0.5324001213633667,1.0,0.0,0.12138562385840801,0.0,0.0,0.0
78.69791666666667,0.33414993167146206,0.5324140223347601,1.0,0.0,0.11463625550757106,0.0,0.0,0.0
78.70833333333333,0.33417031611515924,0.5323814832505649,1.0,0.0,0.07965883119550705,0.0,0.0,0.0
78.71875,0.33418688700216975,0.5323550050846627,1.0,0.0,0.0842215946878198,0.0,0.0,0.0
78.72916666666667,0.3342315899517922,0.5322837075383051,1.0,0.0,0.050450874645538435,0.0,0.0,0.0
78.73958333333333,0.3342896553333803,0.532191103801052,1.0,0.0,0.03437725706297292,0.0,0.0,0.0
78.75,0.3343605942240115,0.5320779624167424,1.0,0.0,0.018866434733696584,0.0,0.0,0.0
78.76041666666667,0.33444717562333687,0.5319398619139041,1.0,0.0,0.0,0.0,0.0,0.0
78.77083333333333,0.3345336364564768,0.5318018329380297,1.0,0.0,0.0,0.0,0.0,0.0
78.78125,0.33461995109933457,0.5316638753733299,1.0,0.0,0.0,0.0,0.0,0.0
78.79166666666667,0.33470609409040786,0.5315259890937387,1.0,0.0,0.0,0.0,0.0,0.0
78.80208333333333,0.3347920401606981,0.5313881739630285,1.0,0.0,0.0,0.0,0.0,0.0
78.8125,0.3348777642631566,0.5312504298349344,1.0,0.0,0.0,0.0,0.0,0.0
78.82291666666667,0.33496324160159524,0.5311127565532918,1.0,0.0,0.0,0.0,0.0,0.0
78.83333333333333,0.33504844765899183,0.5309751539521833,1.0,0.0,0.0,0.0,0.0,0.0
78.84375,0.33513335822512147,0.5308376218560975,1.0,0.0,0.0,0.0,0.0,0.0
78.85416666666667,0.3352179494234505,0.5307001600800969,1.0,0.0,0.0,0.0,0.0,0.0
78.86458333333333,0.33530219773723,0.5305627684299972,1.0,0.0,0.0,0.0,0.0,0.0
78.875,0.3353860800347309,0.5304254467025543,1.0,0.0,0.0,0.0,0.0,0.0
78.88541666666667,0.3354695735935654,0.5302881946856617,1.0,0.0,0.0,0.0,0.0,0.0
78.89583333333333,0.33555265612404345,0.5301510121585556,1.0,0.0,0.0,0.0,0.0,0.0
78.90625,0.33563530579151707,0.5300138988920289,1.0,0.0,0.0,0.0,0.0,0.0
78.91666666666667,0.3357175012376682,0.5298768546486521,1.0,0.0,0.0,0.0,0.0,0.0
78.92708333333333,0.33579922160070175,0.5297398791830016,1.0,0.0,0.0,0.0,0.0,0.0
78.9375,0.335880446534408,0.5296029722418953,1.0,0.0,0.0,0.0,0.0,0.0
78.94791666666667,0.33596115622606393,0.5294661335646336,1.0,0.0,0.0,0.0,0.0,0.0
78.95833333333333,0.33604133141314685,0.5293293628832455,1.0,0.0,0.0,0.0,0.0,0.0
78.96875,0.3361209533988385,0.5291926599227419,1.0,0.0,0.0,0.0,0.0,0.0
78.97916666666667,0.3362000040663018,0.529056024401371,1.0,0.0,0.0,0.0,0.0,0.0
78.98958333333333,0.3362784658917168,0.5289194560308796,1.0,0.0,0.0,0.0,0.0,0.0
79.0,0.33635632195606746,0.5287829545167773,1.0,0.0,0.0,0.0,0.0,0.0
79.01041666666667,0.3364335559556741,0.5286465195586033,1.0,0.0,0.0,0.0,0.0,0.0
79.02083333333333,0.336510152211471,0.5285101508501967,1.0,0.0,0.0,0.0,0.0,0.0
79.03125,0.33658609567703324,0.5283738480799678,1.0,0.0,0.0,0.0,0.0,0.0
79.04166666666667,0.33666137194535956,0.5282376109311718,1.0,0.0,0.0,0.0,0.0,0.0
79.05208333333333,0.33673596725442345,0.5281014390821827,1.0,0.0,0.0,0.0,0.0,0.0
79.0625,0.33680986849150685,0.527965332206768,1.0,0.0,0.0,0.0,0.0,0.0
79.07291666666667,0.33688306319633504,0.5278292899743643,1.0,0.0,0.0,0.0,0.0,0.0
79.08333333333333,0.33695553956303526,0.5276933120503504,1.0,0.0,0.0,0.0,0.0,0.0
79.09375,0.3370272864409427,0.5275573980963225,1.0,0.0,0.0,0.0,0.0,0.0
79.10416666666667,0.33709829333428315,0.5274215477703649,1.0,0.0,0.0,0.0,0.0,0.0
79.11458333333333,0.3371685504007619,0.5272857607273214,1.0,0.0,0.0,0.0,0.0,0.0
79.125,0.3372380484490922,0.5271500366190632,1.0,0.0,0.0,0.0,0.0,0.0
79.13541666666667,0.33730677893549915,0.5270143750947551,1.0,0.0,0.0,0.0,0.0,0.0
79.14583333333333,0.33737473395923545,0.5268787758011181,1.0,0.0,0.0,0.0,0.0,0.0
79.15625,0.33744190625714915,0.5267432383826891,1.0,0.0,0.0,0.0,0.0,0.0
79.16666666666667,0.33750828919734394,0.5266077624820773,1.0,0.0,0.0,0.0,0.0,0.0
79.17708333333333,0.3375738767719739,0.5264723477402162,1.0,0.0,0.0,0.0,0.0,0.0
79.1875,0.33763866358921674,0.5263369937966115,1.0,0.0,0.0,0.0,0.0,0.0
79.19791666666667,0.3377026448644691,0.5262017002895846,1.0,0.0,0.0,0.0,0.0,0.0
79.20833333333333,0.3377658164108098,0.5260664668565117,1.0,0.0,0.0,0.0,0.0,0.0
79.21875,0.3378281746287763,0.5259312931340571,1.0,0.0,0.0,0.0,0.0,0.0
79.22916666666667,0.33788971649549976,0.525796178758402,1.0,0.0,0.0,0.0,0.0,0.0
79.23958333333333,0.3379504395532462,0.5256611233654681,1.0,0.0,0.0,0.0,0.0,0.0
79.25,0.3380103418974086,0.5255261265911341,1.0,0.0,0.0,0.0,0.0,0.0
79.26041666666667,0.33806942216399577,0.5253911880714487,1.0,0.0,0.0,0.0,0.0,0.0
79.27083333333333,0.33811050097906575,0.5252829943845326,1.0,0.0,0.020614245119095865,0.0,0.0,0.0
79.28125,0.3381388026935848,0.5251937807987275,1.0,0.0,0.03525164277904971,0.0,0.0,0.0
79.29166666666667,0.33814741090251943,0.5251345465007939,1.0,0.0,0.058400874575839874,0.0,0.0,0.0
79.30208333333333,0.33814581813317285,0.5250909695828658,1.0,0.0,0.07049449027826714,0.0,0.0,0.0
79.3125,0.33811665050386386,0.5250902513018334,1.0,0.0,0.10361164791934803,0.0,0.0,0.0
79.32291666666667,0.33809612500235237,0.5250767562994682,1.0,0.0,0.0937396408472023,0.0,0.0,0.0
79.33333333333333,0.3380378146101863,0.5251224022722171,1.0,0.0,0.139430230757843,0.0,0.0,0.0
79.34375,0.3379836367341595,0.5251629092290978,1.0,0.0,0.13545237500517812,0.0,0.0,0.0
79.35416666666667,0.337901904105609,0.5252474187323526,1.0,0.0,0.1694170982480817,0.0,0.0,0.0
79.36458333333333,0.33781030071970114,0.5253490399443255,1.0,0.0,0.18259528743112136,0.0,0.0,0.0
79.375,0.33769512666050944,0.5254892787902894,1.0,0.0,0.21234154755463702,0.0,0.0,0.0
79.38541666666667,0.3375697443524508,0.5256478179515053,1.0,0.0,0.2263796813520185,0.0,0.0,0.0
79.39583333333333,0.33745451518656305,0.525793089702515,1.0,0.0,0.21608024826977373,0.0,0.0,0.0
79.40625,0.3373526077568232,0.5259198571632381,1.0,0.0,0.20176855826508816,0.0,0.0,0.0
79.41666666666667,0.33723174099802505,0.5260781330761776,1.0,0.0,0.2259547930170304,0.0,0.0,0.0
79.42708333333333,0.33709702860527185,0.5262602686313963,1.0,0.0,0.24421587367382858,0.0,0.0,0.0
79.4375,0.33696325608209293,0.526443367111774,1.0,0.0,0.24485171657674082,0.0,0.0,0.0
79.44791666666667,0.33681284773726305,0.5266547975410663,1.0,0.0,0.2664917852349283,0.0,0.0,0.0
79.45833333333333,0.3366802005241295,0.5268409559862466,1.0,0.0,0.24697564806064343,0.0,0.0,0.0
79.46875,0.33653042610064965,0.5270560423291615,1.0,0.0,0.26903562259829805,0.0,0.0,0.0
79.47916666666667,0.3363948123374868,0.5272512245065559,1.0,0.0,0.25365727107244485,0.0,0.0,0.0
79.48958333333333,0.33624450731452493,0.5274714085461536,1.0,0.0,0.27266852036801376,0.0,0.0,0.0
79.5,0.33609744636969463,0.5276885762401196,1.0,0.0,0.27021814819155904,0.0,0.0,0.0
79.51041666666667,0.3359376821187771,0.527927620011428,1.0,0.0,0.2867830371716675,0.0,0.0,0.0
79.52083333333333,0.33579226590509803,0.5281460651099772,1.0,0.0,0.27089901065602984,0.0,0.0,0.0
79.53125,0.335641381817242,0.5283747740915986,1.0,0.0,0.27858250432196946,0.0,0.0,0.0
79.54166666666667,0.3354637055103945,0.5286473093220596,1.0,0.0,0.31180491764051865,0.0,0.0,0.0
79.55208333333333,0.3353199927380063,0.5288680563441771,1.0,0.0,0.2721899711604839,0.0,0.0,0.0
79.5625,0.33517677883114383,0.5290892909432169,1.0,0.0,0.2724189164653993,0.0,0.0,0.0
79.57291666666667,0.3350579596569496,0.5292731482958922,1.0,0.0,0.24388494222398122,0.0,0.0,0.0
79.58333333333333,0.3349542407615708,0.5294339893046396,1.0,0.0,0.22631390532800089,0.0,0.0,0.0
79.59375,0.3348556623229607,0.52958736792486,1.0,0.0,0.22057709855655733,0.0,0.0,0.0
79.60416666666667,0.33472003639376036,0.5297999555845806,1.0,0.0,0.26540317684402887,0.0,0.0,0.0
79.61458333333333,0.33461224319934435,0.5299692121356423,1.0,0.0,0.23244598484313697,0.0,0.0,0.0
79.625,0.33452448662924095,0.530107216438997,1.0,0.0,0.20869912102497618,0.0,0.0,0.0
79.63541666666667,0.33443759162792003,0.5302441994805811,1.0,0.0,0.2078716012924858,0.0,0.0,0.0
79.64583333333333,0.33437515282646213,0.5303426899816926,1.0,0.0,0.17869710315625684,0.0,0.0,0.0
79.65625,0.3343144245477679,0.5304386419468325,1.0,0.0,0.17674945500176376,0.0,0.0,0.0
79.66666666666667,0.3342658448909617,0.5305154614152005,1.0,0.0,0.16225773877370372,0.0,0.0,0.0
79.67708333333333,0.3342471495947068,0.5305449411241506,1.0,0.0,0.12645482089586074,0.0,0.0,0.0
79.6875,0.33424025862207096,0.5305557121297058,1.0,0.0,0.11230947245744388,0.0,0.0,0.0
79.69791666666667,0.33423203704591614,0.5305686049932425,1.0,0.0,0.11391314480964762,0.0,0.0,0.0
79.70833333333333,0.33424617142354685,0.5305460213303613,1.0,0.0,0.08709403300446811,0.0,0.0,0.0
79.71875,0.33426613500499264,0.5305141693915985,1.0,0.0,0.0800850058087121,0.0,0.0,0.0
79.72916666666667,0.3343065120622167,0.5304499008948078,1.0,0.0,0.05556767745083216,0.0,0.0,0.0
79.73958333333333,0.33436542096585425,0.5303561886508764,1.0,0.0,0.033281630008799086,0.0,0.0,0.0
79.75,0.33443665486947,0.5302428594818714,1.0,0.0,0.018409745581055462,0.0,0.0,0.0
79.76041666666667,0.3345231317324476,0.530105266527512,1.0,0.0,0.0,0.0,0.0,0.0
79.77083333333333,0.33460946551247295,0.5299677447688452,1.0,0.0,0.0,0.0,0.0,0.0
79.78125,0.3346956307266698,0.5298302940814511,1.0,0.0,0.0,0.0,0.0,0.0
79.79166666666667,0.33478160208105234,0.5296929143307659,1.0,0.0,0.0,0.0,0.0,0.0
79.80208333333333,0.33486735450003174,0.5295556053722054,1.0,0.0,0.0,0.0,0.0,0.0
79.8125,0.3349528631553958,0.5294183670513,1.0,0.0,0.0,0.0,0.0,0.0
79.82291666666667,0.33503810349469126,0.5292811992038408,1.0,0.0,0.0,0.0,0.0,0.0
79.83333333333333,0.33512305126894104,0.5291441016560354,1.0,0.0,0.0,0.0,0.0,0.0
79.84375,0.3352076825596309,0.5290070742246757,1.0,0.0,0.0,0.0,0.0,0.0
79.85416666666667,0.33529197380490366,0.5288701167173134,1.0,0.0,0.0,0.0,0.0,0.0
79.86458333333333,0.33537590182490146,0.5287332289324471,1.0,0.0,0.0,0.0,0.0,0.0
79.875,0.33545944384620136,0.5285964106597165,1.0,0.0,0.0,0.0,0.0,0.0
79.88541666666667,0.33554257752529154,0.5284596616801074,1.0,0.0,0.0,0.0,0.0,0.0
79.89583333333333,0.33562528097104116,0.5283229817661625,1.0,0.0,0.0,0.0,0.0,0.0
79.90625,0.33570753276611887,0.5281863706822018,1.0,0.0,0.0,0.0,0.0,0.0
79.91666666666667,0.33578931198732087,0.5280498281845487,1.0,0.0,0.0,0.0,0.0,0.0
79.92708333333333,0.3358705982247725,0.5279133540217645,1.0,0.0,0.0,0.0,0.0,0.0
79.9375,0.3359513715999723,0.5277769479348872,1.0,0.0,0.0,0.0,0.0,0.0
79.94791666666667,0.3360316127826513,0.527640609657677,1.0,0.0,0.0,0.0,0.0,0.0
79.95833333333333,0.33611130300642517,0.5275043389168679,1.0,0.0,0.0,0.0,0.0,0.0
79.96875,0.33619042408322086,0.5273681354324214,1.0,0.0,0.0,0.0,0.0,0.0
79.97916666666667,0.3362689584164643,0.5272319989177872,1.0,0.0,0.0,0.0,0.0,0.0
79.98958333333333,0.3363468890130191,0.527095929080165,1.0,0.0,0.0,0.0,0.0,0.0
80.0,0.33642419949387176,0.5269599256207714,1.0,0.0,0.0,0.0,0.0,0.0
80.01041666666667,0.3365008741035616,0.5268239882351082,1.0,0.0,0.0,0.0,0.0,0.0
80.02083333333333,0.33657689771835947,0.526688116613233,1.0,0.0,0.0,0.0,0.0,0.0
80.03125,0.3366522558532013,0.5265523104400313,1.0,0.0,0.0,0.0,0.0,0.0
80.04166666666667,0.3367269346673881,0.5264165693954904,1.0,0.0,0.0,0.0,0.0,0.0
80.05208333333333,0.3368009209690669,0.5262808931549725,1.0,0.0,0.0,0.0,0.0,0.0
80.0625,0.3368742022185103,0.5261452813894893,1.0,0.0,0.0,0.0,0.0,0.0
80.07291666666667,0.33694676653021655,0.5260097337659753,1.0,0.0,0.0,0.0,0.0,0.0
80.08333333333333,0.3370186026738547,0.5258742499475602,1.0,0.0,0.0,0.0,0.0,0.0
80.09375,0.33708970007408195,0.5257388295938411,1.0,0.0,0.0,0.0,0.0,0.0
80.10416666666667,0.33716004880926376,0.5256034723611525,1.0,0.0,0.0,0.0,0.0,0.0
80.11458333333333,0.33722963960912966,0.5254681779028328,1.0,0.0,0.0,0.0,0.0,0.0
80.125,0.3372984638513994,0.5253329458694912,1.0,0.0,0.0,0.0,0.0,0.0
80.13541666666667,0.3373665135574171,0.525197775909269,1.0,0.0,0.0,0.0,0.0,0.0
80.14583333333333,0.33743378138683194,0.5250626676680995,1.0,0.0,0.0,0.0,0.0,0.0
80.15625,0.3375002606313667,0.5249276207899632,1.0,0.0,0.0,0.0,0.0,0.0
80.16666666666667,0.33756594520771516,0.5247926349171403,1.0,0.0,0.0,0.0,0.0,0.0
80.17708333333333,0.33763082964961316,0.5246577096904579,1.0,0.0,0.0,0.0,0.0,0.0
80.1875,0.3376949090991259,0.5245228447495334,1.0,0.0,0.0,0.0,0.0,0.0
80.19791666666667,0.337758179297198,0.5243880397330131,1.0,0.0,0.0,0.0,0.0,0.0
80.20833333333333,0.3378206365735106,0.5242532942788056,1.0,0.0,0.0,0.0,0.0,0.0
80.21875,0.33788227783569236,0.5241186080243113,1.0,0.0,0.0,0.0,0.0,0.0
80.22916666666667,0.33794310055793025,0.5239839806066442,1.0,0.0,0.0,0.0,0.0,0.0
80.23958333333333,0.33800310276902573,0.52384941166285,1.0,0.0,0.0,0.0,0.0,0.0
80.25,0.3380622830399427,0.5237149008301184,1.0,0.0,0.0,0.0,0.0,0.0
80.26041666666667,0.3381206404708928,0.5235804477459886,1.0,0.0,0.0,0.0,0.0,0.0
80.27083333333333,0.33816278260428834,0.523469877616096,1.0,0.0,0.018470488457547805,0.0,0.0,0.0
80.28125,0.3381870357226591,0.5233860971686598,1.0,0.0,0.039215167339186806,0.0,0.0,0.0
80.29166666666667,0.33819812161780466,0.5233221698403753,1.0,0.0,0.05459690744805428,0.0,0.0,0.0
80.30208333333333,0.3381955308108412,0.5232791651264729,1.0,0.0,0.07081665120676066,0.0,0.0,0.0
80.3125,0.33818317843615164,0.5232513246972176,1.0,0.0,0.08257551880814072,0.0,0.0,0.0
80.32291666666667,0.3381452305952038,0.5232633655460938,1.0,0.0,0.11350418099891349,0.0,0.0,0.0
80.33333333333333,0.3380925305361508,0.5232990836824237,1.0,0.0,0.1318606408134819,0.0,0.0,0.0
80.34375,0.3380248047771674,0.5233592314318903,1.0,0.0,0.15078956031630986,0.0,0.0,0.0
80.35416666666667,0.33793553807561455,0.5234542300762672,1.0,0.0,0.17777595698020798,0.0,0.0,0.0
80.36458333333333,0.3378372955799091,0.5235650789741845,1.0,0.0,0.19001690473214675,0.0,0.0,0.0
80.375,0.3377433469177424,0.523671366630018,1.0,0.0,0.18644399964910208,0.0,0.0,0.0
80.38541666666667,0.3376187144756701,0.5238272122283995,1.0,0.0,0.22473783538453673,0.0,0.0,0.0
80.39583333333333,0.33752957754703095,0.5239305131267237,1.0,0.0,0.18404134539505446,0.0,0.0,0.0
80.40625,0.3373958749093372,0.5241047856232568,1.0,0.0,0.238838314835077,0.0,0.0,0.0
80.41666666666667,0.3372610135328652,0.524283467062135,1.0,0.0,0.24214430357128683,0.0,0.0,0.0
80.42708333333333,0.3371135834013608,0.5244842416027956,1.0,0.0,0.25908398703262103,0.0,0.0,0.0
80.4375,0.33699316119390604,0.5246456521518977,1.0,0.0,0.22861864492042758,0.0,0.0,0.0
80.44791666666667,0.3368579640869447,0.5248321630792551,1.0,0.0,0.24786981032987776,0.0,0.0,0.0
80.45833333333333,0.33670574586593427,0.5250474815616272,1.0,0.0,0.2699315918506594,0.0,0.0,0.0
80.46875,0.3365480596910478,0.5252737975405067,1.0,0.0,0.2782451024130006,0.0,0.0,0.0
80.47916666666667,0.33636291759509584,0.5255454419082762,1.0,0.0,0.3129060155983726,0.0,0.0,0.0
80.48958333333333,0.33617186908588886,0.5258290652395142,1.0,0.0,0.32187461983421545,0.0,0.0,0.0
80.5,0.3360040036364008,0.526079040403307,1.0,0.0,0.29584718354133593,0.0,0.0,0.0
80.51041666666667,0.3358172937119027,0.5263606875984731,1.0,0.0,0.3199106707381181,0.0,0.0,0.0
80.52083333333333,0.33563311681073327,0.5266405966719514,1.0,0.0,0.31834699654748366,0.0,0.0,0.0
80.53125,0.33547152727545676,0.5268870504756645,1.0,0.0,0.2925567781551083,0.0,0.0,0.0
80.54166666666667,0.3352905174811107,0.5271656294362701,1.0,0.0,0.31689890317111585,0.0,0.0,0.0
80.55208333333333,0.3351290909061185,0.5274150408550966,1.0,0.0,0.29443329419837216,0.0,0.0,0.0
80.5625,0.3349698722660057,0.527662272636858,1.0,0.0,0.29259177844767553,0.0,0.0,0.0
80.57291666666667,0.33483069712492003,0.5278790443290152,1.0,0.0,0.26923092211755056,0.0,0.0,0.0
80.58333333333333,0.3346939251932812,0.5280928847053463,1.0,0.0,0.2668654720569348,0.0,0.0,0.0
80.59375,0.33456951473589197,0.5282879470056961,1.0,0.0,0.2524630767749518,0.0,0.0,0.0
80.60416666666667,0.33446074422873284,0.5284588691847025,1.0,0.0,0.23402030316101075,0.0,0.0,0.0
80.61458333333333,0.33437695538641127,0.5285907130859675,1.0,0.0,0.20427412598714764,0.0,0.0,0.0
80.625,0.3342659270058104,0.5287659002144003,1.0,0.0,0.23710677273070926,0.0,0.0,0.0
80.63541666666667,0.334176120853401,0.528907807329798,1.0,0.0,0.21178775794931512,0.0,0.0,0.0
80.64583333333333,0.3341244212839241,0.5289895613767504,1.0,0.0,0.16614198239538833,0.0,0.0,0.0
80.65625,0.33404642159218606,0.5291130379441246,1.0,0.0,0.19773427213967154,0.0,0.0,0.0
80.66666666666667,0.33402102676840284,0.5291532592645001,1.0,0.0,0.13463599726272954,0.0,0.0,0.0
80.67708333333333,0.33400097784332816,0.5291850212994671,1.0,0.0,0.12822446213859748,0.0,0.0,0.0
80.6875,0.3339896123125299,0.5292030292481085,1.0,0.0,0.11780530164656923,0.0,0.0,0.0
80.69791666666667,0.3339840843337224,0.5292117884173856,1.0,0.0,0.11080024123565917,0.0,0.0,0.0
80.70833333333333,0.333993019778312,0.5291976302094844,1.0,0.0,0.0934441331591892,0.0,0.0,0.0
80.71875,0.3340236176772401,0.5291491535906311,1.0,0.0,0.06744918795292196,0.0,0.0,0.0
80.72916666666667,0.3340643457386192,0.529084639887499,1.0,0.0,0.055291839109829,0.0,0.0,0.0
80.73958333333333,0.3341210146937438,0.5289948926139173,1.0,0.0,0.03615535538421179,0.0,0.0,0.0
80.75,0.3341928140031805,0.5288812012917122,1.0,0.0,0.017977200357679708,0.0,0.0,0.0
80.76041666666667,0.3342795554687134,0.5287438616735693,1.0,0.0,0.0,0.0,0.0,0.0
80.77083333333333,0.33436622629893553,0.5286065933101727,1.0,0.0,0.0,0.0,0.0,0.0
80.78125,0.3344528006414434,0.5284693961065176,1.0,0.0,0.0,0.0,0.0,0.0
80.79166666666667,0.3345392527475173,0.5283322699572052,1.0,0.0,0.0,0.0,0.0,0.0
80.80208333333333,0.3346255570027142,0.5281952147465321,1.0,0.0,0.0,0.0,0.0,0.0
80.8125,0.33471168795714257,0.5280582303485933,1.0,0.0,0.0,0.0,0.0,0.0
80.82291666666667,0.33479762035534394,0.5279213166273954,1.0,0.0,0.0,0.0,0.0,0.0
80.83333333333333,0.33488332916570634,0.5277844734369814,1.0,0.0,0.0,0.0,0.0,0.0
80.84375,0.33496878960933774,0.5276477006215686,1.0,0.0,0.0,0.0,0.0,0.0
80.85416666666667,0.3350539771883294,0.5275109980156947,1.0,0.0,0.0,0.0,0.0,0.0
80.86458333333333,0.3351388677133418,0.5273743654443763,1.0,0.0,0.0,0.0,0.0,0.0
80.875,0.33522343733044774,0.5272378027232769,1.0,0.0,0.0,0.0,0.0,0.0
80.88541666666667,0.3353076625471722,0.5271013096588847,1.0,0.0,0.0,0.0,0.0,0.0
80.89583333333333,0.3353915202576696,0.5269648860486996,1.0,0.0,0.0,0.0,0.0,0.0
80.90625,0.33547498776698387,0.5268285316814302,1.0,0.0,0.0,0.0,0.0,0.0
80.91666666666667,0.3355580428143407,0.5266922463371972,1.0,0.0,0.0,0.0,0.0,0.0
80.92708333333333,0.3356406635954243,0.5265560297877472,1.0,0.0,0.0,0.0,0.0,0.0
80.9375,0.33572282878359544,0.5264198817966723,1.0,0.0,0.0,0.0,0.0,0.0
80.94791666666667,0.3358045175500117,0.5262838021196381,1.0,0.0,0.0,0.0,0.0,0.0
80.95833333333333,0.3358857095826156,0.5261477905046168,1.0,0.0,0.0,0.0,0.0,0.0
80.96875,0.33596638510395915,0.5260118466921281,1.0,0.0,0.0,0.0,0.0,0.0
80.97916666666667,0.3360465248878398,0.5258759704154841,1.0,0.0,0.0,0.0,0.0,0.0
80.98958333333333,0.336126110274725,0.5257401614010403,1.0,0.0,0.0,0.0,0.0,0.0
81.0,0.33620512318594864,0.5256044193684508,1.0,0.0,0.0,0.0,0.0,0.0
81.01041666666667,0.3362835461366663,0.5254687440309271,1.0,0.0,0.0,0.0,0.0,0.0
81.02083333333333,0.33636136224756014,0.5253331350955015,1.0,0.0,0.0,0.0,0.0,0.0
81.03125,0.33643855525529004,0.5251975922632922,1.0,0.0,0.0,0.0,0.0,0.0
81.04166666666667,0.33651510952168967,0.5250621152297716,1.0,0.0,0.0,0.0,0.0,0.0
81.05208333333333,0.33659101004171216,0.5249267036850366,1.0,0.0,0.0,0.0,0.0,0.0
81.0625,0.3366662424501325,0.5247913573140797,1.0,0.0,0.0,0.0,0.0,0.0
81.07291666666667,0.3367407930270189,0.524656075797062,1.0,0.0,0.0,0.0,0.0,0.0
81.08333333333333,0.3368146487019882,0.5245208588095863,1.0,0.0,0.0,0.0,0.0,0.0
81.09375,0.33688779705726335,0.5243857060229696,1.0,0.0,0.0,0.0,0.0,0.0
81.10416666666667,0.3369602263295563,0.524250617104516,1.0,0.0,0.0,0.0,0.0,0.0
81.11458333333333,0.33703192541080035,0.5241155917177887,1.0,0.0,0.0,0.0,0.0,0.0
81.125,0.3371028838477604,0.5239806295228792,1.0,0.0,0.0,0.0,0.0,0.0
81.13541666666667,0.33717309184055205,0.5238457301766776,1.0,0.0,0.0,0.0,0.0,0.0
81.14583333333333,0.3372425402401024,0.5237108933331376,1.0,0.0,0.0,0.0,0.0,0.0
81.15625,0.3373112205445884,0.5235761186435411,1.0,0.0,0.0,0.0,0.0,0.0
81.16666666666667,0.33737912489488975,0.5234414057567595,1.0,0.0,0.0,0.0,0.0,0.0
81.17708333333333,0.3374462460690967,0.5233067543195105,1.0,0.0,0.0,0.0,0.0,0.0
81.1875,0.33751257747611224,0.5231721639766131,1.0,0.0,0.0,0.0,0.0,0.0
81.19791666666667,0.3375781131483927,0.5230376343712378,1.0,0.0,0.0,0.0,0.0,0.0
81.20833333333333,0.33764284773386855,0.5229031651451524,1.0,0.0,0.0,0.0,0.0,0.0
81.21875,0.3377067764870911,0.5227687559389638,1.0,0.0,0.0,0.0,0.0,0.0
81.22916666666667,0.33776989525964946,0.5226344063923547,1.0,0.0,0.0,0.0,0.0,0.0
81.23958333333333,0.337832200489904,0.5225001161443158,1.0,0.0,0.0,0.0,0.0,0.0
81.25,0.3378936891920815,0.5223658848333724,1.0,0.0,0.0,0.0,0.0,0.0
81.26041666666667,0.33795435894477904,0.5222317120978061,1.0,0.0,0.0,0.0,0.0,0.0
81.27083333333333,0.33799875487727477,0.5221214674124266,1.0,0.0,0.018543601976632674,0.0,0.0,0.0
81.28125,0.3380230127836718,0.5220414195704959,1.0,0.0,0.041978809506930274,0.0,0.0,0.0
81.29166666666667,0.338033636565722,0.5219819242808827,1.0,0.0,0.05793721049131288,0.0,0.0,0.0
81.30208333333333,0.33803224355945544,0.5219407637382164,1.0,0.0,0.07218029333899595,0.0,0.0,0.0
81.3125,0.3380133263256563,0.5219266939526811,1.0,0.0,0.09323260976234514,0.0,0.0,0.0
81.32291666666667,0.33799552564559177,0.5219113048027216,1.0,0.0,0.09220759910399186,0.0,0.0,0.0
81.33333333333333,0.3379399806361361,0.5219545851191697,1.0,0.0,0.13779571244770733,0.0,0.0,0.0
81.34375,0.3378712968407209,0.5220193489029721,1.0,0.0,0.15447408630538637,0.0,0.0,0.0
81.35416666666667,0.3378071311855185,0.522078580311133,1.0,0.0,0.1501621848993841,0.0,0.0,0.0
81.36458333333333,0.3377361757685716,0.5221496395647572,1.0,0.0,0.15932912261201512,0.0,0.0,0.0
81.375,0.33762139187397033,0.5222899427552725,1.0,0.0,0.21303053604857222,0.0,0.0,0.0
81.38541666666667,0.3375362419049846,0.5223867174952428,1.0,0.0,0.1792168930644039,0.0,0.0,0.0
81.39583333333333,0.3374051282831839,0.5225563376007079,1.0,0.0,0.23563408310848719,0.0,0.0,0.0
81.40625,0.33727688673829376,0.522724058295739,1.0,0.0,0.23407031867419067,0.0,0.0,0.0
81.41666666666667,0.3371540677186063,0.5228857771567662,1.0,0.0,0.22933596995055378,0.0,0.0,0.0
81.42708333333333,0.33702904983329096,0.5230531299861055,1.0,0.0,0.2336085467633561,0.0,0.0,0.0
81.4375,0.33687915901771426,0.5232612986686389,1.0,0.0,0.2650551577632442,0.0,0.0,0.0
81.44791666666667,0.336710637022127,0.5235009804982905,1.0,0.0,0.289244573440854,0.0,0.0,0.0
81.45833333333333,0.33654603293580476,0.5237373210787832,1.0,0.0,0.28649179173721206,0.0,0.0,0.0
81.46875,0.3364009515848805,0.5239457980076652,1.0,0.0,0.26485447966788017,0.0,0.0,0.0
81.47916666666667,0.33626345701810734,0.5241445497674226,1.0,0.0,0.2572350659064131,0.0,0.0,0.0
81.48958333333333,0.3360956123096407,0.5243925317553376,1.0,0.0,0.2949819479252943,0.0,0.0,0.0
81.5,0.33593415484416034,0.524632748706698,1.0,0.0,0.28883080350558554,0.0,0.0,0.0
81.51041666666667,0.33579848292295345,0.5248346392852028,1.0,0.0,0.25923411179772793,0.0,0.0,0.0
81.52083333333333,0.33567931759116687,0.525012236151012,1.0,0.0,0.2404738162154112,0.0,0.0,0.0
81.53125,0.3355327641962558,0.5252339430470121,1.0,0.0,0.2741968241387196,0.0,0.0,0.0
81.54166666666667,0.3353684919103342,0.52548487341517,1.0,0.0,0.29643330957731395,0.0,0.0,0.0
81.55208333333333,0.33521640441946987,0.5257182246438487,1.0,0.0,0.28279748281817146,0.0,0.0,0.0
81.5625,0.33509141089548344,0.5259103226548713,1.0,0.0,0.2510979858249953,0.0,0.0,0.0
81.57291666666667,0.3349428411725348,0.5261403750598963,1.0,0.0,0.279986161751754,0.0,0.0,0.0
81.58333333333333,0.3348429088661887,0.5262949912349406,1.0,0.0,0.22224647714400428,0.0,0.0,0.0
81.59375,0.33470904376713245,0.5265035542016523,1.0,0.0,0.2633349938957816,0.0,0.0,0.0
81.60416666666667,0.33459534319535106,0.526681104324929,1.0,0.0,0.23956733537941255,0.0,0.0,0.0
81.61458333333333,0.3345195896151715,0.5267994118120122,1.0,0.0,0.19433775130022787,0.0,0.0,0.0
81.625,0.334411180657233,0.5269694557629944,1.0,0.0,0.23369892612610477,0.0,0.0,0.0
81.63541666666667,0.3343334439996773,0.5270915232810813,1.0,0.0,0.19710090399568084,0.0,0.0,0.0
81.64583333333333,0.33425178605035755,0.5272199898619722,1.0,0.0,0.201926199227329,0.0,0.0,0.0
81.65625,0.33419552642563816,0.5273085714768251,1.0,0.0,0.17154706948140694,0.0,0.0,0.0
81.66666666666667,0.3341692337561517,0.5273499564873272,1.0,0.0,0.13563878298687226,0.0,0.0,0.0
81.67708333333333,0.33414402128726917,0.5273896691764913,1.0,0.0,0.13436238203226247,0.0,0.0,0.0
81.6875,0.33411696330449253,0.5274323226303278,1.0,0.0,0.13659333704685248,0.0,0.0,0.0
81.69791666666667,0.33411774136460787,0.5274310571696106,1.0,0.0,0.10320469404917298,0.0,0.0,0.0
81.70833333333333,0.33413935937821354,0.5273968959243607,1.0,0.0,0.07819637208910905,0.0,0.0,0.0
81.71875,0.33415828411049114,0.5273669744685944,1.0,0.0,0.08141681191199845,0.0,0.0,0.0
81.72916666666667,0.33419308084939464,0.5273119959870014,1.0,0.0,0.06235875141937866,0.0,0.0,0.0
81.73958333333333,0.334253626234528,0.5272163793820662,1.0,0.0,0.031435083457369645,0.0,0.0,0.0
81.75,0.33432549811464357,0.5271028657646574,1.0,0.0,0.017787339694713907,0.0,0.0,0.0
81.76041666666667,0.334412121024169,0.5269660422040833,1.0,0.0,0.0,0.0,0.0,0.0
81.77083333333333,0.3344986337852861,0.5268292895377577,1.0,0.0,0.0,0.0,0.0,0.0
81.78125,0.3345850107166447,0.5266926076551374,1.0,0.0,0.0,0.0,0.0,0.0
81.79166666666667,0.33467122628726015,0.5265559964354586,1.0,0.0,0.0,0.0,0.0,0.0
81.80208333333333,0.3347572551465892,0.526419455747844,1.0,0.0,0.0,0.0,0.0,0.0
81.8125,0.3348430721541726,0.5262829854514228,1.0,0.0,0.0,0.0,0.0,0.0
81.82291666666667,0.33492865240877107,0.5261465853954617,1.0,0.0,0.0,0.0,0.0,0.0
81.83333333333333,0.3350139712769242,0.5260102554195063,1.0,0.0,0.0,0.0,0.0,0.0
81.84375,0.335099004420863,0.525873995353534,1.0,0.0,0.0,0.0,0.0,0.0
81.85416666666667,0.3351837278257097,0.525737805018117,1.0,0.0,0.0,0.0,0.0,0.0
81.86458333333333,0.33526811782590316,0.5256016842245947,1.0,0.0,0.0,0.0,0.0,0.0
81.875,0.3353521511307881,0.5254656327752565,1.0,0.0,0.0,0.0,0.0,0.0
81.88541666666667,0.33543580484931335,0.5253296504635324,1.0,0.0,0.0,0.0,0.0,0.0
81.89583333333333,0.33551905651378483,0.5251937370741945,1.0,0.0,0.0,0.0,0.0,0.0
81.90625,0.3356018841026254,0.5250578923835638,1.0,0.0,0.0,0.0,0.0,0.0
81.91666666666667,0.33568426606209556,0.5249221161597275,1.0,0.0,0.0,0.0,0.0,0.0
81.92708333333333,0.33576618132693437,0.524786408162762,1.0,0.0,0.0,0.0,0.0,0.0
81.9375,0.3358476093398838,0.5246507681449631,1.0,0.0,0.0,0.0,0.0,0.0
81.94791666666667,0.3359285300700637,0.5245151958510826,1.0,0.0,0.0,0.0,0.0,0.0
81.95833333333333,0.3360089240301694,0.5243796910185707,1.0,0.0,0.0,0.0,0.0,0.0
81.96875,0.3360887722924682,0.5242442533778235,1.0,0.0,0.0,0.0,0.0,0.0
81.97916666666667,0.3361680565035748,0.5241088826524353,1.0,0.0,0.0,0.0,0.0,0.0
81.98958333333333,0.3362467588979913,0.523973578559455,1.0,0.0,0.0,0.0,0.0,0.0
82.0,0.3363248623104009,0.5238383408096472,1.0,0.0,0.0,0.0,0.0,0.0
82.01041666666667,0.3364023501867082,0.5237031691077549,1.0,0.0,0.0,0.0,0.0,0.0
82.02083333333333,0.33647920659382546,0.5235680631527665,1.0,0.0,0.0,0.0,0.0,0.0
82.03125,0.3365554162282048,0.5234330226381835,1.0,0.0,0.0,0.0,0.0,0.0
82.04166666666667,0.3366309644231239,0.5232980472522915,1.0,0.0,0.0,0.0,0.0,0.0
82.05208333333333,0.3367058371547347,0.5231631366784304,1.0,0.0,0.0,0.0,0.0,0.0
82.0625,0.33678002104688753,0.5230282905952679,1.0,0.0,0.0,0.0,0.0,0.0
82.07291666666667,0.3368535033747498,0.5228935086770705,1.0,0.0,0.0,0.0,0.0,0.0
82.08333333333333,0.33692627206723763,0.522758790593976,1.0,0.0,0.0,0.0,0.0,0.0
82.09375,0.3369983157082858,0.5226241360122649,1.0,0.0,0.0,0.0,0.0,0.0
82.10416666666667,0.3370696235369818,0.5224895445946306,1.0,0.0,0.0,0.0,0.0,0.0
82.11458333333333,0.33714018544659363,0.5223550160004483,1.0,0.0,0.0,0.0,0.0,0.0
82.125,0.3372099919825241,0.5222205498860413,1.0,0.0,0.0,0.0,0.0,0.0
82.13541666666667,0.33727903433922485,0.5220861459049454,1.0,0.0,0.0,0.0,0.0,0.0
82.14583333333333,0.3373473043561079,0.5219518037081708,1.0,0.0,0.0,0.0,0.0,0.0
82.15625,0.3374147945124925,0.521817522944461,1.0,0.0,0.0,0.0,0.0,0.0
82.16666666666667,0.337481497921628,0.5216833032605472,1.0,0.0,0.0,0.0,0.0,0.0
82.17708333333333,0.337547408323834,0.5215491443013999,1.0,0.0,0.0,0.0,0.0,0.0
82.1875,0.3376125200788009,0.5214150457104766,1.0,0.0,0.0,0.0,0.0,0.0
82.19791666666667,0.3376768281570949,0.5212810071299647,1.0,0.0,0.0,0.0,0.0,0.0
82.20833333333333,0.3377403281309124,0.5211470282010198,1.0,0.0,0.0,0.0,0.0,0.0
82.21875,0.33780301616412917,0.5210131085639993,1.0,0.0,0.0,0.0,0.0,0.0
82.22916666666667,0.3378648890016893,0.5208792478586911,1.0,0.0,0.0,0.0,0.0,0.0
82.23958333333333,0.3379259439583818,0.5207454457245367,1.0,0.0,0.0,0.0,0.0,0.0
82.25,0.33798617890704913,0.5206117018008493,1.0,0.0,0.0,0.0,0.0,0.0
82.26041666666667,0.3380455922662746,0.5204780157270253,1.0,0.0,0.0,0.0,0.0,0.0
82.27083333333333,0.3380872648788251,0.5203704255176141,1.0,0.0,0.020301730523092695,0.0,0.0,0.0
82.28125,0.33811765698820817,0.5202793289662287,1.0,0.0,0.03313722070956966,0.0,0.0,0.0
82.29166666666667,0.33812423839730377,0.5202242267242667,1.0,0.0,0.061194203468311746,0.0,0.0,0.0
82.30208333333333,0.3381148963776748,0.520193484738675,1.0,0.0,0.08019010562517198,0.0,0.0,0.0
82.3125,0.338106276642976,0.5201618366634511,1.0,0.0,0.07948259078156353,0.0,0.0,0.0
82.32291666666667,0.33806594134997253,0.5201791735353022,1.0,0.0,0.11768785677944697,0.0,0.0,0.0
82.33333333333333,0.3380100862770759,0.5202212724525741,1.0,0.0,0.13699349107614164,0.0,0.0,0.0
82.34375,0.3379381948871991,0.520289267086479,1.0,0.0,0.15717022894433372,0.0,0.0,0.0
82.35416666666667,0.3378509063105751,0.5203825167848887,1.0,0.0,0.1768289269450323,0.0,0.0,0.0
82.36458333333333,0.3377787762473595,0.5204542555942938,1.0,0.0,0.16004520939716135,0.0,0.0,0.0
82.375,0.33769032713720026,0.5205526364647433,1.0,0.0,0.18076652450782002,0.0,0.0,0.0
82.38541666666667,0.33760210907792476,0.5206524614257839,1.0,0.0,0.18185591080873975,0.0,0.0,0.0
82.39583333333333,0.3374814696035152,0.5208040706065119,1.0,0.0,0.22209244535757694,0.0,0.0,0.0
82.40625,0.33733418241242347,0.5209992054852468,1.0,0.0,0.2558375198568009,0.0,0.0,0.0
82.41666666666667,0.3371887388716555,0.5211943229335181,1.0,0.0,0.25570180673238696,0.0,0.0,0.0
82.42708333333333,0.33707948156906803,0.5213361541581206,1.0,0.0,0.2142409177987591,0.0,0.0,0.0
82.4375,0.336912893689828,0.5215686338474821,1.0,0.0,0.28445434687178955,0.0,0.0,0.0
82.44791666666667,0.33677184318772135,0.5217644293290455,1.0,0.0,0.255874574546495,0.0,0.0,0.0
82.45833333333333,0.3366163657162724,0.5219848935535836,1.0,0.0,0.27484568239769014,0.0,0.0,0.0
82.46875,0.3364563906193506,0.522214774051479,1.0,0.0,0.2819758643292848,0.0,0.0,0.0
82.47916666666667,0.3363217579642871,0.5224076702612231,1.0,0.0,0.2532437029883382,0.0,0.0,0.0
82.48958333333333,0.33618103133166355,0.5226119115164193,1.0,0.0,0.26188725092518256,0.0,0.0,0.0
82.5,0.3360396500217167,0.5228190356151629,1.0,0.0,0.263983712055204,0.0,0.0,0.0
82.51041666666667,0.33588288471205735,0.5230518857212956,1.0,0.0,0.2836789491787416,0.0,0.0,0.0
82.52083333333333,0.33570932112712026,0.5233127841478473,1.0,0.0,0.3051089503332893,0.0,0.0,0.0
82.53125,0.33554369145850216,0.5235632441253105,1.0,0.0,0.2968780269384995,0.0,0.0,0.0
82.54166666666667,0.3353776370455747,0.5238160611318606,1.0,0.0,0.2985023184827672,0.0,0.0,0.0
82.55208333333333,0.3352383280901303,0.5240286217376038,1.0,0.0,0.2674112879175204,0.0,0.0,0.0
82.5625,0.33513221934805343,0.524190404842288,1.0,0.0,0.22832491759433385,0.0,0.0,0.0
82.57291666666667,0.33498749027701025,0.5244134196691751,1.0,0.0,0.2751896608993594,0.0,0.0,0.0
82.58333333333333,0.3348400053357141,0.5246417720746597,1.0,0.0,0.2791313440827429,0.0,0.0,0.0
82.59375,0.3346967974984381,0.5248643455752658,1.0,0.0,0.274556388170518,0.0,0.0,0.0
82.60416666666667,0.33460092779590983,0.5250134165194138,1.0,0.0,0.21820590741103912,0.0,0.0,0.0
82.61458333333333,0.3345013089627833,0.5251687952511371,1.0,0.0,0.2229622345765346,0.0,0.0,0.0
82.625,0.3343996634004826,0.5253277474315704,1.0,0.0,0.2256214586063481,0.0,0.0,0.0
82.63541666666667,0.3343093372961996,0.5254692515685345,1.0,0.0,0.21222755890261433,0.0,0.0,0.0
82.64583333333333,0.33424080317671095,0.5255767366238723,1.0,0.0,0.1862096584154929,0.0,0.0,0.0
82.65625,0.3341625350746367,0.5256996808540625,1.0,0.0,0.1979684339908546,0.0,0.0,0.0
82.66666666666667,0.33412467335015256,0.5257591794691117,1.0,0.0,0.1495460862298947,0.0,0.0,0.0
82.67708333333333,0.3340869818683162,0.525818453118493,1.0,0.0,0.14936429036827373,0.0,0.0,0.0
82.6875,0.33406926036450085,0.5258463258882576,1.0,0.0,0.1254168198882919,0.0,0.0,0.0
82.69791666666667,0.334063139452187,0.5258559477541557,1.0,0.0,0.1115018379615399,0.0,0.0,0.0
82.70833333333333,0.3340689970632001,0.5258467165068259,1.0,0.0,0.09712928644806106,0.0,0.0,0.0
82.71875,0.33408897145794336,0.5258152644497006,1.0,0.0,0.08018754480014283,0.0,0.0,0.0
82.72916666666667,0.3341362407699159,0.5257408573720752,1.0,0.0,0.047427116747862486,0.0,0.0,0.0
82.73958333333333,0.33419207320121525,0.5256529731417452,1.0,0.0,0.03712935109835058,0.0,0.0,0.0
82.75,0.33426332971707184,0.5255408171652434,1.0,0.0,0.018582529445950232,0.0,0.0,0.0
82.76041666666667,0.3343500157326891,0.5254043737363381,1.0,0.0,0.0,0.0,0.0,0.0
82.77083333333333,0.3344366100909194,0.5252680010511195,1.0,0.0,0.0,0.0,0.0,0.0
82.78125,0.3345230870213078,0.5251316990067589,1.0,0.0,0.0,0.0,0.0,0.0
82.79166666666667,0.3346094208819734,0.5249954674901687,1.0,0.0,0.0,0.0,0.0,0.0
82.80208333333333,0.3346955861899498,0.5248593063781014,1.0,0.0,0.0,0.0,0.0,0.0
82.8125,0.3347815576511459,0.5247232155372608,1.0,0.0,0.0,0.0,0.0,0.0
82.82291666666667,0.33486731018985233,0.5245871948244244,1.0,0.0,0.0,0.0,0.0,0.0
82.83333333333333,0.3349528189777214,0.5244512440865771,1.0,0.0,0.0,0.0,0.0,0.0
82.84375,0.33503805946215,0.5243153631610552,1.0,0.0,0.0,0.0,0.0,0.0
82.85416666666667,0.335123007393997,0.5241795518757023,1.0,0.0,0.0,0.0,0.0,0.0
82.86458333333333,0.3352076388545703,0.5240438100490336,1.0,0.0,0.0,0.0,0.0,0.0
82.875,0.33529193028182147,0.5239081374904112,1.0,0.0,0.0,0.0,0.0,0.0
82.88541666666667,0.3353758584956887,0.5237725340002287,1.0,0.0,0.0,0.0,0.0,0.0
82.89583333333333,0.3354594007225325,0.5236369993701045,1.0,0.0,0.0,0.0,0.0,0.0
82.90625,0.33554253461861283,0.5235015333830831,1.0,0.0,0.0,0.0,0.0,0.0
82.91666666666667,0.335625238292559,0.5233661358138458,1.0,0.0,0.0,0.0,0.0,0.0
82.92708333333333,0.33570749032678926,0.5232308064289278,1.0,0.0,0.0,0.0,0.0,0.0
82.9375,0.335789269797839,0.5230955449869431,1.0,0.0,0.0,0.0,0.0,0.0
82.94791666666667,0.3358705562955632,0.5229603512388157,1.0,0.0,0.0,0.0,0.0,0.0
82.95833333333333,0.33595132994118104,0.5228252249280171,1.0,0.0,0.0,0.0,0.0,0.0
82.96875,0.33603157140413564,0.5226901657908096,1.0,0.0,0.0,0.0,0.0,0.0
82.97916666666667,0.33611126191774704,0.5225551735564942,1.0,0.0,0.0,0.0,0.0,0.0
82.98958333333333,0.33619038329363954,0.5224202479476632,1.0,0.0,0.0,0.0,0.0,0.0
83.0,0.33626891793492975,0.522285388680458,1.0,0.0,0.0,0.0,0.0,0.0
83.01041666666667,0.33634684884816624,0.522150595464829,1.0,0.0,0.0,0.0,0.0,0.0
83.02083333333333,0.33642415965401506,0.5220158680047988,1.0,0.0,0.0,0.0,0.0,0.0
83.03125,0.33650083459669083,0.521881205998729,1.0,0.0,0.0,0.0,0.0,0.0
83.04166666666667,0.3365768585521355,0.5217466091395879,1.0,0.0,0.0,0.0,0.0,0.0
83.05208333333333,0.33665221703495296,0.5216120771152202,1.0,0.0,0.0,0.0,0.0,0.0
83.0625,0.3367268962041096,0.5214776096086179,1.0,0.0,0.0,0.0,0.0,0.0
83.07291666666667,0.3368008828674157,0.5213432062981916,1.0,0.0,0.0,0.0,0.0,0.0
83.08333333333333,0.33687416448480584,0.5212088668580418,1.0,0.0,0.0,0.0,0.0,0.0
83.09375,0.33694672917043944,0.5210745909582296,1.0,0.0,0.0,0.0,0.0,0.0
83.10416666666667,0.3370185656936464,0.5209403782650478,1.0,0.0,0.0,0.0,0.0,0.0
83.11458333333333,0.3370896634787453,0.5208062284412889,1.0,0.0,0.0,0.0,0.0,0.0
83.125,0.3371600126037639,0.520672141146513,1.0,0.0,0.0,0.0,0.0,0.0
83.13541666666667,0.33722960379809536,0.5205381160373128,1.0,0.0,0.0,0.0,0.0,0.0
83.14583333333333,0.3372984284391253,0.520404152767577,1.0,0.0,0.0,0.0,0.0,0.0
83.15625,0.337366478547866,0.5202702509887493,1.0,0.0,0.0,0.0,0.0,0.0
83.16666666666667,0.337433746783638,0.520136410350086,1.0,0.0,0.0,0.0,0.0,0.0
83.17708333333333,0.3375002264378387,0.5200026304989087,1.0,0.0,0.0,0.0,0.0,0.0
83.1875,0.3375659114268406,0.5198689110808549,1.0,0.0,0.0,0.0,0.0,0.0
83.19791666666667,0.33763079628406234,0.5197352517401219,1.0,0.0,0.0,0.0,0.0,0.0
83.20833333333333,0.3376948761512568,0.5196016521197092,1.0,0.0,0.0,0.0,0.0,0.0
83.21875,0.33775814676906124,0.5194681118616539,1.0,0.0,0.0,0.0,0.0,0.0
83.22916666666667,0.3378206044668549,0.5193346306072623,1.0,0.0,0.0,0.0,0.0,0.0
83.23958333333333,0.3378822461519704,0.5192012079973367,1.0,0.0,0.0,0.0,0.0,0.0
83.25,0.3379430692983044,0.5190678436723961,1.0,0.0,0.0,0.0,0.0,0.0
83.26041666666667,0.3380030719343747,0.5189345372728916,1.0,0.0,0.0,0.0,0.0,0.0
83.27083333333333,0.33804614147747397,0.5188260143158977,1.0,0.0,0.01933338407267644,0.0,0.0,0.0
83.28125,0.3380734874147369,0.5187407359681159,1.0,0.0,0.03748454748214683,0.0,0.0,0.0
83.29166666666667,0.3380917015019101,0.5186689001102618,1.0,0.0,0.0479834389537376,0.0,0.0,0.0
83.30208333333333,0.3380795247443036,0.5186433027740747,1.0,0.0,0.08414479471480997,0.0,0.0,0.0
83.3125,0.3380693592706244,0.5186148834998228,1.0,0.0,0.08193708625357349,0.0,0.0,0.0
83.32291666666667,0.33804806642454355,0.5186037540813772,1.0,0.0,0.09546129740949123,0.0,0.0,0.0
83.33333333333333,0.33799728677985236,0.5186383232718861,1.0,0.0,0.13120301379581112,0.0,0.0,0.0
83.34375,0.3379386319344176,0.5186860678021211,1.0,0.0,0.14149839594151983,0.0,0.0,0.0
83.35416666666667,0.33787276684585194,0.518746126727821,1.0,0.0,0.15111361973064508,0.0,0.0,0.0
83.36458333333333,0.33777513271868853,0.5188563621690206,1.0,0.0,0.19030080171979757,0.0,0.0,0.0
83.375,0.3376644793301822,0.5189886405742553,1.0,0.0,0.20746859472275267,0.0,0.0,0.0
83.38541666666667,0.33757720123967405,0.5190872316949342,1.0,0.0,0.18112121707623488,0.0,0.0,0.0
83.39583333333333,0.3374576359335568,0.5192372176444169,1.0,0.0,0.22117336807310942,0.0,0.0,0.0
83.40625,0.33734995556413316,0.519371233754338,1.0,0.0,0.2086514621100187,0.0,0.0,0.0
83.41666666666667,0.33723425521532874,0.5195196281472911,1.0,0.0,0.21979187499546107,0.0,0.0,0.0
83.42708333333333,0.33709925933050827,0.5196998855785899,1.0,0.0,0.24452243369625015,0.0,0.0,0.0
83.4375,0.33696207442062304,0.5198859283863291,1.0,0.0,0.2489179868029286,0.0,0.0,0.0
83.44791666666667,0.3367975088006792,0.5201166067477095,1.0,0.0,0.283494999760749,0.0,0.0,0.0
83.45833333333333,0.3366178254531854,0.5203733941142928,1.0,0.0,0.30359703398436716,0.0,0.0,0.0
83.46875,0.3364396214224005,0.520630750775883,1.0,0.0,0.3038347790843013,0.0,0.0,0.0
83.47916666666667,0.33629422220169,0.5208399648999428,1.0,0.0,0.2663334253978178,0.0,0.0,0.0
83.48958333333333,0.3361156096973399,0.5211026798238899,1.0,0.0,0.30761323633862825,0.0,0.0,0.0
83.5,0.3359734104589658,0.5213112667129063,1.0,0.0,0.26554671983439043,0.0,0.0,0.0
83.51041666666667,0.33581877105834634,0.5215409008257254,1.0,0.0,0.28167776335844713,0.0,0.0,0.0
83.52083333333333,0.3356414175230153,0.5218076229974589,1.0,0.0,0.3101478451254177,0.0,0.0,0.0
83.53125,0.3355037344851129,0.5220145370989729,1.0,0.0,0.2638127524255911,0.0,0.0,0.0
83.54166666666667,0.3353534095271909,0.5222424666025511,1.0,0.0,0.27987886789748745,0.0,0.0,0.0
83.55208333333333,0.33519619567640024,0.5224824891979859,1.0,0.0,0.28903403999118826,0.0,0.0,0.0
83.5625,0.33507711273906066,0.5226643277523955,1.0,0.0,0.24410614189702307,0.0,0.0,0.0
83.57291666666667,0.3349624291247708,0.522840155507643,1.0,0.0,0.23938697280509896,0.0,0.0,0.0
83.58333333333333,0.3348395373455155,0.5230295533481585,1.0,0.0,0.24972064057109344,0.0,0.0,0.0
83.59375,0.3347350068584712,0.5231909856064986,1.0,0.0,0.22814519389917148,0.0,0.0,0.0
83.60416666666667,0.3346032821657597,0.5233954962028983,1.0,0.0,0.26111872129055574,0.0,0.0,0.0
83.61458333333333,0.33448089956487354,0.5235860186408013,1.0,0.0,0.2502728908419301,0.0,0.0,0.0
83.625,0.3344063577334031,0.5237021059033287,1.0,0.0,0.19313845107398384,0.0,0.0,0.0
83.63541666666667,0.33430258882441344,0.5238642192688788,1.0,0.0,0.22834776239009738,0.0,0.0,0.0
83.64583333333333,0.33424008647299047,0.523961933635729,1.0,0.0,0.17898007951144954,0.0,0.0,0.0
83.65625,0.33417185987701137,0.5240687531443032,1.0,0.0,0.18591933966042942,0.0,0.0,0.0
83.66666666666667,0.33413408344034895,0.5241279233010269,1.0,0.0,0.1494372903363683,0.0,0.0,0.0
83.67708333333333,0.3341022907048288,0.5241777500056389,1.0,0.0,0.14228075769472737,0.0,0.0,0.0
83.6875,0.3340870954260553,0.5242015628738668,1.0,0.0,0.12237935573230908,0.0,0.0,0.0
83.69791666666667,0.3340804583577452,0.5242119564978449,1.0,0.0,0.11211545638856452,0.0,0.0,0.0
83.70833333333333,0.33410180523917443,0.5241784453333035,1.0,0.0,0.0785370172163228,0.0,0.0,0.0
83.71875,0.3341280932583615,0.5241371767933517,1.0,0.0,0.0725996031482739,0.0,0.0,0.0
83.72916666666667,0.334171794074325,0.5240685891738746,1.0,0.0,0.05169174475662499,0.0,0.0,0.0
83.73958333333333,0.33422775878848104,0.5239807568153791,1.0,0.0,0.036947956134133875,0.0,0.0,0.0
83.75,0.3342990319154927,0.5238689030529087,1.0,0.0,0.018531603110727667,0.0,0.0,0.0
83.76041666666667,0.3343856833193308,0.5237329082019438,1.0,0.0,0.0,0.0,0.0,0.0
83.77083333333333,0.33447223244124774,0.523596983836183,1.0,0.0,0.0,0.0,0.0,0.0
83.78125,0.33455865356003317,0.5234611298488913,1.0,0.0,0.0,0.0,0.0,0.0
83.79166666666667,0.3346449210955844,0.5233253461231455,1.0,0.0,0.0,0.0,0.0,0.0
83.80208333333333,0.3347310096390998,0.5231896325319384,1.0,0.0,0.0,0.0,0.0,0.0
83.8125,0.3348168939828613,0.5230539889382935,1.0,0.0,0.0,0.0,0.0,0.0
83.82291666666667,0.33490254914953294,0.5229184151953924,1.0,0.0,0.0,0.0,0.0,0.0
83.83333333333333,0.33498795042090335,0.5227829111467117,1.0,0.0,0.0,0.0,0.0,0.0
83.84375,0.3350730733660025,0.5226474766261722,1.0,0.0,0.0,0.0,0.0,0.0
83.85416666666667,0.33515789386852635,0.5225121114582968,1.0,0.0,0.0,0.0,0.0,0.0
83.86458333333333,0.33524238815350493,0.5223768154583802,1.0,0.0,0.0,0.0,0.0,0.0
83.875,0.33532653281315317,0.5222415884326665,1.0,0.0,0.0,0.0,0.0,0.0
83.88541666666667,0.3354103048318468,0.5221064301785371,1.0,0.0,0.0,0.0,0.0,0.0
83.89583333333333,0.33549368161016957,0.5219713404847066,1.0,0.0,0.0,0.0,0.0,0.0
83.90625,0.33557664098798107,0.521836319131428,1.0,0.0,0.0,0.0,0.0,0.0
83.91666666666667,0.33565916126645934,0.521701365890705,1.0,0.0,0.0,0.0,0.0,0.0
83.92708333333333,0.3357412212290757,0.5215664805265116,1.0,0.0,0.0,0.0,0.0,0.0
83.9375,0.3358228001614634,0.521431662795019,1.0,0.0,0.0,0.0,0.0,0.0
83.94791666666667,0.33590387787014697,0.521296912444829,1.0,0.0,0.0,0.0,0.0,0.0
83.95833333333333,0.335984434700102,0.5211622292172131,1.0,0.0,0.0,0.0,0.0,0.0
83.96875,0.33606445155112036,0.5210276128463565,1.0,0.0,0.0,0.0,0.0,0.0
83.97916666666667,0.3361439098929606,0.5208930630596079,1.0,0.0,0.0,0.0,0.0,0.0
83.98958333333333,0.3362227917792664,0.5207585795777337,1.0,0.0,0.0,0.0,0.0,0.0
84.0,0.3363010798602413,0.520624162115175,1.0,0.0,0.0,0.0,0.0,0.0
84.01041666666667,0.33637875739407286,0.5204898103803087,1.0,0.0,0.0,0.0,0.0,0.0
84.02083333333333,0.3364558082571009,0.5203555240757117,1.0,0.0,0.0,0.0,0.0,0.0
84.03125,0.33653221695273294,0.5202213028984265,1.0,0.0,0.0,0.0,0.0,0.0
84.04166666666667,0.3366079686191092,0.5200871465402298,1.0,0.0,0.0,0.0,0.0,0.0
84.05208333333333,0.33668304903552765,0.5199530546879014,1.0,0.0,0.0,0.0,0.0,0.0
84.0625,0.33675744462764085,0.5198190270234947,1.0,0.0,0.0,0.0,0.0,0.0
84.07291666666667,0.33683114247144,0.5196850632246072,1.0,0.0,0.0,0.0,0.0,0.0
84.08333333333333,0.3369041302960473,0.5195511629646504,1.0,0.0,0.0,0.0,0.0,0.0
84.09375,0.3369763964853374,0.5194173259131208,1.0,0.0,0.0,0.0,0.0,0.0
84.10416666666667,0.33704793007841544,0.5192835517358678,1.0,0.0,0.0,0.0,0.0,0.0
84.11458333333333,0.3371187207689795,0.5191498400953619,1.0,0.0,0.0,0.0,0.0,0.0
84.125,0.3371887589035988,0.5190161906509599,1.0,0.0,0.0,0.0,0.0,0.0
84.13541666666667,0.33725803547894173,0.518882603059169,1.0,0.0,0.0,0.0,0.0,0.0
84.14583333333333,0.33732654213798957,0.5187490769739069,1.0,0.0,0.0,0.0,0.0,0.0
84.15625,0.33739427116527354,0.5186156120467607,1.0,0.0,0.0,0.0,0.0,0.0
84.16666666666667,0.3374612154811754,0.5184822079272405,1.0,0.0,0.0,0.0,0.0,0.0
84.17708333333333,0.3375273686353328,0.5183488642630312,1.0,0.0,0.0,0.0,0.0,0.0
84.1875,0.3375927247991913,0.518215580700239,1.0,0.0,0.0,0.0,0.0,0.0
84.19791666666667,0.3376572787577478,0.518082356883635,1.0,0.0,0.0,0.0,0.0,0.0
84.20833333333333,0.3377210259005294,0.5179491924568929,1.0,0.0,0.0,0.0,0.0,0.0
84.21875,0.3377839622118525,0.5178160870628228,1.0,0.0,0.0,0.0,0.0,0.0
84.22916666666667,0.3378460842604091,0.5176830403436,1.0,0.0,0.0,0.0,0.0,0.0
84.23958333333333,0.3379073891882251,0.5175500519409886,1.0,0.0,0.0,0.0,0.0,0.0
84.25,0.3379678746990375,0.5174171214965594,1.0,0.0,0.0,0.0,0.0,0.0
84.26041666666667,0.3380275390461361,0.5172842486519024,1.0,0.0,0.0,0.0,0.0,0.0
84.27083333333333,0.3380692487759717,0.5171776405919204,1.0,0.0,0.02055869249282057,0.0,0.0,0.0
84.28125,0.33809656777293645,0.5170921856916666,1.0,0.0,0.037128946067324954,0.0,0.0,0.0
84.29166666666667,0.338108821251058,0.5170292005510166,1.0,0.0,0.05474608228948657,0.0,0.0,0.0
84.30208333333333,0.3381075937766781,0.5169865726771001,1.0,0.0,0.07071523020066756,0.0,0.0,0.0
84.3125,0.33809358627874275,0.5169635153615761,1.0,0.0,0.08607212207123735,0.0,0.0,0.0
84.32291666666667,0.33805295815910585,0.5169814684249155,1.0,0.0,0.118254514623989,0.0,0.0,0.0
84.33333333333333,0.33799176192281993,0.5170317584354249,1.0,0.0,0.14362094570139108,0.0,0.0,0.0
84.34375,0.33794995574745196,0.5170536929995012,1.0,0.0,0.1213713002421673,0.0,0.0,0.0
84.35416666666667,0.3378954624770808,0.5170959218851867,1.0,0.0,0.13728264448893504,0.0,0.0,0.0
84.36458333333333,0.3378006756810843,0.5172009744752073,1.0,0.0,0.18651928494679737,0.0,0.0,0.0
84.375,0.3377050937818405,0.5173092218583405,1.0,0.0,0.18898249914188936,0.0,0.0,0.0
84.38541666666667,0.3376135115228227,0.5174132878304969,1.0,0.0,0.1856670385260027,0.0,0.0,0.0
84.39583333333333,0.3375165716066283,0.5175273892407872,1.0,0.0,0.19348277289534116,0.0,0.0,0.0
84.40625,0.3373797702730014,0.517704535730364,1.0,0.0,0.24274632803465573,0.0,0.0,0.0
84.41666666666667,0.33726761655146664,0.517846464280495,1.0,0.0,0.2151208511937421,0.0,0.0,0.0
84.42708333333333,0.33713004849828515,0.5180295013493504,1.0,0.0,0.2471603147611924,0.0,0.0,0.0
84.4375,0.33699999830739896,0.5182034497300883,1.0,0.0,0.23995955999393737,0.0,0.0,0.0
84.44791666666667,0.33685671049609844,0.518400008813929,1.0,0.0,0.25749388925116534,0.0,0.0,0.0
84.45833333333333,0.3367012389973349,0.5186177191807742,1.0,0.0,0.27385034493746396,0.0,0.0,0.0
84.46875,0.336540122649588,0.5188466196822495,1.0,0.0,0.2824117207602712,0.0,0.0,0.0
84.47916666666667,0.336385603735331,0.5190677958414169,1.0,0.0,0.2762417416757083,0.0,0.0,0.0
84.48958333333333,0.3362562637811442,0.5192523088962498,1.0,0.0,0.2476015033505133,0.0,0.0,0.0
84.5,0.33607261693525814,0.5195224949321308,1.0,0.0,0.314011768746387,0.0,0.0,0.0
84.51041666666667,0.33592206691675225,0.5197438761138385,1.0,0.0,0.27594015065133676,0.0,0.0,0.0
84.52083333333333,0.3357659293355002,0.5199757086373055,1.0,0.0,0.2838893330094841,0.0,0.0,0.0
84.53125,0.3356388002037449,0.5201643300560695,1.0,0.0,0.25027041490343077,0.0,0.0,0.0
84.54166666666667,0.33545478411169954,0.5204424907436416,1.0,0.0,0.31943017784455996,0.0,0.0,0.0
84.55208333333333,0.33529985491495573,0.5206773042063291,1.0,0.0,0.285703542778431,0.0,0.0,0.0
84.5625,0.3351346547993353,0.5209294397208521,1.0,0.0,0.29891150675800554,0.0,0.0,0.0
84.57291666666667,0.335025945359432,0.5210950202787842,1.0,0.0,0.23195468260378588,0.0,0.0,0.0
84.58333333333333,0.33492189248005577,0.5212540899042097,1.0,0.0,0.22685269799001961,0.0,0.0,0.0
84.59375,0.33481095545123646,0.5214245224368503,1.0,0.0,0.23553295469828678,0.0,0.0,0.0
84.60416666666667,0.3347119206296038,0.521577035777484,1.0,0.0,0.22164798402366997,0.0,0.0,0.0
84.61458333333333,0.3346043632815723,0.5217433328501309,1.0,0.0,0.23218701025935795,0.0,0.0,0.0
84.625,0.33450030780114126,0.5219046532689335,1.0,0.0,0.22827764541013612,0.0,0.0,0.0
84.63541666666667,0.3344075167907132,0.5220487973213231,1.0,0.0,0.21499807079650912,0.0,0.0,0.0
84.64583333333333,0.33432585927798747,0.5221758582363828,1.0,0.0,0.20181213542573503,0.0,0.0,0.0
84.65625,0.33426326145187424,0.5222733606909478,1.0,0.0,0.179064396115487,0.0,0.0,0.0
84.66666666666667,0.33422480500964413,0.5223332676005007,1.0,0.0,0.15017102378164843,0.0,0.0,0.0
84.67708333333333,0.3342041938413225,0.5223653449731007,1.0,0.0,0.12879552287479168,0.0,0.0,0.0
84.6875,0.3341835986954806,0.5223974250742945,1.0,0.0,0.12879458756524834,0.0,0.0,0.0
84.69791666666667,0.33418566810469524,0.5223940993461839,1.0,0.0,0.10161364335395402,0.0,0.0,0.0
84.70833333333333,0.33419057056774504,0.5223863431058712,1.0,0.0,0.09821239793630454,0.0,0.0,0.0
84.71875,0.3342170786968985,0.5223448126433918,1.0,0.0,0.07228178292893736,0.0,0.0,0.0
84.72916666666667,0.33425687777172414,0.5222824914922356,1.0,0.0,0.05631029386369536,0.0,0.0,0.0
84.73958333333333,0.33431718380452113,0.5221881014989436,1.0,0.0,0.03166292261843322,0.0,0.0,0.0
84.75,0.3343868910535589,0.5220789738315553,1.0,0.0,0.020309846518293317,0.0,0.0,0.0
84.76041666666667,0.3344734385669615,0.5219434791998695,1.0,0.0,0.0,0.0,0.0,0.0
84.77083333333333,0.33455985771946434,0.5218080547230975,1.0,0.0,0.0,0.0,0.0,0.0
84.78125,0.334646122933147,0.5216727002845444,1.0,0.0,0.0,0.0,0.0,0.0
84.79166666666667,0.3347322088018082,0.5215374157574639,1.0,0.0,0.0,0.0,0.0,0.0
84.80208333333333,0.33481809012074254,0.5214022010051741,1.0,0.0,0.0,0.0,0.0,0.0
84.8125,0.33490374191603145,0.5212670558811835,1.0,0.0,0.0,0.0,0.0,0.0
84.82291666666667,0.3349891394732774,0.5211319802293289,1.0,0.0,0.0,0.0,0.0,0.0
84.83333333333333,0.33507425836571175,0.520996973883923,1.0,0.0,0.0,0.0,0.0,0.0
84.84375,0.335159074481609,0.5208620366699128,1.0,0.0,0.0,0.0,0.0,0.0
84.85416666666667,0.33524356405094397,0.5207271684030487,1.0,0.0,0.0,0.0,0.0,0.0
84.86458333333333,0.3353277036712308,0.5205923688900612,1.0,0.0,0.0,0.0,0.0,0.0
84.875,0.33541147033248647,0.520457637928849,1.0,0.0,0.0,0.0,0.0,0.0
84.88541666666667,0.33549484144126424,0.5203229753086743,1.0,0.0,0.0,0.0,0.0,0.0
84.89583333333333,0.335577794843708,0.5201883808103672,1.0,0.0,0.0,0.0,0.0,0.0
84.90625,0.33566030884757986,0.5200538542065373,1.0,0.0,0.0,0.0,0.0,0.0
84.91666666666667,0.33574236224322,0.5199193952617929,1.0,0.0,0.0,0.0,0.0,0.0
84.92708333333333,0.3358239343233998,0.5197850037329677,1.0,0.0,0.0,0.0,0.0,0.0
84.9375,0.33590500490203473,0.5196506793693528,1.0,0.0,0.0,0.0,0.0,0.0
84.94791666666667,0.33598555433172783,0.5195164219129357,1.0,0.0,0.0,0.0,0.0,0.0
84.95833333333333,0.3360655635201181,0.5193822310986433,1.0,0.0,0.0,0.0,0.0,0.0
84.96875,0.33614501394501395,0.5192481066545914,1.0,0.0,0.0,0.0,0.0,0.0
84.97916666666667,0.336223887668294,0.5191140483023371,1.0,0.0,0.0,0.0,0.0,0.0
84.98958333333333,0.3363021673485649,0.5189800557571362,1.0,0.0,0.0,0.0,0.0,0.0
85.0,0.33637983625256757,0.5188461287282032,1.0,0.0,0.0,0.0,0.0,0.0
85.01041666666667,0.33645687826532833,0.5187122669189743,1.0,0.0,0.0,0.0,0.0,0.0
85.02083333333333,0.33653327789905646,0.5185784700273727,1.0,0.0,0.0,0.0,0.0,0.0
85.03125,0.33660902030079215,0.5184447377460759,1.0,0.0,0.0,0.0,0.0,0.0
85.04166666666667,0.3366840912588143,0.5183110697627844,1.0,0.0,0.0,0.0,0.0,0.0
85.05208333333333,0.33675847720782015,0.5181774657604905,1.0,0.0,0.0,0.0,0.0,0.0
85.0625,0.3368321652328927,0.5180439254177486,1.0,0.0,0.0,0.0,0.0,0.0
85.07291666666667,0.3369051430722765,0.5179104484089443,1.0,0.0,0.0,0.0,0.0,0.0
85.08333333333333,0.336977399118983,0.5177770344045638,1.0,0.0,0.0,0.0,0.0,0.0
85.09375,0.337048922421253,0.517643683071462,1.0,0.0,0.0,0.0,0.0,0.0
85.10416666666667,0.3371197026819035,0.5175103940731288,1.0,0.0,0.0,0.0,0.0,0.0
85.11458333333333,0.3371897302565911,0.5173771670699544,1.0,0.0,0.0,0.0,0.0,0.0
85.125,0.3372589961510258,0.5172440017194914,1.0,0.0,0.0,0.0,0.0,0.0
85.13541666666667,0.33732749201717044,0.5171108976767151,1.0,0.0,0.0,0.0,0.0,0.0
85.14583333333333,0.33739521014846485,0.516977854594281,1.0,0.0,0.0,0.0,0.0,0.0
85.15625,0.3374621434741136,0.5168448721227777,1.0,0.0,0.0,0.0,0.0,0.0
85.16666666666667,0.33752828555247866,0.5167119499109779,1.0,0.0,0.0,0.0,0.0,0.0
85.17708333333333,0.33759363056362063,0.516579087606084,1.0,0.0,0.0,0.0,0.0,0.0
85.1875,0.33765817330103065,0.5164462848539704,1.0,0.0,0.0,0.0,0.0,0.0
85.19791666666667,0.3377219091625989,0.5163135412994213,1.0,0.0,0.0,0.0,0.0,0.0
85.20833333333333,0.3377848341408645,0.5161808565863633,1.0,0.0,0.0,0.0,0.0,0.0
85.21875,0.3378469448125921,0.5160482303580931,1.0,0.0,0.0,0.0,0.0,0.0
85.22916666666667,0.33790823832772215,0.5159156622575005,1.0,0.0,0.0,0.0,0.0,0.0
85.23958333333333,0.33796871239774023,0.5157831519272857,1.0,0.0,0.0,0.0,0.0,0.0
85.25,0.3380283652835116,0.5156506990101712,1.0,0.0,0.0,0.0,0.0,0.0
85.26041666666667,0.3380871957826269,0.5155183031491078,1.0,0.0,0.0,0.0,0.0,0.0
85.27083333333333,0.33813050882886914,0.5154083614962347,1.0,0.0,0.01763326492228707,0.0,0.0,0.0
85.28125,0.33815685395303663,0.5153233786183837,1.0,0.0,0.037258456181608945,0.0,0.0,0.0
85.29166666666667,0.33817021655370827,0.5152576230781714,1.0,0.0,0.05238582489810025,0.0,0.0,0.0
85.30208333333333,0.3381575401922804,0.5152312572858637,1.0,0.0,0.08340239402484362,0.0,0.0,0.0
85.3125,0.3381388102066747,0.5152143927490251,1.0,0.0,0.09088512520591571,0.0,0.0,0.0
85.32291666666667,0.3380934227972639,0.515238557476718,1.0,0.0,0.12319548793784793,0.0,0.0,0.0
85.33333333333333,0.33804265224565044,0.515271913611357,1.0,0.0,0.13042820177523937,0.0,0.0,0.0
85.34375,0.3379906540886972,0.5153082341456733,1.0,0.0,0.1327558464596352,0.0,0.0,0.0
85.35416666666667,0.3379326392617112,0.5153548362789151,1.0,0.0,0.14083997597103365,0.0,0.0,0.0
85.36458333333333,0.3378383723329866,0.5154579651263724,1.0,0.0,0.18529340773028358,0.0,0.0,0.0
85.375,0.33775964728846825,0.5155393472867462,1.0,0.0,0.16815856119879188,0.0,0.0,0.0
85.38541666666667,0.33765952272680977,0.5156550136438672,1.0,0.0,0.1950753753343069,0.0,0.0,0.0
85.39583333333333,0.3375310611779198,0.5158159975254151,1.0,0.0,0.23061646492401414,0.0,0.0,0.0
85.40625,0.33743502032291817,0.5159299521879829,1.0,0.0,0.193622505331467,0.0,0.0,0.0
85.41666666666667,0.3373297884579269,0.5160597887781069,1.0,0.0,0.20603572690221342,0.0,0.0,0.0
85.42708333333333,0.33719850561892495,0.5162314560311899,1.0,0.0,0.23876953818360652,0.0,0.0,0.0
85.4375,0.3370347726744583,0.516455230219372,1.0,0.0,0.27948263805086737,0.0,0.0,0.0
85.44791666666667,0.33690817864157097,0.5166249513713501,1.0,0.0,0.2370272303959287,0.0,0.0,0.0
85.45833333333333,0.3367890775599488,0.5167852838714048,1.0,0.0,0.2295920484325236,0.0,0.0,0.0
85.46875,0.3366444904903291,0.5169866544279424,1.0,0.0,0.2615789394718446,0.0,0.0,0.0
85.47916666666667,0.33648853068849627,0.5172077509096931,1.0,0.0,0.2768514266638109,0.0,0.0,0.0
85.48958333333333,0.3363243681861737,0.5174437865174937,1.0,0.0,0.28835074323557375,0.0,0.0,0.0
85.5,0.33617224171064114,0.5176636070867512,1.0,0.0,0.2755419745943914,0.0,0.0,0.0
85.51041666666667,0.3359971864060622,0.5179207784016956,1.0,0.0,0.3044716610207333,0.0,0.0,0.0
85.52083333333333,0.3358605350614763,0.5181209008352872,1.0,0.0,0.259896802456021,0.0,0.0,0.0
85.53125,0.3357367708902217,0.5183026889119097,1.0,0.0,0.2455227286974049,0.0,0.0,0.0
85.54166666666667,0.335560961281594,0.5185662101796665,1.0,0.0,0.30889826884055,0.0,0.0,0.0
85.55208333333333,0.3354043027469502,0.5188019245156721,1.0,0.0,0.2871163482235149,0.0,0.0,0.0
85.5625,0.33524310760495074,0.5190461192530949,1.0,0.0,0.29352125175804716,0.0,0.0,0.0
85.57291666666667,0.335078638989948,0.5192967591293464,1.0,0.0,0.2983322303706824,0.0,0.0,0.0
85.58333333333333,0.3349452392568968,0.5195004715236266,1.0,0.0,0.2618395088915918,0.0,0.0,0.0
85.59375,0.334820454693692,0.5196916948126213,1.0,0.0,0.25205981882835843,0.0,0.0,0.0
85.60416666666667,0.33469198572103714,0.5198893726483638,1.0,0.0,0.2569369064948005,0.0,0.0,0.0
85.61458333333333,0.3345693376616334,0.5200786735085152,1.0,0.0,0.25035375968681634,0.0,0.0,0.0
85.625,0.33449690972089474,0.5201904162735331,1.0,0.0,0.19040964063060467,0.0,0.0,0.0
85.63541666666667,0.33442898270903987,0.5202954118192807,1.0,0.0,0.18516828250933212,0.0,0.0,0.0
85.64583333333333,0.3343384214549654,0.5204358489978568,1.0,0.0,0.21245947924680542,0.0,0.0,0.0
85.65625,0.33428393329653094,0.5205203724665796,1.0,0.0,0.16931553210684566,0.0,0.0,0.0
85.66666666666667,0.33423226497567643,0.5206006222675928,1.0,0.0,0.16600187814040648,0.0,0.0,0.0
85.67708333333333,0.33419576626122466,0.5206573340507992,1.0,0.0,0.14785352457810064,0.0,0.0,0.0
85.6875,0.33419066984331164,0.5206651711599241,1.0,0.0,0.11020308696108136,0.0,0.0,0.0
85.69791666666667,0.3341982114480239,0.5206533240518848,1.0,0.0,0.09504153396299417,0.0,0.0,0.0
85.70833333333333,0.3342195944463406,0.5206199077221764,1.0,0.0,0.07842579461890373,0.0,0.0,0.0
85.71875,0.33425028873582024,0.5205719695822534,1.0,0.0,0.06723376370301394,0.0,0.0,0.0
85.72916666666667,0.33429716902992485,0.5204987988004806,1.0,0.0,0.04778072205580428,0.0,0.0,0.0
85.73958333333333,0.33435118206686737,0.5204144773996158,1.0,0.0,0.039168337869064755,0.0,0.0,0.0
85.75,0.3344228787523889,0.5203025752560627,1.0,0.0,0.017875515415255457,0.0,0.0,0.0
85.76041666666667,0.33450937602818515,0.5201675561584268,1.0,0.0,0.0,0.0,0.0,0.0
85.77083333333333,0.3345957342926089,0.520032606937422,1.0,0.0,0.0,0.0,0.0,0.0
85.78125,0.33468192803547125,0.5198977274725606,1.0,0.0,0.0,0.0,0.0,0.0
85.79166666666667,0.3347679319307333,0.5197629176333832,1.0,0.0,0.0,0.0,0.0,0.0
85.80208333333333,0.33485372086609,0.5196281772795784,1.0,0.0,0.0,0.0,0.0,0.0
85.8125,0.33493926997203843,0.5194935062611133,1.0,0.0,0.0,0.0,0.0,0.0
85.82291666666667,0.3350245546503597,0.5193589044183751,1.0,0.0,0.0,0.0,0.0,0.0
85.83333333333333,0.3351095506019465,0.5192243715823226,1.0,0.0,0.0,0.0,0.0,0.0
85.84375,0.33519423385391056,0.5190899075746487,1.0,0.0,0.0,0.0,0.0,0.0
85.85416666666667,0.33527858078590644,0.5189555122079519,1.0,0.0,0.0,0.0,0.0,0.0
85.86458333333333,0.3353625681556139,0.5188211852859177,1.0,0.0,0.0,0.0,0.0,0.0
85.875,0.3354461731233208,0.5186869266035086,1.0,0.0,0.0,0.0,0.0,0.0
85.88541666666667,0.3355293732755559,0.5185527359471626,1.0,0.0,0.0,0.0,0.0,0.0
85.89583333333333,0.33561214664772127,0.518418613095,1.0,0.0,0.0,0.0,0.0,0.0
85.90625,0.33569447174568146,0.5182845578170384,1.0,0.0,0.0,0.0,0.0,0.0
85.91666666666667,0.33577632756626735,0.5181505698754129,1.0,0.0,0.0,0.0,0.0,0.0
85.92708333333333,0.3358576936166594,0.5180166490246052,1.0,0.0,0.0,0.0,0.0,0.0
85.9375,0.3359385499326178,0.5178827950116774,1.0,0.0,0.0,0.0,0.0,0.0
85.94791666666667,0.3360188770955319,0.5177490075765124,1.0,0.0,0.0,0.0,0.0,0.0
85.95833333333333,0.336098656248266,0.5176152864520583,1.0,0.0,0.0,0.0,0.0,0.0
85.96875,0.336177869109782,0.517481631364579,1.0,0.0,0.0,0.0,0.0,0.0
85.97916666666667,0.33625649798852486,0.5173480420339069,1.0,0.0,0.0,0.0,0.0,0.0
85.98958333333333,0.33633452579456097,0.5172145181737019,1.0,0.0,0.0,0.0,0.0,0.0
86.0,0.3364119360504627,0.5170810594917103,1.0,0.0,0.0,0.0,0.0,0.0
86.01041666666667,0.33648871290093824,0.5169476656900298,1.0,0.0,0.0,0.0,0.0,0.0
86.02083333333333,0.3365648411212089,0.5168143364653732,1.0,0.0,0.0,0.0,0.0,0.0
86.03125,0.3366403061241404,0.516681071509336,1.0,0.0,0.0,0.0,0.0,0.0
86.04166666666667,0.33671509396613836,0.5165478705086647,1.0,0.0,0.0,0.0,0.0,0.0
86.05208333333333,0.33678919135182195,0.516414733145525,1.0,0.0,0.0,0.0,0.0,0.0
86.0625,0.33686258563749344,0.5162816590977707,1.0,0.0,0.0,0.0,0.0,0.0
86.07291666666667,0.3369352648334245,0.5161486480392123,1.0,0.0,0.0,0.0,0.0,0.0
86.08333333333333,0.3370072176049833,0.5160156996398851,1.0,0.0,0.0,0.0,0.0,0.0
86.09375,0.33707843327262954,0.5158828135663154,1.0,0.0,0.0,0.0,0.0,0.0
86.10416666666667,0.3371489018108069,0.5157499894817859,1.0,0.0,0.0,0.0,0.0,0.0
86.11458333333333,0.33721861384576624,0.5156172270465983,1.0,0.0,0.0,0.0,0.0,0.0
86.125,0.3372875606523529,0.5154845259183349,1.0,0.0,0.0,0.0,0.0,0.0
86.13541666666667,0.33735573414979636,0.5153518857521157,1.0,0.0,0.0,0.0,0.0,0.0
86.14583333333333,0.3374231268965401,0.5152193062008538,1.0,0.0,0.0,0.0,0.0,0.0
86.15625,0.3374897320841521,0.5150867869155068,1.0,0.0,0.0,0.0,0.0,0.0
86.16666666666667,0.33755554353035877,0.5149543275453247,1.0,0.0,0.0,0.0,0.0,0.0
86.17708333333333,0.3376205556712439,0.5148219277380931,1.0,0.0,0.0,0.0,0.0,0.0
86.1875,0.3376847635526581,0.5146895871403732,1.0,0.0,0.0,0.0,0.0,0.0
86.19791666666667,0.33774816282088305,0.5145573053977361,1.0,0.0,0.0,0.0,0.0,0.0
86.20833333333333,0.33781074971259584,0.5144250821549938,1.0,0.0,0.0,0.0,0.0,0.0
86.21875,0.33787252104417986,0.5142929170564229,1.0,0.0,0.0,0.0,0.0,0.0
86.22916666666667,0.33793347420042774,0.5141608097459855,1.0,0.0,0.0,0.0,0.0,0.0
86.23958333333333,0.33799360712268295,0.514028759867543,1.0,0.0,0.0,0.0,0.0,0.0
86.25,0.33805291829646567,0.5138967670650649,1.0,0.0,0.0,0.0,0.0,0.0
86.26041666666667,0.33811140673862855,0.5137648309828322,1.0,0.0,0.0,0.0,0.0,0.0
86.27083333333333,0.3381517743076521,0.5136592254338412,1.0,0.0,0.020757211722734186,0.0,0.0,0.0
86.28125,0.338178250341845,0.5135738763034265,1.0,0.0,0.03673701331826269,0.0,0.0,0.0
86.29166666666667,0.33818870324669614,0.51351229936776,1.0,0.0,0.05550852811917519,0.0,0.0,0.0
86.30208333333333,0.33817880690101815,0.5134813986748058,1.0,0.0,0.0797467036274106,0.0,0.0,0.0
86.3125,0.33816414484620405,0.5134579516982116,1.0,0.0,0.08563685785260293,0.0,0.0,0.0
86.32291666666667,0.3381293941266708,0.5134653287440492,1.0,0.0,0.10999630712217918,0.0,0.0,0.0
86.33333333333333,0.3380782886365088,0.5134983008404257,1.0,0.0,0.1302182404537452,0.0,0.0,0.0
86.34375,0.3380253036340094,0.513535233890132,1.0,0.0,0.1333413813342768,0.0,0.0,0.0
86.35416666666667,0.337936296830968,0.5136280436341752,1.0,0.0,0.17745577123129389,0.0,0.0,0.0
86.36458333333333,0.33784518592712504,0.513725951301353,1.0,0.0,0.18144663865720734,0.0,0.0,0.0
86.375,0.3377300360188706,0.5138623362123826,1.0,0.0,0.21176009650488983,0.0,0.0,0.0
86.38541666666667,0.33763256566165784,0.5139741778183936,1.0,0.0,0.1923491211275675,0.0,0.0,0.0
86.39583333333333,0.337518820646319,0.514112748451487,1.0,0.0,0.2133632730559904,0.0,0.0,0.0
86.40625,0.337370098998396,0.5143068547787492,1.0,0.0,0.2570179726306343,0.0,0.0,0.0
86.41666666666667,0.3372431358892189,0.5144706185145037,1.0,0.0,0.23302715983948813,0.0,0.0,0.0
86.42708333333333,0.3371061632744174,0.5146519858614533,1.0,0.0,0.24677551142445905,0.0,0.0,0.0
86.4375,0.33693995317795244,0.5148804548256118,1.0,0.0,0.2836595842909722,0.0,0.0,0.0
86.44791666666667,0.33681836648812924,0.5150435419916478,1.0,0.0,0.2321903716131529,0.0,0.0,0.0
86.45833333333333,0.3366789364310373,0.5152358911297572,1.0,0.0,0.2550507717075997,0.0,0.0,0.0
86.46875,0.3365050340299509,0.5154832166623204,1.0,0.0,0.2980032099303935,0.0,0.0,0.0
86.47916666666667,0.33634407033021835,0.5157133312316533,1.0,0.0,0.28434169869088555,0.0,0.0,0.0
86.48958333333333,0.33621981244395716,0.515889396010841,1.0,0.0,0.24190939337517353,0.0,0.0,0.0
86.5,0.3360467760898562,0.5161419957165804,1.0,0.0,0.3016167032317762,0.0,0.0,0.0
86.51041666666667,0.3358784124500065,0.5163896210322195,1.0,0.0,0.2975367049651532,0.0,0.0,0.0
86.52083333333333,0.3357386491489241,0.5165952312107909,1.0,0.0,0.2645834081190227,0.0,0.0,0.0
86.53125,0.3355607857699166,0.5168610289426832,1.0,0.0,0.31134928945767854,0.0,0.0,0.0
86.54166666666667,0.3354084640226051,0.5170892837839284,1.0,0.0,0.28191333686400716,0.0,0.0,0.0
86.55208333333333,0.33529523795076227,0.5172586259736792,1.0,0.0,0.23593415422803768,0.0,0.0,0.0
86.5625,0.33513331462719,0.5175040813542897,1.0,0.0,0.29500414215714843,0.0,0.0,0.0
86.57291666666667,0.3350058189627425,0.5176976113537597,1.0,0.0,0.25450443976402015,0.0,0.0,0.0
86.58333333333333,0.3348918639823981,0.5178710743409248,1.0,0.0,0.2388198120465574,0.0,0.0,0.0
86.59375,0.3347947031546527,0.5180192447302907,1.0,0.0,0.21911418310130673,0.0,0.0,0.0
86.60416666666667,0.3347005624889227,0.5181632620849588,1.0,0.0,0.21582898061956438,0.0,0.0,0.0
86.61458333333333,0.334581482324197,0.5183463701369484,1.0,0.0,0.24604757859477808,0.0,0.0,0.0
86.625,0.33447608655092376,0.5185088014137199,1.0,0.0,0.2299421270569029,0.0,0.0,0.0
86.63541666666667,0.3343904589030543,0.5186409705203678,1.0,0.0,0.206450959093716,0.0,0.0,0.0
86.64583333333333,0.33430281605253137,0.5187765328307116,1.0,0.0,0.20902269927753023,0.0,0.0,0.0
86.65625,0.3342447318894817,0.5188664390902991,1.0,0.0,0.17367796888473477,0.0,0.0,0.0
86.66666666666667,0.3342048504658448,0.5189281962992185,1.0,0.0,0.15190047379037702,0.0,0.0,0.0
86.67708333333333,0.33418358706757884,0.5189611022746107,1.0,0.0,0.12959593484891088,0.0,0.0,0.0
86.6875,0.334160864954329,0.5189963001120937,1.0,0.0,0.1313634791437671,0.0,0.0,0.0
86.69791666666667,0.33415868967829276,0.5189996093409533,1.0,0.0,0.10672346542465282,0.0,0.0,0.0
86.70833333333333,0.33416277512445486,0.5189931966703131,1.0,0.0,0.09921203677050884,0.0,0.0,0.0
86.71875,0.3341934568533108,0.5189454778601001,1.0,0.0,0.06729378067668955,0.0,0.0,0.0
86.72916666666667,0.3342281657201864,0.5188914863275781,1.0,0.0,0.062438604704577,0.0,0.0,0.0
86.73958333333333,0.3342818012809159,0.5188080908090503,1.0,0.0,0.03969629884575365,0.0,0.0,0.0
86.75,0.3343527959272411,0.5186977175102433,1.0,0.0,0.018808812680301188,0.0,0.0,0.0
86.76041666666667,0.33443938691704217,0.5185630867062913,1.0,0.0,0.0,0.0,0.0,0.0
86.77083333333333,0.33452585965404696,0.5184285256386395,1.0,0.0,0.0,0.0,0.0,0.0
86.78125,0.3346121885010045,0.5182940341953197,1.0,0.0,0.0,0.0,0.0,0.0
86.79166666666667,0.33469834798054604,0.5181596122543364,1.0,0.0,0.0,0.0,0.0,0.0
86.80208333333333,0.3347843128051322,0.5180252596837774,1.0,0.0,0.0,0.0,0.0,0.0
86.8125,0.33487005790654395,0.517890976341935,1.0,0.0,0.0,0.0,0.0,0.0
86.82291666666667,0.3349555584648443,0.517756762077438,1.0,0.0,0.0,0.0,0.0,0.0
86.83333333333333,0.3350407899367409,0.5176226167293948,1.0,0.0,0.0,0.0,0.0,0.0
86.84375,0.335125728083281,0.5174885401275466,1.0,0.0,0.0,0.0,0.0,0.0
86.85416666666667,0.3352103489968141,0.5173545320924312,1.0,0.0,0.0,0.0,0.0,0.0
86.86458333333333,0.3352946291271602,0.5172205924355557,1.0,0.0,0.0,0.0,0.0,0.0
86.875,0.33537854530692407,0.517086720959579,1.0,0.0,0.0,0.0,0.0,0.0
86.88541666666667,0.33546207477590156,0.5169529174585028,1.0,0.0,0.0,0.0,0.0,0.0
86.89583333333333,0.33554519520452475,0.5168191817178712,1.0,0.0,0.0,0.0,0.0,0.0
86.90625,0.33562788471629906,0.5166855135149783,1.0,0.0,0.0,0.0,0.0,0.0
86.91666666666667,0.33571012190918803,0.5165519126190831,1.0,0.0,0.0,0.0,0.0,0.0
86.92708333333333,0.3357918858759064,0.5164183787916315,1.0,0.0,0.0,0.0,0.0,0.0
86.9375,0.3358731562230856,0.5162849117864853,1.0,0.0,0.0,0.0,0.0,0.0
86.94791666666667,0.3359539130892807,0.5161515113501561,1.0,0.0,0.0,0.0,0.0,0.0
86.95833333333333,0.3360341371617919,0.5160181772220463,1.0,0.0,0.0,0.0,0.0,0.0
86.96875,0.33611380969227844,0.5158849091346936,1.0,0.0,0.0,0.0,0.0,0.0
86.97916666666667,0.33619291251114614,0.515751706814021,1.0,0.0,0.0,0.0,0.0,0.0
86.98958333333333,0.33627142804069576,0.5156185699795908,1.0,0.0,0.0,0.0,0.0,0.0
87.0,0.33634933930702243,0.5154854983448611,1.0,0.0,0.0,0.0,0.0,0.0
87.01041666666667,0.33642662995066086,0.5153524916174472,1.0,0.0,0.0,0.0,0.0,0.0
87.02083333333333,0.3365032842359761,0.5152195494993833,1.0,0.0,0.0,0.0,0.0,0.0
87.03125,0.3365792870593024,0.515086671687388,1.0,0.0,0.0,0.0,0.0,0.0
87.04166666666667,0.33665462395583795,0.5149538578731301,1.0,0.0,0.0,0.0,0.0,0.0
87.05208333333333,0.33672928110530603,0.5148211077434964,1.0,0.0,0.0,0.0,0.0,0.0
87.0625,0.33680324533639766,0.5146884209808592,1.0,0.0,0.0,0.0,0.0,0.0
87.07291666666667,0.33687650413001374,0.514555797263344,1.0,0.0,0.0,0.0,0.0,0.0
87.08333333333333,0.33694904562132816,0.5144232362650976,1.0,0.0,0.0,0.0,0.0,0.0
87.09375,0.3370208586006969,0.5142907376565542,1.0,0.0,0.0,0.0,0.0,0.0
87.10416666666667,0.3370919325134403,0.5141583011047018,1.0,0.0,0.0,0.0,0.0,0.0
87.11458333333333,0.33716225745852896,0.5140259262733453,1.0,0.0,0.0,0.0,0.0,0.0
87.125,0.3372318241862068,0.5138936128233683,1.0,0.0,0.0,0.0,0.0,0.0
87.13541666666667,0.3373006240945849,0.5137613604129931,1.0,0.0,0.0,0.0,0.0,0.0
87.14583333333333,0.3373686492252452,0.5136291686980368,1.0,0.0,0.0,0.0,0.0,0.0
87.15625,0.3374358922578917,0.5134970373321646,1.0,0.0,0.0,0.0,0.0,0.0
87.16666666666667,0.3375023465040909,0.5133649659671401,1.0,0.0,0.0,0.0,0.0,0.0
87.17708333333333,0.3375680059001423,0.5132329542530717,1.0,0.0,0.0,0.0,0.0,0.0
87.1875,0.33763286499912415,0.5131010018386541,1.0,0.0,0.0,0.0,0.0,0.0
87.19791666666667,0.33769691896215687,0.5129691083714067,1.0,0.0,0.0,0.0,0.0,0.0
87.20833333333333,0.3377601635489303,0.5128372734979062,1.0,0.0,0.0,0.0,0.0,0.0
87.21875,0.33782259510753987,0.5127054968640152,1.0,0.0,0.0,0.0,0.0,0.0
87.22916666666667,0.337884210563678,0.5125737781151058,1.0,0.0,0.0,0.0,0.0,0.0
87.23958333333333,0.3379450074092264,0.5124421168962774,1.0,0.0,0.0,0.0,0.0,0.0
87.25,0.3380049836902957,0.5123105128525689,1.0,0.0,0.0,0.0,0.0,0.0
87.26041666666667,0.3380641379947582,0.5121789656291666,1.0,0.0,0.0,0.0,0.0,0.0
87.27083333333333,0.33810553039550173,0.5120731283845872,1.0,0.0,0.020326852580988708,0.0,0.0,0.0
87.28125,0.3381311466544604,0.5119903299110062,1.0,0.0,0.03855867141457544,0.0,0.0,0.0
87.29166666666667,0.33814180184517634,0.5119296496856506,1.0,0.0,0.05607547539352691,0.0,0.0,0.0
87.30208333333333,0.3381289257266538,0.5119043708431873,1.0,0.0,0.08413069215113991,0.0,0.0,0.0
87.3125,0.338113009586834,0.5118839726142146,1.0,0.0,0.08799902212753004,0.0,0.0,0.0
87.32291666666667,0.3380827292694297,0.5118856642673891,1.0,0.0,0.10550740500458675,0.0,0.0,0.0
87.33333333333333,0.3380279884788219,0.5119250452711375,1.0,0.0,0.13537335771653686,0.0,0.0,0.0
87.34375,0.33795568206840376,0.5119922049923887,1.0,0.0,0.15737057129136867,0.0,0.0,0.0
87.35416666666667,0.3378982278800136,0.5120383883628467,1.0,0.0,0.1407420962526288,0.0,0.0,0.0
87.36458333333333,0.3378212072945617,0.5121154224405217,1.0,0.0,0.16515524654138822,0.0,0.0,0.0
87.375,0.3377290199762918,0.512217041408101,1.0,0.0,0.18458527425626783,0.0,0.0,0.0
87.38541666666667,0.33762088870956447,0.512344722651636,1.0,0.0,0.2051578905322232,0.0,0.0,0.0
87.39583333333333,0.33748686343764733,0.5125138765292755,1.0,0.0,0.23787479499266323,0.0,0.0,0.0
87.40625,0.3373523535117057,0.5126863849257147,1.0,0.0,0.2404270479856606,0.0,0.0,0.0
87.41666666666667,0.3372226968102838,0.5128540503476618,1.0,0.0,0.23650625066180225,0.0,0.0,0.0
87.42708333333333,0.3370825500463193,0.5130400363975847,1.0,0.0,0.250857878964232,0.0,0.0,0.0
87.4375,0.33694365538026577,0.513226579599539,1.0,0.0,0.25118337622602827,0.0,0.0,0.0
87.44791666666667,0.3368244090736498,0.513385516679336,1.0,0.0,0.2293368510112099,0.0,0.0,0.0
87.45833333333333,0.3367051363275144,0.5135464075432553,1.0,0.0,0.23079146267619446,0.0,0.0,0.0
87.46875,0.3365752648707489,0.5137253172067634,1.0,0.0,0.24487426348438737,0.0,0.0,0.0
87.47916666666667,0.33638866640452386,0.513992826150433,1.0,0.0,0.3143653245055822,0.0,0.0,0.0
87.48958333333333,0.3362611636843166,0.5141726857045017,1.0,0.0,0.24536657423082492,0.0,0.0,0.0
87.5,0.336088971060445,0.5144226337504475,1.0,0.0,0.3002209120579276,0.0,0.0,0.0
87.51041666666667,0.33592748887990587,0.5146583995183722,1.0,0.0,0.2889179521348718,0.0,0.0,0.0
87.52083333333333,0.3357432710466522,0.51493096800664,1.0,0.0,0.3175424574922687,0.0,0.0,0.0
87.53125,0.3356237863213291,0.5151062496676481,1.0,0.0,0.24126161351269382,0.0,0.0,0.0
87.54166666666667,0.33544963448960985,0.5153666921595699,1.0,0.0,0.30769439814444977,0.0,0.0,0.0
87.55208333333333,0.33530882894362424,0.5155775410019517,1.0,0.0,0.26878610249458085,0.0,0.0,0.0
87.5625,0.3351924306749467,0.5157520371198936,1.0,0.0,0.24030086165731018,0.0,0.0,0.0
87.57291666666667,0.33505993087143127,0.5159522187102289,1.0,0.0,0.26022498537510963,0.0,0.0,0.0
87.58333333333333,0.334916062488563,0.5161708703696994,1.0,0.0,0.2744846539319037,0.0,0.0,0.0
87.59375,0.334789997824442,0.5163630033163602,1.0,0.0,0.2537082835700411,0.0,0.0,0.0
87.60416666666667,0.3346946117807686,0.516508503949054,1.0,0.0,0.2173388593927957,0.0,0.0,0.0
87.61458333333333,0.3345827825331424,0.5166798551055483,1.0,0.0,0.23736365287334601,0.0,0.0,0.0
87.625,0.33450048133447086,0.5168060757183662,1.0,0.0,0.20222550598403857,0.0,0.0,0.0
87.63541666666667,0.334398397159078,0.516963177434058,1.0,0.0,0.22614950948502144,0.0,0.0,0.0
87.64583333333333,0.33433617635923374,0.5170589624967304,1.0,0.0,0.1785032840603351,0.0,0.0,0.0
87.65625,0.33428375177030745,0.5171397497522374,1.0,0.0,0.1668423817975123,0.0,0.0,0.0
87.66666666666667,0.33423540075889785,0.5172143452341208,1.0,0.0,0.16202131998398164,0.0,0.0,0.0
87.67708333333333,0.33421132835417955,0.5172514510523031,1.0,0.0,0.13293891917359865,0.0,0.0,0.0
87.6875,0.33418218862472593,0.5172964347323722,1.0,0.0,0.13904195518011775,0.0,0.0,0.0
87.69791666666667,0.33416605991924425,0.5173213137449241,1.0,0.0,0.12345244798872325,0.0,0.0,0.0
87.70833333333333,0.3341819639325012,0.5172966203788614,1.0,0.0,0.08502480489285051,0.0,0.0,0.0
87.71875,0.33419976889762676,0.5172689723179328,1.0,0.0,0.08273221252456994,0.0,0.0,0.0
87.72916666666667,0.33423844445849404,0.5172090113694819,1.0,0.0,0.05767343731566059,0.0,0.0,0.0
87.73958333333333,0.33429740598091817,0.5171176372700814,1.0,0.0,0.03329522305616243,0.0,0.0,0.0
87.75,0.3343700662183554,0.5170050292821924,1.0,0.0,0.016791405828290192,0.0,0.0,0.0
87.76041666666667,0.3344566356868604,0.5168708447452353,1.0,0.0,0.0,0.0,0.0,0.0
87.77083333333333,0.3345430817804204,0.5167367296991557,1.0,0.0,0.0,0.0,0.0,0.0
87.78125,0.33462937889124805,0.5166026840303439,1.0,0.0,0.0,0.0,0.0,0.0
87.79166666666667,0.3347155015774409,0.516468707615217,1.0,0.0,0.0,0.0,0.0,0.0
87.80208333333333,0.3348014245928439,0.51633480032033,1.0,0.0,0.0,0.0,0.0,0.0
87.8125,0.33488712291644035,0.5162009620024988,1.0,0.0,0.0,0.0,0.0,0.0
87.82291666666667,0.33497257178119977,0.516067192508935,1.0,0.0,0.0,0.0,0.0,0.0
87.83333333333333,0.33505774670231275,0.5159334916773898,1.0,0.0,0.0,0.0,0.0,0.0
87.84375,0.33514262350474505,0.5157998593363093,1.0,0.0,0.0,0.0,0.0,0.0
87.85416666666667,0.3352271783500466,0.5156662953049992,1.0,0.0,0.0,0.0,0.0,0.0
87.86458333333333,0.33531138776235436,0.5155327993937987,1.0,0.0,0.0,0.0,0.0,0.0
87.875,0.33539522865352966,0.515399371404265,1.0,0.0,0.0,0.0,0.0,0.0
87.88541666666667,0.33547867834737694,0.5152660111293643,1.0,0.0,0.0,0.0,0.0,0.0
87.89583333333333,0.33556171460289175,0.5151327183536736,1.0,0.0,0.0,0.0,0.0,0.0
87.90625,0.33564431563649133,0.514999492853588,1.0,0.0,0.0,0.0,0.0,0.0
87.91666666666667,0.3357264601431849,0.5148663343975375,1.0,0.0,0.0,0.0,0.0,0.0
87.92708333333333,0.3358081273166445,0.5147332427462086,1.0,0.0,0.0,0.0,0.0,0.0
87.9375,0.335889296868142,0.5146002176527741,1.0,0.0,0.0,0.0,0.0,0.0
87.94791666666667,0.33596994904432176,0.514467258863128,1.0,0.0,0.0,0.0,0.0,0.0
87.95833333333333,0.33605006464378284,0.5143343661161259,1.0,0.0,0.0,0.0,0.0,0.0
87.96875,0.3361296250324499,0.51420153914383,1.0,0.0,0.0,0.0,0.0,0.0
87.97916666666667,0.33620861215771475,0.5140687776717594,1.0,0.0,0.0,0.0,0.0,0.0
87.98958333333333,0.33628700856133603,0.5139360814191433,1.0,0.0,0.0,0.0,0.0,0.0
88.0,0.3363647973910891,0.5138034500991785,1.0,0.0,0.0,0.0,0.0,0.0
88.01041666666667,0.3364419624111611,0.5136708834192893,1.0,0.0,0.0,0.0,0.0,0.0
88.02083333333333,0.33651848801129164,0.5135383810813898,1.0,0.0,0.0,0.0,0.0,0.0
88.03125,0.33659435921466313,0.5134059427821477,1.0,0.0,0.0,0.0,0.0,0.0
88.04166666666667,0.33666956168454837,0.5132735682132508,1.0,0.0,0.0,0.0,0.0,0.0
88.05208333333333,0.33674408172972775,0.5131412570616728,1.0,0.0,0.0,0.0,0.0,0.0
88.0625,0.33681790630869085,0.513009009009941,1.0,0.0,0.0,0.0,0.0,0.0
88.07291666666667,0.33689102303264173,0.5128768237364028,1.0,0.0,0.0,0.0,0.0,0.0
88.08333333333333,0.33696342016733,0.5127447009154926,1.0,0.0,0.0,0.0,0.0,0.0
88.09375,0.33703508663373277,0.5126126402179977,1.0,0.0,0.0,0.0,0.0,0.0
88.10416666666667,0.33710601200761625,0.5124806413113216,1.0,0.0,0.0,0.0,0.0,0.0
88.11458333333333,0.3371761865180067,0.5123487038597481,1.0,0.0,0.0,0.0,0.0,0.0
88.125,0.33724560104460555,0.5122168275247003,1.0,0.0,0.0,0.0,0.0,0.0
88.13541666666667,0.33731424711418295,0.5120850119650002,1.0,0.0,0.0,0.0,0.0,0.0
88.14583333333333,0.33738211689598824,0.5119532568371226,1.0,0.0,0.0,0.0,0.0,0.0
88.15625,0.3374492031962164,0.5118215617954472,1.0,0.0,0.0,0.0,0.0,0.0
88.16666666666667,0.33751549945157155,0.5116899264925081,1.0,0.0,0.0,0.0,0.0,0.0
88.17708333333333,0.3375809997219698,0.511558350579237,1.0,0.0,0.0,0.0,0.0,0.0
88.1875,0.3376456986824251,0.5114268337052048,1.0,0.0,0.0,0.0,0.0,0.0
88.19791666666667,0.3377095916141626,0.5112953755188571,1.0,0.0,0.0,0.0,0.0,0.0
88.20833333333333,0.3377726743950042,0.511163975667746,1.0,0.0,0.0,0.0,0.0,0.0
88.21875,0.3378349434890729,0.5110326337987565,1.0,0.0,0.0,0.0,0.0,0.0
88.22916666666667,0.33789639593586074,0.5109013495583282,1.0,0.0,0.0,0.0,0.0,0.0
88.23958333333333,0.33795702933870747,0.5107701225926714,1.0,0.0,0.0,0.0,0.0,0.0
88.25,0.3380168418527353,0.5106389525479783,1.0,0.0,0.0,0.0,0.0,0.0
88.26041666666667,0.3380758321722861,0.5105078390706279,1.0,0.0,0.0,0.0,0.0,0.0
88.27083333333333,0.3381189590715485,0.5103994847478834,1.0,0.0,0.01804853562932183,0.0,0.0,0.0
88.28125,0.338149378584075,0.510309423973849,1.0,0.0,0.032566293191600384,0.0,0.0,0.0
88.29166666666667,0.33816128502136056,0.5102466654836162,1.0,0.0,0.054261670114938966,0.0,0.0,0.0
88.30208333333333,0.33816561261338823,0.5101950935940411,1.0,0.0,0.06315158714964042,0.0,0.0,0.0
88.3125,0.3381378983635018,0.5101917748871927,1.0,0.0,0.10152725149449612,0.0,0.0,0.0
88.32291666666667,0.33809141330264497,0.5102173802125181,1.0,0.0,0.12452828216911523,0.0,0.0,0.0
88.33333333333333,0.338030185851229,0.5102662387730245,1.0,0.0,0.14301050600782533,0.0,0.0,0.0
88.34375,0.337979355987091,0.510300705763634,1.0,0.0,0.13156208592944008,0.0,0.0,0.0
88.35416666666667,0.33792710564478734,0.5103383853101227,1.0,0.0,0.13410887119773443,0.0,0.0,0.0
88.36458333333333,0.3378220860216322,0.5104568722887847,1.0,0.0,0.19828661401970452,0.0,0.0,0.0
88.375,0.33771444767823217,0.5105815033128359,1.0,0.0,0.20311261035592626,0.0,0.0,0.0
88.38541666666667,0.3376175433974131,0.5106920822555595,1.0,0.0,0.19190989453905602,0.0,0.0,0.0
88.39583333333333,0.33748228449580125,0.5108626227391188,1.0,0.0,0.23940524346943579,0.0,0.0,0.0
88.40625,0.3373426497532046,0.511042424475086,1.0,0.0,0.2466428424718727,0.0,0.0,0.0
88.41666666666667,0.33719791293044526,0.5112325890612351,1.0,0.0,0.2547367919442101,0.0,0.0,0.0
88.42708333333333,0.33707185037557336,0.5113970476929504,1.0,0.0,0.2342860130978929,0.0,0.0,0.0
88.4375,0.3369290720704187,0.5115890685059118,1.0,0.0,0.25597996622596875,0.0,0.0,0.0
88.44791666666667,0.3367579338797635,0.5118265860998958,1.0,0.0,0.29178428197758005,0.0,0.0,0.0
88.45833333333333,0.3366330327170203,0.5119965530190321,1.0,0.0,0.23831322568717472,0.0,0.0,0.0
88.46875,0.3364734468358027,0.5122212014940097,1.0,0.0,0.2813278125917852,0.0,0.0,0.0
88.47916666666667,0.33633565803557874,0.5124149843323469,1.0,0.0,0.2568571330309086,0.0,0.0,0.0
88.48958333333333,0.3361786604872398,0.5126399508214698,1.0,0.0,0.28127842634654915,0.0,0.0,0.0
88.5,0.3360489882734742,0.5128252821910585,1.0,0.0,0.2499541788864473,0.0,0.0,0.0
88.51041666666667,0.3359254480207832,0.513002830397407,1.0,0.0,0.24372989687583962,0.0,0.0,0.0
88.52083333333333,0.33580481655418976,0.5131773532718623,1.0,0.0,0.24125508419981245,0.0,0.0,0.0
88.53125,0.3356446342650685,0.5134136753443277,1.0,0.0,0.2896469535320482,0.0,0.0,0.0
88.54166666666667,0.3354622214414905,0.5136857157071592,1.0,0.0,0.3174666284395667,0.0,0.0,0.0
88.55208333333333,0.33532907720351407,0.5138840310959151,1.0,0.0,0.259516712673424,0.0,0.0,0.0
88.5625,0.3352067472659576,0.514066898922788,1.0,0.0,0.24730836957955052,0.0,0.0,0.0
88.57291666666667,0.33505178202276453,0.5143008089741509,1.0,0.0,0.28711245766716104,0.0,0.0,0.0
88.58333333333333,0.3349344851162422,0.5144779931493255,1.0,0.0,0.24263448032120216,0.0,0.0,0.0
88.59375,0.3348140183795789,0.5146607900915837,1.0,0.0,0.24692024508976013,0.0,0.0,0.0
88.60416666666667,0.33471159966399605,0.5148165151935715,1.0,0.0,0.22569836054578896,0.0,0.0,0.0
88.61458333333333,0.3345859344743199,0.5150085289757206,1.0,0.0,0.25391736541765675,0.0,0.0,0.0
88.625,0.3344981863209088,0.515142718760999,1.0,0.0,0.20875423119732753,0.0,0.0,0.0
88.63541666666667,0.33442484479530926,0.5152550338205888,1.0,0.0,0.19166307106939126,0.0,0.0,0.0
88.64583333333333,0.3343636574196148,0.5153488441959881,1.0,0.0,0.1772181339911509,0.0,0.0,0.0
88.65625,0.33432334955898324,0.5154106260601536,1.0,0.0,0.15226252251833747,0.0,0.0,0.0
88.66666666666667,0.3342894220664714,0.5154626578923757,1.0,0.0,0.14466336636926783,0.0,0.0,0.0
88.67708333333333,0.33427163849117114,0.5154898583291778,1.0,0.0,0.12533367328870995,0.0,0.0,0.0
88.6875,0.3342692704224706,0.5154933140574306,1.0,0.0,0.10685570601789696,0.0,0.0,0.0
88.69791666666667,0.33425866577347674,0.515509475768182,1.0,0.0,0.11674225216909598,0.0,0.0,0.0
88.70833333333333,0.3342661012916732,0.515497830733049,1.0,0.0,0.09510563323946547,0.0,0.0,0.0
88.71875,0.334293680918447,0.5154551133107231,1.0,0.0,0.07092463111049542,0.0,0.0,0.0
88.72916666666667,0.3343276166570715,0.5154025630901015,1.0,0.0,0.06326535930965205,0.0,0.0,0.0
88.73958333333333,0.3343869154733477,0.5153108784993132,1.0,0.0,0.03278604955922104,0.0,0.0,0.0
88.75,0.33445798054022396,0.5152009884895183,1.0,0.0,0.018578896741290925,0.0,0.0,0.0
88.76041666666667,0.33454442451333843,0.5150673072658852,1.0,0.0,0.0,0.0,0.0,0.0
88.77083333333333,0.33463071910686765,0.5149336951938225,1.0,0.0,0.0,0.0,0.0,0.0
88.78125,0.3347168388817248,0.5148001521499921,1.0,0.0,0.0,0.0,0.0,0.0
88.79166666666667,0.33480275859503117,0.5146666780012277,1.0,0.0,0.0,0.0,0.0,0.0
88.80208333333333,0.33488845322949906,0.5145332726046576,1.0,0.0,0.0,0.0,0.0,0.0
88.8125,0.33497389802227096,0.5143999358078387,1.0,0.0,0.0,0.0,0.0,0.0
88.82291666666667,0.33505906849314404,0.5142666674489003,1.0,0.0,0.0,0.0,0.0,0.0
88.83333333333333,0.3351439404721132,0.5141334673566988,1.0,0.0,0.0,0.0,0.0,0.0
88.84375,0.3352284901261683,0.514000335350983,1.0,0.0,0.0,0.0,0.0,0.0
88.85416666666667,0.3353126939852834,0.5138672712425664,1.0,0.0,0.0,0.0,0.0,0.0
88.86458333333333,0.3353965289675409,0.5137342748335118,1.0,0.0,0.0,0.0,0.0,0.0
88.875,0.3354799724033352,0.5136013459173223,1.0,0.0,0.0,0.0,0.0,0.0
88.88541666666667,0.3355630020586053,0.5134684842791413,1.0,0.0,0.0,0.0,0.0,0.0
88.89583333333333,0.33564559615704903,0.5133356896959606,1.0,0.0,0.0,0.0,0.0,0.0
88.90625,0.33572773340127693,0.5132029619368353,1.0,0.0,0.0,0.0,0.0,0.0
88.91666666666667,0.33580939299286544,0.5130703007631062,1.0,0.0,0.0,0.0,0.0,0.0
88.92708333333333,0.3358905546512761,0.512937705928628,1.0,0.0,0.0,0.0,0.0,0.0
88.9375,0.33597119863160985,0.5128051771800035,1.0,0.0,0.0,0.0,0.0,0.0
88.94791666666667,0.33605130574117065,0.5126727142568237,1.0,0.0,0.0,0.0,0.0,0.0
88.95833333333333,0.33613085735481735,0.5125403168919122,1.0,0.0,0.0,0.0,0.0,0.0
88.96875,0.3362098354290859,0.5124079848115741,1.0,0.0,0.0,0.0,0.0,0.0
88.97916666666667,0.33628822251506985,0.5122757177358496,1.0,0.0,0.0,0.0,0.0,0.0
88.98958333333333,0.3363660017700507,0.5121435153787693,1.0,0.0,0.0,0.0,0.0,0.0
89.0,0.33644315696787336,0.5120113774486141,1.0,0.0,0.0,0.0,0.0,0.0
89.01041666666667,0.33651967250806747,0.5118793036481765,1.0,0.0,0.0,0.0,0.0,0.0
89.02083333333333,0.33659553342371823,0.5117472936750238,1.0,0.0,0.0,0.0,0.0,0.0
89.03125,0.3366707253880949,0.5116153472217636,1.0,0.0,0.0,0.0,0.0,0.0
89.04166666666667,0.33674523472004886,0.5114834639763088,1.0,0.0,0.0,0.0,0.0,0.0
89.05208333333333,0.3368190483881965,0.5113516436221441,1.0,0.0,0.0,0.0,0.0,0.0
89.0625,0.33689215401390604,0.5112198858385923,1.0,0.0,0.0,0.0,0.0,0.0
89.07291666666667,0.3369645398731106,0.5110881903010798,1.0,0.0,0.0,0.0,0.0,0.0
89.08333333333333,0.33703619489697256,0.5109565566814013,1.0,0.0,0.0,0.0,0.0,0.0
89.09375,0.3371071086714278,0.5108249846479835,1.0,0.0,0.0,0.0,0.0,0.0
89.10416666666667,0.3371772714356401,0.5106934738661468,1.0,0.0,0.0,0.0,0.0,0.0
89.11458333333333,0.3372466740794,0.5105620239983651,1.0,0.0,0.0,0.0,0.0,0.0
89.125,0.33731530813950295,0.5104306347045227,1.0,0.0,0.0,0.0,0.0,0.0
89.13541666666667,0.3373831657951446,0.5102993056421681,1.0,0.0,0.0,0.0,0.0,0.0
89.14583333333333,0.33745023986237305,0.5101680364667663,1.0,0.0,0.0,0.0,0.0,0.0
89.15625,0.33751652378763847,0.5100368268319455,1.0,0.0,0.0,0.0,0.0,0.0
89.16666666666667,0.33758201164048307,0.509905676389741,1.0,0.0,0.0,0.0,0.0,0.0
89.17708333333333,0.33764669810541464,0.5097745847908352,1.0,0.0,0.0,0.0,0.0,0.0
89.1875,0.337710578473008,0.5096435516847923,1.0,0.0,0.0,0.0,0.0,0.0
89.19791666666667,0.33777364863028,0.5095125767202894,1.0,0.0,0.0,0.0,0.0,0.0
89.20833333333333,0.3378359050503831,0.5093816595453426,1.0,0.0,0.0,0.0,0.0,0.0
89.21875,0.3378973447816643,0.5092507998075273,1.0,0.0,0.0,0.0,0.0,0.0
89.22916666666667,0.3379579654361346,0.5091199971541933,1.0,0.0,0.0,0.0,0.0,0.0
89.23958333333333,0.3380177651773961,0.5089892512326758,1.0,0.0,0.0,0.0,0.0,0.0
89.25,0.3380767427080715,0.5088585616904994,1.0,0.0,0.0,0.0,0.0,0.0
89.26041666666667,0.33813489725678214,0.5087279281755764,1.0,0.0,0.0,0.0,0.0,0.0
89.27083333333333,0.3381782948751487,0.5086183056658932,1.0,0.0,0.016720427485172953,0.0,0.0,0.0
89.28125,0.3382078362522627,0.5085286189325021,1.0,0.0,0.0326015915535769,0.0,0.0,0.0
89.29166666666667,0.3382152268219727,0.5084716130175245,1.0,0.0,0.058670068646690304,0.0,0.0,0.0
89.30208333333333,0.3382116058262034,0.508431006470651,1.0,0.0,0.07175516897781702,0.0,0.0,0.0
89.3125,0.33820280879977443,0.5083982624803723,1.0,0.0,0.07802952866534417,0.0,0.0,0.0
89.32291666666667,0.33817689767952785,0.5083914384016811,1.0,0.0,0.09871956914884829,0.0,0.0,0.0
89.33333333333333,0.3381234024977723,0.5084266506361877,1.0,0.0,0.1322696117005901,0.0,0.0,0.0
89.34375,0.33807236967402415,0.5084593186603339,1.0,0.0,0.13023333249987487,0.0,0.0,0.0
89.35416666666667,0.33799362942858263,0.5085347626167579,1.0,0.0,0.16434747338454678,0.0,0.0,0.0
89.36458333333333,0.3379020824173073,0.5086311598698233,1.0,0.0,0.18102945350748076,0.0,0.0,0.0
89.375,0.3377878231980949,0.5087636837201154,1.0,0.0,0.2097794087332344,0.0,0.0,0.0
89.38541666666667,0.3376671628423297,0.5089082162658684,1.0,0.0,0.21927840806918805,0.0,0.0,0.0
89.39583333333333,0.3375536278664322,0.5090444338899657,1.0,0.0,0.2125887790800604,0.0,0.0,0.0
89.40625,0.3374184082321669,0.5092155891542207,1.0,0.0,0.24030630316362667,0.0,0.0,0.0
89.41666666666667,0.33729493897914764,0.5093715786437658,1.0,0.0,0.22815611195032245,0.0,0.0,0.0
89.42708333333333,0.33714706435806646,0.5095667155661178,1.0,0.0,0.2591572706434392,0.0,0.0,0.0
89.4375,0.33698535110103633,0.509785430018187,1.0,0.0,0.2777342820620775,0.0,0.0,0.0
89.44791666666667,0.33686935156438363,0.5099377220965527,1.0,0.0,0.2249293185587827,0.0,0.0,0.0
89.45833333333333,0.3367222582411396,0.5101389882034413,1.0,0.0,0.2636467955113157,0.0,0.0,0.0
89.46875,0.33656648683459556,0.510355729559748,1.0,0.0,0.2757619656672711,0.0,0.0,0.0
89.47916666666667,0.3364094032231513,0.5105768095138677,1.0,0.0,0.2790408678302235,0.0,0.0,0.0
89.48958333333333,0.3362478928136997,0.5108068594129617,1.0,0.0,0.2859699739167055,0.0,0.0,0.0
89.5,0.33611251428310307,0.5109993624497373,1.0,0.0,0.25616778843417215,0.0,0.0,0.0
89.51041666666667,0.33594472580826384,0.5112428802867321,1.0,0.0,0.29628087812822834,0.0,0.0,0.0
89.52083333333333,0.33577027865303655,0.5114985661015099,1.0,0.0,0.30567956924811523,0.0,0.0,0.0
89.53125,0.33560336100804666,0.511744733939476,1.0,0.0,0.2979848142086561,0.0,0.0,0.0
89.54166666666667,0.3354263795444058,0.5120079851600506,1.0,0.0,0.311226314897706,0.0,0.0,0.0
89.55208333333333,0.3353109628271027,0.5121788667533026,1.0,0.0,0.2384578649842118,0.0,0.0,0.0
89.5625,0.3351939976450101,0.5123530633089561,1.0,0.0,0.2409695931184046,0.0,0.0,0.0
89.57291666666667,0.3350334658999329,0.512594799596637,1.0,0.0,0.29385557947798613,0.0,0.0,0.0
89.58333333333333,0.33489631353021776,0.5128019078539812,1.0,0.0,0.26654004682768373,0.0,0.0,0.0
89.59375,0.3347556919471261,0.5130152001572773,1.0,0.0,0.27125062985012244,0.0,0.0,0.0
89.60416666666667,0.3346324929427756,0.5132025636520875,1.0,0.0,0.250824106841335,0.0,0.0,0.0
89.61458333333333,0.3345521359032811,0.5133247733392289,1.0,0.0,0.19976754185392323,0.0,0.0,0.0
89.625,0.33446140323820456,0.5134632214588221,1.0,0.0,0.2124152175096946,0.0,0.0,0.0
89.63541666666667,0.334374953151552,0.5135954098745016,1.0,0.0,0.2074663620358556,0.0,0.0,0.0
89.64583333333333,0.3343274447779694,0.5136680201437954,1.0,0.0,0.1608858787100875,0.0,0.0,0.0
89.65625,0.33427091038257395,0.513754611483594,1.0,0.0,0.17178613648133703,0.0,0.0,0.0
89.66666666666667,0.3342372695260006,0.5138061262179677,1.0,0.0,0.14438386866753855,0.0,0.0,0.0
89.67708333333333,0.334209590962739,0.5138485294005091,1.0,0.0,0.1372644821333321,0.0,0.0,0.0
89.6875,0.3341904509918198,0.5138778424254289,1.0,0.0,0.1270437577720588,0.0,0.0,0.0
89.69791666666667,0.3341762455740685,0.5138995905819211,1.0,0.0,0.12113813346602731,0.0,0.0,0.0
89.70833333333333,0.3341926516603281,0.5138742800322282,1.0,0.0,0.08441510459835126,0.0,0.0,0.0
89.71875,0.334209554624653,0.5138481919767527,1.0,0.0,0.08380633090288467,0.0,0.0,0.0
89.72916666666667,0.3342548525557352,0.5137784393338731,1.0,0.0,0.04971830687845345,0.0,0.0,0.0
89.73958333333333,0.3343129698556075,0.5136889515044522,1.0,0.0,0.03429154604046858,0.0,0.0,0.0
89.75,0.33438257998789067,0.5135817548445966,1.0,0.0,0.020431879885097388,0.0,0.0,0.0
89.76041666666667,0.3344691332198996,0.5134484637718949,1.0,0.0,0.0,0.0,0.0,0.0
89.77083333333333,0.33455555936817827,0.5133152417168466,1.0,0.0,0.0,0.0,0.0,0.0
89.78125,0.3346418328470441,0.5131820885651522,1.0,0.0,0.0,0.0,0.0,0.0
89.79166666666667,0.33472792824104,0.5130490041926198,1.0,0.0,0.0,0.0,0.0,0.0
89.80208333333333,0.3348138203347334,0.5129159884652773,1.0,0.0,0.0,0.0,0.0,0.0
89.8125,0.3348994841420332,0.5127830412394967,1.0,0.0,0.0,0.0,0.0,0.0
89.82291666666667,0.3349848949349532,0.5126501623621286,1.0,0.0,0.0,0.0,0.0,0.0
89.83333333333333,0.33507002827175275,0.5125173516706472,1.0,0.0,0.0,0.0,0.0,0.0
89.84375,0.33515486002438716,0.5123846089933056,1.0,0.0,0.0,0.0,0.0,0.0
89.85416666666667,0.3352393664052039,0.5122519341493018,1.0,0.0,0.0,0.0,0.0,0.0
89.86458333333333,0.33532352399282395,0.5121193269489517,1.0,0.0,0.0,0.0,0.0,0.0
89.875,0.33540730975714983,0.5119867871938738,1.0,0.0,0.0,0.0,0.0,0.0
89.88541666666667,0.335490701083447,0.5118543146771812,1.0,0.0,0.0,0.0,0.0,0.0
89.89583333333333,0.33557367579544756,0.511721909183682,1.0,0.0,0.0,0.0,0.0,0.0
89.90625,0.33565621217743064,0.5115895704900869,1.0,0.0,0.0,0.0,0.0,0.0
89.91666666666667,0.3357382889952357,0.5114572983652252,1.0,0.0,0.0,0.0,0.0,0.0
89.92708333333333,0.3358198855161719,0.5113250925702667,1.0,0.0,0.0,0.0,0.0,0.0
89.9375,0.3359009815277885,0.5111929528589501,1.0,0.0,0.0,0.0,0.0,0.0
89.94791666666667,0.335981557355477,0.5110608789778172,1.0,0.0,0.0,0.0,0.0,0.0
89.95833333333333,0.3360615938788799,0.5109288706664528,1.0,0.0,0.0,0.0,0.0,0.0
89.96875,0.3361410725470844,0.5107969276577288,1.0,0.0,0.0,0.0,0.0,0.0
89.97916666666667,0.3362199753925857,0.5106650496780532,1.0,0.0,0.0,0.0,0.0,0.0
89.98958333333333,0.33629828504400633,0.5105332364476219,1.0,0.0,0.0,0.0,0.0,0.0
